Airport ID,Name,City,Country,IATA,ICAO,Latitude,Longitude,Altitude,Timezone,DST,Tz,Type,Source,Route_Count
1,Goroka Airport,Goroka,Papua New Guinea,GKA,AYGA,-6.081689834590001,145.391998291,5282,10,U,Pacific/Port_Moresby,airport,OurAirports,5.0
2,Madang Airport,Madang,Papua New Guinea,MAG,AYMD,-5.20707988739,145.789001465,20,10,U,Pacific/Port_Moresby,airport,OurAirports,8.0
3,Mount Hagen Kagamuga Airport,Mount Hagen,Papua New Guinea,HGU,AYMH,-5.826789855957031,144.29600524902344,5388,10,U,Pacific/Port_Moresby,airport,OurAirports,10.0
4,Nadzab Airport,Nadzab,Papua New Guinea,LAE,AYNZ,-6.569803,146.725977,239,10,U,Pacific/Port_Moresby,airport,OurAirports,11.0
5,Port Moresby Jacksons International Airport,Port Moresby,Papua New Guinea,POM,AYPY,-9.44338035583496,147.22000122070312,146,10,U,Pacific/Port_Moresby,airport,OurAirports,52.0
6,Wewak International Airport,Wewak,Papua New Guinea,WWK,AYWK,-3.58383011818,143.669006348,19,10,U,Pacific/Port_Moresby,airport,OurAirports,6.0
7,Narsarsuaq Airport,Narssarssuaq,Greenland,UAK,BGBW,61.1604995728,-45.4259986877,112,-3,E,America/Godthab,airport,OurAirports,5.0
8,Godthaab / Nuuk Airport,Godthaab,Greenland,GOH,BGGH,64.19090271,-51.6781005859,283,-3,E,America/Godthab,airport,OurAirports,9.0
9,Kangerlussuaq Airport,Sondrestrom,Greenland,SFJ,BGSF,67.0122218992,-50.7116031647,165,-3,E,America/Godthab,airport,OurAirports,8.0
16,Keflavik International Airport,Keflavik,Iceland,KEF,BIKF,63.985000610352,-22.605600357056,171,0,N,Atlantic/Reykjavik,airport,OurAirports,45.0
18,Reykjavik Airport,Reykjavik,Iceland,RKV,BIRK,64.1299972534,-21.9405994415,48,0,N,Atlantic/Reykjavik,airport,OurAirports,5.0
27,Baie Comeau Airport,Baie Comeau,Canada,YBC,CYBC,49.13249969482422,-68.20439910888672,71,-5,A,America/Toronto,airport,OurAirports,6.0
29,Baker Lake Airport,Baker Lake,Canada,YBK,CYBK,64.29889678960001,-96.077796936,59,-6,A,America/Winnipeg,airport,OurAirports,6.0
30,Campbell River Airport,Campbell River,Canada,YBL,CYBL,49.950801849365234,-125.27100372314452,346,-8,A,America/Vancouver,airport,OurAirports,6.0
32,Cambridge Bay Airport,Cambridge Bay,Canada,YCB,CYCB,69.1081008911,-105.138000488,90,-7,A,America/Edmonton,airport,OurAirports,6.0
37,Kugluktuk Airport,Coppermine,Canada,YCO,CYCO,67.816704,-115.143997,74,-7,A,America/Edmonton,airport,OurAirports,5.0
41,Coral Harbour Airport,Coral Harbour,Canada,YZS,CYZS,64.1932983398,-83.3593978882,210,-5,A,America/Coral_Harbour,airport,OurAirports,6.0
45,Deer Lake Airport,Deer Lake,Canada,YDF,CYDF,49.21080017089844,-57.39139938354492,72,-3.5,A,America/St_Johns,airport,OurAirports,7.0
49,Edmonton International Airport,Edmonton,Canada,YEG,CYEG,53.3097000122,-113.580001831,2373,-7,A,America/Edmonton,airport,OurAirports,68.0
50,Arviat Airport,Eskimo Point,Canada,YEK,CYEK,61.0942001343,-94.0708007812,32,-6,A,America/Winnipeg,airport,OurAirports,7.0
54,Inuvik Mike Zubko Airport,Inuvik,Canada,YEV,CYEV,68.30419921880001,-133.483001709,224,-7,A,America/Edmonton,airport,OurAirports,8.0
55,Iqaluit Airport,Iqaluit,Canada,YFB,CYFB,63.756402,-68.555801,110,-5,A,America/Toronto,airport,OurAirports,18.0
73,Halifax / Stanfield International Airport,Halifax,Canada,YHZ,CYHZ,44.8807983398,-63.5085983276,477,-4,A,America/Halifax,airport,OurAirports,43.0
78,Kamloops Airport,Kamloops,Canada,YKA,CYKA,50.7022018433,-120.444000244,1133,-8,A,America/Vancouver,airport,OurAirports,5.0
80,Schefferville Airport,Schefferville,Canada,YKL,CYKL,54.805301666259766,-66.8052978515625,1709,-5,A,America/Toronto,airport,OurAirports,5.0
87,Kelowna International Airport,Kelowna,Canada,YLW,CYLW,49.9561004639,-119.377998352,1421,-8,A,America/Vancouver,airport,OurAirports,15.0
90,Fort McMurray Airport,Fort Mcmurray,Canada,YMM,CYMM,56.653301239,-111.222000122,1211,-7,A,America/Edmonton,airport,OurAirports,12.0
94,Natashquan Airport,Natashquan,Canada,YNA,CYNA,50.189998626708984,-61.78919982910156,39,-5,A,America/Toronto,airport,OurAirports,6.0
100,Ottawa Macdonald-Cartier International Airport,Ottawa,Canada,YOW,CYOW,45.3224983215332,-75.66919708251953,374,-5,A,America/Toronto,airport,OurAirports,45.0
111,Quebec Jean Lesage International Airport,Quebec,Canada,YQB,CYQB,46.7911,-71.393303,244,-5,A,America/Toronto,airport,OurAirports,28.0
117,Greater Moncton International Airport,Moncton,Canada,YQM,CYQM,46.11220169067383,-64.67859649658203,232,-4,A,America/Halifax,airport,OurAirports,10.0
119,Comox Airport,Comox,Canada,YQQ,CYQQ,49.71080017089844,-124.88700103759766,84,-8,A,America/Vancouver,airport,OurAirports,7.0
120,Regina International Airport,Regina,Canada,YQR,CYQR,50.43190002441406,-104.66600036621094,1894,-6,N,America/Regina,airport,OurAirports,16.0
121,Thunder Bay Airport,Thunder Bay,Canada,YQT,CYQT,48.37189865112305,-89.32389831542969,653,-5,A,America/Toronto,airport,OurAirports,13.0
132,Rankin Inlet Airport,Rankin Inlet,Canada,YRT,CYRT,62.8114013672,-92.1157989502,94,-6,A,America/Winnipeg,airport,OurAirports,25.0
133,Sudbury Airport,Sudbury,Canada,YSB,CYSB,46.625,-80.79889678955078,1141,-5,A,America/Toronto,airport,OurAirports,6.0
141,Thompson Airport,Thompson,Canada,YTH,CYTH,55.80110168457031,-97.86419677734376,729,-6,A,America/Winnipeg,airport,OurAirports,6.0
143,Timmins/Victor M. Power,Timmins,Canada,YTS,CYTS,48.5696983337,-81.376701355,967,-5,A,America/Toronto,airport,OurAirports,5.0
144,Billy Bishop Toronto City Centre Airport,Toronto,Canada,YTZ,CYTZ,43.627499,-79.396202,252,-5,A,America/Toronto,airport,OurAirports,14.0
146,Montreal / Pierre Elliott Trudeau International Airport,Montreal,Canada,YUL,CYUL,45.4706001282,-73.7407989502,118,-5,A,America/Toronto,airport,OurAirports,185.0
149,Rouyn Noranda Airport,Rouyn,Canada,YUY,CYUY,48.20610046386719,-78.83560180664062,988,-5,A,America/Toronto,airport,OurAirports,5.0
153,Val-d'Or Airport,Val D'or,Canada,YVO,CYVO,48.0532989502,-77.7827987671,1107,-5,A,America/Toronto,airport,OurAirports,7.0
154,Kuujjuaq Airport,Quujjuaq,Canada,YVP,CYVP,58.096099853515625,-68.4269027709961,129,-5,A,America/Toronto,airport,OurAirports,10.0
155,Norman Wells Airport,Norman Wells,Canada,YVQ,CYVQ,65.28160095214844,-126.7979965209961,238,-7,A,America/Edmonton,airport,OurAirports,6.0
156,Vancouver International Airport,Vancouver,Canada,YVR,CYVR,49.193901062,-123.183998108,14,-8,A,America/Vancouver,airport,OurAirports,158.0
160,Winnipeg / James Armstrong Richardson International Airport,Winnipeg,Canada,YWG,CYWG,49.909999847399995,-97.2398986816,783,-6,A,America/Winnipeg,airport,OurAirports,41.0
161,Wabush Airport,Wabush,Canada,YWK,CYWK,52.92190170288086,-66.8644027709961,1808,-4,A,America/Halifax,airport,OurAirports,16.0
162,Williams Lake Airport,Williams Lake,Canada,YWL,CYWL,52.1831016541,-122.054000854,3085,-8,A,America/Vancouver,airport,OurAirports,5.0
166,Saskatoon John G. Diefenbaker International Airport,Saskatoon,Canada,YXE,CYXE,52.170799255371094,-106.6999969482422,1653,-6,N,America/Regina,airport,OurAirports,15.0
168,Fort St John Airport,Fort Saint John,Canada,YXJ,CYXJ,56.23809814453125,-120.73999786376952,2280,-7,A,America/Dawson_Creek,airport,OurAirports,6.0
169,Sioux Lookout Airport,Sioux Lookout,Canada,YXL,CYXL,50.11389923095703,-91.9052963256836,1258,-6,A,America/Winnipeg,airport,OurAirports,18.0
172,Prince George Airport,Prince George,Canada,YXS,CYXS,53.8894004822,-122.679000854,2267,-8,A,America/Vancouver,airport,OurAirports,10.0
173,Northwest Regional Airport Terrace-Kitimat,Terrace,Canada,YXT,CYXT,54.468498,-128.576009,713,-8,A,America/Vancouver,airport,OurAirports,5.0
174,London Airport,London,Canada,YXU,CYXU,43.035599,-81.1539,912,-5,A,America/Toronto,airport,OurAirports,6.0
176,Whitehorse / Erik Nielsen International Airport,Whitehorse,Canada,YXY,CYXY,60.7095985413,-135.067001343,2317,-8,A,America/Vancouver,airport,OurAirports,5.0
178,Calgary International Airport,Calgary,Canada,YYC,CYYC,51.113899231,-114.019996643,3557,-7,A,America/Edmonton,airport,OurAirports,115.0
184,Victoria International Airport,Victoria,Canada,YYJ,CYYJ,48.646900177,-123.426002502,63,-8,A,America/Vancouver,airport,OurAirports,13.0
187,Churchill Airport,Churchill,Canada,YYQ,CYYQ,58.739200592041016,-94.06500244140624,94,-6,A,America/Winnipeg,airport,OurAirports,8.0
188,Goose Bay Airport,Goose Bay,Canada,YYR,CYYR,53.3191986084,-60.4258003235,160,-4,A,America/Halifax,airport,OurAirports,15.0
189,St. John's International Airport,St. John's,Canada,YYT,CYYT,47.618598938,-52.7518997192,461,-3.5,A,America/St_Johns,airport,OurAirports,22.0
192,Mont Joli Airport,Mont Joli,Canada,YYY,CYYY,48.60860061645508,-68.20809936523438,172,-5,A,America/Toronto,airport,OurAirports,8.0
193,Lester B. Pearson International Airport,Toronto,Canada,YYZ,CYYZ,43.6772003174,-79.63059997559999,569,-5,A,America/Toronto,airport,OurAirports,319.0
196,Yellowknife Airport,Yellowknife,Canada,YZF,CYZF,62.462799072265625,-114.44000244140624,675,-7,A,America/Edmonton,airport,OurAirports,30.0
202,Sept-Îles Airport,Sept-iles,Canada,YZV,CYZV,50.22330093383789,-66.2656021118164,180,-5,A,America/Toronto,airport,OurAirports,22.0
209,Soummam Airport,Bejaja,Algeria,BJA,DAAE,36.7120018005,5.0699200630200005,20,1,N,Africa/Algiers,airport,OurAirports,6.0
210,Houari Boumediene Airport,Algier,Algeria,ALG,DAAG,36.69100189208984,3.215409994125366,82,1,N,Africa/Algiers,airport,OurAirports,88.0
220,Rabah Bitat Airport,Annaba,Algeria,AAE,DABB,36.822201,7.809174,16,1,N,Africa/Algiers,airport,OurAirports,9.0
221,Mohamed Boudiaf International Airport,Constantine,Algeria,CZL,DABC,36.2760009765625,6.620389938354492,2265,1,N,Africa/Algiers,airport,OurAirports,16.0
230,Zenata – Messali El Hadj Airport,Tlemcen,Algeria,TLM,DAON,35.0167007446,-1.45000004768,814,1,N,Africa/Algiers,airport,OurAirports,6.0
231,Es Senia Airport,Oran,Algeria,ORN,DAOO,35.6239013672,-0.6211829781529999,295,1,N,Africa/Algiers,airport,OurAirports,34.0
234,Touat Cheikh Sidi Mohamed Belkebir Airport,Adrar,Algeria,AZR,DAUA,27.837600708007812,-0.1864140033721923,919,1,N,Africa/Algiers,airport,OurAirports,6.0
238,Oued Irara Airport,Hassi Messaoud,Algeria,HME,DAUH,31.673000335699996,6.140439987180001,463,1,N,Africa/Algiers,airport,OurAirports,6.0
243,Ain el Beida Airport,Ouargla,Algeria,OGX,DAUU,31.917200088500977,5.412779808044434,492,1,N,Africa/Algiers,airport,OurAirports,5.0
245,Cadjehoun Airport,Cotonou,Benin,COO,DBBB,6.357230186462402,2.384350061416626,19,1,N,Africa/Porto-Novo,airport,OurAirports,41.0
246,Ouagadougou Airport,Ouagadougou,Burkina Faso,OUA,DFFD,12.3532,-1.51242,1037,0,N,Africa/Ouagadougou,airport,OurAirports,33.0
248,Kotoka International Airport,Accra,Ghana,ACC,DGAA,5.605189800262451,-0.1667860001325607,205,0,N,Africa/Accra,airport,OurAirports,54.0
253,Port Bouet Airport,Abidjan,Cote d'Ivoire,ABJ,DIAP,5.261390209197998,-3.9262900352478023,21,0,N,Africa/Abidjan,airport,OurAirports,50.0
260,Nnamdi Azikiwe International Airport,Abuja,Nigeria,ABV,DNAA,9.006790161132812,7.263169765472412,1123,1,N,Africa/Lagos,airport,OurAirports,30.0
270,Mallam Aminu International Airport,Kano,Nigeria,KAN,DNKN,12.0476,8.52462,1562,1,N,Africa/Lagos,airport,OurAirports,7.0
273,Murtala Muhammed International Airport,Lagos,Nigeria,LOS,DNMM,6.5773701667785645,3.321160078048706,135,1,N,Africa/Lagos,airport,OurAirports,60.0
275,Port Harcourt International Airport,Port Hartcourt,Nigeria,PHC,DNPO,5.0154900550842285,6.94959020614624,87,1,N,Africa/Lagos,airport,OurAirports,8.0
280,Diori Hamani International Airport,Niamey,Niger,NIM,DRRN,13.4815,2.18361,732,1,N,Africa/Niamey,airport,OurAirports,17.0
286,Monastir Habib Bourguiba International Airport,Monastir,Tunisia,MIR,DTMB,35.75809860229492,10.75469970703125,9,1,E,Africa/Tunis,airport,OurAirports,15.0
287,Tunis Carthage International Airport,Tunis,Tunisia,TUN,DTTA,36.85100173950195,10.22719955444336,22,1,E,Africa/Tunis,airport,OurAirports,87.0
293,Djerba Zarzis International Airport,Djerba,Tunisia,DJE,DTTJ,33.875,10.775500297546388,19,1,E,Africa/Tunis,airport,OurAirports,37.0
295,Sfax Thyna International Airport,Sfax,Tunisia,SFA,DTTX,34.71799850463867,10.690999984741213,85,1,E,Africa/Tunis,airport,OurAirports,10.0
298,Lomé-Tokoin Airport,Lome,Togo,LFW,DXXX,6.165609836578369,1.2545100450515747,72,0,N,Africa/Lome,airport,OurAirports,20.0
302,Brussels Airport,Brussels,Belgium,BRU,EBBR,50.9014015198,4.48443984985,184,1,E,Europe/Brussels,airport,OurAirports,316.0
304,Brussels South Charleroi Airport,Charleroi,Belgium,CRL,EBCI,50.459202,4.45382,614,1,E,Europe/Brussels,airport,OurAirports,84.0
309,Liège Airport,Liege,Belgium,LGG,EBLG,50.63740158081055,5.443220138549805,659,1,E,Europe/Brussels,airport,OurAirports,9.0
337,Berlin-Schönefeld Airport,Berlin,Germany,SXF,EDDB,52.380001,13.5225,157,1,E,Europe/Berlin,airport,OurAirports,83.0
338,Dresden Airport,Dresden,Germany,DRS,EDDC,51.1328010559082,13.767200469970703,755,1,E,Europe/Berlin,airport,OurAirports,22.0
339,Erfurt Airport,Erfurt,Germany,ERF,EDDE,50.97980117797851,10.958100318908691,1036,1,E,Europe/Berlin,airport,OurAirports,6.0
340,Frankfurt am Main Airport,Frankfurt,Germany,FRA,EDDF,50.033333,8.570556,364,1,E,Europe/Berlin,airport,OurAirports,497.0
341,Münster Osnabrück Airport,Munster,Germany,FMO,EDDG,52.134601593,7.68483018875,160,1,E,Europe/Berlin,airport,OurAirports,11.0
342,Hamburg Airport,Hamburg,Germany,HAM,EDDH,53.630401611328,9.9882297515869,53,1,E,Europe/Berlin,airport,OurAirports,161.0
344,Cologne Bonn Airport,Cologne,Germany,CGN,EDDK,50.8658981323,7.1427397728,302,1,E,Europe/Berlin,airport,OurAirports,134.0
345,Düsseldorf Airport,Duesseldorf,Germany,DUS,EDDL,51.289501,6.76678,147,1,E,Europe/Berlin,airport,OurAirports,285.0
346,Munich Airport,Munich,Germany,MUC,EDDM,48.353802,11.7861,1487,1,E,Europe/Berlin,airport,OurAirports,368.0
347,Nuremberg Airport,Nuernberg,Germany,NUE,EDDN,49.498699,11.078056,1046,1,E,Europe/Berlin,airport,OurAirports,48.0
348,Leipzig/Halle Airport,Leipzig,Germany,LEJ,EDDP,51.423889,12.236389,465,1,E,Europe/Berlin,airport,OurAirports,40.0
349,Saarbrücken Airport,Saarbruecken,Germany,SCN,EDDR,49.2145996094,7.10950994492,1058,1,E,Europe/Berlin,airport,OurAirports,9.0
350,Stuttgart Airport,Stuttgart,Germany,STR,EDDS,48.689899444599995,9.22196006775,1276,1,E,Europe/Berlin,airport,OurAirports,137.0
351,Berlin-Tegel Airport,Berlin,Germany,TXL,EDDT,52.5597,13.2877,122,1,E,Europe/Berlin,airport,OurAirports,208.0
352,Hannover Airport,Hannover,Germany,HAJ,EDDV,52.461101532,9.68507957458,183,1,E,Europe/Berlin,airport,OurAirports,76.0
353,Bremen Airport,Bremen,Germany,BRE,EDDW,53.0475006104,8.78666973114,14,1,E,Europe/Berlin,airport,OurAirports,50.0
355,Frankfurt-Hahn Airport,Hahn,Germany,HHN,EDFH,49.9487,7.26389,1649,1,E,Europe/Berlin,airport,OurAirports,47.0
371,Paderborn Lippstadt Airport,Paderborn,Germany,PAD,EDLP,51.614101409899995,8.616319656369999,699,1,E,Europe/Berlin,airport,OurAirports,11.0
373,Dortmund Airport,Dortmund,Germany,DTM,EDLW,51.51829910279999,7.61223983765,425,1,E,Europe/Berlin,airport,OurAirports,33.0
382,Friedrichshafen Airport,Friedrichshafen,Germany,FDH,EDNY,47.671298980699994,9.51148986816,1367,1,E,Europe/Berlin,airport,OurAirports,13.0
393,Zweibrücken Airport,Zweibruecken,Germany,ZQW,EDRZ,49.2094,7.40056,1132,1,E,Europe/Berlin,airport,OurAirports,5.0
410,Westerland Sylt Airport,Westerland,Germany,GWT,EDXW,54.9132003784,8.34047031403,51,1,E,Europe/Berlin,airport,OurAirports,8.0
415,Lennart Meri Tallinn Airport,Tallinn-ulemiste International,Estonia,TLL,EETN,59.41329956049999,24.832799911499997,131,2,E,Europe/Tallinn,airport,OurAirports,38.0
421,Helsinki Vantaa Airport,Helsinki,Finland,HEL,EFHK,60.317199707031,24.963300704956,179,2,E,Europe/Helsinki,airport,OurAirports,159.0
458,Tampere-Pirkkala Airport,Tampere,Finland,TMP,EFTP,61.414100646973,23.604400634766,390,2,E,Europe/Helsinki,airport,OurAirports,12.0
460,Turku Airport,Turku,Finland,TKU,EFTU,60.514099121094,22.262800216675,161,2,E,Europe/Helsinki,airport,OurAirports,8.0
462,Vaasa Airport,Vaasa,Finland,VAA,EFVA,63.050701141357,21.762199401855,19,2,E,Europe/Helsinki,airport,OurAirports,5.0
465,Belfast International Airport,Belfast,United Kingdom,BFS,EGAA,54.6575012207,-6.2158298492399995,268,0,E,Europe/London,airport,OurAirports,36.0
467,George Best Belfast City Airport,Belfast,United Kingdom,BHD,EGAC,54.61809921264648,-5.872499942779541,15,0,E,Europe/London,airport,OurAirports,21.0
468,City of Derry Airport,Londonderry,United Kingdom,LDY,EGAE,55.04280090332031,-7.161109924316406,22,0,E,Europe/London,airport,OurAirports,5.0
469,Birmingham International Airport,Birmingham,United Kingdom,BHX,EGBB,52.453899383499994,-1.74802994728,327,0,E,Europe/London,airport,OurAirports,133.0
478,Manchester Airport,Manchester,United Kingdom,MAN,EGCC,53.35369873046875,-2.2749500274658203,257,0,E,Europe/London,airport,OurAirports,316.0
481,Newquay Cornwall Airport,Newquai,United Kingdom,NQY,EGHQ,50.44060134887695,-4.995409965515137,390,0,E,Europe/London,airport,OurAirports,6.0
488,Cardiff International Airport,Cardiff,United Kingdom,CWL,EGFF,51.39670181274414,-3.343329906463623,220,0,E,Europe/London,airport,OurAirports,32.0
490,Bristol Airport,Bristol,United Kingdom,BRS,EGGD,51.382702,-2.71909,622,0,E,Europe/London,airport,OurAirports,100.0
491,Liverpool John Lennon Airport,Liverpool,United Kingdom,LPL,EGGP,53.33359909057617,-2.849720001220703,80,0,E,Europe/London,airport,OurAirports,58.0
492,London Luton Airport,London,United Kingdom,LTN,EGGW,51.874698638916016,-0.3683330118656158,526,0,E,Europe/London,airport,OurAirports,108.0
494,Bournemouth Airport,Bournemouth,United Kingdom,BOH,EGHH,50.779998779296875,-1.8424999713897705,38,0,E,Europe/London,airport,OurAirports,19.0
495,Southampton Airport,Southampton,United Kingdom,SOU,EGHI,50.95029830932617,-1.3567999601364136,44,0,E,Europe/London,airport,OurAirports,33.0
498,Guernsey Airport,Guernsey,Guernsey,GCI,EGJB,49.435001373291016,-2.601969957351685,336,0,E,Europe/Guernsey,airport,OurAirports,18.0
499,Jersey Airport,Jersey,Jersey,JER,EGJJ,49.20790100097656,-2.195509910583496,277,0,E,Europe/Jersey,airport,OurAirports,38.0
502,London Gatwick Airport,London,United Kingdom,LGW,EGKK,51.148102,-0.190278,202,0,E,Europe/London,airport,OurAirports,356.0
503,London City Airport,London,United Kingdom,LCY,EGLC,51.505299,0.055278,19,0,E,Europe/London,airport,OurAirports,62.0
507,London Heathrow Airport,London,United Kingdom,LHR,EGLL,51.4706,-0.461941,83,0,E,Europe/London,airport,OurAirports,527.0
508,Southend Airport,Southend,United Kingdom,SEN,EGMC,51.5713996887207,0.6955559849739075,49,0,E,Europe/London,airport,OurAirports,14.0
514,Blackpool International Airport,Blackpool,United Kingdom,BLK,EGNH,53.77170181274414,-3.0286099910736084,34,0,E,Europe/London,airport,OurAirports,9.0
515,Humberside Airport,Humberside,United Kingdom,HUY,EGNJ,53.57440185546875,-0.350832998752594,121,0,E,Europe/London,airport,OurAirports,5.0
517,Leeds Bradford Airport,Leeds,United Kingdom,LBA,EGNM,53.86589813232422,-1.6605700254440308,681,0,E,Europe/London,airport,OurAirports,80.0
520,Isle of Man Airport,Isle Of Man,Isle of Man,IOM,EGNS,54.08330154418945,-4.623889923095703,52,0,E,Europe/Isle_of_Man,airport,OurAirports,11.0
521,Newcastle Airport,Newcastle,United Kingdom,NCL,EGNT,55.037498474121094,-1.6916699409484863,266,0,E,Europe/London,airport,OurAirports,84.0
523,East Midlands Airport,East Midlands,United Kingdom,EMA,EGNX,52.8311004639,-1.32806003094,306,0,E,Europe/London,airport,OurAirports,95.0
529,Kirkwall Airport,Kirkwall,United Kingdom,KOI,EGPA,58.957801818847656,-2.9049999713897705,50,0,E,Europe/London,airport,OurAirports,11.0
530,Sumburgh Airport,Sumburgh,United Kingdom,LSI,EGPB,59.87889862060547,-1.295560002326965,20,0,E,Europe/London,airport,OurAirports,5.0
532,Aberdeen Dyce Airport,Aberdeen,United Kingdom,ABZ,EGPD,57.201900482177734,-2.197779893875122,215,0,E,Europe/London,airport,OurAirports,41.0
533,Inverness Airport,Inverness,United Kingdom,INV,EGPE,57.54249954223633,-4.047500133514404,31,0,E,Europe/London,airport,OurAirports,11.0
534,Glasgow International Airport,Glasgow,United Kingdom,GLA,EGPF,55.8718986511,-4.43306016922,26,0,E,Europe/London,airport,OurAirports,100.0
535,Edinburgh Airport,Edinburgh,United Kingdom,EDI,EGPH,55.95000076293945,-3.372499942779541,135,0,E,Europe/London,airport,OurAirports,119.0
537,Glasgow Prestwick Airport,Prestwick,United Kingdom,PIK,EGPK,55.5093994140625,-4.586669921875,65,0,E,Europe/London,airport,OurAirports,21.0
541,Stornoway Airport,Stornoway,United Kingdom,SYY,EGPO,58.215599060058594,-6.331110000610352,26,0,E,Europe/London,airport,OurAirports,5.0
547,Norwich International Airport,Norwich,United Kingdom,NWI,EGSH,52.6758003235,1.28278005123,117,0,E,Europe/London,airport,OurAirports,10.0
548,London Stansted Airport,London,United Kingdom,STN,EGSS,51.8849983215,0.234999999404,348,0,E,Europe/London,airport,OurAirports,173.0
552,Exeter International Airport,Exeter,United Kingdom,EXT,EGTE,50.73440170288086,-3.4138898849487305,102,0,E,Europe/London,airport,OurAirports,25.0
580,Amsterdam Airport Schiphol,Amsterdam,Netherlands,AMS,EHAM,52.308601,4.76389,-11,1,E,Europe/Amsterdam,airport,OurAirports,453.0
582,Maastricht Aachen Airport,Maastricht,Netherlands,MST,EHBK,50.911701,5.77014,375,1,E,Europe/Amsterdam,airport,OurAirports,10.0
585,Eindhoven Airport,Eindhoven,Netherlands,EIN,EHEH,51.4500999451,5.37452983856,74,1,E,Europe/Amsterdam,airport,OurAirports,68.0
586,Eelde Airport,Groningen,Netherlands,GRQ,EHGG,53.1197013855,6.57944011688,17,1,E,Europe/Amsterdam,airport,OurAirports,6.0
591,Rotterdam The Hague Airport,Rotterdam,Netherlands,RTM,EHRD,51.956902,4.43722,-15,1,E,Europe/Amsterdam,airport,OurAirports,33.0
596,Cork Airport,Cork,Ireland,ORK,EICK,51.84130096435547,-8.491109848022461,502,0,E,Europe/Dublin,airport,OurAirports,34.0
599,Dublin Airport,Dublin,Ireland,DUB,EIDW,53.421299,-6.27007,242,0,E,Europe/Dublin,airport,OurAirports,207.0
600,Ireland West Knock Airport,Connaught,Ireland,NOC,EIKN,53.910301208496094,-8.818490028381348,665,0,E,Europe/Dublin,airport,OurAirports,15.0
601,Kerry Airport,Kerry,Ireland,KIR,EIKY,52.18090057373047,-9.52377986907959,112,0,E,Europe/Dublin,airport,OurAirports,6.0
603,Shannon Airport,Shannon,Ireland,SNN,EINN,52.702,-8.92482,46,0,E,Europe/Dublin,airport,OurAirports,29.0
607,Aarhus Airport,Aarhus,Denmark,AAR,EKAH,56.2999992371,10.619000434899998,82,1,E,Europe/Copenhagen,airport,OurAirports,8.0
608,Billund Airport,Billund,Denmark,BLL,EKBI,55.7402992249,9.15178012848,247,1,E,Europe/Copenhagen,airport,OurAirports,47.0
609,Copenhagen Kastrup Airport,Copenhagen,Denmark,CPH,EKCH,55.617900848389,12.656000137329,17,1,E,Europe/Copenhagen,airport,OurAirports,229.0
628,Aalborg Airport,Aalborg,Denmark,AAL,EKYT,57.0927589138,9.84924316406,10,1,E,Europe/Copenhagen,airport,OurAirports,20.0
629,Luxembourg-Findel International Airport,Luxemburg,Luxembourg,LUX,ELLX,49.6233333,6.2044444,1234,1,E,Europe/Luxembourg,airport,OurAirports,70.0
630,Ålesund Airport,Alesund,Norway,AES,ENAL,62.5625,6.119699954986572,69,1,E,Europe/Oslo,airport,OurAirports,13.0
632,Alta Airport,Alta,Norway,ALF,ENAT,69.976097106934,23.371700286865,9,1,E,Europe/Oslo,airport,OurAirports,10.0
634,Brønnøysund Airport,Bronnoysund,Norway,BNN,ENBN,65.461097717285,12.217499732971,25,1,E,Europe/Oslo,airport,OurAirports,5.0
635,Bodø Airport,Bodo,Norway,BOO,ENBO,67.26920318603516,14.365300178527832,42,1,E,Europe/Oslo,airport,OurAirports,18.0
636,Bergen Airport Flesland,Bergen,Norway,BGO,ENBR,60.29339981,5.218140125,170,1,E,Europe/Oslo,airport,OurAirports,69.0
637,Båtsfjord Airport,Batsfjord,Norway,BJF,ENBS,70.60050201416,29.691400527954,490,1,E,Europe/Oslo,airport,OurAirports,5.0
638,Kristiansand Airport,Kristiansand,Norway,KRS,ENCN,58.204201,8.08537,57,1,E,Europe/Oslo,airport,OurAirports,11.0
641,"Harstad/Narvik Airport, Evenes",Harstad/Narvik,Norway,EVE,ENEV,68.491302490234,16.678100585938,84,1,E,Europe/Oslo,airport,OurAirports,9.0
643,Florø Airport,Floro,Norway,FRO,ENFL,61.583599090576,5.0247201919556,37,1,E,Europe/Oslo,airport,OurAirports,5.0
644,Oslo Lufthavn,Oslo,Norway,OSL,ENGM,60.121,11.0502,681,1,E,Europe/Oslo,airport,OurAirports,180.0
645,Haugesund Airport,Haugesund,Norway,HAU,ENHD,59.34529876709,5.2083601951599,86,1,E,Europe/Oslo,airport,OurAirports,12.0
647,Kristiansund Airport (Kvernberget),Kristiansund,Norway,KSU,ENKB,63.111801147461,7.824520111084,204,1,E,Europe/Oslo,airport,OurAirports,7.0
649,Kirkenes Airport (Høybuktmoen),Kirkenes,Norway,KKN,ENKR,69.725799560547,29.891300201416,283,1,E,Europe/Oslo,airport,OurAirports,7.0
651,Molde Airport,Molde,Norway,MOL,ENML,62.744701385498,7.2624998092651,10,1,E,Europe/Oslo,airport,OurAirports,7.0
652,Mosjøen Airport (Kjærstad),Mosjoen,Norway,MJF,ENMS,65.783996582031,13.214900016785,237,1,E,Europe/Oslo,airport,OurAirports,5.0
657,"Moss Airport, Rygge",Rygge,Norway,RYG,ENRY,59.378817,10.785439,174,1,E,Europe/Oslo,airport,OurAirports,37.0
663,"Tromsø Airport,",Tromso,Norway,TOS,ENTC,69.68329620361328,18.918899536132812,31,1,E,Europe/Oslo,airport,OurAirports,26.0
664,"Sandefjord Airport, Torp",Sandefjord,Norway,TRF,ENTO,59.1866989136,10.258600235,286,1,E,Europe/Oslo,airport,OurAirports,37.0
665,Trondheim Airport Værnes,Trondheim,Norway,TRD,ENVA,63.4578018,10.9239998,56,1,E,Europe/Oslo,airport,OurAirports,44.0
666,Stavanger Airport Sola,Stavanger,Norway,SVG,ENZV,58.876701354,5.6377801895,29,1,E,Europe/Oslo,airport,OurAirports,54.0
668,Gdańsk Lech Wałęsa Airport,Gdansk,Poland,GDN,EPGD,54.37760162353515,18.46619987487793,489,1,E,Europe/Warsaw,airport,OurAirports,51.0
669,Kraków John Paul II International Airport,Krakow,Poland,KRK,EPKK,50.077702,19.7848,791,1,E,Europe/Warsaw,airport,OurAirports,57.0
671,Katowice International Airport,Katowice,Poland,KTW,EPKT,50.4743,19.08,995,1,E,Europe/Warsaw,airport,OurAirports,28.0
674,Poznań-Ławica Airport,Poznan,Poland,POZ,EPPO,52.421001434299995,16.8262996674,308,1,E,Europe/Warsaw,airport,OurAirports,21.0
675,Rzeszów-Jasionka Airport,Rzeszow,Poland,RZE,EPRZ,50.1100006104,22.0189990997,675,1,E,Europe/Warsaw,airport,OurAirports,11.0
676,"Szczecin-Goleniów ""Solidarność"" Airport",Szczecin,Poland,SZZ,EPSC,53.584701538100006,14.9021997452,154,1,E,Europe/Warsaw,airport,OurAirports,7.0
679,Warsaw Chopin Airport,Warsaw,Poland,WAW,EPWA,52.1656990051,20.967100143399996,362,1,E,Europe/Warsaw,airport,OurAirports,120.0
680,Copernicus Wrocław Airport,Wroclaw,Poland,WRO,EPWR,51.1026992798,16.885799408,404,1,E,Europe/Warsaw,airport,OurAirports,33.0
687,Gothenburg-Landvetter Airport,Gothenborg,Sweden,GOT,ESGG,57.662799835205,12.279800415039,506,1,E,Europe/Stockholm,airport,OurAirports,52.0
691,Gothenburg City Airport,Gothenborg,Sweden,GSE,ESGP,57.7747,11.8704,59,1,E,Europe/Stockholm,airport,OurAirports,21.0
699,Stockholm Skavsta Airport,Stockholm,Sweden,NYO,ESKN,58.78860092163086,16.912200927734375,140,1,E,Europe/Stockholm,airport,OurAirports,31.0
708,Malmö Sturup Airport,Malmoe,Sweden,MMX,ESMS,55.536305364,13.3761978149,236,1,E,Europe/Stockholm,airport,OurAirports,16.0
709,Halmstad Airport,Halmstad,Sweden,HAD,ESMT,56.69110107421875,12.820199966430664,101,1,E,Europe/Stockholm,airport,OurAirports,6.0
711,Växjö Kronoberg Airport,Vaxjo,Sweden,VXO,ESMX,56.929100036621094,14.727999687194824,610,1,E,Europe/Stockholm,airport,OurAirports,7.0
715,Gällivare Airport,Gallivare,Sweden,GEV,ESNG,67.13240051269531,20.814599990844727,1027,1,E,Europe/Stockholm,airport,OurAirports,6.0
721,Sundsvall-Härnösand Airport,Sundsvall,Sweden,SDL,ESNN,62.528099060058594,17.443899154663086,16,1,E,Europe/Stockholm,airport,OurAirports,5.0
728,Umeå Airport,Umea,Sweden,UME,ESNU,63.791801452637,20.282800674438,24,1,E,Europe/Stockholm,airport,OurAirports,8.0
734,Luleå Airport,Lulea,Sweden,LLA,ESPA,65.543800354004,22.121999740601,65,1,E,Europe/Stockholm,airport,OurAirports,6.0
737,Stockholm-Arlanda Airport,Stockholm,Sweden,ARN,ESSA,59.651901245117,17.918600082397,137,1,E,Europe/Stockholm,airport,OurAirports,219.0
738,Stockholm-Bromma Airport,Stockholm,Sweden,BMA,ESSB,59.354400634765625,17.941699981689453,47,1,E,Europe/Stockholm,airport,OurAirports,27.0
746,Visby Airport,Visby,Sweden,VBY,ESSV,57.662799835205,18.346200942993,164,1,E,Europe/Stockholm,airport,OurAirports,8.0
772,Rostock-Laage Airport,Laage,Germany,RLG,ETNL,53.9182014465,12.2783002853,138,1,E,Europe/Berlin,airport,OurAirports,5.0
797,Cape Town International Airport,Cape Town,South Africa,CPT,FACT,-33.9648017883,18.6016998291,151,2,U,Africa/Johannesburg,airport,OurAirports,44.0
799,King Shaka International Airport,Durban,South Africa,DUR,FALE,-29.6144444444,31.1197222222,295,2,U,Africa/Johannesburg,airport,OurAirports,21.0
800,Ben Schoeman Airport,East London,South Africa,ELS,FAEL,-33.0355987549,27.8258991241,435,2,U,Africa/Johannesburg,airport,OurAirports,5.0
804,George Airport,George,South Africa,GRJ,FAGG,-34.0056,22.378902,648,2,U,Africa/Johannesburg,airport,OurAirports,5.0
813,OR Tambo International Airport,Johannesburg,South Africa,JNB,FAOR,-26.1392,28.246,5558,2,U,Africa/Johannesburg,airport,OurAirports,159.0
838,Port Elizabeth Airport,Port Elizabeth,South Africa,PLZ,FAPE,-33.9849014282,25.6173000336,226,2,U,Africa/Johannesburg,airport,OurAirports,9.0
880,Maun Airport,Maun,Botswana,MUB,FBMN,-19.97260093688965,23.43110084533691,3093,2,U,Africa/Gaborone,airport,OurAirports,7.0
881,Sir Seretse Khama International Airport,Gaberone,Botswana,GBE,FBSK,-24.555201,25.9182,3299,2,U,Africa/Gaborone,airport,OurAirports,9.0
883,Maya-Maya Airport,Brazzaville,Congo (Brazzaville),BZV,FCBB,-4.251699924468994,15.253000259399414,1048,1,N,Africa/Brazzaville,airport,OurAirports,25.0
886,Pointe Noire Airport,Pointe-noire,Congo (Brazzaville),PNR,FCPP,-4.816030025482178,11.88659954071045,55,1,N,Africa/Brazzaville,airport,OurAirports,18.0
891,Malabo Airport,Malabo,Equatorial Guinea,SSG,FGSL,3.755270004272461,8.708720207214355,76,1,N,Africa/Malabo,airport,OurAirports,14.0
893,Sir Seewoosagur Ramgoolam International Airport,Plaisance,Mauritius,MRU,FIMP,-20.430201,57.683601,186,4,N,Indian/Mauritius,airport,OurAirports,41.0
897,Douala International Airport,Douala,Cameroon,DLA,FKKD,4.0060801506,9.71947956085,33,1,N,Africa/Douala,airport,OurAirports,51.0
906,Livingstone Airport,Livingstone,Zambia,LVI,FLLI,-17.821800231933594,25.82270050048828,3302,2,U,Africa/Lusaka,airport,OurAirports,7.0
907,Kenneth Kaunda International Airport Lusaka,Lusaka,Zambia,LUN,FLLS,-15.3308000565,28.4526004791,3779,2,U,Africa/Lusaka,airport,OurAirports,34.0
910,Simon Mwansa Kapwepwe International Airport,Ndola,Zambia,NLA,FLND,-12.998100280762,28.66489982605,4167,2,U,Africa/Lusaka,airport,OurAirports,10.0
912,Prince Said Ibrahim International Airport,Moroni,Comoros,HAH,FMCH,-11.5337,43.2719,93,3,U,Indian/Comoro,airport,OurAirports,10.0
915,Dzaoudzi Pamandzi International Airport,Dzaoudzi,Mayotte,DZA,FMCZ,-12.804699897766112,45.28110122680664,23,3,U,Indian/Mayotte,airport,OurAirports,15.0
916,Roland Garros Airport,St.-denis,Reunion,RUN,FMEE,-20.88710021972656,55.51029968261719,66,4,U,Indian/Reunion,airport,OurAirports,19.0
918,Ivato Airport,Antananarivo,Madagascar,TNR,FMMI,-18.7969,47.478802,4198,3,U,Indian/Antananarivo,airport,OurAirports,27.0
921,Toamasina Airport,Toamasina,Madagascar,TMM,FMMT,-18.10950088500977,49.39250183105469,22,3,U,Indian/Antananarivo,airport,OurAirports,7.0
923,Arrachart Airport,Antsiranana,Madagascar,DIE,FMNA,-12.34939956665039,49.29169845581055,374,3,U,Indian/Antananarivo,airport,OurAirports,5.0
951,Quatro de Fevereiro Airport,Luanda,Angola,LAD,FNLU,-8.85837,13.2312,243,1,N,Africa/Luanda,airport,OurAirports,46.0
970,Libreville Leon M'ba International Airport,Libreville,Gabon,LBV,FOOL,0.458600014448,9.4122800827,39,1,N,Africa/Libreville,airport,OurAirports,24.0
974,Beira Airport,Beira,Mozambique,BEW,FQBR,-19.79640007019043,34.90760040283203,33,2,U,Africa/Maputo,airport,OurAirports,7.0
979,Maputo Airport,Maputo,Mozambique,MPM,FQMA,-25.920799,32.572601,145,2,U,Africa/Maputo,airport,OurAirports,17.0
984,Nampula Airport,Nampula,Mozambique,APL,FQNP,-15.105600357055664,39.28179931640625,1444,2,U,Africa/Maputo,airport,OurAirports,9.0
985,Pemba Airport,Pemba,Mozambique,POL,FQPB,-12.991762161254885,40.52401351928711,331,2,U,Africa/Maputo,airport,OurAirports,8.0
988,Chingozi Airport,Tete,Mozambique,TET,FQTT,-16.104799270629883,33.640201568603516,525,2,U,Africa/Maputo,airport,OurAirports,7.0
994,Seychelles International Airport,Mahe,Seychelles,SEZ,FSIA,-4.67434,55.521801,10,4,U,Indian/Mahe,airport,OurAirports,13.0
999,N'Djamena International Airport,N'djamena,Chad,NDJ,FTTJ,12.1337,15.034,968,1,N,Africa/Ndjamena,airport,OurAirports,9.0
1004,Victoria Falls International Airport,Victoria Falls,Zimbabwe,VFA,FVFA,-18.09589958190918,25.839000701904297,3490,2,U,Africa/Harare,airport,OurAirports,7.0
1005,Robert Gabriel Mugabe International Airport,Harare,Zimbabwe,HRE,FVHA,-17.931801,31.0928,4887,2,U,Africa/Harare,airport,OurAirports,26.0
1013,Chileka International Airport,Blantyre,Malawi,BLZ,FWCL,-15.679100036621094,34.9739990234375,2555,2,U,Africa/Blantyre,airport,OurAirports,5.0
1016,Lilongwe International Airport,Lilongwe,Malawi,LLW,FWKI,-13.7894001007,33.78099823,4035,2,U,Africa/Blantyre,airport,OurAirports,12.0
1020,Ndjili International Airport,Kinshasa,Congo (Kinshasa),FIH,FZAA,-4.38575,15.4446,1027,1,N,Africa/Kinshasa,airport,OurAirports,27.0
1038,Lubumbashi International Airport,Lubumashi,Congo (Kinshasa),FBM,FZQA,-11.5913000107,27.5308990479,4295,2,U,Africa/Lubumbashi,airport,OurAirports,10.0
1044,Modibo Keita International Airport,Bamako,Mali,BKO,GABS,12.5335,-7.94994,1247,0,N,Africa/Bamako,airport,OurAirports,28.0
1050,Banjul International Airport,Banjul,Gambia,BJL,GBYD,13.338000297546388,-16.65220069885254,95,0,N,Africa/Banjul,airport,OurAirports,13.0
1051,Fuerteventura Airport,Fuerteventura,Spain,FUE,GCFV,28.452699661254883,-13.863800048828123,85,0,E,Atlantic/Canary,airport,OurAirports,97.0
1053,La Palma Airport,Santa Cruz De La Palma,Spain,SPC,GCLA,28.626499,-17.7556,107,0,E,Atlantic/Canary,airport,OurAirports,8.0
1054,Gran Canaria Airport,Gran Canaria,Spain,LPA,GCLP,27.931900024414062,-15.38659954071045,78,0,E,Atlantic/Canary,airport,OurAirports,154.0
1055,Lanzarote Airport,Arrecife,Spain,ACE,GCRR,28.945499,-13.6052,46,0,E,Atlantic/Canary,airport,OurAirports,116.0
1056,Tenerife South Airport,Tenerife,Spain,TFS,GCTS,28.044500351,-16.5725002289,209,0,E,Atlantic/Canary,airport,OurAirports,159.0
1057,Tenerife Norte Airport,Tenerife,Spain,TFN,GCXO,28.4827003479,-16.3414993286,2076,0,E,Atlantic/Canary,airport,OurAirports,32.0
1058,Melilla Airport,Melilla,Spain,MLN,GEML,35.279800415,-2.9562599659,156,1,E,Europe/Madrid,airport,OurAirports,5.0
1059,Lungi International Airport,Freetown,Sierra Leone,FNA,GFLL,8.61644,-13.1955,84,0,N,Africa/Freetown,airport,OurAirports,22.0
1063,Roberts International Airport,Monrovia,Liberia,ROB,GLRB,6.23379,-10.3623,31,0,N,Africa/Monrovia,airport,OurAirports,16.0
1064,Al Massira Airport,Agadir,Morocco,AGA,GMAD,30.325000762939453,-9.41306972503662,250,0,N,Africa/Casablanca,airport,OurAirports,28.0
1066,Saïss Airport,Fes,Morocco,FEZ,GMFF,33.9272994995,-4.977960109709999,1900,0,N,Africa/Casablanca,airport,OurAirports,18.0
1070,Angads Airport,Oujda,Morocco,OUD,GMFO,34.787200927734375,-1.92399001121521,1535,0,N,Africa/Casablanca,airport,OurAirports,10.0
1072,Rabat-Salé Airport,Rabat,Morocco,RBA,GMME,34.051498,-6.75152,276,0,N,Africa/Casablanca,airport,OurAirports,11.0
1074,Mohammed V International Airport,Casablanca,Morocco,CMN,GMMN,33.36750030517578,-7.589970111846924,656,0,N,Africa/Casablanca,airport,OurAirports,125.0
1075,Menara Airport,Marrakech,Morocco,RAK,GMMX,31.606899261499997,-8.03629970551,1545,0,N,Africa/Casablanca,airport,OurAirports,73.0
1080,Ibn Batouta Airport,Tanger,Morocco,TNG,GMTT,35.726898193400004,-5.91689014435,62,0,N,Africa/Casablanca,airport,OurAirports,19.0
1084,Léopold Sédar Senghor International Airport,Dakar,Senegal,DKR,GOOY,14.739700317382812,-17.49020004272461,85,0,N,Africa/Dakar,airport,OurAirports,67.0
1094,Nouakchott–Oumtounsy International Airport,Nouakschott,Mauritania,NKC,GQNO,18.31,-15.9697222,9,0,N,Africa/Nouakchott,airport,OurAirports,12.0
1102,Amílcar Cabral International Airport,Amilcar Cabral,Cape Verde,SID,GVAC,16.7414,-22.9494,177,-1,U,Atlantic/Cape_Verde,airport,OurAirports,20.0
1103,Rabil Airport,Boa Vista,Cape Verde,BVC,GVBA,16.136499404907227,-22.888900756835938,69,-1,U,Atlantic/Cape_Verde,airport,OurAirports,12.0
1106,São Pedro Airport,Sao Vicente Island,Cape Verde,VXE,GVSV,16.833200454711914,-25.055299758911133,66,-1,U,Atlantic/Cape_Verde,airport,OurAirports,5.0
1107,Addis Ababa Bole International Airport,Addis Ababa,Ethiopia,ADD,HAAB,8.97789001465,38.7993011475,7630,3,U,Africa/Addis_Ababa,airport,OurAirports,105.0
1120,Bujumbura International Airport,Bujumbura,Burundi,BJM,HBBA,-3.3240199089050293,29.318500518798828,2582,2,U,Africa/Bujumbura,airport,OurAirports,13.0
1121,Egal International Airport,Hargeisa,Somalia,HGA,HCMH,9.518170356750488,44.08879852294922,4423,3,U,Africa/Mogadishu,airport,OurAirports,7.0
1122,Berbera Airport,Berbera,Somalia,BBO,HCMI,10.389200210571287,44.94110107421875,30,3,U,Africa/Mogadishu,airport,OurAirports,7.0
1128,Cairo International Airport,Cairo,Egypt,CAI,HECA,30.12190055847168,31.40559959411621,382,2,U,Africa/Cairo,airport,OurAirports,151.0
1130,Hurghada International Airport,Hurghada,Egypt,HRG,HEGN,27.178300857543945,33.799400329589844,52,2,U,Africa/Cairo,airport,OurAirports,40.0
1132,Luxor International Airport,Luxor,Egypt,LXR,HELX,25.671,32.7066,294,2,U,Africa/Cairo,airport,OurAirports,10.0
1145,Mombasa Moi International Airport,Mombasa,Kenya,MBA,HKMO,-4.034830093383789,39.594200134277344,200,3,U,Africa/Nairobi,airport,OurAirports,14.0
1147,Nairobi Wilson Airport,Nairobi,Kenya,WIL,HKNW,-1.321720004081726,36.81480026245117,5536,3,U,Africa/Nairobi,airport,OurAirports,19.0
1149,Wajir Airport,Wajir,Kenya,WJR,HKWJ,1.73324,40.091599,770,3,U,Africa/Nairobi,airport,OurAirports,5.0
1154,Benina International Airport,Benghazi,Libya,BEN,HLLB,32.096801757799994,20.2695007324,433,2,N,Africa/Tripoli,airport,OurAirports,25.0
1157,Tripoli International Airport,Tripoli,Libya,TIP,HLLT,32.6635017395,13.1590003967,263,2,N,Africa/Tripoli,airport,OurAirports,48.0
1165,Kigali International Airport,Kigali,Rwanda,KGL,HRYR,-1.96863,30.1395,4859,2,U,Africa/Kigali,airport,OurAirports,40.0
1173,Juba International Airport,Juba,South Sudan,JUB,HSSJ,4.87201023102,31.6011009216,1513,3,U,Africa/Juba,airport,OurAirports,12.0
1175,Khartoum International Airport,Khartoum,Sudan,KRT,HSSS,15.589500427246094,32.553199768066406,1265,3,U,Africa/Khartoum,airport,OurAirports,41.0
1177,Julius Nyerere International Airport,Dar Es Salaam,Tanzania,DAR,HTDA,-6.87811,39.202599,182,3,U,Africa/Dar_es_Salaam,airport,OurAirports,35.0
1180,Kilimanjaro International Airport,Kilimanjaro,Tanzania,JRO,HTKJ,-3.42940998077,37.0745010376,2932,3,U,Africa/Dar_es_Salaam,airport,OurAirports,20.0
1183,Mwanza Airport,Mwanza,Tanzania,MWZ,HTMW,-2.4444899559020996,32.932701110839844,3763,3,U,Africa/Dar_es_Salaam,airport,OurAirports,6.0
1186,Abeid Amani Karume International Airport,Zanzibar,Tanzania,ZNZ,HTZA,-6.22202,39.224899,54,3,U,Africa/Dar_es_Salaam,airport,OurAirports,11.0
1187,Entebbe International Airport,Entebbe,Uganda,EBB,HUEN,0.042386,32.443501,3782,3,U,Africa/Kampala,airport,OurAirports,34.0
1190,Tirana International Airport Mother Teresa,Tirana,Albania,TIA,LATI,41.4146995544,19.7206001282,126,1,E,Europe/Tirane,airport,OurAirports,36.0
1191,Burgas Airport,Bourgas,Bulgaria,BOJ,LBBG,42.56959915161133,27.515199661254883,135,2,E,Europe/Sofia,airport,OurAirports,12.0
1194,Sofia Airport,Sofia,Bulgaria,SOF,LBSF,42.69669342041016,23.411436080932617,1742,2,E,Europe/Sofia,airport,OurAirports,66.0
1196,Varna Airport,Varna,Bulgaria,VAR,LBWN,43.232101,27.8251,230,2,E,Europe/Sofia,airport,OurAirports,9.0
1197,Larnaca International Airport,Larnaca,Cyprus,LCA,LCLK,34.875099182128906,33.624900817871094,8,2,E,Asia/Nicosia,airport,OurAirports,93.0
1198,Paphos International Airport,Paphos,Cyprus,PFO,LCPH,34.71799850463867,32.48569869995117,41,2,E,Asia/Nicosia,airport,OurAirports,42.0
1200,Dubrovnik Airport,Dubrovnik,Croatia,DBV,LDDU,42.5614013671875,18.268199920654297,527,1,E,Europe/Zagreb,airport,OurAirports,60.0
1203,Pula Airport,Pula,Croatia,PUY,LDPL,44.89350128173828,13.922200202941896,274,1,E,Europe/Zagreb,airport,OurAirports,15.0
1205,Rijeka Airport,Rijeka,Croatia,RJK,LDRI,45.21689987182617,14.570300102233888,278,1,E,Europe/Zagreb,airport,OurAirports,7.0
1206,Split Airport,Split,Croatia,SPU,LDSP,43.53889846801758,16.29800033569336,79,1,E,Europe/Zagreb,airport,OurAirports,49.0
1208,Zagreb Airport,Zagreb,Croatia,ZAG,LDZA,45.7429008484,16.0687999725,353,1,E,Europe/Zagreb,airport,OurAirports,42.0
1209,Zadar Airport,Zadar,Croatia,ZAD,LDZD,44.108299,15.3467,289,1,E,Europe/Zagreb,airport,OurAirports,26.0
1212,Alicante International Airport,Alicante,Spain,ALC,LEAL,38.28219985961914,-0.5581560134887695,142,1,E,Europe/Madrid,airport,OurAirports,157.0
1213,Almería International Airport,Almeria,Spain,LEI,LEAM,36.84389877319336,-2.3701000213623047,70,1,E,Europe/Madrid,airport,OurAirports,18.0
1214,Asturias Airport,Aviles,Spain,OVD,LEAS,43.5635986328125,-6.0346198081970215,416,1,E,Europe/Madrid,airport,OurAirports,17.0
1216,Bilbao Airport,Bilbao,Spain,BIO,LEBB,43.30110168457031,-2.9106099605560303,138,1,E,Europe/Madrid,airport,OurAirports,65.0
1218,Barcelona International Airport,Barcelona,Spain,BCN,LEBL,41.2971,2.07846,12,1,E,Europe/Madrid,airport,OurAirports,391.0
1220,A Coruña Airport,La Coruna,Spain,LCG,LECO,43.302101,-8.37726,326,1,E,Europe/Madrid,airport,OurAirports,12.0
1222,Girona Airport,Gerona,Spain,GRO,LEGE,41.901000977,2.7605500221,468,1,E,Europe/Madrid,airport,OurAirports,49.0
1223,Federico Garcia Lorca Airport,Granada,Spain,GRX,LEGR,37.18870162963867,-3.777359962463379,1860,1,E,Europe/Madrid,airport,OurAirports,9.0
1225,Ibiza Airport,Ibiza,Spain,IBZ,LEIB,38.8728981018,1.3731199502899998,24,1,E,Europe/Madrid,airport,OurAirports,99.0
1226,Jerez Airport,Jerez,Spain,XRY,LEJR,36.744598388671875,-6.060110092163086,93,1,E,Europe/Madrid,airport,OurAirports,22.0
1227,San Javier Airport,Murcia,Spain,MJV,LELC,37.775001525878906,-0.8123890161514282,11,1,E,Europe/Madrid,airport,OurAirports,20.0
1229,Adolfo Suárez Madrid–Barajas Airport,Madrid,Spain,MAD,LEMD,40.471926,-3.56264,1998,1,E,Europe/Madrid,airport,OurAirports,330.0
1230,Málaga Airport,Malaga,Spain,AGP,LEMG,36.67490005493164,-4.499110221862793,53,1,E,Europe/Madrid,airport,OurAirports,206.0
1231,Menorca Airport,Menorca,Spain,MAH,LEMH,39.86259841918945,4.218649864196777,302,1,E,Europe/Madrid,airport,OurAirports,34.0
1236,Reus Air Base,Reus,Spain,REU,LERS,41.14739990234375,1.1671700477600098,233,1,E,Europe/Madrid,airport,OurAirports,19.0
1243,Santiago de Compostela Airport,Santiago,Spain,SCQ,LEST,42.89630126953125,-8.415140151977539,1213,1,E,Europe/Madrid,airport,OurAirports,36.0
1246,Valencia Airport,Valencia,Spain,VLC,LEVC,39.4893,-0.481625,240,1,E,Europe/Madrid,airport,OurAirports,82.0
1250,Vigo Airport,Vigo,Spain,VGO,LEVX,42.2318000793457,-8.62677001953125,856,1,E,Europe/Madrid,airport,OurAirports,11.0
1251,Santander Airport,Santander,Spain,SDR,LEXJ,43.427101135253906,-3.82000994682312,16,1,E,Europe/Madrid,airport,OurAirports,19.0
1252,Zaragoza Air Base,Zaragoza,Spain,ZAZ,LEZG,41.66619873046875,-1.0415500402450562,863,1,E,Europe/Madrid,airport,OurAirports,8.0
1253,Sevilla Airport,Sevilla,Spain,SVQ,LEZL,37.417999267578125,-5.8931097984313965,112,1,E,Europe/Madrid,airport,OurAirports,65.0
1264,Bordeaux-Mérignac Airport,Bordeaux,France,BOD,LFBD,44.8283004761,-0.715556025505,162,1,E,Europe/Paris,airport,OurAirports,67.0
1265,Bergerac-Roumanière Airport,Bergerac,France,EGC,LFBE,44.82529830932617,0.5186110138893127,171,1,E,Europe/Paris,airport,OurAirports,11.0
1268,Poitiers-Biard Airport,Poitiers,France,PIS,LFBI,46.58769989013672,0.3066659867763519,423,1,E,Europe/Paris,airport,OurAirports,7.0
1270,Limoges Airport,Limoges,France,LIG,LFBL,45.86280059814453,1.1794400215148926,1300,1,E,Europe/Paris,airport,OurAirports,11.0
1273,Toulouse-Blagnac Airport,Toulouse,France,TLS,LFBO,43.629101,1.36382,499,1,E,Europe/Paris,airport,OurAirports,78.0
1274,Pau Pyrénées Airport,Pau,France,PUF,LFBP,43.380001068115234,-0.4186109900474548,616,1,E,Europe/Paris,airport,OurAirports,5.0
1276,Tarbes-Lourdes-Pyrénées Airport,Tarbes,France,LDE,LFBT,43.1786994934082,-0.0064389999024569,1260,1,E,Europe/Paris,airport,OurAirports,5.0
1278,Brive Souillac Airport,Brive,France,BVE,LFSL,45.039722,1.485556,1016,1,E,Europe/Paris,airport,OurAirports,5.0
1280,Biarritz-Anglet-Bayonne Airport,Biarritz-bayonne,France,BIQ,LFBZ,43.4683333,-1.5311111,245,1,E,Europe/Paris,airport,OurAirports,14.0
1320,Metz-Nancy-Lorraine Airport,Metz,France,ETZ,LFJL,48.9821014404,6.25131988525,870,1,E,Europe/Paris,airport,OurAirports,5.0
1321,Bastia-Poretta Airport,Bastia,France,BIA,LFKB,42.55270004272461,9.48373031616211,26,1,E,Europe/Paris,airport,OurAirports,36.0
1322,Calvi-Sainte-Catherine Airport,Calvi,France,CLY,LFKC,42.5244444,8.7930556,209,1,E,Europe/Paris,airport,OurAirports,20.0
1323,Figari Sud-Corse Airport,Figari,France,FSC,LFKF,41.5005989074707,9.097780227661133,87,1,E,Europe/Paris,airport,OurAirports,14.0
1324,Ajaccio-Napoléon Bonaparte Airport,Ajaccio,France,AJA,LFKJ,41.92359924316406,8.8029203414917,18,1,E,Europe/Paris,airport,OurAirports,39.0
1330,Clermont-Ferrand Auvergne Airport,Clermont-Ferrand,France,CFE,LFLC,45.7867012024,3.1691699028,1090,1,E,Europe/Paris,airport,OurAirports,9.0
1335,Lyon Saint-Exupéry Airport,Lyon,France,LYS,LFLL,45.725556,5.081111,821,1,E,Europe/Paris,airport,OurAirports,135.0
1350,Saint-Étienne-Bouthéon Airport,St-Etienne,France,EBU,LFMH,45.54059982299805,4.296390056610107,1325,1,E,Europe/Paris,airport,OurAirports,5.0
1352,Carcassonne Airport,Carcassonne,France,CCF,LFMK,43.21599960327149,2.3063199520111084,433,1,E,Europe/Paris,airport,OurAirports,10.0
1353,Marseille Provence Airport,Marseille,France,MRS,LFML,43.439271922,5.22142410278,74,1,E,Europe/Paris,airport,OurAirports,136.0
1354,Nice-Côte d'Azur Airport,Nice,France,NCE,LFMN,43.6584014893,7.215869903560001,12,1,E,Europe/Paris,airport,OurAirports,135.0
1356,Perpignan-Rivesaltes (Llabanère) Airport,Perpignan,France,PGF,LFMP,42.74039840698242,2.8706700801849365,144,1,E,Europe/Paris,airport,OurAirports,5.0
1359,Montpellier-Méditerranée Airport,Montpellier,France,MPL,LFMT,43.57619857788086,3.96301007270813,17,1,E,Europe/Paris,airport,OurAirports,24.0
1360,Béziers-Vias Airport,Beziers,France,BZR,LFMU,43.32350158691406,3.3538999557495117,56,1,E,Europe/Paris,airport,OurAirports,9.0
1367,Paris Beauvais Tillé Airport,Beauvais,France,BVA,LFOB,49.45439910888672,2.1127800941467285,359,1,E,Europe/Paris,airport,OurAirports,60.0
1376,Tours-Val-de-Loire Airport,Tours,France,TUF,LFOT,47.4322013855,0.727605998516,357,1,E,Europe/Paris,airport,OurAirports,5.0
1382,Charles de Gaulle International Airport,Paris,France,CDG,LFPG,49.012798,2.55,392,1,E,Europe/Paris,airport,OurAirports,524.0
1386,Paris-Orly Airport,Paris,France,ORY,LFPO,48.7233333,2.3794444,291,1,E,Europe/Paris,airport,OurAirports,201.0
1399,Lille-Lesquin Airport,Lille,France,LIL,LFQQ,50.563332,3.086886,157,1,E,Europe/Paris,airport,OurAirports,40.0
1403,Brest Bretagne Airport,Brest,France,BES,LFRB,48.447898864746094,-4.418540000915527,325,1,E,Europe/Paris,airport,OurAirports,17.0
1415,Rennes-Saint-Jacques Airport,Rennes,France,RNS,LFRN,48.069499969499994,-1.73478996754,124,1,E,Europe/Paris,airport,OurAirports,13.0
1418,Nantes Atlantique Airport,Nantes,France,NTE,LFRS,47.153198242200006,-1.61073005199,90,1,E,Europe/Paris,airport,OurAirports,92.0
1423,EuroAirport Basel-Mulhouse-Freiburg Airport,Mulhouse,France,BSL,LFSB,47.59,7.5291667,885,1,E,Europe/Paris,airport,OurAirports,95.0
1435,Strasbourg Airport,Strasbourg,France,SXB,LFST,48.538299560546875,7.628230094909668,505,1,E,Europe/Paris,airport,OurAirports,34.0
1448,Nea Anchialos Airport,Nea Anghialos,Greece,VOL,LGBL,39.219600677490234,22.794300079345703,83,2,E,Europe/Athens,airport,OurAirports,5.0
1450,Chios Island National Airport,Chios,Greece,JKH,LGHI,38.34320068359375,26.140600204467773,15,2,E,Europe/Athens,airport,OurAirports,6.0
1452,Heraklion International Nikos Kazantzakis Airport,Heraklion,Greece,HER,LGIR,35.3396987915,25.1802997589,115,2,E,Europe/Athens,airport,OurAirports,110.0
1455,Kefallinia Airport,Keffallinia,Greece,EFL,LGKF,38.12009811401367,20.500499725341797,59,2,E,Europe/Athens,airport,OurAirports,6.0
1456,Kalamata Airport,Kalamata,Greece,KLX,LGKL,37.06829833984375,22.02549934387207,26,2,E,Europe/Athens,airport,OurAirports,10.0
1458,Kos Airport,Kos,Greece,KGS,LGKO,36.79330062866211,27.091699600219727,412,2,E,Europe/Athens,airport,OurAirports,43.0
1459,Karpathos Airport,Karpathos,Greece,AOK,LGKP,35.4213981628418,27.145999908447266,66,2,E,Europe/Athens,airport,OurAirports,6.0
1460,Ioannis Kapodistrias International Airport,Kerkyra/corfu,Greece,CFU,LGKR,39.601898193359375,19.911699295043945,6,2,E,Europe/Athens,airport,OurAirports,50.0
1462,Alexander the Great International Airport,Kavala,Greece,KVA,LGKV,40.913299560546875,24.619199752807617,18,2,E,Europe/Athens,airport,OurAirports,6.0
1464,Leros Airport,Leros,Greece,LRS,LGLE,37.184898,26.800301,39,2,E,Europe/Athens,airport,OurAirports,6.0
1465,Limnos Airport,Limnos,Greece,LXS,LGLM,39.917098999,25.236299514799995,14,2,E,Europe/Athens,airport,OurAirports,5.0
1468,Mikonos Airport,Mykonos,Greece,JMK,LGMK,37.43510055541992,25.348100662231445,405,2,E,Europe/Athens,airport,OurAirports,13.0
1469,Mytilene International Airport,Mytilini,Greece,MJT,LGMT,39.0567016602,26.5983009338,60,2,E,Europe/Athens,airport,OurAirports,10.0
1470,Aktion National Airport,Preveza,Greece,PVK,LGPZ,38.925498962402344,20.765300750732425,11,2,E,Europe/Athens,airport,OurAirports,11.0
1472,Diagoras Airport,Rhodos,Greece,RHO,LGRP,36.405399322509766,28.086200714111328,17,2,E,Europe/Athens,airport,OurAirports,82.0
1474,Chania International Airport,Chania,Greece,CHQ,LGSA,35.531700134277344,24.14970016479492,490,2,E,Europe/Athens,airport,OurAirports,44.0
1476,Samos Airport,Samos,Greece,SMI,LGSM,37.689998626708984,26.911699295043945,19,2,E,Europe/Athens,airport,OurAirports,9.0
1479,Santorini Airport,Thira,Greece,JTR,LGSR,36.399200439453125,25.47929954528809,127,2,E,Europe/Athens,airport,OurAirports,15.0
1480,Sitia Airport,Sitia,Greece,JSH,LGST,35.21609878540039,26.101299285888672,376,2,E,Europe/Athens,airport,OurAirports,5.0
1486,Thessaloniki Macedonia International Airport,Thessaloniki,Greece,SKG,LGTS,40.51969909667969,22.97089958190918,22,2,E,Europe/Athens,airport,OurAirports,87.0
1488,"Zakynthos International Airport ""Dionysios Solomos""",Zakynthos,Greece,ZTH,LGZA,37.7509,20.8843,15,2,E,Europe/Athens,airport,OurAirports,16.0
1489,Budapest Liszt Ferenc International Airport,Budapest,Hungary,BUD,LHBP,47.42976,19.261093,495,1,E,Europe/Budapest,airport,OurAirports,98.0
1501,Bari Karol Wojtyła Airport,Bari,Italy,BRI,LIBD,41.138901,16.760599,177,1,E,Europe/Rome,airport,OurAirports,50.0
1505,Pescara International Airport,Pescara,Italy,PSR,LIBP,42.431702,14.1811,48,1,E,Europe/Rome,airport,OurAirports,9.0
1506,Brindisi – Salento Airport,Brindisi,Italy,BDS,LIBR,40.6576,17.947001,47,1,E,Europe/Rome,airport,OurAirports,22.0
1508,Lamezia Terme Airport,Lamezia,Italy,SUF,LICA,38.905399,16.2423,39,1,E,Europe/Rome,airport,OurAirports,25.0
1509,Catania-Fontanarossa Airport,Catania,Italy,CTA,LICC,37.466801,15.0664,39,1,E,Europe/Rome,airport,OurAirports,115.0
1512,Falcone–Borsellino Airport,Palermo,Italy,PMO,LICJ,38.175999,13.091,65,1,E,Europe/Rome,airport,OurAirports,63.0
1514,Reggio Calabria Airport,Reggio Calabria,Italy,REG,LICR,38.071201,15.6516,96,1,E,Europe/Rome,airport,OurAirports,6.0
1515,Vincenzo Florio Airport Trapani-Birgi,Trapani,Italy,TPS,LICT,37.9114,12.488,25,1,E,Europe/Rome,airport,OurAirports,28.0
1517,Alghero-Fertilia Airport,Alghero,Italy,AHO,LIEA,40.632099,8.29077,87,1,E,Europe/Rome,airport,OurAirports,31.0
1519,Cagliari Elmas Airport,Cagliari,Italy,CAG,LIEE,39.251499,9.05428,13,1,E,Europe/Rome,airport,OurAirports,43.0
1520,Olbia Costa Smeralda Airport,Olbia,Italy,OLB,LIEO,40.898701,9.51763,37,1,E,Europe/Rome,airport,OurAirports,52.0
1524,Malpensa International Airport,Milano,Italy,MXP,LIMC,45.6306,8.72811,768,1,E,Europe/Rome,airport,OurAirports,192.0
1525,Il Caravaggio International Airport,Bergamo,Italy,BGY,LIME,45.673901,9.70417,782,1,E,Europe/Rome,airport,OurAirports,81.0
1526,Turin Airport,Torino,Italy,TRN,LIMF,45.200802,7.64963,989,1,E,Europe/Rome,airport,OurAirports,44.0
1528,Genoa Cristoforo Colombo Airport,Genoa,Italy,GOA,LIMJ,44.4133,8.8375,13,1,E,Europe/Rome,airport,OurAirports,20.0
1529,Milano Linate Airport,Milan,Italy,LIN,LIML,45.445099,9.27674,353,1,E,Europe/Rome,airport,OurAirports,60.0
1534,Cuneo International Airport,Cuneo,Italy,CUF,LIMZ,44.547001,7.62322,1267,1,E,Europe/Rome,airport,OurAirports,5.0
1538,Bologna Guglielmo Marconi Airport,Bologna,Italy,BLQ,LIPE,44.5354,11.2887,123,1,E,Europe/Rome,airport,OurAirports,88.0
1539,Treviso-Sant'Angelo Airport,Treviso,Italy,TSF,LIPH,45.648399,12.1944,59,1,E,Europe/Rome,airport,OurAirports,38.0
1545,Trieste–Friuli Venezia Giulia Airport,Ronchi De Legionari,Italy,TRS,LIPQ,45.827499,13.4722,39,1,E,Europe/Rome,airport,OurAirports,11.0
1550,Verona Villafranca Airport,Villafranca,Italy,VRN,LIPX,45.395699,10.8885,239,1,E,Europe/Rome,airport,OurAirports,39.0
1551,Venice Marco Polo Airport,Venice,Italy,VCE,LIPZ,45.505299,12.3519,7,1,E,Europe/Rome,airport,OurAirports,122.0
1553,Ciampino–G. B. Pastine International Airport,Rome,Italy,CIA,LIRA,41.7994,12.5949,427,1,E,Europe/Rome,airport,OurAirports,50.0
1555,Leonardo da Vinci–Fiumicino Airport,Rome,Italy,FCO,LIRF,41.8002778,12.2388889,13,1,E,Europe/Rome,airport,OurAirports,331.0
1558,Marina Di Campo Airport,Marina Di Campo,Italy,EBA,LIRJ,42.7603,10.2394,31,1,E,Europe/Rome,airport,OurAirports,5.0
1561,Naples International Airport,Naples,Italy,NAP,LIRN,40.886002,14.2908,294,1,E,Europe/Rome,airport,OurAirports,79.0
1562,Pisa International Airport,Pisa,Italy,PSA,LIRP,43.683899,10.3927,6,1,E,Europe/Rome,airport,OurAirports,76.0
1563,Peretola Airport,Florence,Italy,FLR,LIRQ,43.810001,11.2051,142,1,E,Europe/Rome,airport,OurAirports,53.0
1567,Perugia San Francesco d'Assisi – Umbria International Airport,Perugia,Italy,PEG,LIRZ,43.095901,12.5132,697,1,E,Europe/Rome,airport,OurAirports,5.0
1569,Ljubljana Jože Pučnik Airport,Ljubljana,Slovenia,LJU,LJLJ,46.223701,14.4576,1273,1,E,Europe/Ljubljana,airport,OurAirports,33.0
1579,Karlovy Vary International Airport,Karlovy Vary,Czech Republic,KLV,LKKV,50.202999114990234,12.914999961853027,1989,1,E,Europe/Prague,airport,OurAirports,5.0
1587,Václav Havel Airport Prague,Prague,Czech Republic,PRG,LKPR,50.1008,14.26,1247,1,E,Europe/Prague,airport,OurAirports,180.0
1590,Ben Gurion International Airport,Tel-aviv,Israel,TLV,LLBG,32.01139831542969,34.88669967651367,135,2,E,Asia/Jerusalem,airport,OurAirports,136.0
1594,Eilat Airport,Elat,Israel,ETH,LLET,29.56130027770996,34.96009826660156,42,2,E,Asia/Jerusalem,airport,OurAirports,5.0
1606,Malta International Airport,Malta,Malta,MLA,LMML,35.857498,14.4775,300,1,E,Europe/Malta,airport,OurAirports,113.0
1609,Graz Airport,Graz,Austria,GRZ,LOWG,46.9911003112793,15.439599990844728,1115,1,E,Europe/Vienna,airport,OurAirports,19.0
1610,Innsbruck Airport,Innsbruck,Austria,INN,LOWI,47.260201,11.344,1907,1,E,Europe/Vienna,airport,OurAirports,8.0
1611,Linz Hörsching Airport,Linz,Austria,LNZ,LOWL,48.2332,14.1875,980,1,E,Europe/Vienna,airport,OurAirports,12.0
1612,Salzburg Airport,Salzburg,Austria,SZG,LOWS,47.7933006287,13.0043001175,1411,1,E,Europe/Vienna,airport,OurAirports,34.0
1613,Vienna International Airport,Vienna,Austria,VIE,LOWW,48.110298156738,16.569700241089,600,1,E,Europe/Vienna,airport,OurAirports,308.0
1626,Faro Airport,Faro,Portugal,FAO,LPFR,37.0144004822,-7.96590995789,24,0,E,Europe/Lisbon,airport,OurAirports,106.0
1628,Horta Airport,Horta,Portugal,HOR,LPHR,38.519901275634766,-28.715900421142575,118,-1,E,Atlantic/Azores,airport,OurAirports,6.0
1629,Lajes Airport,Lajes (terceira Island),Portugal,TER,LPLA,38.761799,-27.090799,180,-1,E,Atlantic/Azores,airport,OurAirports,10.0
1633,João Paulo II Airport,Ponta Delgada,Portugal,PDL,LPPD,37.7411994934,-25.6979007721,259,-1,E,Atlantic/Azores,airport,OurAirports,23.0
1636,Francisco de Sá Carneiro Airport,Porto,Portugal,OPO,LPPR,41.2481002808,-8.68138980865,228,0,E,Europe/Lisbon,airport,OurAirports,100.0
1638,Humberto Delgado Airport (Lisbon Portela Airport),Lisbon,Portugal,LIS,LPPT,38.7813,-9.13592,374,0,E,Europe/Lisbon,airport,OurAirports,214.0
1646,Sarajevo International Airport,Sarajevo,Bosnia and Herzegovina,SJJ,LQSA,43.82460021972656,18.331499099731445,1708,1,E,Europe/Sarajevo,airport,OurAirports,16.0
1652,Cluj-Napoca International Airport,Cluj-napoca,Romania,CLJ,LRCL,46.78519821166992,23.686199188232425,1036,2,E,Europe/Bucharest,airport,OurAirports,21.0
1655,Iaşi Airport,Iasi,Romania,IAS,LRIA,47.17850112915039,27.6205997467041,397,2,E,Europe/Bucharest,airport,OurAirports,12.0
1657,Henri Coandă International Airport,Bucharest,Romania,OTP,LROP,44.5711111,26.085,314,2,E,Europe/Bucharest,airport,OurAirports,112.0
1658,Sibiu International Airport,Sibiu,Romania,SBZ,LRSB,45.78559875488281,24.091299057006836,1496,2,E,Europe/Bucharest,airport,OurAirports,5.0
1662,Transilvania Târgu Mureş International Airport,Tirgu Mures,Romania,TGM,LRTM,46.46770095825195,24.412500381469727,963,2,E,Europe/Bucharest,airport,OurAirports,5.0
1663,Timişoara Traian Vuia Airport,Timisoara,Romania,TSR,LRTR,45.80989837646485,21.337900161743164,348,2,E,Europe/Bucharest,airport,OurAirports,13.0
1665,Geneva Cointrin International Airport,Geneva,Switzerland,GVA,LSGG,46.23809814453125,6.108950138092041,1411,1,E,Europe/Paris,airport,OurAirports,166.0
1676,Bern Belp Airport,Bern,Switzerland,BRN,LSZB,46.914100647,7.497149944309999,1674,1,E,Europe/Zurich,airport,OurAirports,12.0
1678,Zürich Airport,Zurich,Switzerland,ZRH,LSZH,47.464699,8.54917,1416,1,E,Europe/Zurich,airport,OurAirports,247.0
1682,Esenboğa International Airport,Ankara,Turkey,ESB,LTAC,40.1281013489,32.995098114,3125,3,E,Europe/Istanbul,airport,OurAirports,52.0
1685,Adana Airport,Adana,Turkey,ADA,LTAF,36.9822006226,35.280399322499996,65,3,E,Europe/Istanbul,airport,OurAirports,17.0
1688,Antalya International Airport,Antalya,Turkey,AYT,LTAI,36.898701,30.800501,177,3,E,Europe/Istanbul,airport,OurAirports,127.0
1689,Gaziantep International Airport,Gaziantep,Turkey,GZT,LTAJ,36.9472007751,37.4786987305,2315,3,E,Europe/Istanbul,airport,OurAirports,9.0
1696,Kayseri Erkilet Airport,Kayseri,Turkey,ASR,LTAU,38.770401001,35.4953994751,3463,3,E,Europe/Istanbul,airport,OurAirports,7.0
1706,Adnan Menderes International Airport,Izmir,Turkey,ADB,LTBJ,38.2924003601,27.156999588,412,3,E,Europe/Istanbul,airport,OurAirports,66.0
1715,Dalaman International Airport,Dalaman,Turkey,DLM,LTBS,36.7131004333,28.7924995422,20,3,E,Europe/Istanbul,airport,OurAirports,57.0
1721,Elazığ Airport,Elazig,Turkey,EZS,LTCA,38.6068992615,39.2914009094,2927,3,E,Europe/Istanbul,airport,OurAirports,6.0
1722,Diyarbakir Airport,Diyabakir,Turkey,DIY,LTCC,37.893901825,40.2010002136,2251,3,E,Europe/Istanbul,airport,OurAirports,7.0
1724,Erzurum International Airport,Erzurum,Turkey,ERZ,LTCE,39.9565010071,41.17020034789999,5763,3,E,Europe/Istanbul,airport,OurAirports,5.0
1726,Trabzon International Airport,Trabzon,Turkey,TZX,LTCG,40.99509811401367,39.78969955444336,104,3,E,Europe/Istanbul,airport,OurAirports,10.0
1728,Van Ferit Melen Airport,Van,Turkey,VAN,LTCI,38.46820068359375,43.332298278808594,5480,3,E,Europe/Istanbul,airport,OurAirports,5.0
1735,Chişinău International Airport,Chisinau,Moldova,KIV,LUKK,46.92770004272461,28.930999755859375,399,2,E,Europe/Chisinau,airport,OurAirports,34.0
1737,Skopje Alexander the Great Airport,Skopje,Macedonia,SKP,LWSK,41.961601,21.621401,781,1,E,Europe/Skopje,airport,OurAirports,24.0
1738,Gibraltar Airport,Gibraltar,Gibraltar,GIB,LXGB,36.1511993408,-5.3496599197400005,15,1,N,Europe/Gibraltar,airport,OurAirports,6.0
1739,Belgrade Nikola Tesla Airport,Belgrade,Serbia,BEG,LYBE,44.8184013367,20.3090991974,335,1,E,Europe/Belgrade,airport,OurAirports,86.0
1741,Podgorica Airport,Podgorica,Montenegro,TGD,LYPG,42.359402,19.2519,141,1,E,Europe/Podgorica,airport,OurAirports,16.0
1742,Priština International Airport,Pristina,Serbia,PRN,BKPR,42.5728,21.035801,1789,1,E,Europe/Belgrade,airport,OurAirports,21.0
1743,Tivat Airport,Tivat,Montenegro,TIV,LYTV,42.40470123291016,18.72330093383789,20,1,E,Europe/Podgorica,airport,OurAirports,11.0
1745,M. R. Štefánik Airport,Bratislava,Slovakia,BTS,LZIB,48.17020034790039,17.21269989013672,436,1,E,Europe/Bratislava,airport,OurAirports,20.0
1746,Košice Airport,Kosice,Slovakia,KSC,LZKZ,48.66310119628906,21.241100311279297,755,1,E,Europe/Bratislava,airport,OurAirports,6.0
1754,Providenciales Airport,Providenciales,Turks and Caicos Islands,PLS,MBPV,21.77359962463379,-72.26589965820312,15,-4,U,America/Grand_Turk,airport,OurAirports,31.0
1759,Casa De Campo International Airport,La Romana,Dominican Republic,LRM,MDLR,18.450700759887695,-68.91179656982422,240,-4,U,America/Santo_Domingo,airport,OurAirports,10.0
1760,Punta Cana International Airport,Punta Cana,Dominican Republic,PUJ,MDPC,18.567399978599997,-68.36340332030001,47,-4,U,America/Santo_Domingo,airport,OurAirports,73.0
1761,Gregorio Luperon International Airport,Puerto Plata,Dominican Republic,POP,MDPP,19.75790023803711,-70.56999969482422,15,-4,U,America/Santo_Domingo,airport,OurAirports,16.0
1762,Las Américas International Airport,Santo Domingo,Dominican Republic,SDQ,MDSD,18.42970085144,-69.668899536133,59,-4,U,America/Santo_Domingo,airport,OurAirports,45.0
1764,Cibao International Airport,Santiago,Dominican Republic,STI,MDST,19.406099319458008,-70.60469818115234,565,-4,U,America/Santo_Domingo,airport,OurAirports,11.0
1767,La Aurora Airport,Guatemala City,Guatemala,GUA,MGGT,14.5833,-90.527496,4952,-6,U,America/Guatemala,airport,OurAirports,37.0
1771,Goloson International Airport,La Ceiba,Honduras,LCE,MHLC,15.7425,-86.852997,39,-6,U,America/Tegucigalpa,airport,OurAirports,8.0
1772,Ramón Villeda Morales International Airport,San Pedro Sula,Honduras,SAP,MHLM,15.4526,-87.923599,91,-6,U,America/Tegucigalpa,airport,OurAirports,23.0
1774,Juan Manuel Galvez International Airport,Roatan,Honduras,RTB,MHRO,16.316799,-86.523003,39,-6,U,America/Tegucigalpa,airport,OurAirports,15.0
1776,Toncontín International Airport,Tegucigalpa,Honduras,TGU,MHTG,14.06089973449707,-87.21720123291016,3294,-6,U,America/Tegucigalpa,airport,OurAirports,18.0
1779,Norman Manley International Airport,Kingston,Jamaica,KIN,MKJP,17.935699462890625,-76.7874984741211,10,-5,U,America/Jamaica,airport,OurAirports,30.0
1780,Sangster International Airport,Montego Bay,Jamaica,MBJ,MKJS,18.503700256347656,-77.91339874267578,4,-5,U,America/Jamaica,airport,OurAirports,45.0
1783,General Juan N Alvarez International Airport,Acapulco,Mexico,ACA,MMAA,16.757099151611328,-99.75399780273438,16,-6,S,America/Mexico_City,airport,OurAirports,8.0
1785,Jesús Terán Paredo International Airport,Aguascalientes,Mexico,AGU,MMAS,21.705601,-102.318001,6112,-6,S,America/Mexico_City,airport,OurAirports,9.0
1792,Bachigualato Federal International Airport,Culiacan,Mexico,CUL,MMCL,24.7644996643,-107.474998474,108,-7,S,America/Mazatlan,airport,OurAirports,16.0
1794,Ciudad Obregón International Airport,Ciudad Obregon,Mexico,CEN,MMCN,27.39259910583496,-109.83300018310548,243,-7,S,America/Hermosillo,airport,OurAirports,5.0
1796,Abraham González International Airport,Ciudad Juarez,Mexico,CJS,MMCS,31.63610076904297,-106.4290008544922,3904,-7,S,America/Mazatlan,airport,OurAirports,12.0
1797,General Roberto Fierro Villalobos International Airport,Chihuahua,Mexico,CUU,MMCU,28.702899932900003,-105.964996338,4462,-7,S,America/Mazatlan,airport,OurAirports,16.0
1800,Cozumel International Airport,Cozumel,Mexico,CZM,MMCZ,20.52239990234375,-86.92559814453125,15,-5,S,America/Cancun,airport,OurAirports,16.0
1801,General Guadalupe Victoria International Airport,Durango,Mexico,DGO,MMDO,24.1242008209,-104.527999878,6104,-6,S,America/Mexico_City,airport,OurAirports,5.0
1804,Don Miguel Hidalgo Y Costilla International Airport,Guadalajara,Mexico,GDL,MMGL,20.521799087524418,-103.31099700927734,5016,-6,S,America/Mexico_City,airport,OurAirports,93.0
1807,General Ignacio P. Garcia International Airport,Hermosillo,Mexico,HMO,MMHO,29.095899581900003,-111.047996521,627,-7,S,America/Hermosillo,airport,OurAirports,25.0
1814,Valle del Fuerte International Airport,Los Mochis,Mexico,LMM,MMLM,25.6851997375,-109.081001282,16,-7,S,America/Mazatlan,airport,OurAirports,5.0
1815,Del Bajío International Airport,Del Bajio,Mexico,BJX,MMLO,20.9935,-101.481003,5956,-6,S,America/Mexico_City,airport,OurAirports,14.0
1816,Manuel Márquez de León International Airport,La Paz,Mexico,LAP,MMLP,24.0727005005,-110.361999512,69,-7,S,America/Mazatlan,airport,OurAirports,10.0
1819,Licenciado Manuel Crescencio Rejon Int Airport,Merida,Mexico,MID,MMMD,20.937000274699997,-89.657699585,38,-6,S,America/Mexico_City,airport,OurAirports,15.0
1821,General Francisco J. Mujica International Airport,Morelia,Mexico,MLM,MMMM,19.849899292,-101.025001526,6033,-6,S,America/Mexico_City,airport,OurAirports,10.0
1824,Licenciado Benito Juarez International Airport,Mexico City,Mexico,MEX,MMMX,19.4363,-99.072098,7316,-6,S,America/Mexico_City,airport,OurAirports,243.0
1825,General Mariano Escobedo International Airport,Monterrey,Mexico,MTY,MMMY,25.7784996033,-100.107002258,1278,-6,S,America/Mexico_City,airport,OurAirports,72.0
1826,General Rafael Buelna International Airport,Mazatlan,Mexico,MZT,MMMZ,23.1613998413,-106.26599884,38,-7,S,America/Mazatlan,airport,OurAirports,15.0
1829,Xoxocotlán International Airport,Oaxaca,Mexico,OAX,MMOX,16.9999008179,-96.726600647,4989,-6,S,America/Mexico_City,airport,OurAirports,6.0
1830,El Tajín National Airport,Poza Rico,Mexico,PAZ,MMPA,20.6026992798,-97.4608001709,497,-6,S,America/Mexico_City,airport,OurAirports,6.0
1831,Hermanos Serdán International Airport,Puebla,Mexico,PBC,MMPB,19.1581001282,-98.3713989258,7361,-6,S,America/Mexico_City,airport,OurAirports,7.0
1836,Licenciado Gustavo Díaz Ordaz International Airport,Puerto Vallarta,Mexico,PVR,MMPR,20.680099487304688,-105.25399780273438,23,-6,S,America/Mexico_City,airport,OurAirports,47.0
1838,Querétaro Intercontinental Airport,Queretaro,Mexico,QRO,MMQT,20.6173,-100.185997,6296,-6,S,America/Mexico_City,airport,OurAirports,7.0
1839,General Lucio Blanco International Airport,Reynosa,Mexico,REX,MMRX,26.0089,-98.2285,139,-6,S,America/Mexico_City,airport,OurAirports,8.0
1840,Los Cabos International Airport,San Jose Del Cabo,Mexico,SJD,MMSD,23.15180015563965,-109.72100067138672,374,-7,S,America/Mazatlan,airport,OurAirports,51.0
1842,Ponciano Arriaga International Airport,San Luis Potosi,Mexico,SLP,MMSP,22.254299163800003,-100.930999756,6035,-6,S,America/Mexico_City,airport,OurAirports,8.0
1845,Francisco Sarabia International Airport,Torreon,Mexico,TRC,MMTC,25.568300247199996,-103.411003113,3688,-6,S,America/Mexico_City,airport,OurAirports,10.0
1846,Angel Albino Corzo International Airport,Tuxtla Gutierrez,Mexico,TGZ,MMTG,16.5636005402,-93.0224990845,1499,-6,S,America/Mexico_City,airport,OurAirports,8.0
1847,General Abelardo L. Rodríguez International Airport,Tijuana,Mexico,TIJ,MMTJ,32.541099548339844,-116.97000122070312,489,-8,S,America/Tijuana,airport,OurAirports,42.0
1848,General Francisco Javier Mina International Airport,Tampico,Mexico,TAM,MMTM,22.2964000702,-97.8658981323,80,-6,S,America/Mexico_City,airport,OurAirports,7.0
1850,Licenciado Adolfo Lopez Mateos International Airport,Toluca,Mexico,TLC,MMTO,19.3370990753,-99.56600189210002,8466,-6,S,America/Mexico_City,airport,OurAirports,13.0
1852,Cancún International Airport,Cancun,Mexico,CUN,MMUN,21.036500930800003,-86.8770980835,22,-5,S,America/Cancun,airport,OurAirports,157.0
1853,Carlos Rovirosa Pérez International Airport,Villahermosa,Mexico,VSA,MMVA,17.996999740600586,-92.81739807128906,46,-6,S,America/Mexico_City,airport,OurAirports,13.0
1854,General Heriberto Jara International Airport,Vera Cruz,Mexico,VER,MMVR,19.1459007263,-96.1873016357,90,-6,S,America/Mexico_City,airport,OurAirports,16.0
1855,General Leobardo C. Ruiz International Airport,Zacatecas,Mexico,ZCL,MMZC,22.8971004486,-102.68699646,7141,-6,S,America/Mexico_City,airport,OurAirports,7.0
1856,Ixtapa Zihuatanejo International Airport,Zihuatanejo,Mexico,ZIH,MMZH,17.601600647,-101.460998535,26,-6,S,America/Mexico_City,airport,OurAirports,9.0
1858,Playa De Oro International Airport,Manzanillo,Mexico,ZLO,MMZO,19.1448001862,-104.558998108,30,-6,S,America/Mexico_City,airport,OurAirports,7.0
1863,Augusto C. Sandino (Managua) International Airport,Managua,Nicaragua,MGA,MNMG,12.14150047302246,-86.16819763183594,194,-6,U,America/Managua,airport,OurAirports,15.0
1869,Marcos A. Gelabert International Airport,Panama,Panama,PAC,MPMG,8.973340034484863,-79.55560302734375,31,-5,U,America/Panama,airport,OurAirports,10.0
1871,Tocumen International Airport,Panama City,Panama,PTY,MPTO,9.0713596344,-79.3834991455,135,-5,U,America/Panama,airport,OurAirports,106.0
1881,Daniel Oduber Quiros International Airport,Liberia,Costa Rica,LIR,MRLB,10.5933,-85.544403,270,-6,U,America/Costa_Rica,airport,OurAirports,24.0
1885,Juan Santamaria International Airport,San Jose,Costa Rica,SJO,MROC,9.993860244750977,-84.20880126953125,3021,-6,U,America/Costa_Rica,airport,OurAirports,76.0
1892,Monseñor Óscar Arnulfo Romero International Airport,San Salvador,El Salvador,SAL,MSLP,13.4409,-89.055702,101,-6,U,America/El_Salvador,airport,OurAirports,53.0
1897,Toussaint Louverture International Airport,Port-au-prince,Haiti,PAP,MTPP,18.579999923706055,-72.2925033569336,122,-5,U,America/Port-au-Prince,airport,OurAirports,24.0
1901,Jardines Del Rey Airport,Cunagua,Cuba,CCC,MUCC,22.4610004425,-78.32839965820001,13,-5,U,America/Havana,airport,OurAirports,6.0
1905,Antonio Maceo International Airport,Santiago De Cuba,Cuba,SCU,MUCU,19.96980094909668,-75.83540344238281,249,-5,U,America/Havana,airport,OurAirports,5.0
1909,José Martí International Airport,Havana,Cuba,HAV,MUHA,22.989200592041016,-82.40910339355469,210,-5,U,America/Havana,airport,OurAirports,45.0
1910,Frank Pais International Airport,Holguin,Cuba,HOG,MUHG,20.785600662231445,-76.31510162353516,361,-5,U,America/Havana,airport,OurAirports,11.0
1918,Abel Santamaria Airport,Santa Clara,Cuba,SNU,MUSC,22.49220085144043,-79.943603515625,338,-5,U,America/Havana,airport,OurAirports,9.0
1923,Juan Gualberto Gomez International Airport,Varadero,Cuba,VRA,MUVR,23.034400939941406,-81.435302734375,210,-5,U,America/Havana,airport,OurAirports,13.0
1926,Owen Roberts International Airport,Georgetown,Cayman Islands,GCM,MWCR,19.2928009033,-81.3576965332,8,-5,N,America/Cayman,airport,OurAirports,25.0
1930,Leonard M Thompson International Airport,Marsh Harbor,Bahamas,MHH,MYAM,26.5114,-77.083503,6,-5,U,America/Nassau,airport,OurAirports,14.0
1941,Exuma International Airport,Great Exuma,Bahamas,GGT,MYEF,23.5625991821,-75.8779983521,9,-5,U,America/Nassau,airport,OurAirports,10.0
1943,North Eleuthera Airport,North Eleuthera,Bahamas,ELH,MYEH,25.474899292,-76.6835021973,13,-5,U,America/Nassau,airport,OurAirports,8.0
1948,Grand Bahama International Airport,Freeport,Bahamas,FPO,MYGF,26.5587005615,-78.695602417,7,-5,U,America/Nassau,airport,OurAirports,15.0
1953,Lynden Pindling International Airport,Nassau,Bahamas,NAS,MYNN,25.0389995575,-77.46620178219999,16,-5,U,America/Nassau,airport,OurAirports,67.0
1957,Philip S. W. Goldson International Airport,Belize City,Belize,BZE,MZBZ,17.539100646972656,-88.30819702148438,15,-6,U,America/Belize,airport,OurAirports,28.0
1959,Rarotonga International Airport,Avarua,Cook Islands,RAR,NCRG,-21.2026996613,-159.805999756,19,-10,U,Pacific/Rarotonga,airport,OurAirports,14.0
1960,Nadi International Airport,Nandi,Fiji,NAN,NFFN,-17.755399703979492,177.4429931640625,59,12,U,Pacific/Fiji,airport,OurAirports,43.0
1961,Nausori International Airport,Nausori,Fiji,SUV,NFNA,-18.04330062866211,178.5590057373047,17,12,U,Pacific/Fiji,airport,OurAirports,12.0
1963,Fua'amotu International Airport,Tongatapu,Tonga,TBU,NFTF,-21.241199493408203,-175.14999389648438,126,13,U,Pacific/Tongatapu,airport,OurAirports,5.0
1969,Faleolo International Airport,Faleolo,Samoa,APW,NSFA,-13.829999923706056,-172.00799560546875,58,13,U,Pacific/Apia,airport,OurAirports,5.0
1989,Bora Bora Airport,Bora Bora,French Polynesia,BOB,NTTB,-16.444400787353516,-151.75100708007812,10,-10,U,Pacific/Tahiti,airport,OurAirports,7.0
1990,Rangiroa Airport,Rangiroa,French Polynesia,RGI,NTTG,-14.954299926757812,-147.66099548339844,10,-10,U,Pacific/Tahiti,airport,OurAirports,5.0
1997,Bauerfield International Airport,Port-vila,Vanuatu,VLI,NVVV,-17.699300765991,168.32000732422,70,11,U,Pacific/Efate,airport,OurAirports,28.0
2001,Nouméa Magenta Airport,Noumea,New Caledonia,GEA,NWWM,-22.25830078125,166.47300720214844,10,11,U,Pacific/Noumea,airport,OurAirports,8.0
2005,La Tontouta International Airport,Noumea,New Caledonia,NOU,NWWW,-22.01460075378418,166.21299743652344,52,11,U,Pacific/Noumea,airport,OurAirports,13.0
2006,Auckland International Airport,Auckland,New Zealand,AKL,NZAA,-37.008098602299995,174.792007446,23,12,Z,Pacific/Auckland,airport,OurAirports,96.0
2009,Christchurch International Airport,Christchurch,New Zealand,CHC,NZCH,-43.48939895629883,172.53199768066406,123,12,Z,Pacific/Auckland,airport,OurAirports,34.0
2028,Palmerston North Airport,Palmerston North,New Zealand,PMR,NZPM,-40.32059860229492,175.61700439453125,151,12,Z,Pacific/Auckland,airport,OurAirports,5.0
2030,Queenstown International Airport,Queenstown International,New Zealand,ZQN,NZQN,-45.0210990906,168.738998413,1171,12,Z,Pacific/Auckland,airport,OurAirports,7.0
2042,Wellington International Airport,Wellington,New Zealand,WLG,NZWN,-41.3272018433,174.804992676,41,12,Z,Pacific/Auckland,airport,OurAirports,32.0
2048,Herat Airport,Herat,Afghanistan,HEA,OAHR,34.209999084472656,62.22829818725586,3206,4.5,U,Asia/Kabul,airport,OurAirports,6.0
2050,Hamid Karzai International Airport,Kabul,Afghanistan,KBL,OAKB,34.565899,69.212303,5877,4.5,U,Asia/Kabul,airport,OurAirports,28.0
2051,Kandahar Airport,Kandahar,Afghanistan,KDH,OAKN,31.505800247192383,65.8478012084961,3337,4.5,U,Asia/Kabul,airport,OurAirports,5.0
2057,Bahrain International Airport,Bahrain,Bahrain,BAH,OBBI,26.27079963684082,50.63359832763672,6,3,U,Asia/Bahrain,airport,OurAirports,84.0
2059,Abha Regional Airport,Abha,Saudi Arabia,AHB,OEAB,18.240400314299997,42.65660095210001,6858,3,U,Asia/Riyadh,airport,OurAirports,15.0
2064,King Fahd International Airport,Dammam,Saudi Arabia,DMM,OEDF,26.471200942993164,49.79790115356445,72,3,U,Asia/Riyadh,airport,OurAirports,82.0
2066,Jizan Regional Airport,Gizan,Saudi Arabia,GIZ,OEGN,16.901100158691406,42.58580017089844,20,3,U,Asia/Riyadh,airport,OurAirports,6.0
2067,Gassim Airport,Gassim,Saudi Arabia,ELQ,OEGS,26.302799224853516,43.77439880371094,2126,3,U,Asia/Riyadh,airport,OurAirports,12.0
2069,Ha'il Airport,Hail,Saudi Arabia,HAS,OEHL,27.437901,41.686298,3331,3,U,Asia/Riyadh,airport,OurAirports,5.0
2072,King Abdulaziz International Airport,Jeddah,Saudi Arabia,JED,OEJN,21.6796,39.156502,48,3,U,Asia/Riyadh,airport,OurAirports,194.0
2074,Prince Mohammad Bin Abdulaziz Airport,Madinah,Saudi Arabia,MED,OEMA,24.5534,39.705101,2151,3,U,Asia/Riyadh,airport,OurAirports,39.0
2082,King Khaled International Airport,Riyadh,Saudi Arabia,RUH,OERK,24.957599639892575,46.69879913330078,2049,3,U,Asia/Riyadh,airport,OurAirports,137.0
2089,Tabuk Airport,Tabuk,Saudi Arabia,TUU,OETB,28.3654,36.6189,2551,3,U,Asia/Riyadh,airport,OurAirports,9.0
2090,Ta’if Regional Airport,Taif,Saudi Arabia,TIF,OETF,21.483001,40.543442,4848,3,U,Asia/Riyadh,airport,OurAirports,13.0
2096,Prince Abdulmohsin Bin Abdulaziz Airport,Yenbo,Saudi Arabia,YNB,OEYN,24.144199,38.0634,26,3,U,Asia/Riyadh,airport,OurAirports,9.0
2097,Abadan Airport,Abadan,Iran,ABD,OIAA,30.371099472,48.2282981873,10,3.5,E,Asia/Tehran,airport,OurAirports,6.0
2104,Ahwaz Airport,Ahwaz,Iran,AWZ,OIAW,31.337400436399996,48.7620010376,66,3.5,E,Asia/Tehran,airport,OurAirports,24.0
2106,Bushehr Airport,Bushehr,Iran,BUZ,OIBB,28.9447994232,50.8345985413,68,3.5,E,Asia/Tehran,airport,OurAirports,5.0
2109,Kish International Airport,Kish Island,Iran,KIH,OIBK,26.5261993408,53.9802017212,101,3.5,E,Asia/Tehran,airport,OurAirports,16.0
2114,Shahid Ashrafi Esfahani Airport,Bakhtaran,Iran,KSH,OICC,34.3459014893,47.1581001282,4307,3.5,E,Asia/Tehran,airport,OurAirports,6.0
2121,Esfahan Shahid Beheshti International Airport,Esfahan,Iran,IFN,OIFM,32.75080108642578,51.86130142211914,5059,3.5,E,Asia/Tehran,airport,OurAirports,20.0
2123,Sardar-e-Jangal Airport,Rasht,Iran,RAS,OIGG,37.323333,49.617778,-40,3.5,E,Asia/Tehran,airport,OurAirports,10.0
2131,Mehrabad International Airport,Teheran,Iran,THR,OIII,35.68920135498047,51.31340026855469,3962,3.5,E,Asia/Tehran,airport,OurAirports,62.0
2134,Bandar Abbas International Airport,Bandar Abbas,Iran,BND,OIKB,27.218299865722656,56.37779998779297,22,3.5,E,Asia/Tehran,airport,OurAirports,19.0
2157,Shiraz Shahid Dastghaib International Airport,Shiraz,Iran,SYZ,OISS,29.53919982910156,52.58980178833008,4920,3.5,E,Asia/Tehran,airport,OurAirports,39.0
2162,Tabriz International Airport,Tabriz,Iran,TBZ,OITT,38.1338996887207,46.23500061035156,4459,3.5,E,Asia/Tehran,airport,OurAirports,15.0
2164,Shahid Sadooghi Airport,Yazd,Iran,AZD,OIYY,31.9048995972,54.2765007019,4054,3.5,E,Asia/Tehran,airport,OurAirports,7.0
2166,Konarak Airport,Chah Bahar,Iran,ZBR,OIZC,25.443300247199996,60.3820991516,43,3.5,E,Asia/Tehran,airport,OurAirports,6.0
2167,Zahedan International Airport,Zahedan,Iran,ZAH,OIZH,29.47570037841797,60.90620040893555,4564,3.5,E,Asia/Tehran,airport,OurAirports,11.0
2170,Queen Alia International Airport,Amman,Jordan,AMM,OJAI,31.7226009369,35.9931983948,2395,2,E,Asia/Amman,airport,OurAirports,111.0
2176,Kuwait International Airport,Kuwait,Kuwait,KWI,OKBK,29.226600646972656,47.96889877319336,206,3,U,Asia/Kuwait,airport,OurAirports,120.0
2177,Beirut Rafic Hariri International Airport,Beirut,Lebanon,BEY,OLBA,33.820899963378906,35.488399505615234,87,2,E,Asia/Beirut,airport,OurAirports,67.0
2179,Abu Dhabi International Airport,Abu Dhabi,United Arab Emirates,AUH,OMAA,24.433000564575195,54.651100158691406,88,4,U,Asia/Dubai,airport,OurAirports,241.0
2188,Dubai International Airport,Dubai,United Arab Emirates,DXB,OMDB,25.2527999878,55.3643989563,62,4,U,Asia/Dubai,airport,OurAirports,356.0
2191,Sharjah International Airport,Sharjah,United Arab Emirates,SHJ,OMSJ,25.32859992980957,55.5172004699707,111,4,U,Asia/Dubai,airport,OurAirports,97.0
2194,Muscat International Airport,Muscat,Oman,MCT,OOMS,23.593299865722656,58.284400939941406,48,4,U,Asia/Muscat,airport,OurAirports,104.0
2195,Salalah Airport,Salalah,Oman,SLL,OOSA,17.038700103759766,54.09130096435547,73,4,U,Asia/Muscat,airport,OurAirports,7.0
2206,Jinnah International Airport,Karachi,Pakistan,KHI,OPKC,24.9065,67.160797,100,5,N,Asia/Karachi,airport,OurAirports,62.0
2207,Alama Iqbal International Airport,Lahore,Pakistan,LHE,OPLA,31.5216007232666,74.40360260009766,712,5,N,Asia/Karachi,airport,OurAirports,56.0
2214,Multan International Airport,Multan,Pakistan,MUX,OPMT,30.20319938659668,71.41909790039062,403,5,N,Asia/Karachi,airport,OurAirports,12.0
2219,Peshawar International Airport,Peshawar,Pakistan,PEW,OPPS,33.993900299072266,71.51460266113281,1158,5,N,Asia/Karachi,airport,OurAirports,30.0
2221,Quetta International Airport,Quetta,Pakistan,UET,OPQT,30.251399993896484,66.93779754638672,5267,5,N,Asia/Karachi,airport,OurAirports,14.0
2227,Sukkur Airport,Sukkur,Pakistan,SKZ,OPSK,27.722000122070312,68.79170227050781,196,5,N,Asia/Karachi,airport,OurAirports,6.0
2234,Basrah International Airport,Basrah,Iraq,BSR,ORMM,30.549100875854492,47.66210174560547,11,3,U,Asia/Baghdad,airport,OurAirports,8.0
2244,Saipan International Airport,Saipan,Northern Mariana Islands,SPN,PGSN,15.119,145.729004,215,10,U,Pacific/Saipan,airport,OurAirports,10.0
2246,Antonio B. Won Pat International Airport,Agana,Guam,GUM,PGUM,13.4834003448,144.796005249,298,10,U,Pacific/Guam,airport,OurAirports,35.0
2256,Babelthuap Airport,Babelthuap,Palau,ROR,PTRO,7.36731,134.544236,176,9,U,Pacific/Palau,airport,OurAirports,10.0
2259,Kinmen Airport,Kinmen,Taiwan,KNH,RCBS,24.4279,118.359001,93,8,U,Asia/Taipei,airport,OurAirports,5.0
2264,Kaohsiung International Airport,Kaohsiung,Taiwan,KHH,RCKH,22.57710075378418,120.3499984741211,31,8,U,Asia/Taipei,airport,OurAirports,65.0
2268,Taichung Ching Chuang Kang Airport,Taichung,Taiwan,RMQ,RCMQ,24.26469993591309,120.62100219726562,663,8,N,Asia/Taipei,airport,OurAirports,29.0
2272,Makung Airport,Makung,Taiwan,MZG,RCQC,23.568700790405273,119.62799835205078,103,8,U,Asia/Taipei,airport,OurAirports,5.0
2275,Taipei Songshan Airport,Taipei,Taiwan,TSA,RCSS,25.069400787353516,121.552001953125,18,8,U,Asia/Taipei,airport,OurAirports,40.0
2276,Taiwan Taoyuan International Airport,Taipei,Taiwan,TPE,RCTP,25.0777,121.233002,106,8,U,Asia/Taipei,airport,OurAirports,264.0
2279,Narita International Airport,Tokyo,Japan,NRT,RJAA,35.7647018433,140.386001587,141,9,U,Asia/Tokyo,airport,OurAirports,286.0
2281,Hyakuri Airport,Ibaraki,Japan,IBR,RJAH,36.181098938,140.414993286,105,9,U,Asia/Tokyo,airport,OurAirports,5.0
2287,New Chitose Airport,Sapporo,Japan,CTS,RJCC,42.77519989013672,141.69200134277344,82,9,U,Asia/Tokyo,airport,OurAirports,81.0
2288,Hakodate Airport,Hakodate,Japan,HKD,RJCH,41.7700004578,140.822006226,151,9,U,Asia/Tokyo,airport,OurAirports,10.0
2290,Memanbetsu Airport,Memanbetsu,Japan,MMB,RJCM,43.8805999756,144.164001465,135,9,U,Asia/Tokyo,airport,OurAirports,6.0
2299,Asahikawa Airport,Asahikawa,Japan,AKJ,RJEC,43.670799255371094,142.44700622558594,721,9,U,Asia/Tokyo,airport,OurAirports,7.0
2305,Fukuoka Airport,Fukuoka,Japan,FUK,RJFF,33.585899353027344,130.4510040283203,32,9,U,Asia/Tokyo,airport,OurAirports,85.0
2307,Kagoshima Airport,Kagoshima,Japan,KOJ,RJFK,31.80340003967285,130.718994140625,906,9,U,Asia/Tokyo,airport,OurAirports,18.0
2308,Miyazaki Airport,Miyazaki,Japan,KMI,RJFM,31.877199173,131.449005127,20,9,U,Asia/Tokyo,airport,OurAirports,11.0
2310,Oita Airport,Oita,Japan,OIT,RJFO,33.479400634799994,131.736999512,19,9,U,Asia/Tokyo,airport,OurAirports,9.0
2312,Kumamoto Airport,Kumamoto,Japan,KMJ,RJFT,32.83729934692383,130.85499572753906,642,9,U,Asia/Tokyo,airport,OurAirports,9.0
2313,Nagasaki Airport,Nagasaki,Japan,NGS,RJFU,32.916900634799994,129.914001465,15,9,U,Asia/Tokyo,airport,OurAirports,17.0
2322,Komatsu Airport,Kanazawa,Japan,KMQ,RJNK,36.39459991455078,136.40699768066406,36,9,U,Asia/Tokyo,airport,OurAirports,17.0
2324,Toyama Airport,Toyama,Japan,TOY,RJNT,36.64830017089844,137.18800354003906,95,9,U,Asia/Tokyo,airport,OurAirports,9.0
2326,Hiroshima Airport,Hiroshima,Japan,HIJ,RJOA,34.4361000061,132.919006348,1088,9,U,Asia/Tokyo,airport,OurAirports,17.0
2327,Okayama Airport,Okayama,Japan,OKJ,RJOB,34.7569007874,133.854995728,806,9,U,Asia/Tokyo,airport,OurAirports,13.0
2330,Miho Yonago Airport,Miho,Japan,YGJ,RJOH,35.4921989440918,133.23599243164062,20,9,U,Asia/Tokyo,airport,OurAirports,8.0
2333,Matsuyama Airport,Matsuyama,Japan,MYJ,RJOM,33.82720184326172,132.6999969482422,25,9,U,Asia/Tokyo,airport,OurAirports,12.0
2334,Osaka International Airport,Osaka,Japan,ITM,RJOO,34.785499572753906,135.43800354003906,50,9,U,Asia/Tokyo,airport,OurAirports,42.0
2337,Takamatsu Airport,Takamatsu,Japan,TAK,RJOT,34.214199066199996,134.01600647,607,9,U,Asia/Tokyo,airport,OurAirports,8.0
2340,Aomori Airport,Aomori,Japan,AOJ,RJSA,40.73469924926758,140.6909942626953,664,9,U,Asia/Tokyo,airport,OurAirports,5.0
2345,Akita Airport,Akita,Japan,AXT,RJSK,39.6156005859375,140.218994140625,313,9,U,Asia/Tokyo,airport,OurAirports,8.0
2347,Sendai Airport,Sendai,Japan,SDJ,RJSS,38.1397018433,140.917007446,15,9,U,Asia/Tokyo,airport,OurAirports,31.0
2359,Tokyo Haneda International Airport,Tokyo,Japan,HND,RJTT,35.552299,139.779999,35,9,U,Asia/Tokyo,airport,OurAirports,157.0
2370,Jeju International Airport,Cheju,South Korea,CJU,RKPC,33.51129913330078,126.49299621582033,118,9,U,Asia/Seoul,airport,OurAirports,59.0
2372,Gimhae International Airport,Busan,South Korea,PUS,RKPK,35.1795005798,128.93800354,6,9,U,Asia/Seoul,airport,OurAirports,80.0
2378,Gimpo International Airport,Seoul,South Korea,GMP,RKSS,37.5583,126.791,59,9,U,Asia/Seoul,airport,OurAirports,39.0
2381,Daegu Airport,Taegu,South Korea,TAE,RKTN,35.896872,128.65531,116,9,U,Asia/Seoul,airport,OurAirports,6.0
2384,Naha Airport,Okinawa,Japan,OKA,ROAH,26.1958007812,127.646003723,12,9,N,Asia/Tokyo,airport,OurAirports,61.0
2387,New Ishigaki Airport,Ishigaki,Japan,ISG,ROIG,24.396389,124.245,102,9,U,Asia/Tokyo,airport,OurAirports,14.0
2390,Miyako Airport,Miyako,Japan,MMY,ROMY,24.782800674399997,125.294998169,150,9,U,Asia/Tokyo,airport,OurAirports,5.0
2397,Ninoy Aquino International Airport,Manila,Philippines,MNL,RPLL,14.5086,121.019997,75,8,N,Asia/Manila,airport,OurAirports,193.0
2402,General Santos International Airport,Romblon,Philippines,GES,RPMR,6.05800008774,125.096000671,505,8,N,Asia/Manila,airport,OurAirports,5.0
2404,Zamboanga International Airport,Zamboanga,Philippines,ZAM,RPMZ,6.922420024871826,122.05999755859376,33,8,N,Asia/Manila,airport,OurAirports,6.0
2422,Daniel Z. Romualdez Airport,Tacloban,Philippines,TAC,RPVA,11.228035,125.027761,10,8,N,Asia/Manila,airport,OurAirports,5.0
2423,Bacolod-Silay Airport,Bacolod,Philippines,BCD,RPVB,10.7764,123.014999,82,8,N,Asia/Manila,airport,OurAirports,6.0
2429,Iloilo International Airport,Iloilo,Philippines,ILO,RPVI,10.833017,122.493358,27,8,N,Asia/Manila,airport,OurAirports,10.0
2430,Kalibo International Airport,Kalibo,Philippines,KLO,RPVK,11.679400444,122.375999451,14,8,N,Asia/Manila,airport,OurAirports,18.0
2433,Puerto Princesa Airport,Puerto Princesa,Philippines,PPS,RPVP,9.742119789123535,118.75900268554688,71,8,N,Asia/Manila,airport,OurAirports,9.0
2440,Islas Malvinas Airport,Rosario,Argentina,ROS,SAAR,-32.9036,-60.785,85,-3,N,America/Cordoba,airport,OurAirports,7.0
2442,Jorge Newbery Airpark,Buenos Aires,Argentina,AEP,SABE,-34.5592,-58.4156,18,-3,N,America/Buenos_Aires,airport,OurAirports,65.0
2443,Ingeniero Ambrosio Taravella Airport,Cordoba,Argentina,COR,SACO,-31.323601,-64.208,1604,-3,N,America/Cordoba,airport,OurAirports,13.0
2452,El Plumerillo Airport,Mendoza,Argentina,MDZ,SAME,-32.8316993713,-68.7929000854,2310,-3,N,America/Mendoza,airport,OurAirports,10.0
2476,Martin Miguel De Guemes International Airport,Salta,Argentina,SLA,SASA,-24.856000900299996,-65.4861984253,4088,-3,N,America/Argentina/Salta,airport,OurAirports,6.0
2487,General E. Mosconi Airport,Comodoro Rivadavia,Argentina,CRD,SAVC,-45.7853,-67.4655,189,-3,N,America/Catamarca,airport,OurAirports,6.0
2490,Almirante Marco Andres Zar Airport,Trelew,Argentina,REL,SAVT,-43.2105,-65.2703,141,-3,N,America/Catamarca,airport,OurAirports,6.0
2496,Piloto Civil N. Fernández Airport,Rio Gallegos,Argentina,RGL,SAWG,-51.6089,-69.3126,61,-3,N,America/Argentina/Rio_Gallegos,airport,OurAirports,6.0
2509,Presidente Peron Airport,Neuquen,Argentina,NQN,SAZN,-38.949001,-68.155701,895,-3,N,America/Argentina/Salta,airport,OurAirports,6.0
2513,San Carlos De Bariloche Airport,San Carlos De Bariloche,Argentina,BRC,SAZS,-41.151199,-71.157501,2774,-3,N,America/Argentina/Salta,airport,OurAirports,7.0
2522,Santa Maria Airport,Aracaju,Brazil,AJU,SBAR,-10.984000206,-37.0703010559,23,-3,S,America/Fortaleza,airport,OurAirports,13.0
2526,Val de Cans/Júlio Cezar Ribeiro International Airport,Belem,Brazil,BEL,SBBE,-1.3792500495900002,-48.4762992859,54,-3,S,America/Belem,airport,OurAirports,36.0
2528,Pampulha - Carlos Drummond de Andrade Airport,Belo Horizonte,Brazil,PLU,SBBH,-19.85120010375977,-43.95059967041016,2589,-3,S,America/Sao_Paulo,airport,OurAirports,13.0
2531,Presidente Juscelino Kubistschek International Airport,Brasilia,Brazil,BSB,SBBR,-15.86916732788086,-47.92083358764648,3497,-3,S,America/Sao_Paulo,airport,OurAirports,98.0
2537,Tancredo Neves International Airport,Belo Horizonte,Brazil,CNF,SBCF,-19.62444305419922,-43.97194290161133,2715,-3,S,America/Sao_Paulo,airport,OurAirports,55.0
2538,Campo Grande Airport,Campo Grande,Brazil,CGR,SBCG,-20.4687004089,-54.6725006104,1833,-4,S,America/Campo_Grande,airport,OurAirports,17.0
2539,Serafin Enoss Bertaso Airport,Chapeco,Brazil,XAP,SBCH,-27.134199142456,-52.656600952148,2146,-3,S,America/Sao_Paulo,airport,OurAirports,5.0
2545,Afonso Pena Airport,Curitiba,Brazil,CWB,SBCT,-25.5284996033,-49.1758003235,2988,-3,S,America/Sao_Paulo,airport,OurAirports,43.0
2548,Marechal Rondon Airport,Cuiaba,Brazil,CGB,SBCY,-15.6528997421,-56.1166992188,617,-4,S,America/Campo_Grande,airport,OurAirports,33.0
2551,Eduardo Gomes International Airport,Manaus,Brazil,MAO,SBEG,-3.0386099815368652,-60.04970169067383,264,-4,S,America/Boa_Vista,airport,OurAirports,32.0
2554,Cataratas International Airport,Foz Do Iguacu,Brazil,IGU,SBFI,-25.600278854370117,-54.48500061035156,786,-3,S,America/Sao_Paulo,airport,OurAirports,12.0
2555,Hercílio Luz International Airport,Florianopolis,Brazil,FLN,SBFL,-27.670278549194336,-48.5525016784668,16,-3,S,America/Sao_Paulo,airport,OurAirports,21.0
2559,Pinto Martins International Airport,Fortaleza,Brazil,FOR,SBFZ,-3.776279926300049,-38.53260040283203,82,-3,S,America/Fortaleza,airport,OurAirports,36.0
2560,Rio Galeão – Tom Jobim International Airport,Rio De Janeiro,Brazil,GIG,SBGL,-22.8099994659,-43.2505569458,28,-3,S,America/Sao_Paulo,airport,OurAirports,98.0
2562,Santa Genoveva Airport,Goiania,Brazil,GYN,SBGO,-16.631999969482422,-49.220699310302734,2450,-3,S,America/Sao_Paulo,airport,OurAirports,21.0
2564,Guarulhos - Governador André Franco Montoro International Airport,Sao Paulo,Brazil,GRU,SBGR,-23.435556411743164,-46.47305679321289,2459,-3,S,America/Sao_Paulo,airport,OurAirports,193.0
2569,Bahia - Jorge Amado Airport,Ilheus,Brazil,IOS,SBIL,-14.815999984741,-39.033199310303,15,-3,S,America/Fortaleza,airport,OurAirports,9.0
2572,Prefeito Renato Moreira Airport,Imperatriz,Brazil,IMP,SBIZ,-5.53129,-47.459999,432,-3,S,America/Fortaleza,airport,OurAirports,7.0
2575,Presidente Castro Pinto International Airport,Joao Pessoa,Brazil,JPA,SBJP,-7.145833015440001,-34.9486122131,217,-3,S,America/Fortaleza,airport,OurAirports,11.0
2576,Lauro Carneiro de Loyola Airport,Joinville,Brazil,JOI,SBJV,-26.22450065612793,-48.797401428222656,15,-3,S,America/Sao_Paulo,airport,OurAirports,5.0
2578,Viracopos International Airport,Campinas,Brazil,VCP,SBKP,-23.0074005127,-47.1344985962,2170,-3,S,America/Sao_Paulo,airport,OurAirports,57.0
2581,Governador José Richa Airport,Londrina,Brazil,LDB,SBLO,-23.333599090599996,-51.1301002502,1867,-3,S,America/Sao_Paulo,airport,OurAirports,11.0
2584,João Correa da Rocha Airport,Maraba,Brazil,MAB,SBMA,-5.36858987808,-49.138000488299994,357,-3,S,America/Belem,airport,OurAirports,12.0
2586,Regional de Maringá - Sílvio Nane Junior Airport,Maringa,Brazil,MGF,SBMG,-23.479444503799996,-52.01222229,1788,-3,S,America/Sao_Paulo,airport,OurAirports,10.0
2590,Zumbi dos Palmares Airport,Maceio,Brazil,MCZ,SBMO,-9.510809898376465,-35.79169845581055,387,-3,S,America/Fortaleza,airport,OurAirports,13.0
2595,Ministro Victor Konder International Airport,Navegantes,Brazil,NVT,SBNF,-26.879999,-48.651402,18,-3,S,America/Sao_Paulo,airport,OurAirports,7.0
2597,Governador Aluízio Alves International Airport,Natal,Brazil,NAT,SBSG,-5.768056,-35.376111,272,-3,S,America/Fortaleza,airport,OurAirports,16.0
2599,Salgado Filho Airport,Porto Alegre,Brazil,POA,SBPA,-29.994400024414062,-51.1713981628418,11,-3,S,America/Sao_Paulo,airport,OurAirports,42.0
2602,Lauro Kurtz Airport,Passo Fundo,Brazil,PFB,SBPF,-28.243999,-52.326599,2376,-3,S,America/Sao_Paulo,airport,OurAirports,5.0
2604,Senador Nilo Coelho Airport,Petrolina,Brazil,PNZ,SBPL,-9.362409591674805,-40.56909942626953,1263,-3,S,America/Fortaleza,airport,OurAirports,5.0
2607,Governador Jorge Teixeira de Oliveira Airport,Porto Velho,Brazil,PVH,SBPV,-8.70928955078125,-63.90230178833008,290,-4,S,America/Boa_Vista,airport,OurAirports,9.0
2609,Plácido de Castro Airport,Rio Branco,Brazil,RBR,SBRB,-9.868888854980469,-67.89805603027344,633,-5,S,America/Rio_Branco,airport,OurAirports,5.0
2610,Guararapes - Gilberto Freyre International Airport,Recife,Brazil,REC,SBRF,-8.126489639282227,-34.92359924316406,33,-3,S,America/Fortaleza,airport,OurAirports,36.0
2612,Santos Dumont Airport,Rio De Janeiro,Brazil,SDU,SBRJ,-22.910499572799996,-43.1631011963,11,-3,S,America/Sao_Paulo,airport,OurAirports,30.0
2613,Leite Lopes Airport,Ribeirao Preto,Brazil,RAO,SBRP,-21.136388778686523,-47.776668548583984,1806,-3,S,America/Sao_Paulo,airport,OurAirports,19.0
2616,Marechal Cunha Machado International Airport,Sao Luis,Brazil,SLZ,SBSL,-2.585360050201416,-44.234100341796875,178,-3,S,America/Fortaleza,airport,OurAirports,16.0
2618,Congonhas Airport,Sao Paulo,Brazil,CGH,SBSP,-23.626110076904297,-46.65638732910156,2631,-3,S,America/Sao_Paulo,airport,OurAirports,47.0
2619,Prof. Eribelto Manoel Reino State Airport,Sao Jose Do Rio Preto,Brazil,SJP,SBSR,-20.816600799599996,-49.40650177,1784,-3,S,America/Sao_Paulo,airport,OurAirports,8.0
2621,Deputado Luiz Eduardo Magalhães International Airport,Salvador,Brazil,SSA,SBSV,-12.9086112976,-38.3224983215,64,-3,S,America/Fortaleza,airport,OurAirports,58.0
2623,Senador Petrônio Portela Airport,Teresina,Brazil,THE,SBTE,-5.0599398613,-42.8235015869,219,-3,S,America/Fortaleza,airport,OurAirports,11.0
2624,Tefé Airport,Tefe,Brazil,TFF,SBTF,-3.38294005394,-64.7240982056,188,-4,S,America/Boa_Vista,airport,OurAirports,5.0
2633,Ten. Cel. Aviador César Bombonato Airport,Uberlandia,Brazil,UDI,SBUL,-18.883612,-48.225277,3094,-3,S,America/Sao_Paulo,airport,OurAirports,15.0
2638,Eurico de Aguiar Salles Airport,Vitoria,Brazil,VIX,SBVT,-20.258057,-40.286388,11,-3,S,America/Sao_Paulo,airport,OurAirports,16.0
2641,Chacalluta Airport,Arica,Chile,ARI,SCAR,-18.348499,-70.338699,167,-4,S,America/Santiago,airport,OurAirports,5.0
2645,El Loa Airport,Calama,Chile,CJC,SCCF,-22.498199462890625,-68.90360260009766,7543,-4,S,America/Santiago,airport,OurAirports,6.0
2647,Pdte. Carlos Ibañez del Campo Airport,Punta Arenas,Chile,PUQ,SCCI,-53.002602,-70.854599,139,-4,S,America/Santiago,airport,OurAirports,7.0
2649,Diego Aracena Airport,Iquique,Chile,IQQ,SCDA,-20.535200119018555,-70.1812973022461,155,-4,S,America/Santiago,airport,OurAirports,9.0
2650,Comodoro Arturo Merino Benítez International Airport,Santiago,Chile,SCL,SCEL,-33.393001556396484,-70.78579711914062,1555,-4,S,America/Santiago,airport,OurAirports,79.0
2651,Andrés Sabella Gálvez International Airport,Antofagasta,Chile,ANF,SCFA,-23.444501,-70.445099,455,-4,S,America/Santiago,airport,OurAirports,11.0
2656,Carriel Sur Airport,Concepcion,Chile,CCP,SCIE,-36.772701,-73.063103,26,-4,S,America/Santiago,airport,OurAirports,6.0
2662,La Florida Airport,La Serena,Chile,LSC,SCSE,-29.916201,-71.199501,481,-4,S,America/Santiago,airport,OurAirports,7.0
2665,El Tepual Airport,Puerto Montt,Chile,PMC,SCTE,-41.43889999389648,-73.09400177001953,294,-4,S,America/Santiago,airport,OurAirports,10.0
2673,José Joaquín de Olmedo International Airport,Guayaquil,Ecuador,GYE,SEGU,-2.1574199199699997,-79.88359832760001,19,-5,U,America/Guayaquil,airport,OurAirports,35.0
2688,Mariscal Sucre International Airport,Quito,Ecuador,UIO,SEQM,-0.129166666667,-78.3575,7841,-5,U,America/Guayaquil,airport,OurAirports,39.0
2699,Silvio Pettirossi International Airport,Asuncion,Paraguay,ASU,SGAS,-25.239999771118164,-57.52000045776367,292,-4,S,America/Asuncion,airport,OurAirports,18.0
2708,Palonegro Airport,Bucaramanga,Colombia,BGA,SKBG,7.1265,-73.1848,3897,-5,U,America/Bogota,airport,OurAirports,5.0
2709,El Dorado International Airport,Bogota,Colombia,BOG,SKBO,4.70159,-74.1469,8361,-5,U,America/Bogota,airport,OurAirports,152.0
2710,Ernesto Cortissoz International Airport,Barranquilla,Colombia,BAQ,SKBQ,10.8896,-74.7808,98,-5,U,America/Bogota,airport,OurAirports,10.0
2714,Rafael Nuñez International Airport,Cartagena,Colombia,CTG,SKCG,10.4424,-75.513,4,-5,U,America/Bogota,airport,OurAirports,12.0
2715,Alfonso Bonilla Aragon International Airport,Cali,Colombia,CLO,SKCL,3.54322,-76.3816,3162,-5,U,America/Bogota,airport,OurAirports,30.0
2728,Alfredo Vásquez Cobo International Airport,Leticia,Colombia,LET,SKLT,-4.19355,-69.9432,277,-5,U,America/Bogota,airport,OurAirports,6.0
2729,Enrique Olaya Herrera Airport,Medellin,Colombia,EOH,SKMD,6.220549,-75.590582,4949,-5,U,America/Bogota,airport,OurAirports,11.0
2739,Matecaña International Airport,Pereira,Colombia,PEI,SKPE,4.81267,-75.7395,4416,-5,U,America/Bogota,airport,OurAirports,6.0
2745,Jose Maria Córdova International Airport,Rio Negro,Colombia,MDE,SKRG,6.16454,-75.4231,6955,-5,U,America/Bogota,airport,OurAirports,26.0
2749,Gustavo Rojas Pinilla International Airport,San Andres Island,Colombia,ADZ,SKSP,12.5836,-81.7112,19,-5,U,America/Bogota,airport,OurAirports,11.0
2753,El Caraño Airport,Quibdo,Colombia,UIB,SKUI,5.69076,-76.6412,204,-5,U,America/Bogota,airport,OurAirports,6.0
2756,Vanguardia Airport,Villavicencio,Colombia,VVC,SKVV,4.16787,-73.6138,1394,-5,U,America/Bogota,airport,OurAirports,8.0
2759,Jorge Wilsterman International Airport,Cochabamba,Bolivia,CBB,SLCB,-17.421100616455078,-66.1771011352539,8360,-4,U,America/La_Paz,airport,OurAirports,8.0
2762,El Alto International Airport,La Paz,Bolivia,LPB,SLLP,-16.5132999420166,-68.19229888916016,13355,-4,U,America/La_Paz,airport,OurAirports,26.0
2767,Juana Azurduy De Padilla Airport,Sucre,Bolivia,SRE,SLSU,-19.007099151611328,-65.2886962890625,9540,-4,U,America/La_Paz,airport,OurAirports,6.0
2768,Capitan Oriel Lea Plaza Airport,Tarija,Bolivia,TJA,SLTJ,-21.5557003021,-64.7013015747,6079,-4,U,America/La_Paz,airport,OurAirports,8.0
2769,Teniente Av. Jorge Henrich Arauz Airport,Trinidad,Bolivia,TDD,SLTR,-14.8186998367,-64.9179992676,509,-4,U,America/La_Paz,airport,OurAirports,8.0
2771,Viru Viru International Airport,Santa Cruz,Bolivia,VVI,SLVR,-17.6448,-63.135399,1224,-4,U,America/La_Paz,airport,OurAirports,24.0
2773,Johan Adolf Pengel International Airport,Zandery,Suriname,PBM,SMJP,5.4528298377999995,-55.1878013611,59,-3,U,America/Paramaribo,airport,OurAirports,10.0
2774,Cayenne-Rochambeau Airport,Cayenne,French Guiana,CAY,SOCA,4.819809913639999,-52.360401153599994,26,-3,U,America/Cayenne,airport,OurAirports,7.0
2781,Cap FAP David Abenzur Rengifo International Airport,Pucallpa,Peru,PCL,SPCL,-8.37794017791748,-74.57430267333984,513,-5,U,America/Lima,airport,OurAirports,6.0
2789,Jorge Chávez International Airport,Lima,Peru,LIM,SPIM,-12.0219,-77.114305,113,-5,U,America/Lima,airport,OurAirports,115.0
2792,Inca Manco Capac International Airport,Juliaca,Peru,JUL,SPJL,-15.467100143432615,-70.158203125,12552,-5,U,America/Lima,airport,OurAirports,7.0
2801,Coronel FAP Francisco Secada Vignetta International Airport,Iquitos,Peru,IQT,SPQT,-3.7847399711608887,-73.30879974365234,306,-5,U,America/Lima,airport,OurAirports,7.0
2802,Rodríguez Ballón International Airport,Arequipa,Peru,AQP,SPQU,-16.3411006927,-71.5830993652,8405,-5,U,America/Lima,airport,OurAirports,10.0
2806,Cadete FAP Guillermo Del Castillo Paredes Airport,Tarapoto,Peru,TPP,SPST,-6.508739948272705,-76.37319946289062,869,-5,U,America/Lima,airport,OurAirports,6.0
2812,Alejandro Velasco Astete International Airport,Cuzco,Peru,CUZ,SPZO,-13.535699844400002,-71.9387969971,10860,-5,U,America/Lima,airport,OurAirports,11.0
2816,Carrasco International /General C L Berisso Airport,Montevideo,Uruguay,MVD,SUMU,-34.838402,-56.0308,105,-3,S,America/Montevideo,airport,OurAirports,23.0
2821,General José Antonio Anzoategui International Airport,Barcelona,Venezuela,BLA,SVBC,10.111111,-64.692222,30,-4,U,America/Caracas,airport,OurAirports,11.0
2824,Barquisimeto International Airport,Barquisimeto,Venezuela,BRM,SVBM,10.042746543884276,-69.3586196899414,2042,-4,U,America/Caracas,airport,OurAirports,5.0
2848,La Chinita International Airport,Maracaibo,Venezuela,MAR,SVMC,10.5582084656,-71.7278594971,239,-4,U,America/Caracas,airport,OurAirports,14.0
2850,Del Caribe Santiago Mariño International Airport,Porlamar,Venezuela,PMV,SVMG,10.912603378295898,-63.96659851074219,74,-4,U,America/Caracas,airport,OurAirports,20.0
2851,Simón Bolívar International Airport,Caracas,Venezuela,CCS,SVMI,10.601194,-66.991222,234,-4,U,America/Caracas,airport,OurAirports,90.0
2856,General Manuel Carlos Piar International Airport,Guayana,Venezuela,PZO,SVPR,8.288530349731445,-62.760398864746094,472,-4,U,America/Caracas,airport,OurAirports,11.0
2868,Arturo Michelena International Airport,Valencia,Venezuela,VLN,SVVA,10.14973258972168,-67.92839813232422,1411,-4,U,America/Caracas,airport,OurAirports,10.0
2874,V.C. Bird International Airport,Antigua,Antigua and Barbuda,ANU,TAPA,17.1367,-61.792702,62,-4,U,America/Antigua,airport,OurAirports,35.0
2875,Sir Grantley Adams International Airport,Bridgetown,Barbados,BGI,TBPB,13.0746002197,-59.4925003052,169,-4,U,America/Barbados,airport,OurAirports,23.0
2877,Douglas-Charles Airport,Dominica,Dominica,DOM,TDPD,15.547,-61.299999,73,-4,U,America/Dominica,airport,OurAirports,17.0
2878,Martinique Aimé Césaire International Airport,Fort-de-france,Martinique,FDF,TFFF,14.590999603271484,-61.00320053100586,16,-4,U,America/Martinique,airport,OurAirports,23.0
2881,Pointe-à-Pitre Le Raizet,Pointe-a-pitre,Guadeloupe,PTP,TFFR,16.265301,-61.531799,36,-4,U,America/Guadeloupe,airport,OurAirports,29.0
2882,Point Salines International Airport,Point Salines,Grenada,GND,TGPY,12.004199981689451,-61.78620147705078,41,-4,U,America/Grenada,airport,OurAirports,14.0
2883,Cyril E. King Airport,St. Thomas,Virgin Islands,STT,TIST,18.337299346923828,-64.97339630126953,23,-4,U,America/St_Thomas,airport,OurAirports,34.0
2884,Henry E Rohlsen Airport,St. Croix Island,Virgin Islands,STX,TISX,17.701900482177734,-64.79859924316406,74,-4,U,America/St_Thomas,airport,OurAirports,9.0
2890,Luis Munoz Marin International Airport,San Juan,Puerto Rico,SJU,TJSJ,18.4393997192,-66.0018005371,9,-4,U,America/Puerto_Rico,airport,OurAirports,102.0
2891,Robert L. Bradshaw International Airport,Basse Terre,Saint Kitts and Nevis,SKB,TKPK,17.311199188232422,-62.71870040893555,170,-4,U,America/St_Kitts,airport,OurAirports,11.0
2893,George F. L. Charles Airport,Castries,Saint Lucia,SLU,TLPC,14.0202,-60.992901,22,-4,U,America/St_Lucia,airport,OurAirports,11.0
2894,Hewanorra International Airport,Hewandorra,Saint Lucia,UVF,TLPL,13.7332,-60.952599,14,-4,U,America/St_Lucia,airport,OurAirports,19.0
2895,Queen Beatrix International Airport,Oranjestad,Aruba,AUA,TNCA,12.5014,-70.015198,60,-4,U,America/Aruba,airport,OurAirports,44.0
2896,Flamingo International Airport,Kralendijk,Netherlands Antilles,BON,TNCB,12.130999565124512,-68.26850128173828,20,-4,U,America/Curacao,airport,OurAirports,10.0
2897,Hato International Airport,Willemstad,Netherlands Antilles,CUR,TNCC,12.1889,-68.959801,29,-4,U,America/Curacao,airport,OurAirports,31.0
2899,Princess Juliana International Airport,Philipsburg,Netherlands Antilles,SXM,TNCM,18.0410003662,-63.1088981628,13,-4,U,America/Curacao,airport,OurAirports,58.0
2900,Clayton J Lloyd International Airport,The Valley,Anguilla,AXA,TQPF,18.2048,-63.055099,127,-4,U,America/Anguilla,airport,OurAirports,6.0
2902,Piarco International Airport,Port-of-spain,Trinidad and Tobago,POS,TTPP,10.595399856567385,-61.33720016479492,58,-4,U,America/Port_of_Spain,airport,OurAirports,35.0
2903,Terrance B. Lettsome International Airport,Tortola,British Virgin Islands,EIS,TUPJ,18.444799423217773,-64.54299926757812,15,-4,U,America/Tortola,airport,OurAirports,12.0
2908,Almaty Airport,Alma-ata,Kazakhstan,ALA,UAAA,43.35210037231445,77.04049682617188,2234,6,U,Asia/Qyzylorda,airport,OurAirports,67.0
2910,Astana International Airport,Tselinograd,Kazakhstan,TSE,UACC,51.02220153808594,71.46690368652344,1165,6,U,Asia/Qyzylorda,airport,OurAirports,52.0
2912,Manas International Airport,Bishkek,Kyrgyzstan,FRU,UAFM,43.0612983704,74.4776000977,2058,6,U,Asia/Bishkek,airport,OurAirports,45.0
2913,Osh Airport,Osh,Kyrgyzstan,OSS,UAFO,40.6090011597,72.793296814,2927,6,U,Asia/Bishkek,airport,OurAirports,31.0
2914,Shymkent Airport,Chimkent,Kazakhstan,CIT,UAII,42.364200592041016,69.47889709472656,1385,6,U,Asia/Qyzylorda,airport,OurAirports,10.0
2920,Aktobe Airport,Aktyubinsk,Kazakhstan,AKX,UATT,50.2458,57.206699,738,5,U,Asia/Oral,airport,OurAirports,7.0
2922,Heydar Aliyev International Airport,Baku,Azerbaijan,GYD,UBBB,40.467498779296875,50.04669952392578,10,4,E,Asia/Baku,airport,OurAirports,64.0
2923,Yakutsk Airport,Yakutsk,Russia,YKS,UEEE,62.093299865722656,129.77099609375,325,9,N,Asia/Yakutsk,airport,OurAirports,38.0
2925,Mirny Airport,Mirnyj,Russia,MJZ,UERR,62.534698486328125,114.03900146484376,1156,9,N,Asia/Yakutsk,airport,OurAirports,9.0
2926,Ignatyevo Airport,Blagoveschensk,Russia,BQS,UHBB,50.42539978027344,127.41200256347656,638,9,N,Asia/Yakutsk,airport,OurAirports,5.0
2927,Khabarovsk-Novy Airport,Khabarovsk,Russia,KHV,UHHH,48.52799987793,135.18800354004,244,10,N,Asia/Vladivostok,airport,OurAirports,38.0
2930,Sokol Airport,Magadan,Russia,GDX,UHMM,59.9109992980957,150.72000122070312,574,11,N,Asia/Srednekolymsk,airport,OurAirports,6.0
2932,Yelizovo Airport,Petropavlovsk,Russia,PKC,UHPP,53.16790008544922,158.45399475097656,131,12,N,Asia/Anadyr,airport,OurAirports,6.0
2933,Yuzhno-Sakhalinsk Airport,Yuzhno-sakhalinsk,Russia,UUS,UHSS,46.88869857788086,142.71800231933594,59,11,N,Asia/Srednekolymsk,airport,OurAirports,16.0
2934,Vladivostok International Airport,Vladivostok,Russia,VVO,UHWW,43.39899826049805,132.1479949951172,46,10,N,Asia/Vladivostok,airport,OurAirports,26.0
2935,Chita-Kadala Airport,Chita,Russia,HTA,UIAA,52.026299,113.306,2272,9,N,Asia/Yakutsk,airport,OurAirports,11.0
2937,Irkutsk Airport,Irkutsk,Russia,IKT,UIII,52.268001556396,104.38899993896,1675,8,N,Asia/Irkutsk,airport,OurAirports,41.0
2938,Ulan-Ude Airport (Mukhino),Ulan-ude,Russia,UUD,UIUU,51.80780029296875,107.43800354003906,1690,8,N,Asia/Irkutsk,airport,OurAirports,11.0
2939,Boryspil International Airport,Kiev,Ukraine,KBP,UKBB,50.345001220703125,30.894699096679688,427,2,E,Europe/Kiev,airport,OurAirports,102.0
2940,Donetsk International Airport,Donetsk,Ukraine,DOK,UKCC,48.07360076904297,37.73970031738281,791,2,E,Europe/Kiev,airport,OurAirports,15.0
2941,Dnipropetrovsk International Airport,Dnepropetrovsk,Ukraine,DNK,UKDD,48.357200622558594,35.10060119628906,481,2,E,Europe/Kiev,airport,OurAirports,14.0
2942,Simferopol International Airport,Simferopol,Ukraine,SIP,UKFF,45.05220031738281,33.975101470947266,639,3,E,Europe/Simferopol,airport,OurAirports,7.0
2944,Kiev Zhuliany International Airport,Kiev,Ukraine,IEV,UKKK,50.40194,30.45194,587,2,E,Europe/Kiev,airport,OurAirports,22.0
2945,Lviv International Airport,Lvov,Ukraine,LWO,UKLL,49.8125,23.956100463867188,1071,2,E,Europe/Kiev,airport,OurAirports,17.0
2947,Odessa International Airport,Odessa,Ukraine,ODS,UKOO,46.42679977416992,30.67650032043457,172,2,E,Europe/Kiev,airport,OurAirports,18.0
2948,Pulkovo Airport,St. Petersburg,Russia,LED,ULLI,59.80030059814453,30.262500762939453,78,3,N,Europe/Moscow,airport,OurAirports,184.0
2949,Murmansk Airport,Murmansk,Russia,MMK,ULMM,68.78170013427734,32.75080108642578,266,3,N,Europe/Moscow,airport,OurAirports,7.0
2952,Khrabrovo Airport,Kaliningrad,Russia,KGD,UMKK,54.88999938964844,20.592599868774418,42,2,N,Europe/Kaliningrad,airport,OurAirports,15.0
2954,Minsk National Airport,Minsk 2,Belarus,MSQ,UMMS,53.882499694824,28.030700683594,670,3,E,Europe/Minsk,airport,OurAirports,54.0
2958,Omsk Central Airport,Omsk,Russia,OMS,UNOO,54.96699905395508,73.31050109863281,311,6,N,Asia/Omsk,airport,OurAirports,17.0
2960,Krasnodar Pashkovsky International Airport,Krasnodar,Russia,KRR,URKK,45.034698486328,39.170501708984,118,3,N,Europe/Moscow,airport,OurAirports,46.0
2962,Mineralnyye Vody Airport,Mineralnye Vody,Russia,MRV,URMM,44.225101470947266,43.08190155029297,1054,3,N,Europe/Moscow,airport,OurAirports,22.0
2964,Platov International Airport,Rostov,Russia,ROV,URRP,47.493888,39.924722,213,3,N,Europe/Moscow,airport,OurAirports,28.0
2965,Sochi International Airport,Sochi,Russia,AER,URSS,43.449902,39.9566,89,3,N,Europe/Moscow,airport,OurAirports,26.0
2966,Astrakhan Airport,Astrakhan,Russia,ASF,URWA,46.2832984924,48.0063018799,-65,4,N,Europe/Samara,airport,OurAirports,8.0
2967,Volgograd International Airport,Volgograd,Russia,VOG,URWW,48.782501220703125,44.34550094604492,482,3,N,Europe/Moscow,airport,OurAirports,10.0
2968,Chelyabinsk Balandino Airport,Chelyabinsk,Russia,CEK,USCC,55.305801,61.5033,769,5,N,Asia/Yekaterinburg,airport,OurAirports,20.0
2972,Nizhnevartovsk Airport,Nizhnevartovsk,Russia,NJC,USNN,60.94929885864258,76.48359680175781,177,5,N,Asia/Yekaterinburg,airport,OurAirports,14.0
2973,Bolshoye Savino Airport,Perm,Russia,PEE,USPP,57.914501190186,56.021198272705,404,5,N,Asia/Yekaterinburg,airport,OurAirports,6.0
2974,Surgut Airport,Surgut,Russia,SGC,USRR,61.34370040893555,73.40180206298828,200,5,N,Asia/Yekaterinburg,airport,OurAirports,14.0
2975,Koltsovo Airport,Yekaterinburg,Russia,SVX,USSS,56.743099212646,60.802700042725,764,5,N,Asia/Yekaterinburg,airport,OurAirports,98.0
2976,Ashgabat International Airport,Ashkhabad,Turkmenistan,ASB,UTAA,37.986801,58.361,692,5,U,Asia/Ashgabat,airport,OurAirports,15.0
2979,Dushanbe Airport,Dushanbe,Tajikistan,DYU,UTDD,38.5433006287,68.8249969482,2575,5,U,Asia/Dushanbe,airport,OurAirports,52.0
2980,Bukhara Airport,Bukhara,Uzbekistan,BHK,UTSB,39.775001525878906,64.4832992553711,751,5,U,Asia/Samarkand,airport,OurAirports,6.0
2981,Samarkand Airport,Samarkand,Uzbekistan,SKD,UTSS,39.70050048828125,66.98380279541016,2224,5,U,Asia/Samarkand,airport,OurAirports,8.0
2983,Tashkent International Airport,Tashkent,Uzbekistan,TAS,UTTT,41.257900238,69.2811965942,1417,5,U,Asia/Samarkand,airport,OurAirports,81.0
2985,Sheremetyevo International Airport,Moscow,Russia,SVO,UUEE,55.972599,37.4146,622,3,N,Europe/Moscow,airport,OurAirports,199.0
2987,Voronezh International Airport,Voronezh,Russia,VOZ,UUOO,51.81420135498047,39.22959899902344,514,3,N,Europe/Moscow,airport,OurAirports,8.0
2988,Vnukovo International Airport,Moscow,Russia,VKO,UUWW,55.5914993286,37.2615013123,685,3,N,Europe/Moscow,airport,OurAirports,86.0
2989,Syktyvkar Airport,Syktyvkar,Russia,SCW,UUYY,61.64699935913086,50.84510040283203,342,3,N,Europe/Moscow,airport,OurAirports,9.0
2990,Kazan International Airport,Kazan,Russia,KZN,UWKD,55.606201171875,49.278701782227,411,3,N,Europe/Moscow,airport,OurAirports,28.0
2991,Orenburg Central Airport,Orenburg,Russia,REN,UWOO,51.795799255371094,55.45669937133789,387,5,N,Asia/Yekaterinburg,airport,OurAirports,8.0
2992,Ufa International Airport,Ufa,Russia,UFA,UWUU,54.557498931885,55.874401092529,449,5,N,Asia/Yekaterinburg,airport,OurAirports,23.0
2993,Kurumoch International Airport,Samara,Russia,KUF,UWWW,53.504901885986,50.16429901123,477,4,N,Europe/Samara,airport,OurAirports,27.0
2994,Sardar Vallabhbhai Patel International Airport,Ahmedabad,India,AMD,VAAH,23.0771999359,72.63469696039999,189,5.5,N,Asia/Calcutta,airport,OurAirports,35.0
2996,Aurangabad Airport,Aurangabad,India,IXU,VAAU,19.862699508666992,75.39810180664062,1911,5.5,N,Asia/Calcutta,airport,OurAirports,5.0
2997,Chhatrapati Shivaji International Airport,Mumbai,India,BOM,VABB,19.0886993408,72.8678970337,39,5.5,N,Asia/Calcutta,airport,OurAirports,227.0
3001,Vadodara Airport,Baroda,India,BDQ,VABO,22.336201,73.226303,129,5.5,N,Asia/Calcutta,airport,OurAirports,5.0
3002,Raja Bhoj International Airport,Bhopal,India,BHO,VABP,23.2875003815,77.3374023438,1711,5.5,N,Asia/Calcutta,airport,OurAirports,6.0
3007,Dabolim Airport,Goa,India,GOI,VAGO,15.3808002472,73.8313980103,150,5.5,N,Asia/Calcutta,airport,OurAirports,29.0
3008,Devi Ahilyabai Holkar Airport,Indore,India,IDR,VAID,22.7217998505,75.8011016846,1850,5.5,N,Asia/Calcutta,airport,OurAirports,16.0
3015,Dr. Babasaheb Ambedkar International Airport,Nagpur,India,NAG,VANP,21.092199325561523,79.04720306396484,1033,5.5,N,Asia/Calcutta,airport,OurAirports,15.0
3017,Pune Airport,Pune,India,PNQ,VAPO,18.58209991455078,73.9197006225586,1942,5.5,N,Asia/Calcutta,airport,OurAirports,33.0
3020,Raipur Airport,Raipur,India,RPR,VARP,21.180401,81.7388,1041,5.5,N,Asia/Calcutta,airport,OurAirports,12.0
3023,Maharana Pratap Airport,Udaipur,India,UDR,VAUD,24.617700576799997,73.89610290530001,1684,5.5,N,Asia/Calcutta,airport,OurAirports,7.0
3024,Bandaranaike International Colombo Airport,Colombo,Sri Lanka,CMB,VCBI,7.180759906768799,79.88410186767578,30,5.5,U,Asia/Colombo,airport,OurAirports,101.0
3034,Phnom Penh International Airport,Phnom-penh,Cambodia,PNH,VDPP,11.546600341796877,104.84400177001952,40,7,U,Asia/Phnom_Penh,airport,OurAirports,29.0
3035,Siem Reap International Airport,Siem-reap,Cambodia,REP,VDSR,13.410699844400002,103.81300354,60,7,U,Asia/Phnom_Penh,airport,OurAirports,42.0
3038,Agartala Airport,Agartala,India,IXA,VEAT,23.8869991302,91.2404022217,46,5.5,N,Asia/Calcutta,airport,OurAirports,8.0
3039,Lengpui Airport,Aizwal,India,AJL,VELP,23.840599060099997,92.6196975708,1398,5.5,N,Asia/Calcutta,airport,OurAirports,6.0
3040,Bagdogra Airport,Baghdogra,India,IXB,VEBD,26.68120002746582,88.32859802246094,412,5.5,N,Asia/Calcutta,airport,OurAirports,16.0
3042,Biju Patnaik Airport,Bhubaneswar,India,BBI,VEBS,20.244400024399997,85.8178024292,138,5.5,N,Asia/Calcutta,airport,OurAirports,9.0
3043,Netaji Subhash Chandra Bose International Airport,Kolkata,India,CCU,VECC,22.654699325561523,88.44670104980469,16,5.5,N,Asia/Calcutta,airport,OurAirports,97.0
3050,Imphal Airport,Imphal,India,IMF,VEIM,24.7600002289,93.896697998,2540,5.5,N,Asia/Calcutta,airport,OurAirports,9.0
3055,Silchar Airport,Silchar,India,IXS,VEKU,24.9129009247,92.9786987305,352,5.5,N,Asia/Calcutta,airport,OurAirports,7.0
3057,Dibrugarh Airport,Mohanbari,India,DIB,VEMN,27.4839000702,95.0168991089,362,5.5,N,Asia/Calcutta,airport,OurAirports,6.0
3061,Lok Nayak Jayaprakash Airport,Patina,India,PAT,VEPT,25.591299057,85.0879974365,170,5.5,N,Asia/Calcutta,airport,OurAirports,12.0
3063,Birsa Munda Airport,Ranchi,India,IXR,VERC,23.314300537100003,85.3217010498,2148,5.5,N,Asia/Calcutta,airport,OurAirports,11.0
3066,Vishakhapatnam Airport,Vishakhapatnam,India,VTZ,VEVZ,17.721200943,83.2245025635,15,5.5,N,Asia/Calcutta,airport,OurAirports,18.0
3069,Shah Amanat International Airport,Chittagong,Bangladesh,CGP,VGEG,22.24959945678711,91.81330108642578,12,6,U,Asia/Dhaka,airport,OurAirports,16.0
3076,Hazrat Shahjalal International Airport,Dhaka,Bangladesh,DAC,VGZR,23.843347,90.397783,30,6,U,Asia/Dhaka,airport,OurAirports,74.0
3077,Hong Kong International Airport,Hong Kong,Hong Kong,HKG,VHHH,22.308901,113.915001,28,8,U,Asia/Hong_Kong,airport,OurAirports,355.0
3081,Sri Guru Ram Dass Jee International Airport,Amritsar,India,ATQ,VIAR,31.7096004486,74.7973022461,756,5.5,N,Asia/Calcutta,airport,OurAirports,9.0
3084,Lal Bahadur Shastri Airport,Varanasi,India,VNS,VIBN,25.4524002075,82.8592987061,266,5.5,N,Asia/Calcutta,airport,OurAirports,10.0
3089,Chandigarh Airport,Chandigarh,India,IXC,VICG,30.673500061035156,76.78849792480469,1012,5.5,N,Asia/Calcutta,airport,OurAirports,9.0
3092,Dehradun Airport,Dehra Dun,India,DED,VIDN,30.189699,78.180298,1831,5.5,N,Asia/Calcutta,airport,OurAirports,5.0
3093,Indira Gandhi International Airport,Delhi,India,DEL,VIDP,28.5665,77.103104,777,5.5,N,Asia/Calcutta,airport,OurAirports,264.0
3097,Jodhpur Airport,Jodhpur,India,JDH,VIJO,26.251100540161133,73.04889678955078,717,5.5,N,Asia/Calcutta,airport,OurAirports,6.0
3098,Jaipur International Airport,Jaipur,India,JAI,VIJP,26.8242,75.812202,1263,5.5,N,Asia/Calcutta,airport,OurAirports,17.0
3100,Jammu Airport,Jammu,India,IXJ,VIJU,32.6890983582,74.8374023438,1029,5.5,N,Asia/Calcutta,airport,OurAirports,12.0
3104,Leh Kushok Bakula Rimpochee Airport,Leh,India,IXL,VILH,34.1358985901,77.5465011597,10682,5.5,N,Asia/Calcutta,airport,OurAirports,6.0
3105,Chaudhary Charan Singh International Airport,Lucknow,India,LKO,VILK,26.7605991364,80.8892974854,410,5.5,N,Asia/Calcutta,airport,OurAirports,18.0
3112,Sheikh ul Alam Airport,Srinagar,India,SXR,VISR,33.987098693847656,74.77420043945312,5429,5.5,N,Asia/Calcutta,airport,OurAirports,14.0
3115,Luang Phabang International Airport,Luang Prabang,Laos,LPQ,VLLB,19.897300720214844,102.16100311279295,955,7,U,Asia/Vientiane,airport,OurAirports,13.0
3116,Pakse International Airport,Pakse,Laos,PKZ,VLPS,15.132100105285645,105.78099822998048,351,7,U,Asia/Vientiane,airport,OurAirports,5.0
3120,Wattay International Airport,Vientiane,Laos,VTE,VLVT,17.988300323500003,102.56300354,564,7,U,Asia/Vientiane,airport,OurAirports,25.0
3121,Macau International Airport,Macau,Macau,MFM,VMMC,22.149599,113.592003,20,8,U,Asia/Macau,airport,OurAirports,79.0
3125,Tribhuvan International Airport,Kathmandu,Nepal,KTM,VNKT,27.6966,85.3591,4390,5.75,N,Asia/Katmandu,airport,OurAirports,44.0
3131,Kempegowda International Airport,Bangalore,India,BLR,VOBL,13.1979,77.706299,3000,5.5,N,Asia/Calcutta,airport,OurAirports,97.0
3135,Coimbatore International Airport,Coimbatore,India,CJB,VOCB,11.029999733,77.0434036255,1324,5.5,N,Asia/Calcutta,airport,OurAirports,17.0
3136,Cochin International Airport,Kochi,India,COK,VOCI,10.152,76.401901,30,5.5,N,Asia/Calcutta,airport,OurAirports,59.0
3137,Calicut International Airport,Calicut,India,CCJ,VOCL,11.1367998123,75.95529937740001,342,5.5,N,Asia/Calcutta,airport,OurAirports,31.0
3142,Madurai Airport,Madurai,India,IXM,VOMD,9.83450984955,78.09339904790001,459,5.5,N,Asia/Calcutta,airport,OurAirports,8.0
3143,Mangalore International Airport,Mangalore,India,IXE,VOML,12.9612998962,74.8900985718,337,5.5,N,Asia/Calcutta,airport,OurAirports,15.0
3144,Chennai International Airport,Madras,India,MAA,VOMM,12.990005493164062,80.16929626464844,52,5.5,N,Asia/Calcutta,airport,OurAirports,107.0
3146,Vir Savarkar International Airport,Port Blair,India,IXZ,VOPB,11.641200065612791,92.72969818115234,14,5.5,N,Asia/Calcutta,airport,OurAirports,11.0
3152,Tiruchirapally Civil Airport Airport,Tiruchirappalli,India,TRZ,VOTR,10.765399932861328,78.70970153808594,288,5.5,N,Asia/Calcutta,airport,OurAirports,9.0
3153,Trivandrum International Airport,Trivandrum,India,TRV,VOTV,8.48211956024,76.9200973511,15,5.5,N,Asia/Calcutta,airport,OurAirports,42.0
3155,Paro Airport,Thimphu,Bhutan,PBH,VQPR,27.4032001495,89.42459869380001,7332,6,N,Asia/Thimphu,airport,OurAirports,5.0
3156,Malé International Airport,Male,Maldives,MLE,VRMM,4.191830158233643,73.52909851074219,6,5,U,Indian/Maldives,airport,OurAirports,44.0
3157,Don Mueang International Airport,Bangkok,Thailand,DMK,VTBD,13.9125995636,100.607002258,9,7,U,Asia/Bangkok,airport,OurAirports,67.0
3174,Krabi Airport,Krabi,Thailand,KBV,VTSG,8.09912014008,98.9861984253,82,7,U,Asia/Bangkok,airport,OurAirports,16.0
3177,Samui Airport,Ko Samui,Thailand,USM,VTSM,9.547789573669998,100.06199646,64,7,U,Asia/Bangkok,airport,OurAirports,18.0
3179,Phuket International Airport,Phuket,Thailand,HKT,VTSP,8.1132,98.316902,82,7,U,Asia/Bangkok,airport,OurAirports,71.0
3181,Hat Yai International Airport,Hat Yai,Thailand,HDY,VTSS,6.93320989609,100.392997742,90,7,U,Asia/Bangkok,airport,OurAirports,6.0
3183,Udon Thani Airport,Udon Thani,Thailand,UTH,VTUD,17.386400222800003,102.788002014,579,7,U,Asia/Bangkok,airport,OurAirports,6.0
3196,Da Nang International Airport,Danang,Vietnam,DAD,VVDN,16.043899536132812,108.1989974975586,33,7,U,Asia/Saigon,airport,OurAirports,33.0
3199,Noi Bai International Airport,Hanoi,Vietnam,HAN,VVNB,21.221200942993164,105.80699920654295,39,7,U,Asia/Saigon,airport,OurAirports,87.0
3204,Phu Quoc International Airport,Phuquoc,Vietnam,PQC,VVPQ,10.1698,103.9931,37,7,U,Asia/Saigon,airport,OurAirports,5.0
3205,Tan Son Nhat International Airport,Ho Chi Minh City,Vietnam,SGN,VVTS,10.8187999725,106.652000427,33,7,U,Asia/Saigon,airport,OurAirports,109.0
3209,Bagan Airport,Bagan,Burma,NYU,VYBG,21.178800582885746,94.9301986694336,312,6.5,U,Asia/Rangoon,airport,OurAirports,7.0
3213,Heho Airport,Heho,Burma,HEH,VYHH,20.746999740600582,96.79199981689452,3858,6.5,U,Asia/Rangoon,airport,OurAirports,7.0
3222,Mandalay International Airport,Mandalay,Burma,MDL,VYMD,21.70219993591309,95.97789764404295,300,6.5,U,Asia/Rangoon,airport,OurAirports,17.0
3237,Tachileik Airport,Tachilek,Burma,THL,VYTL,20.483800888061523,99.9354019165039,1280,6.5,U,Asia/Rangoon,airport,OurAirports,5.0
3239,Yangon International Airport,Yangon,Burma,RGN,VYYY,16.907300949099998,96.1332015991,109,6.5,U,Asia/Rangoon,airport,OurAirports,49.0
3240,Hasanuddin International Airport,Ujung Pandang,Indonesia,UPG,WAAA,-5.061629772186279,119.5540008544922,47,8,N,Asia/Makassar,airport,OurAirports,56.0
3244,Sentani International Airport,Jayapura,Indonesia,DJJ,WAJJ,-2.5769500733,140.5160064698,289,9,N,Asia/Jayapura,airport,OurAirports,17.0
3249,Mutiara Airport,Palu,Indonesia,PLW,WAML,-0.9185420274734496,119.91000366210938,284,8,N,Asia/Makassar,airport,OurAirports,8.0
3250,Sam Ratulangi Airport,Manado,Indonesia,MDC,WAMM,1.5492600202560425,124.9260025024414,264,8,N,Asia/Makassar,airport,OurAirports,21.0
3253,Sultan Khairun Babullah Airport,Ternate,Indonesia,TTE,WAMT,0.831413984298706,127.38099670410156,49,9,N,Asia/Jayapura,airport,OurAirports,8.0
3256,"Pattimura Airport, Ambon",Ambon,Indonesia,AMQ,WAPP,-3.7102599144,128.089004517,33,9,N,Asia/Jayapura,airport,OurAirports,14.0
3260,Rendani Airport,Manokwari,Indonesia,MKW,WASR,-0.8918330073356628,134.0489959716797,23,9,N,Asia/Jayapura,airport,OurAirports,7.0
3261,Dominique Edward Osok Airport,Sorong,Indonesia,SOQ,WAXX,-0.894,131.287,10,9,N,Asia/Jayapura,airport,OurAirports,8.0
3262,Bintulu Airport,Bintulu,Malaysia,BTU,WBGB,3.12385010719,113.019996643,74,8,N,Asia/Kuala_Lumpur,airport,OurAirports,7.0
3263,Kuching International Airport,Kuching,Malaysia,KCH,WBGG,1.4846999645233154,110.34700012207033,89,8,N,Asia/Kuala_Lumpur,airport,OurAirports,26.0
3265,Marudi Airport,Marudi,Malaysia,MUR,WBGM,4.178979873657227,114.3290023803711,103,8,N,Asia/Kuala_Lumpur,airport,OurAirports,6.0
3266,Miri Airport,Miri,Malaysia,MYY,WBGR,4.322010040283203,113.98699951171876,59,8,N,Asia/Kuala_Lumpur,airport,OurAirports,24.0
3267,Sibu Airport,Sibu,Malaysia,SBW,WBGS,2.2616000175476074,111.98500061035156,122,8,N,Asia/Kuala_Lumpur,airport,OurAirports,9.0
3269,Kota Kinabalu International Airport,Kota Kinabalu,Malaysia,BKI,WBKK,5.9372100830078125,116.0510025024414,10,8,N,Asia/Kuala_Lumpur,airport,OurAirports,52.0
3271,Tawau Airport,Tawau,Malaysia,TWU,WBKW,4.320159912109375,118.12799835205078,57,8,N,Asia/Kuala_Lumpur,airport,OurAirports,7.0
3272,Brunei International Airport,Bandar Seri Begawan,Brunei,BWN,WBSB,4.944200038909912,114.9280014038086,73,8,U,Asia/Brunei,airport,OurAirports,23.0
3273,Sultan Syarif Kasim Ii (Simpang Tiga) Airport,Pekanbaru,Indonesia,PKU,WIBB,0.4607860147953033,101.44499969482422,102,7,N,Asia/Jakarta,airport,OurAirports,18.0
3275,Soekarno-Hatta International Airport,Jakarta,Indonesia,CGK,WIII,-6.1255698204,106.65599823,34,7,N,Asia/Jakarta,airport,OurAirports,185.0
3278,Minangkabau International Airport,Padang,Indonesia,PDG,WIPT,-0.786917,100.280998,18,7,N,Asia/Jakarta,airport,OurAirports,7.0
3284,Supadio Airport,Pontianak,Indonesia,PNK,WIOO,-0.1507109999656677,109.40399932861328,10,7,N,Asia/Jakarta,airport,OurAirports,6.0
3287,Sultan Thaha Airport,Jambi,Indonesia,DJB,WIPA,-1.6380200386047363,103.6439971923828,82,7,N,Asia/Jakarta,airport,OurAirports,6.0
3288,Fatmawati Soekarno Airport,Bengkulu,Indonesia,BKS,WIPL,-3.8637,102.338997,50,7,N,Asia/Jakarta,airport,OurAirports,5.0
3289,Sultan Mahmud Badaruddin II Airport,Palembang,Indonesia,PLM,WIPP,-2.8982501029968,104.69999694824,49,7,N,Asia/Jakarta,airport,OurAirports,14.0
3294,Sultan Iskandar Muda International Airport,Banda Aceh,Indonesia,BTJ,WITT,5.522872024010001,95.42063713070002,65,7,N,Asia/Jakarta,airport,OurAirports,5.0
3296,Sultan Abdul Halim Airport,Alor Setar,Malaysia,AOR,WMKA,6.189670085906982,100.39800262451172,15,8,N,Asia/Kuala_Lumpur,airport,OurAirports,5.0
3298,Sultan Ismail Petra Airport,Kota Bahru,Malaysia,KBR,WMKC,6.1668500900268555,102.29299926757812,16,8,N,Asia/Kuala_Lumpur,airport,OurAirports,14.0
3299,Kuantan Airport,Kuantan,Malaysia,KUA,WMKD,3.7753899097442623,103.20899963378906,58,8,N,Asia/Kuala_Lumpur,airport,OurAirports,5.0
3303,Senai International Airport,Johor Bahru,Malaysia,JHB,WMKJ,1.64131,103.669998,135,8,N,Asia/Kuala_Lumpur,airport,OurAirports,18.0
3304,Kuala Lumpur International Airport,Kuala Lumpur,Malaysia,KUL,WMKK,2.745579957962,101.70999908447,69,8,N,Asia/Kuala_Lumpur,airport,OurAirports,257.0
3305,Langkawi International Airport,Langkawi,Malaysia,LGK,WMKL,6.329730033874512,99.72869873046876,29,8,N,Asia/Kuala_Lumpur,airport,OurAirports,17.0
3307,Sultan Mahmud Airport,Kuala Terengganu,Malaysia,TGG,WMKN,5.3826398849487305,103.10299682617188,21,8,N,Asia/Kuala_Lumpur,airport,OurAirports,7.0
3308,Penang International Airport,Penang,Malaysia,PEN,WMKP,5.297140121459961,100.2770004272461,11,8,N,Asia/Kuala_Lumpur,airport,OurAirports,42.0
3316,Singapore Changi Airport,Singapore,Singapore,SIN,WSSS,1.35019,103.994003,22,8,N,Asia/Singapore,airport,OurAirports,408.0
3319,Alice Springs Airport,Alice Springs,Australia,ASP,YBAS,-23.806699752807617,133.90199279785156,1789,9.5,N,Australia/Darwin,airport,OurAirports,11.0
3320,Brisbane International Airport,Brisbane,Australia,BNE,YBBN,-27.384199142456055,153.11700439453125,13,10,N,Australia/Brisbane,airport,OurAirports,152.0
3321,Gold Coast Airport,Coolangatta,Australia,OOL,YBCG,-28.1644001007,153.505004883,21,10,N,Australia/Brisbane,airport,OurAirports,28.0
3322,Cairns International Airport,Cairns,Australia,CNS,YBCS,-16.885799408,145.755004883,10,10,N,Australia/Brisbane,airport,OurAirports,56.0
3324,Mount Isa Airport,Mount Isa,Australia,ISA,YBMA,-20.663900375399997,139.488998413,1121,10,O,Australia/Brisbane,airport,OurAirports,13.0
3325,Sunshine Coast Airport,Maroochydore,Australia,MCY,YBMC,-26.6033,153.091003,15,10,O,Australia/Brisbane,airport,OurAirports,5.0
3326,Mackay Airport,Mackay,Australia,MKY,YBMK,-21.171699523900003,149.179992676,19,10,O,Australia/Brisbane,airport,OurAirports,7.0
3329,Rockhampton Airport,Rockhampton,Australia,ROK,YBRK,-23.3819007874,150.475006104,34,10,O,Australia/Brisbane,airport,OurAirports,5.0
3330,Townsville Airport,Townsville,Australia,TSV,YBTL,-19.252500534057617,146.76499938964844,18,10,N,Australia/Brisbane,airport,OurAirports,16.0
3336,Hobart International Airport,Hobart,Australia,HBA,YMHB,-42.836101532,147.509994507,13,10,O,Australia/Melbourne,airport,OurAirports,9.0
3337,Launceston Airport,Launceston,Australia,LST,YMLT,-41.54529953,147.214004517,562,10,O,Australia/Melbourne,airport,OurAirports,8.0
3339,Melbourne International Airport,Melbourne,Australia,MEL,YMML,-37.673302,144.843002,434,10,O,Australia/Hobart,airport,OurAirports,137.0
3341,Adelaide International Airport,Adelaide,Australia,ADL,YPAD,-34.945,138.531006,20,9.5,O,Australia/Adelaide,airport,OurAirports,51.0
3345,Karratha Airport,Karratha,Australia,KTA,YPKA,-20.712200164799995,116.773002625,29,8,O,Australia/Perth,airport,OurAirports,7.0
3346,Kalgoorlie Boulder Airport,Kalgoorlie,Australia,KGI,YPKG,-30.789400100699996,121.461997986,1203,8,O,Australia/Perth,airport,OurAirports,5.0
3347,Kununurra Airport,Kununurra,Australia,KNX,YPKU,-15.7781000137,128.707992554,145,8,O,Australia/Perth,airport,OurAirports,8.0
3349,Port Hedland International Airport,Port Hedland,Australia,PHE,YPPD,-20.3777999878,118.625999451,33,8,O,Australia/Perth,airport,OurAirports,8.0
3351,Perth International Airport,Perth,Australia,PER,YPPH,-31.94029998779297,115.96700286865234,67,8,N,Australia/Perth,airport,OurAirports,92.0
3355,Canberra International Airport,Canberra,Australia,CBR,YSCB,-35.30690002441406,149.19500732421875,1886,10,O,Australia/Sydney,airport,OurAirports,13.0
3361,Sydney Kingsford Smith International Airport,Sydney,Australia,SYD,YSSY,-33.94609832763672,151.177001953125,21,10,O,Australia/Sydney,airport,OurAirports,208.0
3364,Beijing Capital International Airport,Beijing,China,PEK,ZBAA,40.080101013183594,116.58499908447266,116,8,U,Asia/Shanghai,airport,OurAirports,535.0
3366,Dongshan Airport,Hailar,China,HLD,ZBLA,49.2050018311,119.824996948,2169,8,U,Asia/Shanghai,airport,OurAirports,18.0
3368,Tianjin Binhai International Airport,Tianjin,China,TSN,ZBTJ,39.124401092499994,117.346000671,10,8,U,Asia/Shanghai,airport,OurAirports,147.0
3369,Taiyuan Wusu Airport,Taiyuan,China,TYN,ZBYN,37.74689865112305,112.62799835205078,2575,8,U,Asia/Shanghai,airport,OurAirports,110.0
3370,Guangzhou Baiyun International Airport,Guangzhou,China,CAN,ZGGG,23.39240074157715,113.29900360107422,50,8,U,Asia/Shanghai,airport,OurAirports,338.0
3371,Changsha Huanghua International Airport,Changcha,China,CSX,ZGHA,28.189199447599997,113.220001221,217,8,U,Asia/Shanghai,airport,OurAirports,189.0
3372,Guilin Liangjiang International Airport,Guilin,China,KWL,ZGKL,25.21809959411621,110.03900146484376,570,8,U,Asia/Shanghai,airport,OurAirports,107.0
3373,Nanning Wuxu Airport,Nanning,China,NNG,ZGNN,22.608299255371097,108.1719970703125,421,8,U,Asia/Shanghai,airport,OurAirports,114.0
3374,Shenzhen Bao'an International Airport,Shenzhen,China,SZX,ZGSZ,22.639299392700195,113.81099700927734,13,8,U,Asia/Shanghai,airport,OurAirports,234.0
3375,Zhengzhou Xinzheng International Airport,Zhengzhou,China,CGO,ZHCC,34.519699096699995,113.841003418,495,8,U,Asia/Shanghai,airport,OurAirports,174.0
3376,Wuhan Tianhe International Airport,Wuhan,China,WUH,ZHHH,30.7838,114.208,113,8,U,Asia/Shanghai,airport,OurAirports,187.0
3377,Pyongyang Sunan International Airport,Pyongyang,North Korea,FNJ,ZKPY,39.224098,125.669998,117,8.5,U,Asia/Pyongyang,airport,OurAirports,5.0
3378,Lanzhou Zhongchuan Airport,Lanzhou,China,LHW,ZLLL,36.5152015686,103.620002747,6388,8,U,Asia/Shanghai,airport,OurAirports,84.0
3379,Xi'an Xianyang International Airport,Xi'an,China,XIY,ZLXY,34.447102,108.751999,1572,8,U,Asia/Shanghai,airport,OurAirports,283.0
3380,Chinggis Khaan International Airport,Ulan Bator,Mongolia,ULN,ZMUB,47.843102,106.766998,4364,8,U,Asia/Ulaanbaatar,airport,OurAirports,21.0
3381,Xishuangbanna Gasa Airport,Jinghonggasa,China,JHG,ZPJH,21.973899841308594,100.76000213623048,1815,8,U,Asia/Shanghai,airport,OurAirports,24.0
3382,Kunming Changshui International Airport,Kunming,China,KMG,ZPPP,25.1019444,102.9291667,6903,8,N,Asia/Shanghai,airport,OurAirports,273.0
3383,Xiamen Gaoqi International Airport,Xiamen,China,XMN,ZSAM,24.54400062561035,118.12799835205078,59,8,U,Asia/Shanghai,airport,OurAirports,233.0
3384,Nanchang Changbei International Airport,Nanchang,China,KHN,ZSCN,28.864999771118164,115.9000015258789,143,8,U,Asia/Shanghai,airport,OurAirports,86.0
3385,Fuzhou Changle International Airport,Fuzhou,China,FOC,ZSFZ,25.93510055541992,119.66300201416016,46,8,U,Asia/Shanghai,airport,OurAirports,133.0
3386,Hangzhou Xiaoshan International Airport,Hangzhou,China,HGH,ZSHC,30.22949981689453,120.43399810791016,23,8,U,Asia/Shanghai,airport,OurAirports,252.0
3387,Ningbo Lishe International Airport,Ninbo,China,NGB,ZSNB,29.82670021057129,121.46199798583984,13,8,U,Asia/Shanghai,airport,OurAirports,84.0
3388,Nanjing Lukou Airport,Nanjing,China,NKG,ZSNJ,31.742000579833984,118.86199951171876,49,8,U,Asia/Shanghai,airport,OurAirports,165.0
3389,Hefei Luogang International Airport,Hefei,China,HFE,ZSOF,31.780000686645508,117.2979965209961,108,8,U,Asia/Shanghai,airport,OurAirports,77.0
3390,Liuting Airport,Qingdao,China,TAO,ZSQD,36.2661018372,120.374000549,33,8,U,Asia/Shanghai,airport,OurAirports,188.0
3391,Shanghai Hongqiao International Airport,Shanghai,China,SHA,ZSSS,31.197900772094727,121.33599853515624,10,8,U,Asia/Shanghai,airport,OurAirports,205.0
3392,Yantai Laishan Airport,Yantai,China,YNT,ZSYT,37.40169906616211,121.37200164794922,59,8,U,Asia/Shanghai,airport,OurAirports,56.0
3393,Chongqing Jiangbei International Airport,Chongqing,China,CKG,ZUCK,29.719200134277344,106.64199829101562,1365,8,U,Asia/Shanghai,airport,OurAirports,270.0
3394,Longdongbao Airport,Guiyang,China,KWE,ZUGY,26.53849983215332,106.8010025024414,3736,8,U,Asia/Shanghai,airport,OurAirports,137.0
3395,Chengdu Shuangliu International Airport,Chengdu,China,CTU,ZUUU,30.578500747680664,103.9469985961914,1625,8,U,Asia/Shanghai,airport,OurAirports,324.0
3396,Xichang Qingshan Airport,Xichang,China,XIC,ZUXC,27.989099502563477,102.18399810791016,5112,8,U,Asia/Shanghai,airport,OurAirports,5.0
3397,Kashgar Airport,Kashi,China,KHG,ZWSH,39.5429000854,76.0199966431,4529,8,U,Asia/Shanghai,airport,OurAirports,13.0
3398,Hotan Airport,Hotan,China,HTN,ZWTN,37.03850173950195,79.86489868164062,4672,8,U,Asia/Shanghai,airport,OurAirports,6.0
3399,Ürümqi Diwopu International Airport,Urumqi,China,URC,ZWWW,43.907100677490234,87.47419738769531,2125,8,U,Asia/Shanghai,airport,OurAirports,153.0
3400,Taiping Airport,Harbin,China,HRB,ZYHB,45.6234016418457,126.25,457,8,U,Asia/Shanghai,airport,OurAirports,129.0
3402,Mudanjiang Hailang International Airport,Mudanjiang,China,MDG,ZYMD,44.5241012573,129.569000244,883,8,U,Asia/Shanghai,airport,OurAirports,10.0
3404,Zhoushuizi Airport,Dalian,China,DLC,ZYTL,38.9656982421875,121.53900146484376,107,8,U,Asia/Shanghai,airport,OurAirports,142.0
3406,Shanghai Pudong International Airport,Shanghai,China,PVG,ZSPD,31.143400192260746,121.80500030517578,13,8,U,Asia/Shanghai,airport,OurAirports,411.0
3408,Sultan Abdul Aziz Shah International Airport,Kuala Lumpur,Malaysia,SZB,WMSA,3.130579948425293,101.54900360107422,90,8,N,Asia/Kuala_Lumpur,airport,OurAirports,29.0
3410,Borg El Arab International Airport,Alexandria,Egypt,HBE,HEBA,30.917699813842773,29.696399688720703,177,2,U,Africa/Cairo,airport,OurAirports,42.0
3417,Bettles Airport,Bettles,United States,BTT,PABT,66.91390228,-151.529007,647,-9,A,America/Anchorage,airport,OurAirports,5.0
3420,Fort Yukon Airport,Fort Yukon,United States,FYU,PFYU,66.57150268554688,-145.25,433,-9,A,America/Anchorage,airport,OurAirports,6.0
3437,Fort Smith Regional Airport,Fort Smith,United States,FSM,KFSM,35.33660125732422,-94.36740112304688,469,-6,A,America/Chicago,airport,OurAirports,5.0
3442,Grand Forks International Airport,Grand Forks,United States,GFK,KGFK,47.949299,-97.176102,845,-6,A,America/Chicago,airport,OurAirports,5.0
3447,Trenton Mercer Airport,Trenton,United States,TTN,KTTN,40.27669906616211,-74.8134994506836,213,-5,A,America/New_York,airport,OurAirports,14.0
3448,General Edward Lawrence Logan International Airport,Boston,United States,BOS,KBOS,42.36429977,-71.00520325,20,-5,A,America/New_York,airport,OurAirports,212.0
3453,Metropolitan Oakland International Airport,Oakland,United States,OAK,KOAK,37.721298,-122.221001,9,-8,A,America/Los_Angeles,airport,OurAirports,54.0
3454,Eppley Airfield,Omaha,United States,OMA,KOMA,41.3032,-95.894096,984,-6,A,America/Chicago,airport,OurAirports,34.0
3456,Kahului Airport,Kahului,United States,OGG,PHOG,20.8986,-156.429993,54,-10,N,Pacific/Honolulu,airport,OurAirports,42.0
3457,Wichita Eisenhower National Airport,Wichita,United States,ICT,KICT,37.649899,-97.433098,1333,-6,A,America/Chicago,airport,OurAirports,20.0
3458,Kansas City International Airport,Kansas City,United States,MCI,KMCI,39.2976,-94.713898,1026,-6,A,America/Chicago,airport,OurAirports,82.0
3459,Dane County Regional Truax Field,Madison,United States,MSN,KMSN,43.13990020751953,-89.3375015258789,887,-6,A,America/Chicago,airport,OurAirports,17.0
3462,Phoenix Sky Harbor International Airport,Phoenix,United States,PHX,KPHX,33.43429946899414,-112.01200103759766,1135,-7,N,America/Phoenix,airport,OurAirports,251.0
3463,Bangor International Airport,Bangor,United States,BGR,KBGR,44.80739974975586,-68.8281021118164,192,-5,A,America/New_York,airport,OurAirports,8.0
3467,Spokane International Airport,Spokane,United States,GEG,KGEG,47.61989974975586,-117.53399658203124,2376,-8,A,America/Los_Angeles,airport,OurAirports,15.0
3469,San Francisco International Airport,San Francisco,United States,SFO,KSFO,37.61899948120117,-122.375,13,-8,A,America/Los_Angeles,airport,OurAirports,249.0
3472,Gainesville Regional Airport,Gainesville,United States,GNV,KGNV,29.6900997162,-82.2717971802,152,-5,A,America/New_York,airport,OurAirports,12.0
3473,Memphis International Airport,Memphis,United States,MEM,KMEM,35.04240036010742,-89.97669982910156,341,-6,A,America/Chicago,airport,OurAirports,58.0
3484,Los Angeles International Airport,Los Angeles,United States,LAX,KLAX,33.94250107,-118.4079971,125,-8,A,America/Los_Angeles,airport,OurAirports,492.0
3486,Cleveland Hopkins International Airport,Cleveland,United States,CLE,KCLE,41.4117012024,-81.8498001099,791,-5,A,America/New_York,airport,OurAirports,81.0
3488,Cincinnati Northern Kentucky International Airport,Cincinnati,United States,CVG,KCVG,39.0488014221,-84.6678009033,896,-5,A,America/New_York,airport,OurAirports,75.0
3492,Juneau International Airport,Juneau,United States,JNU,PAJN,58.35499954223633,-134.5760040283203,21,-9,A,America/Anchorage,airport,OurAirports,20.0
3493,Lafayette Regional Airport,Lafayette,United States,LFT,KLFT,30.20529938,-91.98760223,42,-6,A,America/Chicago,airport,OurAirports,6.0
3494,Newark Liberty International Airport,Newark,United States,EWR,KEWR,40.692501068115234,-74.168701171875,18,-5,A,America/New_York,airport,OurAirports,253.0
3495,Boise Air Terminal/Gowen Field,Boise,United States,BOI,KBOI,43.5644,-116.223,2871,-7,A,America/Denver,airport,OurAirports,21.0
3498,Minot International Airport,Minot,United States,MOT,KMOT,48.2593994140625,-101.27999877929688,1716,-6,A,America/Chicago,airport,OurAirports,5.0
3502,Dallas Love Field,Dallas,United States,DAL,KDAL,32.847099,-96.851799,487,-6,A,America/Chicago,airport,OurAirports,39.0
3504,Helena Regional Airport,Helena,United States,HLN,KHLN,46.6068000793457,-111.98300170898438,3877,-7,A,America/Denver,airport,OurAirports,5.0
3514,Ellison Onizuka Kona International At Keahole Airport,Kona,United States,KOA,PHKO,19.738783,-156.045603,47,-10,N,Pacific/Honolulu,airport,OurAirports,20.0
3515,Myrtle Beach International Airport,Myrtle Beach,United States,MYR,KMYR,33.6796989441,-78.9282989502,25,-5,A,America/New_York,airport,OurAirports,34.0
3517,Nantucket Memorial Airport,Nantucket,United States,ACK,KACK,41.25310135,-70.06020355,47,-5,A,America/New_York,airport,OurAirports,6.0
3520,Ronald Reagan Washington National Airport,Washington,United States,DCA,KDCA,38.8521,-77.037697,15,-5,A,America/New_York,airport,OurAirports,196.0
3524,Atlantic City International Airport,Atlantic City,United States,ACY,KACY,39.45759963989258,-74.57720184326172,75,-5,A,America/New_York,airport,OurAirports,10.0
3531,Kodiak Airport,Kodiak,United States,ADQ,PADQ,57.75,-152.4940033,78,-9,A,America/Anchorage,airport,OurAirports,11.0
3533,Fort Lauderdale Hollywood International Airport,Fort Lauderdale,United States,FLL,KFLL,26.072599,-80.152702,9,-5,A,America/New_York,airport,OurAirports,186.0
3536,Salt Lake City International Airport,Salt Lake City,United States,SLC,KSLC,40.78839874267578,-111.97799682617188,4227,-7,A,America/Denver,airport,OurAirports,141.0
3542,Harrisburg International Airport,Harrisburg,United States,MDT,KMDT,40.1935005188,-76.7633972168,310,-5,A,America/New_York,airport,OurAirports,20.0
3544,Capital City Airport,Lansing,United States,LAN,KLAN,42.77870178222656,-84.58740234375,861,-5,A,America/New_York,airport,OurAirports,8.0
3550,George Bush Intercontinental Houston Airport,Houston,United States,IAH,KIAH,29.984399795532227,-95.34140014648438,97,-6,A,America/Chicago,airport,OurAirports,243.0
3558,Meadows Field,Bakersfield,United States,BFL,KBFL,35.43360138,-119.0569992,510,-8,A,America/Los_Angeles,airport,OurAirports,6.0
3559,El Paso International Airport,El Paso,United States,ELP,KELP,31.80719948,-106.3779984,3959,-7,A,America/Denver,airport,OurAirports,24.0
3560,Valley International Airport,Harlingen,United States,HRL,KHRL,26.228500366210938,-97.65440368652344,36,-6,A,America/Chicago,airport,OurAirports,7.0
3561,Columbia Metropolitan Airport,Columbia,United States,CAE,KCAE,33.93880081176758,-81.11949920654297,236,-5,A,America/New_York,airport,OurAirports,17.0
3564,Pensacola Regional Airport,Pensacola,United States,PNS,KPNS,30.473400115967,-87.186599731445,121,-6,A,America/Chicago,airport,OurAirports,21.0
3566,William P Hobby Airport,Houston,United States,HOU,KHOU,29.64539909,-95.27890015,46,-6,A,America/Chicago,airport,OurAirports,79.0
3570,Pittsburgh International Airport,Pittsburgh,United States,PIT,KPIT,40.49150085,-80.23290253,1203,-5,A,America/New_York,airport,OurAirports,74.0
3571,Wiley Post Will Rogers Memorial Airport,Barrow,United States,BRW,PABR,71.285402,-156.766008,44,-9,A,America/Anchorage,airport,OurAirports,7.0
3576,Miami International Airport,Miami,United States,MIA,KMIA,25.79319953918457,-80.29060363769531,8,-5,A,America/New_York,airport,OurAirports,368.0
3577,Seattle Tacoma International Airport,Seattle,United States,SEA,KSEA,47.449001,-122.308998,433,-8,A,America/Los_Angeles,airport,OurAirports,201.0
3578,Lovell Field,Chattanooga,United States,CHA,KCHA,35.035301208496094,-85.20379638671875,683,-5,A,America/New_York,airport,OurAirports,16.0
3580,Jackson-Medgar Wiley Evers International Airport,Jackson,United States,JAN,KJAN,32.3111991882,-90.0758972168,346,-6,A,America/Chicago,airport,OurAirports,18.0
3582,Long Beach /Daugherty Field/ Airport,Long Beach,United States,LGB,KLGB,33.81769943,-118.1520004,60,-8,A,America/Los_Angeles,airport,OurAirports,18.0
3585,Indianapolis International Airport,Indianapolis,United States,IND,KIND,39.7173,-86.294403,797,-5,A,America/New_York,airport,OurAirports,69.0
3589,Westchester County Airport,White Plains,United States,HPN,KHPN,41.06700134277344,-73.70760345458984,439,-5,A,America/New_York,airport,OurAirports,23.0
3599,Bethel Airport,Bethel,United States,BET,PABE,60.77980042,-161.8379974,126,-9,A,America/Anchorage,airport,OurAirports,29.0
3602,Lihue Airport,Lihue,United States,LIH,PHLI,21.97599983215332,-159.33900451660156,153,-10,N,Pacific/Honolulu,airport,OurAirports,21.0
3608,Richmond International Airport,Richmond,United States,RIC,KRIC,37.50519943237305,-77.3197021484375,167,-5,A,America/New_York,airport,OurAirports,38.0
3609,Shreveport Regional Airport,Shreveport,United States,SHV,KSHV,32.446602,-93.8256,258,-6,A,America/Chicago,airport,OurAirports,8.0
3611,Norfolk International Airport,Norfolk,United States,ORF,KORF,36.89459991455078,-76.20120239257812,26,-5,A,America/New_York,airport,OurAirports,36.0
3613,Savannah Hilton Head International Airport,Savannah,United States,SAV,KSAV,32.12760162,-81.20210266,50,-5,A,America/New_York,airport,OurAirports,23.0
3615,Nome Airport,Nome,United States,OME,PAOM,64.51219940185547,-165.44500732421875,37,-9,A,America/Anchorage,airport,OurAirports,25.0
3617,St Petersburg Clearwater International Airport,St. Petersburg,United States,PIE,KPIE,27.91020012,-82.68740082,11,-5,A,America/New_York,airport,OurAirports,31.0
3620,Deadhorse Airport,Deadhorse,United States,SCC,PASC,70.19470215,-148.4649963,65,-9,A,America/Anchorage,airport,OurAirports,5.0
3621,San Antonio International Airport,San Antonio,United States,SAT,KSAT,29.533700942993164,-98.46980285644533,809,-6,A,America/Chicago,airport,OurAirports,68.0
3622,Greater Rochester International Airport,Rochester,United States,ROC,KROC,43.118900299072266,-77.67240142822266,559,-5,A,America/New_York,airport,OurAirports,30.0
3626,Raleigh Durham International Airport,Raleigh-durham,United States,RDU,KRDU,35.877601623535156,-78.7874984741211,435,-5,A,America/New_York,airport,OurAirports,83.0
3627,James M Cox Dayton International Airport,Dayton,United States,DAY,KDAY,39.902400970458984,-84.21939849853516,1009,-5,A,America/New_York,airport,OurAirports,32.0
3630,Niagara Falls International Airport,Niagara Falls,United States,IAG,KIAG,43.1072998046875,-78.94619750976562,589,-5,A,America/New_York,airport,OurAirports,5.0
3633,Newport News Williamsburg International Airport,Newport News,United States,PHF,KPHF,37.13190079,-76.49299622,42,-5,A,America/New_York,airport,OurAirports,9.0
3636,Tucson International Airport,Tucson,United States,TUS,KTUS,32.1161003112793,-110.94100189208984,2643,-7,N,America/Phoenix,airport,OurAirports,31.0
3641,Theodore Francis Green State Airport,Providence,United States,PVD,KPVD,41.732601,-71.420403,55,-5,A,America/New_York,airport,OurAirports,27.0
3644,Bob Hope Airport,Burbank,United States,BUR,KBUR,34.20069885253906,-118.35900115966795,778,-8,A,America/Los_Angeles,airport,OurAirports,18.0
3645,Detroit Metropolitan Wayne County Airport,Detroit,United States,DTW,KDTW,42.212398529052734,-83.35340118408203,645,-5,A,America/New_York,airport,OurAirports,216.0
3646,Tampa International Airport,Tampa,United States,TPA,KTPA,27.975500106811523,-82.533203125,26,-5,A,America/New_York,airport,OurAirports,138.0
3652,Midland International Airport,Midland,United States,MAF,KMAF,31.9424991607666,-102.2020034790039,2871,-6,A,America/Chicago,airport,OurAirports,8.0
3653,Austin Straubel International Airport,Green Bay,United States,GRB,KGRB,44.48509979248047,-88.12960052490234,695,-6,A,America/Chicago,airport,OurAirports,8.0
3658,Augusta Regional At Bush Field,Bush Field,United States,AGS,KAGS,33.36989974975586,-81.9645004272461,144,-5,A,America/New_York,airport,OurAirports,7.0
3660,Bill & Hillary Clinton National Airport/Adams Field,Little Rock,United States,LIT,KLIT,34.729400634799994,-92.2242965698,262,-6,A,America/Chicago,airport,OurAirports,29.0
3661,Stewart International Airport,Newburgh,United States,SWF,KSWF,41.50410079956055,-74.10479736328125,491,-5,A,America/New_York,airport,OurAirports,6.0
3670,Dallas Fort Worth International Airport,Dallas-Fort Worth,United States,DFW,KDFW,32.896801,-97.038002,607,-6,A,America/Chicago,airport,OurAirports,469.0
3671,Melbourne International Airport,Melbourne,United States,MLB,KMLB,28.102800369262695,-80.64530181884766,33,-5,A,America/New_York,airport,OurAirports,5.0
3673,Austin Bergstrom International Airport,Austin,United States,AUS,KAUS,30.194499969482425,-97.6698989868164,542,-6,A,America/Chicago,airport,OurAirports,83.0
3676,McGhee Tyson Airport,Knoxville,United States,TYS,KTYS,35.81100082,-83.9940033,981,-5,A,America/New_York,airport,OurAirports,31.0
3678,St Louis Lambert International Airport,St. Louis,United States,STL,KSTL,38.748697,-90.370003,618,-6,A,America/Chicago,airport,OurAirports,114.0
3682,Hartsfield Jackson Atlanta International Airport,Atlanta,United States,ATL,KATL,33.6367,-84.428101,1026,-5,A,America/New_York,airport,OurAirports,915.0
3685,Gerald R. Ford International Airport,Grand Rapids,United States,GRR,KGRR,42.88079834,-85.52279663,794,-5,A,America/New_York,airport,OurAirports,28.0
3687,Fresno Yosemite International Airport,Fresno,United States,FAT,KFAT,36.77619934082031,-119.71800231933594,336,-8,A,America/Los_Angeles,airport,OurAirports,20.0
3690,Nashville International Airport,Nashville,United States,BNA,KBNA,36.1245002746582,-86.6781997680664,599,-6,A,America/Chicago,airport,OurAirports,82.0
3693,Ralph Wien Memorial Airport,Kotzebue,United States,OTZ,PAOT,66.88469696,-162.598999,14,-9,A,America/Anchorage,airport,OurAirports,22.0
3697,La Guardia Airport,New York,United States,LGA,KLGA,40.77719879,-73.87259674,21,-5,A,America/New_York,airport,OurAirports,158.0
3698,Tallahassee Regional Airport,Tallahassee,United States,TLH,KTLH,30.396499633789062,-84.35030364990234,81,-5,A,America/New_York,airport,OurAirports,15.0
3711,Burlington International Airport,Burlington,United States,BTV,KBTV,44.4719009399,-73.15329742429999,335,-5,A,America/New_York,airport,OurAirports,13.0
3712,Jacksonville International Airport,Jacksonville,United States,JAX,KJAX,30.49410057067871,-81.68789672851562,30,-5,A,America/New_York,airport,OurAirports,46.0
3713,Durango La Plata County Airport,Durango,United States,DRO,KDRO,37.1515007019,-107.753997803,6685,-7,A,America/Denver,airport,OurAirports,5.0
3714,Washington Dulles International Airport,Washington,United States,IAD,KIAD,38.94449997,-77.45580292,312,-5,A,America/New_York,airport,OurAirports,196.0
3717,General Mitchell International Airport,Milwaukee,United States,MKE,KMKE,42.94720077514648,-87.89659881591797,723,-6,A,America/Chicago,airport,OurAirports,65.0
3720,Portland International Airport,Portland,United States,PDX,KPDX,45.58869934,-122.5979996,31,-8,A,America/Los_Angeles,airport,OurAirports,113.0
3722,Palm Beach International Airport,West Palm Beach,United States,PBI,KPBI,26.68320083618164,-80.09559631347656,19,-5,A,America/New_York,airport,OurAirports,44.0
3728,Daniel K Inouye International Airport,Honolulu,United States,HNL,PHNL,21.32062,-157.924228,13,-10,N,Pacific/Honolulu,airport,OurAirports,118.0
3729,Des Moines International Airport,Des Moines,United States,DSM,KDSM,41.53400039672851,-93.66310119628906,958,-6,A,America/Chicago,airport,OurAirports,29.0
3730,Coastal Carolina Regional Airport,New Bern,United States,EWN,KEWN,35.0730018616,-77.04290008539999,18,-5,A,America/New_York,airport,OurAirports,5.0
3731,San Diego International Airport,San Diego,United States,SAN,KSAN,32.7336006165,-117.190002441,17,-8,A,America/Los_Angeles,airport,OurAirports,119.0
3732,Monroe Regional Airport,Monroe,United States,MLU,KMLU,32.51089859008789,-92.0376968383789,79,-6,A,America/Chicago,airport,OurAirports,6.0
3734,Ontario International Airport,Ontario,United States,ONT,KONT,34.055999755859375,-117.60099792480467,944,-8,A,America/Los_Angeles,airport,OurAirports,24.0
3743,Four Corners Regional Airport,Farmington,United States,FMN,KFMN,36.7411994934,-108.230003357,5506,-7,A,America/Denver,airport,OurAirports,9.0
3744,Corpus Christi International Airport,Corpus Christi,United States,CRP,KCRP,27.77039909362793,-97.5011978149414,44,-6,A,America/Chicago,airport,OurAirports,5.0
3745,Syracuse Hancock International Airport,Syracuse,United States,SYR,KSYR,43.11119842529297,-76.1063003540039,421,-5,A,America/New_York,airport,OurAirports,26.0
3747,Chicago Midway International Airport,Chicago,United States,MDW,KMDW,41.785999,-87.752403,620,-6,A,America/Chicago,airport,OurAirports,139.0
3748,Norman Y. Mineta San Jose International Airport,San Jose,United States,SJC,KSJC,37.362598,-121.929001,62,-8,A,America/Los_Angeles,airport,OurAirports,60.0
3751,Denver International Airport,Denver,United States,DEN,KDEN,39.861698150635,-104.672996521,5431,-7,A,America/Denver,airport,OurAirports,361.0
3752,Philadelphia International Airport,Philadelphia,United States,PHL,KPHL,39.87189865112305,-75.24109649658203,36,-5,A,America/New_York,airport,OurAirports,289.0
3759,John Glenn Columbus International Airport,Columbus,United States,CMH,KCMH,39.998001,-82.891899,815,-5,A,America/New_York,airport,OurAirports,63.0
3764,Edward G. Pitka Sr Airport,Galena,United States,GAL,PAGA,64.73619843,-156.9369965,153,-9,A,America/Anchorage,airport,OurAirports,7.0
3771,Plattsburgh International Airport,Plattsburgh,United States,PBG,KPBG,44.650901794433594,-73.46810150146484,234,-5,A,America/New_York,airport,OurAirports,7.0
3774,Ted Stevens Anchorage International Airport,Anchorage,United States,ANC,PANC,61.17440032958984,-149.99600219726562,152,-9,A,America/Anchorage,airport,OurAirports,59.0
3775,Robert Gray  Army Air Field Airport,Killeen,United States,GRK,KGRK,31.067199707,-97.8289031982,1015,-6,A,America/Chicago,airport,OurAirports,6.0
3777,Bellingham International Airport,Bellingham,United States,BLI,KBLI,48.79280090332031,-122.53800201416016,170,-8,A,America/Los_Angeles,airport,OurAirports,10.0
3782,Mobile Regional Airport,Mobile,United States,MOB,KMOB,30.691200256348,-88.242797851562,219,-6,A,America/Chicago,airport,OurAirports,9.0
3784,Santa Fe Municipal Airport,Santa Fe,United States,SAF,KSAF,35.617099762,-106.088996887,6348,-7,A,America/Denver,airport,OurAirports,6.0
3793,Southwest Florida International Airport,Fort Myers,United States,RSW,KRSW,26.53619956970215,-81.75520324707031,30,-5,A,America/New_York,airport,OurAirports,63.0
3794,King Salmon Airport,King Salmon,United States,AKN,PAKN,58.67679977,-156.6490021,73,-9,A,America/Anchorage,airport,OurAirports,7.0
3797,John F Kennedy International Airport,New York,United States,JFK,KJFK,40.63980103,-73.77890015,13,-5,A,America/New_York,airport,OurAirports,456.0
3804,Cheyenne Regional Jerry Olson Field,Cheyenne,United States,CYS,KCYS,41.15570068,-104.8119965,6159,-7,A,America/Denver,airport,OurAirports,6.0
3806,Charleston Air Force Base-International Airport,Charleston,United States,CHS,KCHS,32.89860153,-80.04049683,46,-5,A,America/New_York,airport,OurAirports,34.0
3807,Reno Tahoe International Airport,Reno,United States,RNO,KRNO,39.49909973144531,-119.76799774169922,4415,-8,A,America/Los_Angeles,airport,OurAirports,27.0
3808,Ketchikan International Airport,Ketchikan,United States,KTN,PAKT,55.35559845,-131.7140045,89,-9,A,America/Anchorage,airport,OurAirports,22.0
3811,Birmingham-Shuttlesworth International Airport,Birmingham,United States,BHM,KBHM,33.56290054,-86.75350189,650,-6,A,America/Chicago,airport,OurAirports,36.0
3817,Sacramento International Airport,Sacramento,United States,SMF,KSMF,38.69540023803711,-121.59100341796876,27,-8,A,America/Los_Angeles,airport,OurAirports,55.0
3819,City of Colorado Springs Municipal Airport,Colorado Springs,United States,COS,KCOS,38.805801,-104.700996,6187,-7,A,America/Denver,airport,OurAirports,13.0
3820,Buffalo Niagara International Airport,Buffalo,United States,BUF,KBUF,42.94049835,-78.73220062,728,-5,A,America/New_York,airport,OurAirports,36.0
3825,Bradley International Airport,Windsor Locks,United States,BDL,KBDL,41.9388999939,-72.68319702149999,173,-5,A,America/New_York,airport,OurAirports,51.0
3826,Mc Allen Miller International Airport,Mcallen,United States,MFE,KMFE,26.17580032,-98.23860168,107,-6,A,America/Chicago,airport,OurAirports,6.0
3829,Lubbock Preston Smith International Airport,Lubbock,United States,LBB,KLBB,33.663601,-101.822998,3282,-6,A,America/Chicago,airport,OurAirports,10.0
3830,Chicago O'Hare International Airport,Chicago,United States,ORD,KORD,41.9786,-87.9048,672,-6,A,America/Chicago,airport,OurAirports,558.0
3832,Fairbanks International Airport,Fairbanks,United States,FAI,PAFA,64.81510162,-147.8560028,439,-9,A,America/Anchorage,airport,OurAirports,27.0
3839,Palm Springs International Airport,Palm Springs,United States,PSP,KPSP,33.8297004699707,-116.50700378417967,477,-8,A,America/Los_Angeles,airport,OurAirports,26.0
3840,Rick Husband Amarillo International Airport,Amarillo,United States,AMA,KAMA,35.219398,-101.706001,3607,-6,A,America/Chicago,airport,OurAirports,10.0
3845,Wilmington International Airport,Wilmington,United States,ILM,KILM,34.270599365234375,-77.90260314941406,32,-5,A,America/New_York,airport,OurAirports,13.0
3846,Baton Rouge Metropolitan Airport,Baton Rouge,United States,BTR,KBTR,30.533199,-91.149597,70,-6,A,America/Chicago,airport,OurAirports,8.0
3849,Baltimore/Washington International Thurgood Marshall Airport,Baltimore,United States,BWI,KBWI,39.1754,-76.668297,146,-5,A,America/New_York,airport,OurAirports,142.0
3852,Alexandria International Airport,Alexandria,United States,AEX,KAEX,31.32740020751953,-92.54979705810548,89,-6,A,America/Chicago,airport,OurAirports,6.0
3854,Cold Bay Airport,Cold Bay,United States,CDB,PACD,55.20610046386719,-162.72500610351562,96,-9,A,America/Anchorage,airport,OurAirports,5.0
3855,Tulsa International Airport,Tulsa,United States,TUL,KTUL,36.19839859008789,-95.88809967041016,677,-6,A,America/Chicago,airport,OurAirports,27.0
3857,Long Island Mac Arthur Airport,Islip,United States,ISP,KISP,40.79520035,-73.10019684,99,-5,A,America/New_York,airport,OurAirports,17.0
3858,Minneapolis-St Paul International/Wold-Chamberlain Airport,Minneapolis,United States,MSP,KMSP,44.882,-93.221802,841,-6,A,America/Chicago,airport,OurAirports,218.0
3859,New Castle Airport,Wilmington,United States,ILG,KILG,39.67869949,-75.60649872,80,-5,A,America/New_York,airport,OurAirports,6.0
3861,Louis Armstrong New Orleans International Airport,New Orleans,United States,MSY,KMSY,29.99340057373047,-90.25800323486328,4,-6,A,America/Chicago,airport,OurAirports,123.0
3863,Will Rogers World Airport,Oklahoma City,United States,OKC,KOKC,35.39310073852539,-97.60070037841795,1295,-6,A,America/Chicago,airport,OurAirports,40.0
3864,Albany International Airport,Albany,United States,ALB,KALB,42.74829864501953,-73.80169677734375,285,-5,A,America/New_York,airport,OurAirports,31.0
3867,John Wayne Airport-Orange County Airport,Santa Ana,United States,SNA,KSNA,33.67570114,-117.8679962,56,-8,A,America/Los_Angeles,airport,OurAirports,42.0
3873,Destin-Ft Walton Beach Airport,Valparaiso,United States,VPS,KVPS,30.4832,-86.525398,87,-6,A,America/Chicago,airport,OurAirports,10.0
3875,Key West International Airport,Key West,United States,EYW,KEYW,24.55610084533691,-81.75959777832031,3,-5,A,America/New_York,airport,OurAirports,16.0
3876,Charlotte Douglas International Airport,Charlotte,United States,CLT,KCLT,35.2140007019043,-80.94309997558594,748,-5,A,America/New_York,airport,OurAirports,301.0
3877,McCarran International Airport,Las Vegas,United States,LAS,KLAS,36.08010101,-115.1520004,2181,-8,A,America/Los_Angeles,airport,OurAirports,246.0
3878,Orlando International Airport,Orlando,United States,MCO,KMCO,28.429399490356445,-81.30899810791016,96,-5,A,America/New_York,airport,OurAirports,237.0
3880,Great Falls International Airport,Great Falls,United States,GTF,KGTF,47.48199844,-111.3710022,3680,-7,A,America/Denver,airport,OurAirports,7.0
3885,Suvarnabhumi Airport,Bangkok,Thailand,BKK,VTBS,13.681099891662598,100.74700164794922,5,7,U,Asia/Bangkok,airport,OurAirports,326.0
3896,Husein Sastranegara International Airport,Bandung,Indonesia,BDO,WICC,-6.900629997253418,107.57599639892578,2436,7,N,Asia/Jakarta,airport,OurAirports,21.0
3898,Adi Sutjipto International Airport,Yogyakarta,Indonesia,JOG,WARJ,-7.788179874420166,110.43199920654295,350,7,N,Asia/Jakarta,airport,OurAirports,29.0
3901,Achmad Yani Airport,Semarang,Indonesia,SRG,WARS,-6.97273,110.375,10,7,N,Asia/Jakarta,airport,OurAirports,17.0
3903,Hang Nadim International Airport,Batam,Indonesia,BTH,WIDD,1.12102997303,104.119003296,126,7,N,Asia/Jakarta,airport,OurAirports,27.0
3905,Pangkal Pinang (Depati Amir) Airport,Pangkal Pinang,Indonesia,PGK,WIPK,-2.16219997406,106.138999939,109,7,N,Asia/Jakarta,airport,OurAirports,7.0
3908,Syamsudin Noor Airport,Banjarmasin,Indonesia,BDJ,WAOO,-3.4423599243164062,114.76300048828124,66,8,N,Asia/Makassar,airport,OurAirports,15.0
3910,Iskandar Airport,Pangkalan Bun,Indonesia,PKN,WAOI,-2.70519995689,111.672996521,75,7,N,Asia/Jakarta,airport,OurAirports,7.0
3916,El Tari Airport,Kupang,Indonesia,KOE,WATT,-10.171600341796877,123.6709976196289,335,8,N,Asia/Makassar,airport,OurAirports,10.0
3919,Sultan Aji Muhamad Sulaiman Airport,Balikpapan,Indonesia,BPN,WALL,-1.26827001572,116.893997192,12,8,N,Asia/Makassar,airport,OurAirports,36.0
3920,Juwata Airport,Taraken,Indonesia,TRK,WALR,3.326667,117.569444,23,8,N,Asia/Makassar,airport,OurAirports,7.0
3928,Juanda International Airport,Surabaya,Indonesia,SUB,WARR,-7.37982988357544,112.78700256347656,9,7,N,Asia/Jakarta,airport,OurAirports,65.0
3929,Adi Sumarmo Wiryokusumo Airport,Solo City,Indonesia,SOC,WARQ,-7.516089916229248,110.75700378417967,421,7,N,Asia/Jakarta,airport,OurAirports,8.0
3930,Incheon International Airport,Seoul,South Korea,ICN,RKSI,37.46910095214844,126.45099639892578,23,9,U,Asia/Seoul,airport,OurAirports,370.0
3931,Chiang Mai International Airport,Chiang Mai,Thailand,CNX,VTCC,18.766799926799997,98.962600708,1036,7,U,Asia/Bangkok,airport,OurAirports,48.0
3932,Chiang Rai International Airport,Chiang Rai,Thailand,CEI,VTCT,19.952299118,99.8828964233,1280,7,U,Asia/Bangkok,airport,OurAirports,11.0
3940,Ngurah Rai (Bali) International Airport,Denpasar,Indonesia,DPS,WADD,-8.7481698989868,115.16699981689,14,8,N,Asia/Makassar,airport,OurAirports,100.0
3941,Eleftherios Venizelos International Airport,Athens,Greece,ATH,LGAV,37.9364013672,23.9444999695,308,2,E,Europe/Athens,airport,OurAirports,197.0
3942,Chubu Centrair International Airport,Nagoya,Japan,NGO,RJGG,34.8583984375,136.80499267578125,15,9,U,Asia/Tokyo,airport,OurAirports,84.0
3943,Kobe Airport,Kobe,Japan,UKB,RJBE,34.6328010559082,135.2239990234375,22,9,U,Asia/Tokyo,airport,OurAirports,12.0
3946,Elmira Corning Regional Airport,Elmira,United States,ELM,KELM,42.1599006652832,-76.8916015625,954,-5,A,America/New_York,airport,OurAirports,6.0
3948,Monterey Peninsula Airport,Monterey,United States,MRY,KMRY,36.58700180053711,-121.84300231933594,257,-8,A,America/Los_Angeles,airport,OurAirports,10.0
3949,Santa Barbara Municipal Airport,Santa Barbara,United States,SBA,KSBA,34.42620087,-119.8399963,13,-8,A,America/Los_Angeles,airport,OurAirports,8.0
3950,Daytona Beach International Airport,Daytona Beach,United States,DAB,KDAB,29.179899,-81.058098,34,-5,A,America/New_York,airport,OurAirports,5.0
3953,Riga International Airport,Riga,Latvia,RIX,EVRA,56.92359924316406,23.971099853515625,36,2,E,Europe/Riga,airport,OurAirports,101.0
3956,Kaunas International Airport,Kaunas,Lithuania,KUN,EYKA,54.96390151977539,24.084800720214844,256,2,E,Europe/Vilnius,airport,OurAirports,19.0
3959,Vilnius International Airport,Vilnius,Lithuania,VNO,EYVI,54.634102,25.285801,648,2,E,Europe/Vilnius,airport,OurAirports,58.0
3964,Zvartnots International Airport,Yerevan,Armenia,EVN,UDYZ,40.1473007202,44.3959007263,2838,4,E,Asia/Yerevan,airport,OurAirports,45.0
3967,Asmara International Airport,Asmara,Eritrea,ASM,HHAS,15.291899681091309,38.910701751708984,7661,3,U,Africa/Asmera,airport,OurAirports,7.0
3971,Batumi International Airport,Batumi,Georgia,BUS,UGSB,41.6102981567,41.5997009277,105,4,N,Asia/Tbilisi,airport,OurAirports,6.0
3972,Kopitnari Airport,Kutaisi,Georgia,KUT,UGKO,42.176700592,42.4826011658,223,4,N,Asia/Tbilisi,airport,OurAirports,8.0
3973,Tbilisi International Airport,Tbilisi,Georgia,TBS,UGTB,41.6692008972,44.95470047,1624,4,N,Asia/Tbilisi,airport,OurAirports,34.0
3974,Mukalla International Airport,Mukalla,Yemen,RIY,OYRN,14.662599563598633,49.375,54,3,U,Asia/Aden,airport,OurAirports,12.0
3975,Ta'izz International Airport,Taiz,Yemen,TAI,OYTZ,13.6859998703,44.1390991211,4838,3,U,Asia/Aden,airport,OurAirports,7.0
3976,Hodeidah International Airport,Hodeidah,Yemen,HOD,OYHD,14.753000259399414,42.97629928588867,41,3,U,Asia/Aden,airport,OurAirports,5.0
3977,Aden International Airport,Aden,Yemen,ADE,OYAA,12.829500198364258,45.02880096435547,7,3,U,Asia/Aden,airport,OurAirports,23.0
3980,Sana'a International Airport,Sanaa,Yemen,SAH,OYSN,15.476300239562988,44.21969985961914,7216,3,U,Asia/Aden,airport,OurAirports,37.0
3986,Memmingen Allgau Airport,Memmingen,Germany,FMM,EDJA,47.988800048799995,10.2395000458,2077,1,E,Europe/Berlin,airport,OurAirports,23.0
3988,Ministro Pistarini International Airport,Buenos Aires,Argentina,EZE,SAEZ,-34.8222,-58.5358,67,-3,N,America/Buenos_Aires,airport,OurAirports,75.0
3989,Erbil International Airport,Erbil,Iraq,EBL,ORER,36.23759841918945,43.96319961547851,1341,3,U,Asia/Baghdad,airport,OurAirports,30.0
3992,Kansai International Airport,Osaka,Japan,KIX,RJBB,34.42729949951172,135.24400329589844,26,9,U,Asia/Tokyo,airport,OurAirports,152.0
3995,Ilulissat Airport,Ilulissat,Greenland,JAV,BGJN,69.2432022095,-51.0570983887,95,-3,E,America/Godthab,airport,OurAirports,5.0
3998,Palma De Mallorca Airport,Palma de Mallorca,Spain,PMI,LEPA,39.551700592,2.73881006241,27,1,E,Europe/Madrid,airport,OurAirports,271.0
3999,Darwin International Airport,Darwin,Australia,DRW,YPDN,-12.41469955444336,130.8769989013672,103,9.5,N,Australia/Darwin,airport,OurAirports,46.0
4007,Asheville Regional Airport,Asheville,United States,AVL,KAVL,35.43619918823242,-82.54180145263672,2165,-5,A,America/New_York,airport,OurAirports,12.0
4008,Piedmont Triad International Airport,Greensboro,United States,GSO,KGSO,36.097801208496094,-79.93730163574219,925,-5,A,America/New_York,airport,OurAirports,25.0
4009,Joe Foss Field Airport,Sioux Falls,United States,FSD,KFSD,43.5820007324,-96.741897583,1429,-6,A,America/Chicago,airport,OurAirports,13.0
4011,Manchester-Boston Regional Airport,Manchester NH,United States,MHT,KMHT,42.932598,-71.435699,266,-5,A,America/New_York,airport,OurAirports,20.0
4014,Louisville International Standiford Field,Louisville,United States,SDF,KSDF,38.1744,-85.736,501,-5,A,America/New_York,airport,OurAirports,41.0
4015,Charlottesville Albemarle Airport,Charlottesville VA,United States,CHO,KCHO,38.13859939575195,-78.4529037475586,639,-5,A,America/New_York,airport,OurAirports,13.0
4016,Roanoke–Blacksburg Regional Airport,Roanoke VA,United States,ROA,KROA,37.3255,-79.975403,1175,-5,A,America/New_York,airport,OurAirports,15.0
4017,Blue Grass Airport,Lexington KY,United States,LEX,KLEX,38.0364990234375,-84.60590362548828,979,-5,A,America/New_York,airport,OurAirports,20.0
4018,Evansville Regional Airport,Evansville,United States,EVV,KEVV,38.0369987488,-87.5324020386,418,-6,A,America/Chicago,airport,OurAirports,9.0
4019,Albuquerque International Sunport,Albuquerque,United States,ABQ,KABQ,35.040199,-106.609001,5355,-7,A,America/Denver,airport,OurAirports,42.0
4020,Gallatin Field,Bozeman,United States,BZN,KBZN,45.77750015,-111.1529999,4473,-7,A,America/Denver,airport,OurAirports,8.0
4021,Billings Logan International Airport,Billings,United States,BIL,KBIL,45.80770111083984,-108.54299926757812,3652,-7,A,America/Denver,airport,OurAirports,12.0
4023,Cherry Capital Airport,Traverse City,United States,TVC,KTVC,44.74140167236328,-85.58219909667969,624,-5,A,America/New_York,airport,OurAirports,5.0
4028,Chicago Rockford International Airport,Rockford,United States,RFD,KRFD,42.19540023803711,-89.09719848632812,742,-6,A,America/Chicago,airport,OurAirports,5.0
4029,Domodedovo International Airport,Moscow,Russia,DME,UUDD,55.40879821777344,37.90629959106445,588,3,N,Europe/Moscow,airport,OurAirports,324.0
4030,Sanya Phoenix International Airport,Sanya,China,SYX,ZJSY,18.302900314331055,109.41200256347656,92,8,U,Asia/Shanghai,airport,OurAirports,109.0
4033,Lijiang Airport,Lijiang,China,LJG,ZPLJ,26.6800003052,100.246002197,0,8,U,Asia/Shanghai,airport,OurAirports,65.0
4034,Greenville Spartanburg International Airport,Greenville,United States,GSP,KGSP,34.8956985474,-82.2189025879,964,-5,A,America/New_York,airport,OurAirports,29.0
4037,Central Illinois Regional Airport at Bloomington-Normal,Bloomington,United States,BMI,KBMI,40.47710037,-88.91590118,871,-6,A,America/Chicago,airport,OurAirports,12.0
4038,Gulfport Biloxi International Airport,Gulfport,United States,GPT,KGPT,30.40730094909668,-89.07009887695312,28,-6,A,America/Chicago,airport,OurAirports,9.0
4039,Kalamazoo Battle Creek International Airport,Kalamazoo,United States,AZO,KAZO,42.234901428222656,-85.5521011352539,874,-5,A,America/New_York,airport,OurAirports,6.0
4040,Toledo Express Airport,Toledo,United States,TOL,KTOL,41.58679962,-83.80780029,683,-5,A,America/New_York,airport,OurAirports,5.0
4041,Fort Wayne International Airport,Fort Wayne,United States,FWA,KFWA,40.97850037,-85.19509888,814,-5,A,America/New_York,airport,OurAirports,16.0
4043,The Eastern Iowa Airport,Cedar Rapids,United States,CID,KCID,41.88470077514648,-91.71080017089844,869,-6,A,America/Chicago,airport,OurAirports,17.0
4045,Central Wisconsin Airport,Wassau,United States,CWA,KCWA,44.7775993347,-89.6668014526,1277,-6,A,America/Chicago,airport,OurAirports,5.0
4046,General Wayne A. Downing Peoria International Airport,Peoria,United States,PIA,KPIA,40.664199829100006,-89.6932983398,660,-6,A,America/Chicago,airport,OurAirports,15.0
4047,Appleton International Airport,Appleton,United States,ATW,KATW,44.258098602299995,-88.5190963745,918,-6,A,America/Chicago,airport,OurAirports,9.0
4054,Dali Airport,Dali,China,DLU,ZPDL,25.649401,100.319,7050,8,U,Asia/Shanghai,airport,OurAirports,7.0
4056,Mulu Airport,Mulu,Malaysia,MZV,WBMU,4.048329830169678,114.80500030517578,80,8,N,Asia/Kuala_Lumpur,airport,OurAirports,6.0
4057,Sharm El Sheikh International Airport,Sharm El Sheikh,Egypt,SSH,HESH,27.9773006439,34.3950004578,143,2,N,Africa/Cairo,airport,OurAirports,38.0
4059,Jomo Kenyatta International Airport,Nairobi,Kenya,NBO,HKJK,-1.31923997402,36.9277992249,5330,3,N,Africa/Nairobi,airport,OurAirports,130.0
4063,Grand Junction Regional Airport,Grand Junction,United States,GJT,KGJT,39.1223983765,-108.527000427,4858,-7,A,America/Denver,airport,OurAirports,8.0
4067,Sarasota Bradenton International Airport,Sarasota,United States,SRQ,KSRQ,27.39539909362793,-82.55439758300781,30,-5,A,America/New_York,airport,OurAirports,13.0
4069,L.F. Wade International International Airport,Bermuda,Bermuda,BDA,TXKF,32.36399841308594,-64.67870330810547,12,-4,A,Atlantic/Bermuda,airport,OurAirports,15.0
4072,Quad City International Airport,Moline,United States,MLI,KMLI,41.44850158691406,-90.50749969482422,590,-6,A,America/Chicago,airport,OurAirports,15.0
4074,Honiara International Airport,Honiara,Solomon Islands,HIR,AGGH,-9.4280004501343,160.05499267578,28,11,U,Pacific/Guadalcanal,airport,OurAirports,25.0
4075,Faa'a International Airport,Papeete,French Polynesia,PPT,NTAA,-17.553699,-149.606995,5,-10,U,Pacific/Tahiti,airport,OurAirports,38.0
4078,Tolmachevo Airport,Novosibirsk,Russia,OVB,UNNT,55.012599945068,82.650703430176,365,7,N,Asia/Krasnoyarsk,airport,OurAirports,87.0
4083,Bismarck Municipal Airport,Bismarck,United States,BIS,KBIS,46.772701263427734,-100.74600219726562,1661,-6,A,America/Chicago,airport,OurAirports,6.0
4087,Rapid City Regional Airport,Rapid City,United States,RAP,KRAP,44.0452995300293,-103.05699920654295,3204,-7,A,America/Denver,airport,OurAirports,8.0
4089,Bishop International Airport,Flint,United States,FNT,KFNT,42.96540069580078,-83.74359893798828,782,-5,A,America/New_York,airport,OurAirports,14.0
4090,Francisco Bangoy International Airport,Davao,Philippines,DVO,RPMD,7.1255202293396,125.64600372314452,96,8,N,Asia/Manila,airport,OurAirports,14.0
4091,Madeira Airport,Funchal,Portugal,FNC,LPMA,32.697899,-16.7745,192,0,E,Europe/Lisbon,airport,OurAirports,52.0
4092,Maestro Wilson Fonseca Airport,Santarem,Brazil,STM,SBSN,-2.424721956253052,-54.785831451416016,198,-3,S,America/Belem,airport,OurAirports,15.0
4097,Lhasa Gonggar Airport,Lhasa,China,LXA,ZULS,29.2978000641,90.9119033813,11713,8,U,Asia/Shanghai,airport,OurAirports,30.0
4099,Mahlon Sweet Field,Eugene,United States,EUG,KEUG,44.12459945678711,-123.21199798583984,374,-8,A,America/Los_Angeles,airport,OurAirports,14.0
4101,Rogue Valley International Medford Airport,Medford,United States,MFR,KMFR,42.37419891357422,-122.8730010986328,1335,-8,A,America/Los_Angeles,airport,OurAirports,9.0
4103,Roberts Field,Redmond-Bend,United States,RDM,KRDM,44.2541008,-121.1500015,3080,-8,A,America/Los_Angeles,airport,OurAirports,8.0
4105,Hosea Kutako International Airport,Windhoek,Namibia,WDH,FYWH,-22.4799,17.4709,5640,1,S,Africa/Windhoek,airport,OurAirports,19.0
4108,Yaoqiang Airport,Jinan,China,TNA,ZSJN,36.857200622558594,117.21600341796876,76,8,U,Asia/Shanghai,airport,OurAirports,135.0
4109,Changzhou Benniu Airport,Changzhou,China,CZX,ZSCG,31.919701,119.778999,0,8,U,Asia/Shanghai,airport,OurAirports,37.0
4110,Yibin Caiba Airport,Yibin,China,YBP,ZUYB,28.8005555556,104.545,924,8,U,Asia/Shanghai,airport,OurAirports,10.0
4111,Roshchino International Airport,Tyumen,Russia,TJM,USTR,57.1896018982,65.3243026733,378,5,N,Asia/Yekaterinburg,airport,OurAirports,22.0
4112,Akron Canton Regional Airport,Akron,United States,CAK,KCAK,40.91609954833984,-81.44219970703125,1228,-5,A,America/New_York,airport,OurAirports,22.0
4113,Huntsville International Carl T Jones Field,Huntsville,United States,HSV,KHSV,34.637199401855,-86.775100708008,629,-6,A,America/Chicago,airport,OurAirports,18.0
4115,Montgomery Regional (Dannelly Field) Airport,MONTGOMERY,United States,MGM,KMGM,32.30059814,-86.39399719,221,-6,A,America/Chicago,airport,OurAirports,7.0
4116,Tri-Cities Regional TN/VA Airport,BRISTOL,United States,TRI,KTRI,36.475201,-82.407401,1519,-5,A,America/New_York,airport,OurAirports,7.0
4119,Djibouti-Ambouli Airport,Djibouti,Djibouti,JIB,HDAM,11.547300338745115,43.15950012207031,49,3,U,Africa/Djibouti,airport,OurAirports,23.0
4120,Haikou Meilan International Airport,Haikou,China,HAK,ZJHK,19.934900283813477,110.45899963378906,75,8,U,Asia/Shanghai,airport,OurAirports,108.0
4124,Page Municipal Airport,Page,United States,PGA,KPGA,36.92610168,-111.447998,4316,-7,A,America/Phoenix,airport,OurAirports,6.0
4127,Glacier Park International Airport,Kalispell,United States,FCA,KGPI,48.31050109863281,-114.25599670410156,2977,-7,A,America/Denver,airport,OurAirports,5.0
4128,MBS International Airport,Saginaw,United States,MBS,KMBS,43.532901763916016,-84.07959747314453,668,-5,A,America/New_York,airport,OurAirports,5.0
4130,Baghdad International Airport,Baghdad,Iraq,BGW,ORBI,33.262500762900004,44.2346000671,114,3,U,Asia/Baghdad,airport,OurAirports,14.0
4140,Diosdado Macapagal International Airport,Angeles City,Philippines,CRK,RPLC,15.186,120.559998,484,8,N,Asia/Manila,airport,OurAirports,13.0
4141,Sandakan Airport,Sandakan,Malaysia,SDK,WBKS,5.900899887084961,118.05899810791016,46,8,N,Asia/Kuala_Lumpur,airport,OurAirports,6.0
4144,Taoxian Airport,Shenyang,China,SHE,ZYTX,41.639801025390625,123.48300170898438,198,8,U,Asia/Shanghai,airport,OurAirports,136.0
4145,Dongying Shengli Airport,Dongying,China,DOY,ZSDY,37.5085983276,118.788002014,15,8,U,Asia/Shanghai,airport,OurAirports,6.0
4148,Luoyang Airport,Luoyang,China,LYA,ZHLY,34.741100311299995,112.388000488,840,8,U,Asia/Shanghai,airport,OurAirports,9.0
4149,Xuzhou Guanyin Airport,Xuzhou,China,XUZ,ZSXZ,34.059056,117.555278,0,8,U,Asia/Shanghai,airport,OurAirports,20.0
4153,Lien Khuong Airport,Dalat,Vietnam,DLI,VVDL,11.75,108.366997,3156,7,U,Asia/Saigon,airport,OurAirports,5.0
4161,Yaoundé Nsimalen International Airport,Yaounde,Cameroon,NSI,FKYS,3.722559928894043,11.553299903869627,2278,1,N,Africa/Douala,airport,OurAirports,17.0
4162,Conakry International Airport,Conakry,Guinea,CKY,GUCY,9.57689,-13.612,72,0,N,Africa/Conakry,airport,OurAirports,18.0
4166,Karlsruhe Baden-Baden Airport,Karlsruhe/Baden-Baden,Germany,FKB,EDSB,48.7793998718,8.08049964905,408,1,E,Europe/Berlin,airport,OurAirports,20.0
4167,Orlando Sanford International Airport,Sanford,United States,SFB,KSFB,28.777599334716797,-81.23750305175781,55,-5,A,America/New_York,airport,OurAirports,49.0
4189,Muan International Airport,Muan,South Korea,MWX,RKJB,34.991406,126.382814,35,9,U,Asia/Seoul,airport,OurAirports,6.0
4192,Kalymnos Airport,Kalymnos,Greece,JKL,LGKY,36.9632987976,26.9405994415,771,2,E,Europe/Athens,airport,OurAirports,6.0
4197,Marsa Alam International Airport,Marsa Alam,Egypt,RMF,HEMA,25.557100296,34.5836982727,251,2,U,Africa/Cairo,airport,OurAirports,6.0
4198,Weeze Airport,Weeze,Germany,NRN,EDLV,51.6024017334,6.14216995239,106,1,E,Europe/Berlin,airport,OurAirports,38.0
4206,Mactan Cebu International Airport,Cebu,Philippines,CEB,RPVM,10.307499885559,123.97899627686,31,8,N,Asia/Manila,airport,OurAirports,49.0
4209,Porto Seguro Airport,Porto Seguro,Brazil,BPS,SBPS,-16.438601,-39.080898,168,-3,S,America/Fortaleza,airport,OurAirports,11.0
4214,Brigadeiro Lysias Rodrigues Airport,Palmas,Brazil,PMW,SBPJ,-10.2915000916,-48.35699844359999,774,-3,S,America/Fortaleza,airport,OurAirports,7.0
4216,Missoula International Airport,Missoula,United States,MSO,KMSO,46.91630173,-114.0910034,3206,-7,A,America/Denver,airport,OurAirports,7.0
4242,Tanna Airport,Tanna,Vanuatu,TAH,NVVW,-19.45509910583496,169.2239990234375,19,11,U,Pacific/Efate,airport,OurAirports,5.0
4247,El Trompillo Airport,Santa Cruz,Bolivia,SRZ,SLET,-17.8115997314,-63.1715011597,1371,-4,U,America/La_Paz,airport,OurAirports,7.0
4274,Nizhny Novgorod Strigino International Airport,Nizhniy Novgorod,Russia,GOJ,UWGG,56.230098724365,43.784000396729,256,3,N,Europe/Moscow,airport,OurAirports,18.0
4279,San Pedro Airport,San Pedro,Belize,SPR,MZSP,17.9139,-87.9711,4,-6,U,America/Belize,airport,OurAirports,11.0
4285,Yeager Airport,Charleston,United States,CRW,KCRW,38.37310028076172,-81.59320068359375,981,-5,A,America/New_York,airport,OurAirports,6.0
4286,Wilkes Barre Scranton International Airport,Scranton,United States,AVP,KAVP,41.338500976599995,-75.72339630130001,962,-5,A,America/New_York,airport,OurAirports,9.0
4291,Ballina Byron Gateway Airport,Ballina Byron Bay,Australia,BNK,YBNA,-28.8339004517,153.56199646,7,10,O,Australia/Sydney,airport,OurAirports,5.0
4292,Hector International Airport,Fargo,United States,FAR,KFAR,46.92070007324219,-96.81580352783205,902,-6,A,America/Chicago,airport,OurAirports,14.0
4297,Bogashevo Airport,Tomsk,Russia,TOF,UNTT,56.380298614502,85.208297729492,597,7,N,Asia/Krasnoyarsk,airport,OurAirports,5.0
4301,Jiuzhai Huanglong Airport,Jiuzhaigou,China,JZH,ZUJZ,32.8533333333,103.682222222,11327,8,U,Asia/Shanghai,airport,OurAirports,16.0
4302,Jieyang Chaoshan International Airport,Shantou,China,SWA,ZGOW,23.552,116.5033,0,8,U,Asia/Shanghai,airport,OurAirports,35.0
4304,Cheddi Jagan International Airport,Georgetown,Guyana,GEO,SYCJ,6.498549938201904,-58.25410079956055,95,-4,U,America/Guyana,airport,OurAirports,8.0
4308,Dunhuang Airport,Dunhuang,China,DNH,ZLDH,40.16109848022461,94.80919647216795,0,8,U,Asia/Shanghai,airport,OurAirports,7.0
4309,Ancona Falconara Airport,Ancona,Italy,AOI,LIPY,43.616299,13.3623,49,1,E,Europe/Rome,airport,OurAirports,10.0
4315,Milas Bodrum International Airport,Bodrum,Turkey,BJV,LTFE,37.25059890749999,27.6643009186,21,3,E,Europe/Istanbul,airport,OurAirports,31.0
4317,Sabiha Gökçen International Airport,Istanbul,Turkey,SAW,LTFJ,40.898601532,29.3092002869,312,3,E,Europe/Istanbul,airport,OurAirports,145.0
4318,University Park Airport,State College Pennsylvania,United States,SCE,KUNV,40.8493003845,-77.84870147710001,1239,-5,A,America/New_York,airport,OurAirports,5.0
4319,Broome International Airport,Broome,Australia,BME,YBRM,-17.944700241088867,122.23200225830078,56,8,O,Australia/Perth,airport,OurAirports,12.0
4320,Newcastle Airport,Newcastle,Australia,NTL,YWLM,-32.79499816894531,151.83399963378906,31,10,O,Australia/Sydney,airport,OurAirports,8.0
4322,Klagenfurt Airport,Klagenfurt,Austria,KLU,LOWK,46.642502,14.3377,1472,1,E,Europe/Vienna,airport,OurAirports,7.0
4325,Hammerfest Airport,Hammerfest,Norway,HFT,ENHF,70.679702758789,23.668600082397,266,1,E,Europe/Oslo,airport,OurAirports,7.0
4327,Mehamn Airport,Mehamn,Norway,MEH,ENMH,71.02970123291,27.826700210571,39,1,E,Europe/Oslo,airport,OurAirports,5.0
4328,Vadsø Airport,Vadsø,Norway,VDS,ENVD,70.065299987793,29.844699859619,127,1,E,Europe/Oslo,airport,OurAirports,7.0
4330,Imam Khomeini International Airport,Tehran,Iran,IKA,OIIE,35.416099548339844,51.152198791503906,3305,3.5,E,Asia/Tehran,airport,OurAirports,60.0
4331,Mashhad International Airport,Mashhad,Iran,MHD,OIMM,36.235198974609375,59.64099884033203,3263,3.5,E,Asia/Tehran,airport,OurAirports,65.0
4341,Liberal Mid-America Regional Airport,Liberal,United States,LBL,KLBL,37.0442009,-100.9599991,2885,-6,A,America/Chicago,airport,OurAirports,6.0
4348,Springfield Branson National Airport,Springfield,United States,SGF,KSGF,37.24570084,-93.38860321,1268,-6,A,America/Chicago,airport,OurAirports,14.0
4352,Norilsk-Alykel Airport,Norilsk,Russia,NSK,UOOO,69.31109619140625,87.33219909667969,574,7,N,Asia/Krasnoyarsk,airport,OurAirports,15.0
4355,Lehigh Valley International Airport,Allentown,United States,ABE,KABE,40.652099609375,-75.44080352783203,393,-5,A,America/New_York,airport,OurAirports,13.0
4356,Northwest Arkansas Regional Airport,Bentonville,United States,XNA,KXNA,36.281898,-94.306801,1287,-6,A,America/Chicago,airport,OurAirports,24.0
4357,Atyrau Airport,Atyrau,Kazakhstan,GUW,UATG,47.12189865112305,51.8213996887207,-72,5,U,Asia/Oral,airport,OurAirports,10.0
4359,South Bend Regional Airport,South Bend,United States,SBN,KSBN,41.70869827270508,-86.31729888916016,799,-5,A,America/New_York,airport,OurAirports,11.0
4362,Talagi Airport,Arkhangelsk,Russia,ARH,ULAA,64.60030364990234,40.71670150756836,62,3,N,Europe/Moscow,airport,OurAirports,9.0
4363,Saratov Central Airport,Saratov,Russia,RTW,UWSS,51.564998626708984,46.04669952392578,499,3,N,Europe/Moscow,airport,OurAirports,5.0
4364,Novy Urengoy Airport,Novy Urengoy,Russia,NUX,USMU,66.06939697265625,76.52030181884766,210,5,N,Asia/Yekaterinburg,airport,OurAirports,16.0
4365,Noyabrsk Airport,Noyabrsk,Russia,NOJ,USRO,63.18330001831055,75.2699966430664,446,5,N,Asia/Yekaterinburg,airport,OurAirports,5.0
4367,Aktau Airport,Aktau,Kazakhstan,SCO,UATE,43.8601,51.091999,73,5,U,Asia/Oral,airport,OurAirports,21.0
4374,Yemelyanovo Airport,Krasnoyarsk,Russia,KJA,UNKL,56.172901,92.493301,942,7,N,Asia/Krasnoyarsk,airport,OurAirports,45.0
4375,Sary-Arka Airport,Karaganda,Kazakhstan,KGF,UAKK,49.670799255371094,73.33439636230469,1765,6,U,Asia/Qyzylorda,airport,OurAirports,7.0
4380,Longjia Airport,Changchun,China,CGQ,ZYCC,43.9962005615,125.684997559,706,8,U,Asia/Shanghai,airport,OurAirports,64.0
4381,Niigata Airport,Niigata,Japan,KIJ,RJSN,37.9558982849,139.121002197,29,9,U,Asia/Tokyo,airport,OurAirports,16.0
4386,Albert J Ellis Airport,Jacksonville NC,United States,OAJ,KOAJ,34.8292007446,-77.61209869380001,94,-5,A,America/New_York,airport,OurAirports,7.0
5422,Gurney Airport,Gurney,Papua New Guinea,GUR,AYGN,-10.3114995956,150.333999634,88,10,U,Pacific/Port_Moresby,airport,OurAirports,6.0
5423,Girua Airport,Girua,Papua New Guinea,PNP,AYGR,-8.80453968048,148.309005737,311,10,U,Pacific/Port_Moresby,airport,OurAirports,5.0
5424,Kimbe Airport,Hoskins,Papua New Guinea,HKN,AYHK,-5.462170124053955,150.40499877929688,66,10,U,Pacific/Port_Moresby,airport,OurAirports,6.0
5425,Kiunga Airport,Kiunga,Papua New Guinea,UNG,AYKI,-6.1257100105285645,141.28199768066406,88,10,U,Pacific/Port_Moresby,airport,OurAirports,5.0
5430,Momote Airport,Momote,Papua New Guinea,MAS,AYMO,-2.06189,147.423996,12,10,U,Pacific/Port_Moresby,airport,OurAirports,5.0
5435,Tokua Airport,Tokua,Papua New Guinea,RAB,AYTK,-4.34045982361,152.380004883,32,10,U,Pacific/Port_Moresby,airport,OurAirports,13.0
5442,Qaqortoq Heliport,Qaqortoq,Greenland,JJU,BGJH,60.7156841553,-46.0299186409,53,-3,E,America/Godthab,airport,OurAirports,7.0
5448,Upernavik Airport,Upernavik,Greenland,JUV,BGUK,72.7901992798,-56.1305999756,414,-3,E,America/Godthab,airport,OurAirports,9.0
5487,Chesterfield Inlet Airport,Chesterfield Inlet,Canada,YCS,CYCS,63.3469009399,-90.7311019897,32,-6,A,America/Winnipeg,airport,OurAirports,6.0
5495,Igloolik Airport,Igloolik,Canada,YGT,CYGT,69.3647003174,-81.8161010742,174,-5,A,America/Toronto,airport,OurAirports,5.0
5496,Kuujjuarapik Airport,Kuujjuarapik,Canada,YGW,CYGW,55.28189849853515,-77.76529693603516,34,-5,A,America/Toronto,airport,OurAirports,7.0
5507,Waskaganish Airport,Waskaganish,Canada,YKQ,CYKQ,51.47330093383789,-78.75830078125,80,-5,A,America/Toronto,airport,OurAirports,6.0
5521,Pikangikum Airport,Pikangikum,Canada,YPM,CYPM,51.819698333740234,-93.97329711914062,1114,-6,A,America/Winnipeg,airport,OurAirports,5.0
5524,The Pas Airport,The Pas,Canada,YQD,CYQD,53.97140121459961,-101.09100341796876,887,-6,A,America/Winnipeg,airport,OurAirports,5.0
5527,Red Lake Airport,Red Lake,Canada,YRL,CYRL,51.066898345947266,-93.79309844970705,1265,-6,A,America/Winnipeg,airport,OurAirports,7.0
5534,Whale Cove Airport,Whale Cove,Canada,YXN,CYXN,62.24000167849999,-92.5980987549,40,-6,A,America/Winnipeg,airport,OurAirports,5.0
5557,Heringsdorf Airport,Heringsdorf,Germany,HDF,EDAH,53.8787002563,14.152299881,93,1,E,Europe/Berlin,airport,OurAirports,5.0
5562,Robin Hood Doncaster Sheffield Airport,"Doncaster, Sheffield",United Kingdom,DSA,EGCN,53.4805378105,-1.01065635681,55,0,E,Europe/London,airport,OurAirports,9.0
5632,Ngjiva Pereira Airport,Ondjiva,Angola,VPE,FNGI,-17.0435009003,15.683799743700002,3566,1,N,Africa/Luanda,airport,OurAirports,6.0
5665,Osvaldo Vieira International Airport,Bissau,Guinea-Bissau,OXB,GGOV,11.894800186157228,-15.65369987487793,129,0,N,Africa/Bissau,airport,OurAirports,7.0
5673,Nador International Airport,El Aroui,Morocco,NDR,GMMW,34.988800048799995,-3.0282099247,574,0,N,Africa/Casablanca,airport,OurAirports,18.0
5674,Praia International Airport,"Praia, Santiago Island",Cape Verde,RAI,GVNP,14.924500465393066,-23.493499755859375,230,-1,U,Atlantic/Cape_Verde,airport,OurAirports,17.0
5687,Aden Adde International Airport,Mogadishu,Somalia,MGQ,HCMM,2.0144400596618652,45.3046989440918,29,3,U,Africa/Mogadishu,airport,OurAirports,10.0
5691,Assiut International Airport,Asyut,Egypt,ATZ,HEAT,27.0464992523,31.0119991302,772,2,U,Africa/Cairo,airport,OurAirports,6.0
5694,Malindi Airport,Malindi,Kenya,MYD,HKML,-3.2293100357055664,40.10169982910156,80,3,U,Africa/Nairobi,airport,OurAirports,5.0
5702,Port Sudan New International Airport,Port Sudan,Sudan,PZU,HSPN,19.4335994720459,37.234100341796875,135,3,U,Africa/Khartoum,airport,OurAirports,5.0
5733,Dodge City Regional Airport,Dodge City,United States,DDC,KDDC,37.76340103149414,-99.9655990600586,2594,-6,A,America/Chicago,airport,OurAirports,6.0
5738,Fayetteville Regional Grannis Field,Fayetteville,United States,FAY,KFAY,34.9911994934082,-78.88030242919922,189,-5,A,America/New_York,airport,OurAirports,8.0
5742,Tri-State/Milton J. Ferguson Field,Huntington,United States,HTS,KHTS,38.36669922,-82.55799866,828,-5,A,America/New_York,airport,OurAirports,5.0
5761,Pierre Regional Airport,Pierre,United States,PIR,KPIR,44.38270187,-100.2860031,1744,-6,A,America/Chicago,airport,OurAirports,8.0
5780,Ercan International Airport,Nicosia,Cyprus,ECN,LCEN,35.154701232910156,33.49610137939453,404,2,E,Asia/Nicosia,airport,OurAirports,14.0
5810,Samaná El Catey International Airport,Samana,Dominican Republic,AZS,MDCY,19.2670001984,-69.7419967651,30,-4,U,America/Santo_Domingo,airport,OurAirports,6.0
5905,Norsup Airport,Norsup,Vanuatu,NUS,NVSP,-16.0797,167.401001,23,11,U,Pacific/Efate,airport,OurAirports,5.0
5908,Santo Pekoa International Airport,Santo,Vanuatu,SON,NVSS,-15.505000114399998,167.220001221,184,11,U,Pacific/Efate,airport,OurAirports,11.0
5933,Dasht-e Naz Airport,Dasht-e-naz,Iran,SRY,OINZ,36.635799408,53.193599700899995,35,3.5,E,Asia/Tehran,airport,OurAirports,6.0
5934,Lar Airport,Lar,Iran,LRR,OISL,27.6746997833,54.3833007812,2641,3.5,E,Asia/Tehran,airport,OurAirports,6.0
5939,Bahawalpur Airport,Bahawalpur,Pakistan,BHV,OPBW,29.348100662231445,71.71800231933594,392,5,N,Asia/Karachi,airport,OurAirports,5.0
5951,Turbat International Airport,Turbat,Pakistan,TUK,OPTU,25.986400604248047,63.03020095825195,498,5,N,Asia/Karachi,airport,OurAirports,6.0
5952,Sulaymaniyah International Airport,Sulaymaniyah,Iraq,ISU,ORSU,35.5617485046,45.3167381287,2494,3,U,Asia/Baghdad,airport,OurAirports,10.0
5954,Sayun International Airport,Sayun Intl,Yemen,GXF,OYSY,15.9660997391,48.78829956049999,2097,3,U,Asia/Aden,airport,OurAirports,5.0
5965,McGrath Airport,Mcgrath,United States,MCG,PAMC,62.95289993,-155.6060028,341,-9,A,America/Anchorage,airport,OurAirports,6.0
5967,Aniak Airport,Aniak,United States,ANI,PANI,61.581600189208984,-159.54299926757812,88,-9,A,America/Anchorage,airport,OurAirports,12.0
5994,Kushiro Airport,Kushiro,Japan,KUH,RJCK,43.041000366199995,144.192993164,327,9,U,Asia/Tokyo,airport,OurAirports,5.0
5997,Nagoya Airport,Nagoya,Japan,NKM,RJNA,35.255001068115234,136.9239959716797,52,9,U,Asia/Tokyo,airport,OurAirports,6.0
6008,Cheongju International Airport/Cheongju Air Base (K-59/G-513),Chongju,South Korea,CJJ,RKTU,36.717008,127.498741,191,9,U,Asia/Seoul,airport,OurAirports,9.0
6034,Orlando Bezerra de Menezes Airport,Juazeiro Do Norte,Brazil,JDO,SBJU,-7.21895980835,-39.2700996399,1392,-3,S,America/Fortaleza,airport,OurAirports,5.0
6039,Vitória da Conquista Airport,Vitória Da Conquista,Brazil,VDC,SBQV,-14.8627996445,-40.8630981445,3002,-3,S,America/Fortaleza,airport,OurAirports,6.0
6079,Vance W. Amory International Airport,Charlestown,Saint Kitts and Nevis,NEV,TKPN,17.205699920654297,-62.589900970458984,14,-4,U,America/St_Kitts,airport,OurAirports,8.0
6086,Ust-Kamennogorsk Airport,Ust Kamenogorsk,Kazakhstan,UKK,UASK,50.036598205566406,82.49420166015625,939,6,U,Asia/Qyzylorda,airport,OurAirports,8.0
6091,Chulman Airport,Neryungri,Russia,NER,UELL,56.913898468018,124.91400146484,2812,9,N,Asia/Yakutsk,airport,OurAirports,5.0
6092,Polyarny Airport,Yakutia,Russia,PYJ,UERP,66.4003982544,112.029998779,1660,9,N,Asia/Yakutsk,airport,OurAirports,5.0
6105,Kharkiv International Airport,Kharkov,Ukraine,HRK,UKHH,49.924800872802734,36.290000915527344,508,2,E,Europe/Kiev,airport,OurAirports,10.0
6111,Cherepovets Airport,Cherepovets,Russia,CEE,ULBC,59.273601532,38.0158004761,377,3,N,Europe/Moscow,airport,OurAirports,7.0
6133,Tri Cities Airport,Pasco,United States,PSC,KPSC,46.26470184326172,-119.11900329589844,410,-8,A,America/Los_Angeles,airport,OurAirports,8.0
6137,Salekhard Airport,Salekhard,Russia,SLY,USDD,66.5907974243164,66.61100006103516,218,5,N,Asia/Yekaterinburg,airport,OurAirports,8.0
6138,Khanty Mansiysk Airport,Khanty-Mansiysk,Russia,HMA,USHH,61.02849960327149,69.08609771728516,76,5,N,Asia/Yekaterinburg,airport,OurAirports,8.0
6140,Sovetskiy Airport,Sovetskiy,Russia,OVS,USHS,61.326622009277344,63.60191345214844,351,5,N,Asia/Yekaterinburg,airport,OurAirports,5.0
6143,Nadym Airport,Nadym,Russia,NYM,USMM,65.48090362548828,72.69889831542969,49,5,N,Asia/Yekaterinburg,airport,OurAirports,8.0
6147,Khudzhand Airport,Khudzhand,Tajikistan,LBD,UTDL,40.21540069580078,69.6947021484375,1450,5,U,Asia/Dushanbe,airport,OurAirports,33.0
6149,Fergana International Airport,Fergana,Uzbekistan,FEG,UTKF,40.358798980699994,71.7450027466,1980,5,U,Asia/Samarkand,airport,OurAirports,7.0
6150,Namangan Airport,Namangan,Uzbekistan,NMA,UTKN,40.9846000671,71.5567016602,1555,5,U,Asia/Samarkand,airport,OurAirports,12.0
6152,Urgench Airport,Urgench,Uzbekistan,UGC,UTNU,41.58430099487305,60.641700744628906,320,5,U,Asia/Samarkand,airport,OurAirports,7.0
6153,Karshi Khanabad Airport,Khanabad,Uzbekistan,KSQ,UTSL,38.8335990906,65.9215011597,1365,5,U,Asia/Samarkand,airport,OurAirports,5.0
6156,Belgorod International Airport,Belgorod,Russia,EGO,UUOB,50.643798828125,36.5900993347168,735,3,N,Europe/Moscow,airport,OurAirports,11.0
6173,Lokpriya Gopinath Bordoloi International Airport,Guwahati,India,GAU,VEGT,26.10610008239746,91.58589935302734,162,5.5,N,Asia/Calcutta,airport,OurAirports,31.0
6187,Buon Ma Thuot Airport,Buonmethuot,Vietnam,BMV,VVBM,12.668299675,108.120002747,1729,7,U,Asia/Saigon,airport,OurAirports,7.0
6189,Cam Ranh Airport,Nha Trang,Vietnam,CXR,VVCR,11.99820041656494,109.21900177001952,40,7,U,Asia/Saigon,airport,OurAirports,7.0
6195,Vinh Airport,Vinh,Vietnam,VII,VVVH,18.7376003265,105.67099762,23,7,U,Asia/Saigon,airport,OurAirports,7.0
6223,Radin Inten II (Branti) Airport,Bandar Lampung-Sumatra Island,Indonesia,TKG,WIAT,-5.240556,105.175556,282,7,N,Asia/Jakarta,airport,OurAirports,5.0
6242,Hamilton Island Airport,Hamilton Island,Australia,HTI,YBHM,-20.3581008911,148.95199585,15,10,O,Australia/Brisbane,airport,OurAirports,7.0
6255,Cloncurry Airport,Cloncurry,Australia,CNJ,YCCY,-20.6686000824,140.503997803,616,10,O,Australia/Brisbane,airport,OurAirports,5.0
6298,Mildura Airport,Mildura,Australia,MQL,YMIA,-34.229198455799995,142.085998535,167,10,O,Australia/Hobart,airport,OurAirports,6.0
6320,Port Macquarie Airport,Port Macquarie,Australia,PQQ,YPMQ,-31.4358005524,152.863006592,12,10,O,Australia/Sydney,airport,OurAirports,6.0
6341,Beijing Nanyuan Airport,Beijing,China,NAY,ZBNY,39.78279876708984,116.38800048828124,0,8,U,Asia/Shanghai,airport,OurAirports,80.0
6342,Chifeng Airport,Chifeng,China,CIF,ZBCF,42.23500061035156,118.90799713134766,0,8,U,Asia/Shanghai,airport,OurAirports,15.0
6343,Changzhi Airport,Changzhi,China,CIH,ZBCZ,36.247501,113.125999,0,8,U,Asia/Shanghai,airport,OurAirports,16.0
6344,Datong Airport,Datong,China,DAT,ZBDT,40.060299,113.482002,3442,8,U,Asia/Shanghai,airport,OurAirports,11.0
6345,Baita International Airport,Hohhot,China,HET,ZBHH,40.851398,111.823997,3556,8,U,Asia/Shanghai,airport,OurAirports,87.0
6346,Baotou Airport,Baotou,China,BAV,ZBOW,40.560001373291016,109.99700164794922,3321,8,U,Asia/Shanghai,airport,OurAirports,29.0
6347,Shijiazhuang Daguocun International Airport,Shijiazhuang,China,SJW,ZBSJ,38.28070068359375,114.6969985961914,233,8,U,Asia/Shanghai,airport,OurAirports,82.0
6348,Tongliao Airport,Tongliao,China,TGO,ZBTL,43.556702,122.199997,2395,8,U,Asia/Shanghai,airport,OurAirports,13.0
6349,Ulanhot Airport,Ulanhot,China,HLH,ZBUL,46.195333,122.008333,0,8,U,Asia/Shanghai,airport,OurAirports,7.0
6350,Xilinhot Airport,Xilinhot,China,XIL,ZBXH,43.91559982299805,115.96399688720705,0,8,U,Asia/Shanghai,airport,OurAirports,7.0
6351,Beihai Airport,Beihai,China,BHY,ZGBH,21.5394,109.293999,0,8,U,Asia/Shanghai,airport,OurAirports,20.0
6352,Changde Airport,Changde,China,CGD,ZGCD,28.9188995361,111.63999939,128,8,U,Asia/Shanghai,airport,OurAirports,8.0
6353,Dayong Airport,Dayong,China,DYG,ZGDY,29.1028,110.443001,692,8,U,Asia/Shanghai,airport,OurAirports,21.0
6354,Meixian Airport,Meixian,China,MXZ,ZGMX,24.350000381469727,116.13300323486328,0,8,U,Asia/Shanghai,airport,OurAirports,5.0
6355,Zhuhai Jinwan Airport,Zhuhai,China,ZUH,ZGSD,22.006399,113.375999,23,8,U,Asia/Shanghai,airport,OurAirports,60.0
6356,Liuzhou Bailian Airport,Liuzhou,China,LZH,ZGZH,24.2075,109.390999,295,8,U,Asia/Shanghai,airport,OurAirports,14.0
6357,Zhanjiang Airport,Zhanjiang,China,ZHA,ZGZJ,21.214399,110.358002,125,8,U,Asia/Shanghai,airport,OurAirports,19.0
6359,Nanyang Jiangying Airport,Nanyang,China,NNY,ZHNY,32.980801,112.614998,840,8,U,Asia/Shanghai,airport,OurAirports,8.0
6360,Xiangyang Liuji Airport,Xiangfan,China,XFN,ZHXF,32.1506,112.291,0,8,U,Asia/Shanghai,airport,OurAirports,13.0
6361,Yichang Sanxia Airport,Yichang,China,YIH,ZHYC,30.55655,111.479988,673,8,U,Asia/Shanghai,airport,OurAirports,24.0
6365,Qingyang Airport,Qingyang,China,IQN,ZLQY,35.799702,107.602997,0,8,U,Asia/Shanghai,airport,OurAirports,6.0
6366,Xining Caojiabu Airport,Xining,China,XNN,ZLXN,36.5275,102.042999,7119,8,U,Asia/Shanghai,airport,OurAirports,49.0
6367,Yan'an Ershilipu Airport,Yan'an,China,ENY,ZLYA,36.636902,109.554001,3100,8,U,Asia/Shanghai,airport,OurAirports,5.0
6368,Yulin Yuyang Airport,Yulin,China,UYN,ZLYL,38.35971,109.590927,0,8,U,Asia/Shanghai,airport,OurAirports,12.0
6375,Diqing Airport,Shangri-La,China,DIG,ZPDQ,27.7936,99.6772,10761,8,U,Asia/Shanghai,airport,OurAirports,7.0
6376,Mangshi Airport,Luxi,China,LUM,ZPLX,24.4011,98.5317,2890,8,U,Asia/Shanghai,airport,OurAirports,6.0
6379,Ganzhou Airport,Ganzhou,China,KOW,ZSGZ,25.853333,114.778889,387,8,U,Asia/Shanghai,airport,OurAirports,13.0
6380,Jingdezhen Airport,Jingdezhen,China,JDZ,ZSJD,29.3386001587,117.176002502,112,8,U,Asia/Shanghai,airport,OurAirports,16.0
6381,Jiujiang Lushan Airport,Jiujiang,China,JIU,ZSJJ,29.476944,115.801111,0,8,U,Asia/Shanghai,airport,OurAirports,6.0
6382,Quzhou Airport,Quzhou,China,JUZ,ZSJU,28.965799,118.899002,0,8,U,Asia/Shanghai,airport,OurAirports,6.0
6383,Lianyungang Airport,Lianyungang,China,LYG,ZSLG,34.571667,118.873611,0,8,U,Asia/Shanghai,airport,OurAirports,16.0
6384,Huangyan Luqiao Airport,Huangyan,China,HYN,ZSLQ,28.56220054626465,121.4290008544922,0,8,U,Asia/Shanghai,airport,OurAirports,14.0
6385,Shubuling Airport,Linyi,China,LYI,ZSLY,35.04610061645508,118.41200256347656,0,8,U,Asia/Shanghai,airport,OurAirports,18.0
6386,Quanzhou Jinjiang International Airport,Quanzhou,China,JJN,ZSQZ,24.7964,118.589996,0,8,U,Asia/Shanghai,airport,OurAirports,44.0
6387,Tunxi International Airport,Huangshan,China,TXN,ZSTX,29.733299255371097,118.25599670410156,0,8,U,Asia/Shanghai,airport,OurAirports,26.0
6388,Weifang Airport,Weifang,China,WEF,ZSWF,36.646702,119.119003,0,8,U,Asia/Shanghai,airport,OurAirports,7.0
6390,Sunan Shuofang International Airport,Wuxi,China,WUX,ZSWX,31.494400024399997,120.429000854,24,8,U,Asia/Shanghai,airport,OurAirports,47.0
6391,Nanping Wuyishan Airport,Wuyishan,China,WUS,ZSWY,27.7019,118.000999,614,8,U,Asia/Shanghai,airport,OurAirports,15.0
6392,Wenzhou Longwan International Airport,Wenzhou,China,WNZ,ZSWZ,27.912201,120.851997,0,8,U,Asia/Shanghai,airport,OurAirports,81.0
6393,Yancheng Airport,Yancheng,China,YNZ,ZSYN,33.425833,120.203056,0,8,U,Asia/Shanghai,airport,OurAirports,17.0
6394,Yiwu Airport,Yiwu,China,YIW,ZSYW,29.3446998596,120.031997681,262,8,U,Asia/Shanghai,airport,OurAirports,18.0
6395,Zhoushan Airport,Zhoushan,China,HSN,ZSZS,29.9342002869,122.361999512,3,8,U,Asia/Shanghai,airport,OurAirports,13.0
6397,Dachuan Airport,Dazhou,China,DAX,ZUDX,31.1302,107.4295,0,8,U,Asia/Shanghai,airport,OurAirports,9.0
6398,Guangyuan Airport,Guangyuan,China,GYS,ZUGU,32.3911018371582,105.7020034790039,0,8,U,Asia/Shanghai,airport,OurAirports,8.0
6399,Luzhou Airport,Luzhou,China,LZO,ZULZ,28.85219955444336,105.39299774169922,0,8,U,Asia/Shanghai,airport,OurAirports,13.0
6400,Mianyang Airport,Mianyang,China,MIG,ZUMY,31.4281005859375,104.74099731445312,0,8,U,Asia/Shanghai,airport,OurAirports,22.0
6401,Nanchong Airport,Nanchong,China,NAO,ZUNC,30.79545,106.1626,0,8,U,Asia/Shanghai,airport,OurAirports,6.0
6402,Nyingchi Airport,Nyingchi,China,LZY,ZUNZ,29.303300857543945,94.33529663085938,9675,8,U,Asia/Shanghai,airport,OurAirports,5.0
6403,Wanxian Airport,Wanxian,China,WXN,ZUWX,30.8017,108.433,0,8,U,Asia/Shanghai,airport,OurAirports,12.0
6404,Aksu Airport,Aksu,China,AKU,ZWAK,41.262501,80.291702,3816,8,U,Asia/Shanghai,airport,OurAirports,6.0
6407,Korla Airport,Korla,China,KRL,ZWKL,41.69779968261719,86.12889862060547,0,8,U,Asia/Shanghai,airport,OurAirports,10.0
6411,Jiamusi Airport,Jiamusi,China,JMU,ZYJM,46.84339904789999,130.464996338,262,8,U,Asia/Shanghai,airport,OurAirports,10.0
6412,Jinzhou Airport,Jinzhou,China,JNZ,ZYJZ,41.10139846801758,121.06199645996094,0,8,U,Asia/Shanghai,airport,OurAirports,5.0
6413,Qiqihar Sanjiazi Airport,Qiqihar,China,NDG,ZYQQ,47.239601135253906,123.91799926757812,477,8,U,Asia/Shanghai,airport,OurAirports,8.0
6414,Yanji Chaoyangchuan Airport,Yanji,China,YNJ,ZYYJ,42.8828010559,129.451004028,624,8,U,Asia/Shanghai,airport,OurAirports,14.0
6427,Anqing Tianzhushan Airport,Anqing,China,AQG,ZSAQ,30.582199,117.050003,0,8,N,Asia/Shanghai,airport,OurAirports,7.0
6429,Shanhaiguan Airport,Qinhuangdao,China,SHP,ZBSH,39.968102,119.731003,30,8,N,Asia/Shanghai,airport,OurAirports,7.0
6430,Yuncheng Guangong Airport,Yuncheng,China,YCU,ZBYC,35.116391,111.031388889,1242,8,N,Asia/Shanghai,airport,OurAirports,29.0
6432,Jiayuguan Airport,Jiayuguan,China,JGN,ZLJQ,39.856899,98.3414,5112,8,N,Asia/Shanghai,airport,OurAirports,7.0
6433,Dandong Airport,Dandong,China,DDG,ZYDD,40.0247,124.286003,30,8,N,Asia/Shanghai,airport,OurAirports,5.0
6434,Ordos Ejin Horo Airport,Dongsheng,China,DSN,ZBDS,39.49,109.861388889,4557,8,N,Asia/Shanghai,airport,OurAirports,25.0
6460,Gustaf III Airport,Gustavia,France,SBH,TFFJ,17.904399871826172,-62.84360122680664,49,-4,E,\N,airport,OurAirports,11.0
6485,Navoi Airport,Navoi,Uzbekistan,NVI,UTSA,40.1171989440918,65.1707992553711,0,5,E,Asia/Samarkand,airport,OurAirports,6.0
6492,Ain Arnat Airport,Setif,Algeria,QSF,DAAS,36.178100585900005,5.3244900703399995,3360,1,U,Africa/Algiers,airport,OurAirports,8.0
6493,La Rochelle-Île de Ré Airport,La Rochelle,France,LRH,LFBH,46.17919921875,-1.1952799558639526,74,1,E,Europe/Paris,airport,OurAirports,10.0
6505,Phoenix-Mesa-Gateway Airport,Mesa,United States,AZA,KIWA,33.30780029,-111.6549988,1382,-7,N,America/Phoenix,airport,OurAirports,32.0
6718,St Mary's Airport,St Mary's,United States,KSM,PASM,62.0605011,-163.302002,312,-9,A,America/Anchorage,airport,OurAirports,5.0
6743,Hami Airport,Hami,China,HMI,ZWHM,42.8414,93.669197,2703,8,U,Asia/Shanghai,airport,OurAirports,10.0
6747,Gorgan Airport,Gorgan,Iran,GBT,OING,36.9094009399,54.4012985229,-24,3.5,E,Asia/Tehran,airport,OurAirports,6.0
6753,Mardin Airport,Mardin,Turkey,MQM,LTCR,37.2233009338,40.6316986084,1729,3,E,Europe/Istanbul,airport,OurAirports,5.0
6776,Sialkot Airport,Sialkot,Pakistan,SKT,OPST,32.5355567932,74.3638916016,837,5,N,Asia/Karachi,airport,OurAirports,11.0
6788,Vieques Airport,Vieques Island,Puerto Rico,VQS,TJCG,18.1158008575,-65.4226989746,19,-4,U,America/Puerto_Rico,airport,OurAirports,6.0
6944,Jining Qufu Airport,Jining,China,JNG,ZLJN,35.292778,116.346667,134,8,U,Asia/Shanghai,airport,OurAirports,10.0
6954,Manzhouli Xijiao Airport,Manzhouli,China,NZH,ZBMZ,49.566667,117.33,2231,8,U,Asia/Shanghai,airport,OurAirports,11.0
6955,Wuhai Airport,Wuhai,China,WUA,ZBUH,39.7934,106.7993,3650,8,U,Asia/Shanghai,airport,OurAirports,8.0
6963,Tongren Fenghuang Airport,Tongren,China,TEN,ZUTR,27.883333,109.308889,0,8,U,Asia/Shanghai,airport,OurAirports,5.0
6964,Jinggangshan Airport,Jian,China,JGS,ZSJA,26.856899261499997,114.736999512,281,8,U,Asia/Shanghai,airport,OurAirports,9.0
6969,Begishevo Airport,Nizhnekamsk,Russia,NBC,UWKE,55.564701080322266,52.092498779296875,643,3,N,Europe/Moscow,airport,OurAirports,7.0
6992,Charles M. Schulz Sonoma County Airport,Santa Rosa,United States,STS,KSTS,38.50899887,-122.8130035,128,-8,A,America/Los_Angeles,airport,OurAirports,6.0
7056,Charlotte County Airport,Punta Gorda,United States,PGD,KPGD,26.92020035,-81.9905014,26,-5,A,America/New_York,airport,OurAirports,18.0
7073,San Luis Valley Regional Bergman Field,Alamosa,United States,ALS,KALS,37.434898,-105.866997,7539,-7,A,America/Denver,airport,OurAirports,6.0
7078,Show Low Regional Airport,Show Low,United States,SOW,KSOW,34.265499115,-110.005996704,6415,-7,A,America/Phoenix,airport,OurAirports,6.0
7088,Unalakleet Airport,Unalakleet,United States,UNK,PAUN,63.88840103,-160.798996,27,-9,A,America/Anchorage,airport,OurAirports,8.0
7108,Huslia Airport,Huslia,United States,HSL,PAHL,65.69789886,-156.3509979,220,-9,A,America/Anchorage,airport,OurAirports,5.0
7184,Elim Airport,Elim,United States,ELI,PFEL,64.61470032,-162.2720032,162,-9,A,America/Anchorage,airport,OurAirports,5.0
7190,Koyuk Alfred Adams Airport,Koyuk,United States,KKA,PAKK,64.9394989014,-161.154006958,154,-9,A,America/Anchorage,airport,OurAirports,5.0
7192,Shaktoolik Airport,Shaktoolik,United States,SKK,PFSH,64.37110138,-161.223999,24,-9,A,America/Anchorage,airport,OurAirports,6.0
7373,Barreiras Airport,Barreiras,Brazil,BRA,SNBR,-12.078900337219238,-45.00899887084961,2447,-3,S,America/Fortaleza,airport,OurAirports,6.0
7447,Enfidha - Hammamet International Airport,Enfidha,Tunisia,NBE,DTNH,36.075833,10.438611,21,1,U,Africa/Tunis,airport,OurAirports,45.0
7453,Hatay Airport,Hatay,Turkey,HTY,LTDA,36.36277771,36.282222747800006,269,3,U,Europe/Istanbul,airport,OurAirports,9.0
7490,Al Najaf International Airport,Najaf,Iraq,NJF,ORNI,31.989853,44.404317,103,3,U,Asia/Baghdad,airport,OurAirports,11.0
7503,Fuyang Xiguan Airport,Fuyang,China,FUG,ZSFY,32.882157,115.734364,104,8,U,Asia/Shanghai,airport,OurAirports,11.0
7506,Xingyi Airport,Xingyi,China,ACX,ZUYI,25.0863888889,104.959444444,4150,8,U,Asia/Shanghai,airport,OurAirports,6.0
7546,Persian Gulf International Airport,Khalije Fars,Iran,PGU,OIBP,27.379601,52.737701,27,3.5,U,Asia/Tehran,airport,OurAirports,5.0
7563,Kulob Airport,Kulyab,Tajikistan,TJU,UTDK,37.98809814453125,69.80500030517578,2293,5,U,Asia/Dushanbe,airport,OurAirports,7.0
7669,Northwest Florida Beaches International Airport,Panama City,United States,ECP,KECP,30.357106,-85.795414,69,-6,A,America/Chicago,airport,OurAirports,7.0
7862,Tengchong Tuofeng Airport,Tengchong,China,TCZ,ZUTC,24.9380555556,98.4858333333,6250,8,N,Asia/Shanghai,airport,OurAirports,5.0
7898,Lianshui Airport,Huai An,China,HIA,ZSSH,33.7908333333,119.125,28,8,N,Asia/Shanghai,airport,OurAirports,12.0
8076,Al Maktoum International Airport,Dubai,United Arab Emirates,DWC,OMDW,24.896356,55.161389,114,4,U,Asia/Dubai,airport,OurAirports,48.0
8216,La Romaine Airport,La Romaine,Canada,ZGS,CTT5,50.259701,-60.679401,90,-4,A,America/Blanc-Sablon,airport,OurAirports,6.0
8235,Sohag International Airport,Sohag,Egypt,HMB,HEMK,26.342778,31.742778,310,2,E,Africa/Cairo,airport,OurAirports,9.0
8266,Gazipaşa Airport,Alanya,Turkey,GZP,LTGP,36.299217,32.300598,86,3,E,Europe/Istanbul,airport,OurAirports,6.0
8401,Lombok International Airport,Praya,Indonesia,LOP,WADL,-8.757322,116.276675,319,8,N,Asia/Makassar,airport,OurAirports,16.0
8407,Handan Airport,Handan,China,HDG,ZBHD,36.5258333333,114.425555556,229,8,N,Asia/Shanghai,airport,OurAirports,6.0
8414,Modlin Airport,Warsaw,Poland,WMI,EPMO,52.451099,20.6518,341,1,E,Europe/Warsaw,airport,OurAirports,26.0
8417,Jixi Xingkaihu Airport,Jixi,China,JXA,ZYJX,45.293,131.193,760,8,N,Asia/Shanghai,airport,OurAirports,6.0
8628,Uummannaq Heliport,Uummannaq,Greenland,UMD,BGUM,70.6804279261,-52.111630439799995,50,-3,E,America/Godthab,airport,OurAirports,7.0
8630,Bayannur Tianjitai Airport,Bayannur,China,RLK,ZBYZ,40.926,107.7428,3400,8,U,Asia/Shanghai,airport,OurAirports,5.0
8781,Qianjiang Wulingshan Airport,Qianjiang,China,JIQ,ZUQJ,29.5133333333,108.831111111,2075,8,N,Asia/Shanghai,airport,OurAirports,7.0
8826,Changbaishan Airport,Baishan,China,NBS,ZYBS,42.066944,127.602222,2874,8,N,Asia/Shanghai,airport,OurAirports,5.0
8832,Lublin Airport,Lublin,Poland,LUZ,EPLB,51.240278,22.713611,633,1,E,Europe/Warsaw,airport,OurAirports,6.0
8876,Yangzhou Taizhou Airport,Yangzhou,China,YTY,ZSYA,32.5634,119.7198,7,8,N,Asia/Shanghai,airport,OurAirports,18.0
8949,Mattala Rajapaksa International Airport,Mattala,Sri Lanka,HRI,VCRI,6.284467,81.124128,157,5.5,N,Asia/Colombo,airport,OurAirports,7.0
9025,Bijie Feixiong Airport,Bijie,China,BFJ,ZUBJ,27.267066,105.472097,4751,8,N,Asia/Shanghai,airport,OurAirports,8.0
9026,Lensk Airport,Lensk,Russia,ULK,UERL,60.7206001282,114.825996399,801,9,N,Asia/Yakutsk,airport,OurAirports,6.0
9044,Şanlıurfa GAP Airport,Sanliurfa,Turkey,GNY,LTCS,37.445663,38.895592,2708,3,E,Europe/Istanbul,airport,OurAirports,5.0
9107,Yichun Mingyueshan Airport,Yichun,China,YIC,ZSYC,27.8025,114.3062,430,8,U,Asia/Shanghai,airport,OurAirports,6.0
9327,Comiso Airport,Comiso,Italy,CIY,LICB,36.994601,14.607182,623,1,E,Europe/Rome,airport,OurAirports,8.0
9843,Jiuhuashan Airport,Chizhou,China,JUH,ZSJH,30.7403,117.6856,60,8,N,Asia/Shanghai,airport,OurAirports,7.0
9845,Saertu Airport,Daqing,China,DQA,ZYDQ,46.7463888889,125.140555556,496,8,N,Asia/Shanghai,airport,OurAirports,5.0
9846,Zunyi Xinzhou Airport,Zunyi,China,ZYI,ZUZY,27.5895,107.0007,2920,8,N,Asia/Shanghai,airport,OurAirports,15.0
11051,Hamad International Airport,Doha,Qatar,DOH,OTHH,25.273056,51.608056,13,3,N,\N,airport,OurAirports,189.0
11473,Jinchuan Airport,Jinchuan,China,JIC,ZLJC,38.5422222222,102.348333333,4740,8,U,\N,airport,OurAirports,6.0
12087,Rajiv Gandhi International Airport,Hyderabad,India,HYD,VOHS,17.2313175201,78.4298553467,2024,5.5,N,\N,airport,OurAirports,74.0
13696,Istanbul Airport,Istanbul,Turkey,IST,LTFM,41.275278,28.751944,325,3,E,\N,airport,OurAirports,358.0
13760,New Islamabad International Airport,Islamabad,Pakistan,ISB,OPIS,33.560713,72.851613,1646,5,U,\N,airport,OurAirports,58.0
14102,Laguindingan Airport,Cagayan de Oro City,Philippines,CGY,RPMY,8.612203,124.456496,190,\N,\N,\N,airport,OurAirports,7.0
