icao24,callsign,origin_country,longitude,latitude,baro_altitude,true_track,velocity_kmh,origin_country
39de4e,TVF24JA ,France,-3.4571,46.048,11582.4,49.21,927.072,France
4b1817,SWR438A ,Switzerland,4.6289,50.1277,11879.58,119.39,856.62,Switzerland
80162d,AXB1290 ,India,75.6834,26.4605,11582.4,200.82,703.404,India
a5a8e2,N464EG  ,United States,-107.8851,45.8185,13708.38,101.89,863.028,United States
a46e70,LXJ385  ,United States,-112.6918,38.9483,13716.0,23.26,731.736,United States
aa56db,UAL364  ,United States,-99.3788,40.6997,10668.0,79.05,975.2399999999999,United States
a7250f,N56FA   ,United States,-118.8156,34.1508,883.92,113.03,160.992,United States
4b1812,SWR2GX  ,Switzerland,4.869,45.2527,10980.42,59.32,842.004,Switzerland
408121,VIR5C   ,United Kingdom,-66.3087,29.0018,11277.6,250.36,749.2320000000001,United Kingdom
ade18c,AAL2470 ,United States,-83.0799,35.3757,8763.0,285.65,734.6880000000001,United States
a47551,N387AF  ,United States,-112.2087,40.7592,1844.04,77.35,186.012,United States
a0f57d,PUK21   ,United States,-112.2091,33.7886,1493.52,124.95,397.656,United States
7c6b40,JST251  ,Australia,174.7567,-41.1612,998.22,128.94,359.53200000000004,Australia
a665b9,LXJ511  ,United States,-100.1151,34.1141,13106.4,311.05,741.672,United States
440da1,SKV222  ,Austria,-1.5907,50.7363,8663.94,104.25,857.916,Austria
a3b87f,DAL380  ,United States,-79.288,37.6367,10363.2,233.47,756.0,United States
a5953a,TRF559  ,United States,-95.7655,30.551,365.76,331.58,178.992,United States
440da5,EJU52KR ,Austria,5.0053,49.9604,10972.8,53.53,953.424,Austria
39de51,TVF24DY ,France,9.7221,53.2485,11871.96,38.85,891.72,France
ade199,BRG805  ,United States,-162.9509,65.9725,2171.7,38.4,250.488,United States
39de50,TVF50YJ ,France,22.9162,40.53,518.16,284.58,331.056,France
a34e7d,N312CM  ,United States,-96.3026,35.804,1478.28,256.12,169.77599999999998,United States
a22e98,N24KS   ,United States,-89.0265,30.4293,7239.0,242.56,707.4,United States
880456,AIQ171  ,Thailand,76.1698,10.0785,2583.18,147.61,522.0,Thailand
39de54,TVF7998 ,France,14.4773,35.8577,38.1,135.36,208.22400000000002,France
e49405,GLO1696 ,Brazil,-45.7673,-22.5687,6477.0,36.72,690.804,Brazil
a34230,EJA309  ,United States,-111.9013,37.4886,13106.4,291.8,738.036,United States
4b1803,SWR4WP  ,Switzerland,7.1102,51.316,1965.96,29.35,495.036,Switzerland
a4ab30,N40KG   ,United States,-84.8177,37.8331,2682.24,80.09,312.084,United States
a0db7e,N15402  ,United States,-111.2629,32.531,1188.72,180.68,155.592,United States
4b1806,SWR115Y ,Switzerland,6.3743,47.8055,9532.62,299.74,761.508,Switzerland
4b1807,SWR5MT  ,Switzerland,9.485,51.7138,3688.08,345.76,632.4480000000001,Switzerland
aa56d5,UAL1521 ,United States,-103.3313,40.0933,6568.44,78.22,889.1640000000001,United States
0d0c02,VIV843  ,Mexico,-95.0588,21.0587,11590.02,258.92,722.772,Mexico
4b1800,SWR4EY  ,Switzerland,0.6637,49.9567,10668.0,139.04,706.284,Switzerland
a5820f,N454MD  ,United States,-98.5232,29.7435,1158.24,254.98,157.248,United States
a3b88e,AAL2634 ,United States,-80.1345,35.8911,10363.2,217.41,743.796,United States
aaef60,AAL2816 ,United States,-65.414,18.9835,2811.78,160.89,542.952,United States
4952ca,TAP53ED ,Portugal,-0.558,47.3105,11894.82,229.15,705.0960000000001,Portugal
aae316,AAL3307 ,United States,-80.9411,23.1549,11277.6,191.34,744.228,United States
00b22e,SAA362  ,South Africa,28.0769,-26.2987,4267.2,14.04,565.056,South Africa
4952cc,TAP755  ,Portugal,11.9199,55.2546,6751.32,229.66,612.288,Portugal
4952cd,TAP1356 ,Portugal,-0.2289,51.4654,952.5,269.63,283.356,Portugal
00b22c,SAA066  ,South Africa,28.0762,-25.7789,5737.86,3.23,756.828,South Africa
7c6b35,JST226  ,Australia,174.1061,-40.3324,11277.6,19.99,817.884,Australia
4952cf,TAP1542 ,Portugal,-8.4364,38.898,2476.5,303.0,465.912,Portugal
a72513,N56FE   ,United States,-91.5412,41.6426,205.74,251.15,80.244,United States
a36880,N319CP  ,United States,-88.9282,35.7186,411.48,182.08,255.74400000000003,United States
a798f5,N589SP  ,United States,-121.3295,44.4993,1844.04,141.07,185.688,United States
a3a578,VJA334  ,United States,-85.127,34.8,8534.4,327.43,602.1,United States
a4d87f,N411GT  ,United States,-83.0799,33.448,2346.96,174.95,336.528,United States
a1c5f2,N213PF  ,United States,-118.2876,34.0523,190.5,343.11,108.396,United States
7c6b0e,JST971  ,Australia,136.3756,-37.2304,11277.6,99.87,1058.364,Australia
801615,AXB2661 ,India,74.3475,18.4567,2865.12,357.14,482.11199999999997,India
801619,IGO6252 ,India,76.8263,30.6589,426.72,295.78,242.71200000000002,India
a305e2,N294RW  ,United States,-90.6908,42.5444,1059.18,6.08,227.232,United States
ac96be,AAL849  ,United States,-92.4459,34.1361,10058.4,66.01,847.332,United States
801623,AXB1235 ,India,73.1728,19.7881,5501.64,184.55,536.904,India
a5822b,N454NG  ,United States,-71.7053,41.4567,2758.44,238.47,354.168,United States
a5f86f,N484L   ,United States,-90.0042,37.3466,1767.84,320.87,319.896,United States
aa69db,ENY4055 ,United States,-87.4553,42.1524,1440.18,194.83,484.70399999999995,United States
a21b49,N235CD  ,United States,-81.2806,32.7252,3185.16,179.58,253.728,United States
a438f1,EJA371  ,United States,-81.7644,28.4035,8244.84,165.81,657.144,United States
aa0967,CFS8664 ,United States,-149.9752,61.1332,601.98,228.81,196.884,United States
a6eb12,LXJ545  ,United States,-75.3897,40.5227,6096.0,239.96,573.3720000000001,United States
4b181c,SWR9BL  ,Switzerland,10.8775,43.0036,9395.46,159.18,745.02,Switzerland
4952c9,TAP781  ,Portugal,-9.0948,38.8581,533.4,202.77,325.368,Portugal
aa56b6,UAL279  ,United States,-110.0972,34.3518,10668.0,89.39,876.06,United States
aa56b5,UAL764  ,United States,-111.2091,49.9404,10972.8,297.98,702.576,United States
402aa0,GBODD   ,United Kingdom,-3.3861,56.4546,548.64,27.93,173.988,United Kingdom
aaf665,WAL294  ,United States,-82.1745,26.9902,8846.82,143.18,791.172,United States
adffa2,BONES32 ,United States,-87.832,34.3751,5120.64,229.92,839.916,United States
a57b4d,UAL1622 ,United States,-102.4436,24.5942,10972.8,235.1,754.2,United States
a6c8cd,VJA536  ,United States,-100.5221,43.5039,13106.4,270.44,731.556,United States
aa56b3,UAL556  ,United States,-84.3703,41.7778,9448.8,90.12,868.572,United States
80161a,IGO123F ,India,75.0046,19.7162,10515.6,198.76,627.84,India
0d0c24,XBOYD   ,Mexico,-101.1855,24.3755,9997.44,201.07,726.408,Mexico
4952c3,TAP1364 ,Portugal,-3.9878,44.3501,11574.78,14.95,897.12,Portugal
ad5628,DAL1509 ,United States,-89.3529,31.0745,9448.8,71.29,854.4960000000001,United States
4952c6,TAP1337 ,Portugal,-7.1673,41.8756,11887.2,202.21,774.144,Portugal
4952c7,TAP1932 ,Portugal,-8.5922,40.7319,3360.42,356.42,593.784,Portugal
4952c8,TAP67U  ,Portugal,-2.6228,49.3741,11879.58,203.92,735.444,Portugal
488252,SAH48P  ,Poland,5.3614,45.5305,9753.6,48.55,825.3000000000001,Poland
4b180c,SWR9D   ,Switzerland,9.7855,53.5703,2956.56,353.99,566.136,Switzerland
acdfc7,N929BW  ,United States,-106.2136,35.5067,8534.4,244.37,505.29600000000005,United States
39de45,TVF90NY ,France,-5.4283,44.1216,11879.58,221.43,736.092,France
ae26a1,C6575   ,United States,-74.2935,39.9193,198.12,309.47,40.788000000000004,United States
39de49,TVF70CT ,France,10.8021,47.8174,10972.8,85.76,852.408,France
ab63d7,DAL1960 ,United States,-92.1307,41.0809,10668.0,172.28,979.3079999999999,United States
51113f,NYX208  ,Estonia,23.4542,58.6105,4572.0,51.13,563.724,Estonia
a7b09b,N595GL  ,United States,-84.008,42.6364,647.7,130.3,191.844,United States
a34215,EDV5076 ,United States,-81.1048,40.673,5676.9,285.35,664.524,United States
39de41,TVF701  ,France,-3.3733,39.8783,11590.02,8.09,776.304,France
39de44,TVF48ZX ,France,-3.4589,41.4041,11582.4,31.87,887.544,France
80166c,AIC2029 ,India,12.9003,48.5749,11582.4,300.19,773.46,India
ac2f83,SWA652  ,United States,-89.4206,35.8107,11582.4,244.36,821.736,United States
4b1858,HBJFS   ,Switzerland,-110.5891,42.4344,12496.8,72.77,950.148,Switzerland
3c6667,DLH64M  ,Germany,0.4126,46.5857,10378.44,27.13,930.168,Germany
80166a,AKJ561  ,India,49.9371,22.5721,10363.2,274.33,687.204,India
a4758e,N387CS  ,United States,-104.7517,39.5093,2255.52,149.66,263.952,United States
adeca5,AAL2721 ,United States,-107.6166,31.9682,9753.6,277.33,827.208,United States
acd3a4,CXK609  ,United States,-121.2867,38.8697,876.3,341.77,165.744,United States
511188,MBU6KR  ,Estonia,0.0692,48.0411,10972.8,38.27,971.856,Estonia
8a02d3,GIA860  ,Indonesia,104.4528,-1.1748,9753.6,338.56,861.5160000000001,Indonesia
511189,MBU6CQ  ,Estonia,8.5413,53.4123,7109.46,66.04,930.2399999999999,Estonia
a9fc74,N7421A  ,United States,-119.4807,34.3435,1615.44,306.34,200.01600000000002,United States
e4943e,GLO7724 ,Brazil,-80.0413,14.2683,10972.8,322.83,855.252,Brazil
abb3ad,NDU53   ,United States,-96.9139,47.5225,1165.86,6.2,171.39600000000002,United States
3c665a,VJH721  ,Germany,5.653,51.5403,12192.0,286.57,720.72,Germany
801683,AXB1056 ,India,76.824,27.8723,6050.28,182.91,730.62,India
4bc8c6,PGT4762 ,Turkey,30.7873,36.861,121.92,6.43,247.85999999999999,Turkey
e49444,AZU4890 ,Brazil,-36.0185,-9.4072,11277.6,35.1,853.452,Brazil
4bc8c5,PGT505G ,Turkey,26.4824,41.9117,10668.0,121.98,930.1320000000001,Turkey
e49445,AZU6030 ,Brazil,-47.2531,-25.1079,9204.96,216.77,813.7800000000001,Brazil
4bc8c3,PGT1925 ,Turkey,30.4897,38.2206,10363.2,336.66,766.512,Turkey
4bc8c1,PGT389  ,Turkey,25.0434,45.4028,11285.22,141.99,947.304,Turkey
3d7f74,JMP902  ,Germany,8.4647,49.4768,426.72,279.02,236.268,Germany
e8024c,ARE4115 ,Chile,-74.3416,5.1549,5074.92,196.81,621.036,Chile
80167b,AIC2870 ,India,77.2119,28.5158,754.38,283.66,274.464,India
80167c,AXB2430 ,India,77.5375,13.2084,1699.26,90.7,303.768,India
abf008,SWA1475 ,United States,-98.7093,38.5727,12496.8,67.27,915.5880000000001,United States
e4944e,TAM3493 ,Brazil,-40.7477,-4.395,10972.8,257.41,781.812,Brazil
511171,CFG433  ,Estonia,15.4123,50.0495,11582.4,333.12,745.416,Estonia
3c666e,DLH2NW  ,Germany,11.227,50.14,10363.2,0.28,761.184,Germany
e4944f,TAM3482 ,Brazil,-49.4392,-25.6173,2628.9,110.29,560.772,Brazil
511172,MBU3JE  ,Estonia,5.2275,45.555,10972.8,55.89,845.4960000000001,Estonia
a9b3eb,N724RM  ,United States,-97.2078,34.7484,12192.0,354.32,729.576,United States
801697,AXB851  ,India,69.9703,18.0538,10363.2,297.78,782.856,India
ad563d,TYSON58 ,United States,-81.8275,35.6579,12184.38,187.43,816.192,United States
801698,AXB870  ,India,75.1073,14.3083,10363.2,297.83,864.9,India
801699,AXB1025 ,India,74.6645,19.6071,8275.32,269.47,600.0840000000001,India
abb3c3,N853PA  ,United States,-95.8996,29.5602,929.64,263.53,180.792,United States
4bc8d4,PGT72EK ,Turkey,23.971,43.0418,11285.22,120.5,904.932,Turkey
ac83d5,EDV5199 ,United States,-77.6407,36.6064,6332.22,209.86,561.636,United States
3c6674,DLH1293 ,Germany,15.0232,46.8987,10355.58,315.21,728.136,Germany
a2d2f2,AAY3181 ,United States,-87.9009,39.8085,11887.2,355.19,750.852,United States
a34e9d,DAL2671 ,United States,-105.1508,36.6119,10058.4,137.58,958.248,United States
a963f7,FFT1274 ,United States,-83.7853,33.9175,11887.2,52.69,910.476,United States
ac234f,UAL1844 ,United States,-80.5137,35.8947,11277.6,53.66,956.412,United States
a39bfa,UAL432  ,United States,-77.5926,42.0609,9753.6,290.09,851.904,United States
80164c,IGO6627 ,India,76.8199,10.1645,9906.0,13.27,742.1039999999999,India
471efa,WMT9TY  ,Hungary,-5.8068,40.0266,10965.18,70.04,922.14,Hungary
acdffc,DAL1046 ,United States,-84.5632,33.5497,3627.12,120.53,539.64,United States
47b217,NBT091  ,Norway,14.4117,57.0366,10050.78,153.59,916.02,Norway
a4ab05,N40HP   ,United States,-80.3009,35.231,1402.08,245.0,333.072,United States
a3a538,FFT2261 ,United States,-105.8421,37.1234,11269.98,205.51,812.6279999999999,United States
e4941b,AZU8730 ,Brazil,-56.8599,-11.975,11582.4,311.15,897.768,Brazil
408143,DHK007  ,United Kingdom,-11.7212,53.5983,11277.6,88.44,950.436,United Kingdom
ae6321,HAWK270 ,United States,-97.8106,27.5038,0.0,0.4,262.98,United States
ae6322,HAWK272 ,United States,-98.4092,27.4283,0.0,116.05,645.228,United States
ae5000,SHWK413 ,United States,-117.1166,32.5642,-7.62,282.09,53.028000000000006,United States
3c666f,DLH79P  ,Germany,5.0973,44.6793,8801.1,2.03,837.612,Germany
a0db99,N1541U  ,United States,-97.4169,29.8079,1021.08,171.1,155.592,United States
801665,AIC112  ,India,30.3608,41.3168,11887.2,123.2,1024.776,India
a3b85b,MVK35   ,United States,-93.3993,44.1589,1264.92,285.95,161.784,United States
adecc0,N997BC  ,United States,-85.1938,30.7934,563.88,96.58,290.84400000000005,United States
ad3006,EJA949  ,United States,-85.8576,39.9178,1211.58,314.79,357.516,United States
ae1ffd,G72041  ,United States,-111.2481,32.0742,1310.64,256.9,220.572,United States
51118a,MBU3BP  ,Estonia,6.6752,49.8559,11269.98,63.9,913.572,Estonia
ae13c0,CODE21  ,United States,-97.6922,36.0609,2781.3,279.73,449.1,United States
a3fee9,N357BB  ,United States,-86.7679,34.6899,1310.64,56.6,306.144,United States
abfc71,SWA3858 ,United States,-95.6367,32.2431,7063.74,287.68,713.376,United States
80165a,AIC1828 ,India,77.2261,26.0071,9753.6,359.48,811.224,India
ac70c9,N900SN  ,United States,-93.5933,36.2919,5669.28,84.43,762.9119999999999,United States
e8026d,LPE2458 ,Chile,-85.5409,12.0899,10972.8,354.07,895.6080000000001,Chile
ace6e2,AAL3334 ,United States,-78.3179,35.9088,11109.96,27.07,1025.388,United States
ae6317,BLZR252 ,United States,-97.811,27.5191,0.0,358.15,229.752,United States
408134,BAW741  ,United Kingdom,0.2535,51.3203,3558.54,192.0,391.932,United Kingdom
a9b3e6,N724RG  ,United States,-120.758,38.7632,0.0,50.19,202.5,United States
7c6b3f,VHVGX   ,Australia,-80.786,26.242,5204.46,313.36,639.3240000000001,Australia
ae6313,HAWK245 ,United States,-98.2167,28.0039,3520.44,27.26,550.008,United States
a3689e,DAL1309 ,United States,-81.8063,34.7911,10058.4,48.82,962.0640000000001,United States
a3556f,JBU285  ,United States,-77.7699,38.3513,9144.0,221.93,684.576,United States
a5951e,SCU52   ,United States,-96.4721,36.1654,1912.62,27.18,154.044,United States
ac1042,SWA4828 ,United States,-116.2514,43.1514,9753.6,349.14,746.784,United States
a46e6a,FFT1177 ,United States,-120.2497,39.8875,11582.4,355.73,844.992,United States
ae13b9,SCARY78 ,United States,-98.3941,29.3219,419.1,282.16,219.78,United States
801673,AXB1121 ,India,89.0764,26.5642,11582.4,278.17,677.304,India
abf025,SWA3134 ,United States,-78.3181,38.5285,7772.4,71.93,919.512,United States
aae36f,N800SB  ,United States,-86.6177,32.8082,12192.0,265.54,785.772,United States
a88075,JIA5333 ,United States,-82.9752,39.8907,10058.4,90.93,913.14,United States
ac70c2,N900SF  ,United States,-83.8237,31.3196,8343.9,30.03,821.4480000000001,United States
a4c527,RPA4790 ,United States,-96.9497,32.1525,8900.16,190.2,846.792,United States
801670,AXB1182 ,India,77.4781,13.2334,1775.46,195.6,378.79200000000003,India
801671,AIC2948 ,India,77.0484,11.7377,9601.2,17.85,858.024,India
ae630b,HAWK210 ,United States,-98.2161,28.0026,0.0,29.89,557.4960000000001,United States
ad5672,DSU59   ,United States,-90.9753,33.8351,998.22,251.57,169.848,United States
ac21e4,DAL387  ,United States,-99.5809,36.3002,9753.6,280.21,720.72,United States
a94b51,UAL740  ,United States,-109.1509,36.2222,10363.2,300.94,749.268,United States
c01b6c,JZA764  ,Canada,-121.3558,44.5597,11277.6,167.32,894.0960000000001,Canada
aa8075,ENY3703 ,United States,-84.8452,42.8573,7924.8,261.79,791.4960000000001,United States
a94b50,UAL2369 ,United States,-82.0144,39.251,8991.6,6.14,830.772,United States
a03d49,XAA1633 ,United States,-85.1417,38.1381,12504.42,84.41,932.2920000000001,United States
0d0acd,AMX655  ,Mexico,-88.6429,20.2394,9144.0,275.96,767.16,Mexico
4acb42,SAS78T  ,Sweden,16.0881,67.6007,11582.4,205.98,811.728,Sweden
4acb45,SAS277  ,Sweden,5.1933,60.3669,579.12,170.37,210.384,Sweden
a69b90,N525AQ  ,United States,-97.9,30.1998,8534.4,275.33,637.992,United States
a7bbe9,JBU1360 ,United States,-77.7081,29.6366,10668.0,356.61,1001.844,United States
a4b288,NAC722  ,United States,-163.1003,66.8988,1074.42,11.49,353.41200000000003,United States
3c65a2,DLH458  ,Germany,-0.766,61.3984,10972.8,315.08,915.3720000000001,Germany
adda24,AAL1152 ,United States,-92.7575,32.9554,10668.0,95.51,945.1800000000001,United States
a127d3,CXK168  ,United States,-115.2292,36.1353,1158.24,27.12,170.64,United States
3c65a8,DLH773  ,Germany,96.8727,15.9496,10363.2,303.04,903.5640000000001,Germany
a94b4b,UAL604  ,United States,-114.2362,36.391,4434.84,232.39,600.84,United States
4b187b,SWR18P  ,Switzerland,-3.3687,52.3435,10972.8,299.94,871.992,Switzerland
0d0ae8,SLI2708 ,Mexico,-92.0103,30.0178,11277.6,66.46,862.56,Mexico
39470b,TJT88XP ,France,2.2696,48.6269,2118.36,163.95,267.876,France
ae74e7,ZEUS13  ,United States,-78.5477,36.0384,518.16,15.03,207.108,United States
ac979e,CXK1015 ,United States,-83.1634,32.7805,1493.52,149.41,294.768,United States
ac21f5,N881EE  ,United States,-117.4818,33.2677,1638.3,135.0,212.148,United States
c02e8f,JZA949  ,Canada,-79.8498,43.0176,6027.42,198.15,695.772,Canada
3c65ac,DLH762  ,Germany,75.8478,30.0331,9906.0,133.49,1041.48,Germany
8a040b,GIA654  ,Indonesia,114.5764,-6.1138,10058.4,64.48,820.908,Indonesia
ae0114,TEAL75  ,United States,-121.4611,38.9385,4792.98,333.08,405.0,United States
a03d59,FFL1368 ,United States,-80.6964,40.1138,3124.2,43.52,607.8240000000001,United States
4b187a,SWR242  ,Switzerland,54.7271,25.6682,3749.04,96.42,596.376,Switzerland
440248,EJU92NR ,Austria,14.0259,41.7232,5570.22,154.05,689.976,Austria
3455d9,VOE3EV  ,Spain,1.5041,48.0651,4282.44,14.19,649.512,Spain
4b1885,SWR22D  ,Switzerland,-68.1813,48.9418,12192.0,218.88,749.4119999999999,Switzerland
3c65c3,DLH612  ,Germany,19.3564,46.8381,10683.24,112.4,889.3800000000001,Germany
a03d4c,XAA9550 ,United States,-80.6627,39.1185,12489.18,49.47,940.5,United States
4b1887,SWR66C  ,Switzerland,-66.3457,28.9647,11582.4,240.26,746.568,Switzerland
3c65c2,DLH1309 ,Germany,17.0571,45.2167,11590.02,314.21,757.008,Germany
3455d5,IBE0269 ,Spain,-18.5541,13.1429,10972.8,213.29,806.436,Spain
a7c2c2,N6CC    ,United States,-85.4139,32.6825,1653.54,54.58,409.068,United States
4acb59,SAS4095 ,Sweden,10.5625,61.3056,8290.56,169.64,545.976,Sweden
4b1880,SWR16F  ,Switzerland,-71.9955,41.2137,6499.86,219.48,503.892,Switzerland
a10dd5,TIV167  ,United States,-86.1675,40.7401,11582.4,267.38,810.1800000000001,United States
70801b,LAO923  ,Lao People's Democratic Republic,107.7075,22.4187,10088.88,87.08,981.0,Lao People's Democratic Republic
a6f23d,DAL782  ,United States,-96.797,36.7614,10668.0,102.55,971.4600000000002,United States
ac1afa,SWA3224 ,United States,-94.9812,39.9767,11277.6,87.62,980.568,United States
3c5ee8,EWG4A   ,Germany,18.1813,47.8667,4693.92,116.14,664.272,Germany
0d11e2,XBHPY   ,Mexico,-97.8385,18.6817,2484.12,266.99,176.184,Mexico
a6eb93,ASI670  ,United States,-112.3412,33.7758,1028.7,82.74,190.44,United States
3c5ee6,EWG1H   ,Germany,7.7872,52.0865,7178.04,223.79,618.264,Germany
ae61d1,REAPR11 ,United States,-79.6514,32.1157,7597.14,95.72,910.152,United States
0d0aef,AMX641  ,Mexico,-93.0399,32.9502,11582.4,219.13,845.172,Mexico
acd481,AAL1865 ,United States,-105.6161,36.9724,10363.2,249.86,769.284,United States
4bc8cb,PGT14G  ,Turkey,31.3844,40.0443,10515.6,299.97,711.9,Turkey
4bc8cc,PGT1922 ,Turkey,33.6736,35.0969,784.86,290.84,307.152,Turkey
3c65c8,DLH3KK  ,Germany,9.9849,50.9611,9151.62,334.61,729.828,Germany
acd486,DAL3047 ,United States,-82.701,33.3402,7665.72,257.32,759.312,United States
a915dc,CXK1039 ,United States,-83.9191,35.1038,2560.32,3.34,222.62400000000002,United States
a94b2e,UAL1187 ,United States,-86.6943,38.595,9448.8,159.09,949.6440000000001,United States
3c5ee4,EWG1CL  ,Germany,2.9491,51.5358,9745.98,284.83,716.508,Germany
3c5ee2,EWG81F  ,Germany,6.6591,51.2844,1127.76,299.01,446.83200000000005,Germany
ad41ed,AAL876  ,United States,-87.5062,36.4087,10668.0,97.85,921.6719999999999,United States
3c5ef8,EWG4TW  ,Germany,-0.4325,51.465,190.5,270.41,259.272,Germany
a45b96,DAL1421 ,United States,-118.5421,34.0181,2476.5,96.34,486.36,United States
80169e,AKJ787Z ,India,76.4529,14.7374,10934.7,135.26,865.62,India
a127bb,UAL554  ,United States,-75.147,40.0581,3581.4,43.23,765.144,United States
ae1463,ROYAL32 ,United States,-72.3726,43.7266,7315.2,183.09,688.1039999999999,United States
a9654e,N704VJ  ,United States,-91.492,30.5683,8229.6,93.83,692.352,United States
46b82c,AEE90C  ,Greece,33.6906,34.9282,281.94,226.11,269.82,Greece
a3428e,AAL1670 ,United States,-101.5991,34.0507,9761.22,288.43,767.196,United States
c0226c,WJA2604 ,Canada,-91.0046,30.8705,9448.8,154.73,954.3600000000001,Canada
3c65d9,DLH1U   ,Germany,9.007,50.2115,2369.82,162.68,422.928,Germany
a70b8c,N553LB  ,United States,-81.2748,31.9069,1615.44,192.18,263.34000000000003,United States
ae278e,LSXX    ,United States,-117.1217,32.563,7.62,282.04,142.02,United States
3c65cc,DLH4CP  ,Germany,7.1908,50.2416,11285.22,108.21,877.3199999999999,Germany
ae61c6,REAPR03 ,United States,-79.4384,32.5161,5196.84,279.74,886.932,United States
3c65cb,DLH1EK  ,Germany,19.1193,45.7883,11574.78,302.53,733.644,Germany
ae5acf,TALON65 ,United States,-97.7504,38.9036,1219.2,358.69,242.676,United States
3c65ca,DLH8H   ,Germany,0.5079,51.2179,6385.56,94.36,804.24,Germany
a8dbba,N670AB  ,United States,-93.0928,45.0187,731.52,192.53,153.684,United States
3c5ef2,EWG3BR  ,Germany,6.6923,51.0907,10660.38,212.89,699.1560000000001,Germany
440219,EJU53WL ,Austria,-6.4046,41.539,9761.22,69.74,882.432,Austria
ad8a92,,United States,-112.9215,36.4801,3756.66,134.16,268.488,United States
a6eb1e,GJS4395 ,United States,-88.5999,41.3812,3337.56,41.95,590.148,United States
acc176,N92069  ,United States,-118.3066,34.7312,3444.24,120.88,220.104,United States
a7121b,N555BD  ,United States,-120.659,39.4308,2819.4,109.94,200.952,United States
a928f4,N69GA   ,United States,-112.927,35.9815,9692.64,79.52,905.94,United States
a94b0a,UAL1991 ,United States,-79.5511,27.0729,5349.24,43.27,737.6039999999999,United States
46b830,AEE5RX  ,Greece,13.2295,40.9147,7856.22,116.51,887.868,Greece
a34dd6,CXK1113 ,United States,-118.2375,33.6755,670.56,218.25,200.448,United States
0c4185,DWI7005 ,Dominican Republic,-85.4598,20.3519,9083.04,104.97,881.856,Dominican Republic
a1a110,MXY809  ,United States,-78.5424,37.7452,10363.2,214.5,689.904,United States
a091d5,DAL551  ,United States,-74.552,40.4861,3185.16,81.91,723.924,United States
a72567,N56JP   ,United States,-82.5627,30.1687,7010.4,340.46,697.644,United States
0c4183,DWI7107 ,Dominican Republic,-87.5681,20.0401,11887.2,95.53,960.12,Dominican Republic
a58267,EJA454  ,United States,-95.2873,33.6643,10325.1,64.9,811.944,United States
a4b24e,N401WB  ,United States,-71.6649,41.399,1066.8,267.19,189.144,United States
aa3cee,N759QZ  ,United States,-114.7066,35.8833,1851.66,24.87,224.568,United States
acd47e,ASA227  ,United States,-81.4195,42.6845,10363.2,278.83,832.14,United States
a52bfb,EJA432  ,United States,-115.2338,36.0266,11887.2,48.61,812.2320000000001,United States
ac491d,DAL2681 ,United States,-87.3393,38.8398,9448.8,168.93,964.332,United States
a15d88,N18731  ,United States,-95.7963,33.3109,845.82,139.73,174.78,United States
a02a5f,,United States,-86.4124,35.0788,571.5,144.05,208.188,United States
a114f4,AAL1439 ,United States,-114.9351,33.8892,6652.26,269.74,803.772,United States
a4c592,JBU511  ,United States,-92.7718,38.6511,9745.98,254.88,759.708,United States
a94b29,UAL446  ,United States,-98.1336,40.5203,10363.2,248.45,710.856,United States
a5958c,SWA1261 ,United States,-120.6556,36.1232,9448.8,147.11,804.96,United States
a5f87d,N484LP  ,United States,-113.0512,33.2224,1638.3,103.06,131.184,United States
aa9f97,XLJ784  ,United States,-99.9608,41.9262,13716.0,241.65,744.9480000000001,United States
a8584a,FFT2609 ,United States,-76.2118,37.4295,9753.6,209.68,609.66,United States
a1ad46,N207NX  ,United States,-105.3598,37.9709,6400.8,13.74,436.608,United States
aa9f99,N784CE  ,United States,-122.2949,40.5016,76.2,0.0,131.508,United States
a785ca,N584LM  ,United States,-111.7929,33.2845,571.5,222.36,170.424,United States
a70b2f,GJS4568 ,United States,-78.318,40.9552,3101.34,80.2,565.704,United States
46b824,AEE3LG  ,Greece,9.3749,48.4711,11277.6,129.09,851.832,Greece
46b825,AEE4CA  ,Greece,6.804,46.3447,10370.82,302.72,788.0400000000001,Greece
46b822,AEE2FL  ,Greece,20.8763,40.0451,10363.2,318.75,780.876,Greece
46b823,AEE3EM  ,Greece,0.4992,39.1223,10363.2,110.82,859.8960000000001,Greece
46b828,AEE994  ,Greece,28.7033,41.467,838.2,179.07,342.648,Greece
a71e5c,JIA5431 ,United States,-77.86,38.2729,9745.98,221.78,722.7,United States
a114ed,UPS5195 ,United States,-83.6368,39.8753,8229.6,81.76,853.308,United States
ae014d,        ,United States,-97.1416,36.569,6339.84,197.34,795.456,United States
a915cf,PDT5964 ,United States,-81.65,33.8037,2987.04,186.51,490.24800000000005,United States
c07be8,GLR8972 ,Canada,-125.0171,51.0096,6096.0,326.08,388.33200000000005,Canada
867fac,JAL36   ,Japan,120.8263,19.5798,10668.0,48.51,961.704,Japan
ab1628,SCX573  ,United States,-86.6898,20.9347,876.3,303.39,292.788,United States
a4ab7a,N40NF   ,United States,-87.0397,33.7036,1798.32,267.31,315.18,United States
4acb5a,SAS69C  ,Sweden,10.043,61.4363,9829.8,40.33,772.5960000000001,Sweden
aaf617,SCX622  ,United States,-97.1286,29.6756,11277.6,9.08,785.8439999999999,United States
c01b4f,WJA268  ,Canada,-119.1591,49.723,10058.4,70.05,754.5960000000001,Canada
0d0ac8,VIV7405 ,Mexico,-87.0526,21.0373,2331.72,254.84,481.608,Mexico
44022b,AUA99HC ,Austria,13.0428,54.375,7292.34,345.36,813.492,Austria
a0dab2,SKW4703 ,United States,-103.3019,39.7071,6347.46,96.1,819.504,United States
0d0abd,AMX1684 ,Mexico,-98.4063,29.4379,7269.48,23.87,704.772,Mexico
0d11b4,MXA1781 ,Mexico,-89.1468,19.9905,10904.22,278.72,708.264,Mexico
a69b87,CNS568  ,United States,-116.2414,36.5428,10363.2,302.47,748.548,United States
aa56f7,UAL286  ,United States,-119.4133,45.1642,10972.8,26.63,785.16,United States
a247df,N246SF  ,United States,-88.4969,43.5552,914.4,354.49,212.11200000000002,United States
440224,EJU36XP ,Austria,8.1272,49.7715,11887.2,82.1,929.268,Austria
ac2f37,SWA2893 ,United States,-91.7107,39.0699,11277.6,37.25,786.384,United States
a14a35,N182XP  ,United States,-88.1514,44.5361,502.92,99.58,144.61200000000002,United States
a08acb,RPA4689 ,United States,-77.0375,38.8494,83.82,355.35,228.56400000000002,United States
a29748,SWA2576 ,United States,-76.2778,40.3201,11582.4,247.11,723.708,United States
a6aefe,N53KJ   ,United States,-117.4958,43.0613,13106.4,210.27,731.196,United States
a8453e,AVA056  ,United States,-75.1908,4.9885,8100.06,307.46,797.868,United States
aa931d,UAL803  ,United States,-77.4378,40.6516,8244.84,0.67,951.984,United States
e80209,LPE2460 ,Chile,-75.8548,-5.6729,10660.38,13.27,839.124,Chile
a7bbb2,LXJ598  ,United States,-75.2189,39.8522,281.94,340.76,207.936,United States
ae149d,STGRY41 ,United States,-97.2776,27.8576,1661.16,6.03,264.45599999999996,United States
e80205,LPE2414 ,Chile,-55.4246,-20.0704,11269.98,113.08,803.2320000000001,Chile
aa441c,UAL1149 ,United States,-90.0145,41.8427,11277.6,86.6,968.436,United States
7c1c48,FD542   ,Australia,140.3274,-37.1377,4777.74,142.11,476.42400000000004,Australia
aa3d45,N759UL  ,United States,-86.6301,32.4502,2560.32,269.4,177.804,United States
a39d83,N332CV  ,United States,-96.3933,31.0494,1272.54,335.32,226.22400000000002,United States
aa07f9,UAL294  ,United States,-106.9042,34.7151,9144.0,192.44,885.672,United States
a2cd6c,N28UH   ,United States,-112.0826,33.917,1623.06,312.99,149.364,United States
a3ed69,DAL2490 ,United States,-92.4156,35.1783,10675.62,93.99,957.9600000000002,United States
a88d01,N650CW  ,United States,-87.6844,35.2793,10668.0,134.07,884.0880000000001,United States
a4aaa0,N40DN   ,United States,-74.215,40.5625,373.38,118.41,256.896,United States
ab14b4,AUB139  ,United States,-85.6987,32.4464,784.86,226.76,170.316,United States
c03517,WJA632  ,Canada,-94.0176,49.1454,10668.0,104.78,900.216,Canada
a5f7e9,N484ER  ,United States,-89.3136,43.1706,426.72,208.69,111.88799999999999,United States
ab0dbe,N811GW  ,United States,-112.9792,41.9099,3505.2,315.36,205.596,United States
800daf,AIC1865 ,India,77.1848,28.5684,571.5,271.39,229.716,India
ace718,EJA930  ,United States,-77.3618,39.3416,1897.38,179.12,483.44399999999996,United States
a71dc2,SKW5841 ,United States,-89.2619,40.83,7315.2,41.99,722.556,United States
a617e2,N492DS  ,United States,-111.9978,41.0127,1630.68,298.93,160.812,United States
a41447,FFT2898 ,United States,-83.4839,36.6376,11277.6,30.38,845.856,United States
a737c7,SWA3171 ,United States,-89.6426,35.1291,7010.4,67.92,837.432,United States
ad0725,AAL2247 ,United States,-87.9056,41.8665,2118.36,76.8,494.604,United States
abad16,N851WU  ,United States,-89.4733,40.6681,13106.4,262.03,828.432,United States
a594e2,N459PT  ,United States,-97.4846,32.6323,441.96,340.73,202.068,United States
8a0493,BTK6170 ,Indonesia,108.1965,-6.307,8526.78,93.95,805.6800000000001,Indonesia
a63a19,N500BR  ,United States,-85.7736,34.3915,5501.64,212.47,458.784,United States
4aca82,NSZ4458 ,Sweden,4.3699,54.91,11887.2,48.71,931.752,Sweden
a4aabc,N40ER   ,United States,-81.0982,32.1276,579.12,267.74,140.86800000000002,United States
a88d1a,EJM650  ,United States,-79.2709,41.0684,11582.4,278.59,842.868,United States
393323,AFR13NT ,France,5.1604,45.9435,5021.58,354.91,626.58,France
4aca83,NSZ45F  ,Sweden,21.8118,65.6819,1028.7,120.87,375.408,Sweden
4aca86,NOZ9091 ,Sweden,8.7222,61.579,10363.2,200.09,749.376,Sweden
4aca88,NSZ2885 ,Sweden,9.4084,53.8831,11582.4,41.05,913.6080000000001,Sweden
a474aa,N3865Q  ,United States,-101.5895,31.7428,2575.56,266.75,163.22400000000002,United States
accd18,DAL3096 ,United States,-84.4201,35.6664,8511.54,358.82,718.74,United States
a21ad6,N2348K  ,United States,-111.9459,40.3651,2179.32,62.5,152.424,United States
a65449,DAL295  ,United States,-92.3272,47.0372,10972.8,340.0,833.6880000000001,United States
a581c1,N454JA  ,United States,-117.1254,33.5867,403.86,193.24,129.384,United States
a1512f,SKW3019 ,United States,-112.5103,40.1221,7208.52,208.49,714.3480000000001,United States
ac9746,N910GE  ,United States,-119.1522,38.379,7010.4,270.19,568.5840000000001,United States
e07584,ARG1218 ,Argentina,-48.3879,-27.7883,1120.14,31.06,391.32,Argentina
4aca7a,SAS45E  ,Sweden,6.8857,60.4312,7459.98,98.69,771.876,Sweden
51603f,MNE102  ,Montenegro,20.2469,44.2533,3611.88,21.83,632.4480000000001,Montenegro
800da2,SEJ142  ,India,76.8938,25.2575,11277.6,177.75,802.548,India
a3ed89,N352PJ  ,United States,-86.9223,40.7329,11369.04,292.5,735.66,United States
ab5d4a,AAL1396 ,United States,-90.3199,35.1278,11277.6,50.3,765.432,United States
a15147,N184TX  ,United States,-88.3339,39.3947,8229.6,51.63,453.528,United States
c04850,JZA392  ,Canada,-114.5121,50.7983,3314.7,45.44,517.284,Canada
a1a116,N204CE  ,United States,-116.9654,32.8076,381.0,93.77,168.912,United States
a1b449,RPA5615 ,United States,-80.7589,40.6322,9753.6,251.36,822.852,United States
4aca90,NOZ948  ,Sweden,12.441,56.7233,6758.94,172.38,739.944,Sweden
4aca92,NSZ3534 ,Sweden,2.3142,52.1615,7749.54,206.33,609.5880000000001,Sweden
4aca95,NSZ5700 ,Sweden,11.9269,57.1126,11277.6,42.59,903.0960000000001,Sweden
ad67ae,DAL1479 ,United States,-84.0631,33.7427,1668.78,188.93,524.916,United States
c81d8e,ANZ582  ,New Zealand,175.0619,-37.0632,1402.08,11.13,451.11600000000004,New Zealand
a26a2c,N255BB  ,United States,-84.8559,35.1291,868.68,28.47,248.616,United States
aaf4c8,DAL799  ,United States,-107.2854,41.1382,10058.4,66.16,957.708,United States
aaeddb,JRE803  ,United States,-81.8934,28.9891,10500.36,170.18,640.908,United States
4aca8b,NSZ3091 ,Sweden,12.6737,55.6294,53.34,221.35,246.708,Sweden
ac47dd,N8901P  ,United States,-111.6166,33.985,2834.64,67.62,238.356,United States
ace721,N930RA  ,United States,-93.7447,41.0718,8435.34,103.48,460.87200000000007,United States
4aca8a,NSZ5715 ,Sweden,-10.8652,37.426,11277.6,198.02,802.368,Sweden
4aca8f,NSZ2877 ,Sweden,-3.0446,45.2556,10972.8,36.45,969.372,Sweden
75833a,PAL655  ,Philippines,52.9579,26.1415,10668.0,113.05,998.2440000000001,Philippines
a6f28c,GJS4532 ,United States,-92.2578,43.3336,9448.8,108.47,847.44,United States
a3f401,DAL2284 ,United States,-94.7147,43.092,9288.78,215.52,819.1800000000001,United States
ae1418,BALL32  ,United States,-97.9272,36.9115,3954.78,336.37,452.808,United States
a27191,CXK1066 ,United States,-93.3739,44.752,670.56,324.78,231.228,United States
8014e8,IGO705Y ,India,75.3153,27.019,10165.08,20.95,854.712,India
e492b0,AZU9231 ,Brazil,-45.9897,-5.7723,11887.2,100.33,888.552,Brazil
ab6458,JRE833  ,United States,-105.6046,35.055,13716.0,83.48,766.116,United States
ae1410,BALL09  ,United States,-97.8379,36.3208,1478.28,340.2,442.872,United States
a40164,N35712  ,United States,-78.86,34.9616,274.32,104.19,166.21200000000002,United States
c81d9d,ANZ402  ,New Zealand,175.0182,-36.9502,990.6,264.32,318.24,New Zealand
ad54c0,N9580J  ,United States,-104.7159,38.7769,1912.62,359.25,140.76000000000002,United States
8014da,AIC2202 ,India,70.0631,19.3439,10668.0,115.38,924.5160000000001,India
e49ef0,GLO7602 ,Brazil,-66.3281,17.5937,11582.4,320.57,836.8199999999999,Brazil
a5f7a3,N484BW  ,United States,-119.9211,35.6459,5029.2,3.13,474.804,United States
ae140d,SLOW17  ,United States,-97.9794,36.9319,3931.92,341.06,462.09600000000006,United States
ac6a24,N8997V  ,United States,-96.0319,41.0157,731.52,347.2,167.148,United States
3c65da,DLH4EV  ,Germany,3.1722,51.3735,10363.2,311.37,765.0,Germany
a9fbf8,WMU74   ,United States,-85.1803,41.9751,1691.64,34.44,235.8,United States
758339,PAL6765 ,Philippines,120.5384,15.1255,533.4,20.85,249.696,Philippines
ac2dea,AAL1391 ,United States,-79.0496,25.3065,8389.62,120.18,854.784,United States
8014f3,AIC1821 ,India,77.2927,28.5658,1089.66,271.31,324.18,India
ae1408,GOAT39  ,United States,-97.8096,29.1393,3246.12,210.67,497.376,United States
a3b7cb,FFT1383 ,United States,-76.5764,39.3186,9852.66,225.54,692.784,United States
ae1402,JEDI05  ,United States,-88.0908,30.7446,2689.86,85.34,523.98,United States
344481,IBE07SP ,Spain,16.5406,48.2099,701.04,166.04,345.42,Spain
ae1403,SLOW69  ,United States,-98.0791,37.1732,3756.66,349.18,463.824,United States
a40d8d,DAL2688 ,United States,-86.4316,43.0761,10988.04,292.56,782.1,United States
485992,PHKFX   ,Kingdom of the Netherlands,6.6224,53.0899,502.92,321.84,230.83200000000002,Kingdom of the Netherlands
a41487,VJA362  ,United States,-76.6995,38.4655,6644.64,191.35,517.572,United States
8014f2,AKJ571  ,India,54.3369,25.5144,10972.8,287.97,720.36,India
a33aff,SFE1    ,United States,-97.5767,30.3615,342.9,95.12,249.15599999999998,United States
aa929c,TCN780  ,United States,-102.5333,32.616,13723.62,304.4,868.644,United States
471f9a,WZZ35EP ,Hungary,13.4018,42.2744,8450.58,62.5,810.144,Hungary
adb7b8,EJA983  ,United States,-106.5351,39.7852,7178.04,82.89,837.9720000000001,United States
ae1439,VM714   ,United States,-80.8957,31.5188,11582.4,207.99,599.832,United States
ae0104,OTTO01  ,United States,-98.6571,34.4147,2225.04,171.71,552.0960000000001,United States
758303,,Philippines,108.9393,22.0806,11003.28,309.99,749.304,Philippines
4520fb,GPX2MI  ,Bulgaria,7.8239,47.856,3360.42,283.75,451.872,Bulgaria
025414,N9337C  ,Morocco,-98.1695,32.2433,609.6,326.31,160.27200000000002,Morocco
343141,IBS1668 ,Spain,-3.2905,40.8737,2804.16,300.92,436.068,Spain
a65408,AAL2451 ,United States,-89.2666,31.3899,10668.0,103.51,975.204,United States
471f81,WMT707  ,Hungary,19.3398,48.5639,10972.8,292.23,744.228,Hungary
ae0d3b,R26745  ,United States,-148.9967,64.3233,243.84,235.99,185.436,United States
471f86,WMT8LK  ,Hungary,0.1293,41.0647,11277.6,260.18,770.616,Hungary
abc780,SWA2328 ,United States,-83.0363,27.8806,7924.8,90.0,963.036,United States
a33afa,SKW4084 ,United States,-111.9208,41.0097,3977.64,121.0,579.024,United States
a3b7f4,ENY4161 ,United States,-99.2591,46.5436,10972.8,291.23,695.4119999999999,United States
e48ba2,PPLMF   ,Brazil,-46.8644,-23.3052,1028.7,345.83,189.108,Brazil
a4bdb9,RPA4468 ,United States,-74.1322,40.4908,2354.58,38.38,590.616,United States
e49ed5,TAM4630 ,Brazil,-45.5399,-22.6854,7459.98,79.39,774.432,Brazil
8014d3,IGO616C ,India,77.6644,13.5309,3550.92,214.03,694.98,India
accd46,CAP194  ,United States,-87.8156,30.5626,640.08,69.23,172.332,United States
a12921,N174ME  ,United States,-89.7944,30.1406,1097.28,85.47,187.632,United States
a58dd1,N457TL  ,United States,-112.1439,41.0267,1714.5,268.19,176.04,United States
4520f9,BCS841  ,Bulgaria,8.8487,47.2841,9593.58,191.79,824.868,Bulgaria
a0092f,BRW101  ,United States,-93.449,44.8083,609.6,94.71,157.96800000000002,United States
8014d0,AIC2909 ,India,76.377,27.3977,8770.62,209.3,798.5160000000001,India
a51a14,N428HP  ,United States,-77.9179,30.2256,10972.8,166.71,620.352,United States
ad9d59,N97674  ,United States,-117.8567,33.6919,91.44,217.28,155.952,United States
a6672f,SIY511  ,United States,-75.4173,38.0047,12192.0,208.69,624.924,United States
34444b,IBE06MT ,Spain,11.1334,41.5129,4290.06,70.51,766.152,Spain
3b7b94,DRAGO67 ,France,7.6784,48.7112,472.44,190.35,195.804,France
a2ba3f,N275ND  ,United States,-71.1905,42.1908,365.76,258.49,102.06,United States
471f7a,WMT782  ,Hungary,12.1636,47.3878,10363.2,311.6,750.384,Hungary
8014d9,IGO6367 ,India,78.2583,28.4365,4785.36,289.89,669.6,India
ac712d,SWA4685 ,United States,-95.414,29.5545,678.18,96.68,413.964,United States
a64d22,N505GJ  ,United States,-103.7769,38.9607,6012.18,284.42,669.276,United States
a341cd,N309LT  ,United States,-95.5583,29.0295,2034.54,68.26,325.00800000000004,United States
a33af8,N307SW  ,United States,-117.2635,33.1309,129.54,259.51,152.568,United States
471f68,WMT7191 ,Hungary,23.7934,46.0384,9326.88,142.76,853.776,Hungary
3c6746,DLH028  ,Germany,9.6936,53.6827,1950.72,352.65,593.8199999999999,Germany
3c6745,DLH33U  ,Germany,13.5811,49.178,8846.82,114.58,814.644,Germany
471f66,WMT1924 ,Hungary,8.2373,48.2305,5593.08,165.92,662.544,Hungary
471f67,WMT8ZP  ,Hungary,25.5493,44.9396,5577.84,303.22,628.74,Hungary
ac82db,N905MJ  ,United States,-96.7875,32.9508,678.18,327.36,195.732,United States
a7d78a,EJA604  ,United States,-106.6556,43.9718,12496.8,79.98,904.6080000000001,United States
4008a8,HLE88   ,United Kingdom,0.3345,52.2875,693.42,229.4,187.812,United Kingdom
a5d1f7,SWA648  ,United States,-82.5198,27.3645,198.12,315.34,221.328,United States
a4b1fe,KAP89   ,United States,-71.0161,42.3539,396.24,197.32,180.432,United States
a4b1ff,00000000,United States,-90.1174,29.1797,11574.78,289.44,701.136,United States
0d0b4a,GMT161  ,Mexico,-100.0716,25.7586,792.48,120.54,346.212,Mexico
acd2be,SWA2946 ,United States,-108.9231,34.0683,11887.2,32.39,815.904,United States
a63a87,GLF33   ,United States,-79.5193,31.7569,10165.08,214.84,742.392,United States
a94ae5,UAL1418 ,United States,-100.6696,38.0736,10058.4,127.92,1030.608,United States
acd2d3,EDV5082 ,United States,-78.1672,40.2031,9144.0,272.94,758.4480000000001,United States
a99a52,FFT3971 ,United States,-98.8882,32.5841,8496.3,264.13,815.436,United States
abb2d5,DAL1881 ,United States,-87.1614,21.3339,3512.82,123.35,603.036,United States
a176ba,N19374  ,United States,-95.5522,30.2658,762.0,50.19,202.5,United States
ae6e74,SG01    ,United States,-115.0035,36.2597,563.88,67.49,222.51600000000002,United States
a1bfb2,UAL1652 ,United States,-77.816,37.3993,11277.6,32.74,1054.656,United States
3c6754,DLH5LL  ,Germany,8.9745,49.9883,8839.2,137.28,854.4960000000001,Germany
0d0b67,AMX594  ,Mexico,-88.2027,20.2415,4213.86,75.7,689.94,Mexico
a7613c,N575CP  ,United States,-86.4192,32.2769,1790.7,341.15,240.696,United States
a9ea32,EJA738  ,United States,-102.25,39.2272,13708.38,249.44,775.368,United States
471f75,WMT674  ,Hungary,-2.7947,37.5153,9044.94,67.85,839.8439999999999,Hungary
471f73,WZZ9FV  ,Hungary,27.1744,42.4039,11269.98,313.95,712.512,Hungary
a711db,N5549A  ,United States,-123.1405,43.5251,2773.68,186.88,324.576,United States
c033f6,CFTRP   ,Canada,-95.7848,30.784,10591.8,335.13,726.696,Canada
a76154,DAL897  ,United States,-89.3177,37.2927,10668.0,117.64,970.0559999999999,United States
a11659,N1696T  ,United States,-84.6157,32.6302,1950.72,257.55,146.052,United States
c02cfc,WJA1102 ,Canada,-119.9975,37.6594,10668.0,176.46,838.692,Canada
ac7bfc,N903TB  ,United States,-90.0523,30.5444,12496.8,129.28,1012.1039999999999,United States
abb2e7,VAR853  ,United States,-106.5519,31.9518,2948.94,120.26,283.03200000000004,United States
3c6753,DLH981  ,Germany,-1.6792,53.2953,11879.58,102.54,895.5,Germany
471f5c,WMT2RG  ,Hungary,21.7254,46.3556,11391.9,291.19,707.112,Hungary
ac1b82,JTL88   ,United States,-86.8428,42.4267,3261.36,265.51,520.1640000000001,United States
3c6751,DLH6LK  ,Germany,13.2881,54.479,8290.56,176.68,831.0960000000001,Germany
a6eadd,N545DU  ,United States,-78.6017,36.2359,563.88,52.29,227.088,United States
ad4264,        ,United States,-96.8211,33.8656,982.98,331.34,158.292,United States
a056c5,N1205M  ,United States,-78.9959,34.0452,13716.0,214.58,760.284,United States
4400e3,EJU414V ,Austria,-0.3044,45.8224,8473.44,20.39,839.736,Austria
a559c3,N444CZ  ,United States,-81.6465,27.2424,9578.34,326.98,832.6800000000001,United States
a90488,N680PM  ,United States,-93.3058,41.2768,563.88,274.92,172.872,United States
408064,WUK7AS  ,United Kingdom,26.7957,47.1544,7002.78,103.96,721.368,United Kingdom
408066,LOG53MA ,United Kingdom,-2.2583,58.3489,5783.58,17.68,536.508,United Kingdom
408067,EXS55UV ,United Kingdom,-5.725,41.5667,10972.8,24.27,910.152,United Kingdom
471f41,WZZ43   ,Hungary,13.6682,51.0837,10363.2,279.65,751.428,Hungary
a03cb6,SKW5744 ,United States,-110.3689,40.7841,8839.2,99.46,844.884,United States
ad424b,CXK191  ,United States,-117.8191,33.5386,1066.8,334.11,212.04,United States
3c674e,DLH7YA  ,Germany,12.3653,57.0744,5059.68,169.55,704.34,Germany
a9046d,NKS2222 ,United States,-78.9,28.1984,9441.18,8.75,1071.7920000000001,United States
a3918f,UPS2945 ,United States,-85.7372,38.1517,175.26,345.23,247.06799999999998,United States
a99a31,N718EH  ,United States,-97.614,33.0634,982.98,332.76,210.384,United States
e48c4d,TAM3568 ,Brazil,-49.3381,-20.9427,10347.96,299.52,819.3960000000001,Brazil
aa2a70,N754RV  ,United States,-99.2404,29.2214,1577.34,268.2,294.624,United States
40804e,WUK774  ,United Kingdom,23.6253,47.558,10355.58,294.97,715.032,United Kingdom
408052,EZY18AH ,United Kingdom,0.0392,40.9722,11887.2,190.75,784.1880000000001,United Kingdom
a559d1,N444DN  ,United States,-66.2965,18.4935,792.48,162.68,422.928,United States
4248a7,CAY793  ,United Kingdom,-78.3655,28.7297,10972.8,187.76,644.832,United Kingdom
a8dd4b,SCU28   ,United States,-96.3167,35.9763,1310.64,203.2,84.63600000000001,United States
3c542f,BCS6725 ,Germany,-1.4168,43.1397,10050.78,207.51,753.804,Germany
471f3d,WZZ4    ,Hungary,15.9491,47.3197,11590.02,228.19,777.7800000000001,Hungary
abfb7c,N871QS  ,United States,-97.9114,27.5245,12192.0,229.29,857.556,United States
a03cc4,N114TM  ,United States,-115.7264,35.726,3108.96,322.63,295.95599999999996,United States
a831e5,SKW4647 ,United States,-106.6222,39.3592,7010.4,93.46,859.032,United States
344417,IBE08VY ,Spain,-3.576,40.7363,1889.76,179.7,348.192,Spain
c07c92,WEN3602 ,Canada,-115.6166,50.5048,7414.26,71.93,644.832,Canada
a8e43a,N672MA  ,United States,-88.1135,41.6011,487.68,160.13,163.44,United States
3c6705,DLH579  ,Germany,11.353,48.0413,2446.02,7.31,582.552,Germany
3c6703,DLH712  ,Germany,26.3209,44.5952,12192.0,299.88,788.148,Germany
a5d1b9,UAL2164 ,United States,-84.9086,42.1089,10058.4,94.3,815.328,United States
440cbf,EJU53TD ,Austria,0.0529,53.74,11574.78,299.29,783.576,Austria
a46304,DAL1680 ,United States,-103.1733,37.7435,10668.0,104.33,957.6719999999999,United States
a3696e,DAL1368 ,United States,-89.1216,30.9452,8839.2,59.48,864.252,United States
a34f63,N312MS  ,United States,-96.2942,30.3002,2034.54,159.24,360.468,United States
a6eab3,N545CB  ,United States,-82.7245,31.5426,3048.0,355.14,284.364,United States
a2d3a9,N281WC  ,United States,-96.0198,35.5383,7818.12,193.38,784.296,United States
a030be,N111JM  ,United States,-113.7041,35.1037,11887.2,62.26,644.508,United States
440cc1,EJU59XZ ,Austria,4.3696,48.2344,11597.64,317.09,791.4960000000001,Austria
a75a2d,SKW5616 ,United States,-82.1946,43.0327,9761.22,267.31,828.7560000000001,United States
a1bffd,N2113C  ,United States,-96.0015,34.6339,2202.18,37.27,262.98,United States
a95dd3,AAL3239 ,United States,-77.5953,28.8026,10043.16,355.07,970.344,United States
344409,,Spain,-9.2221,35.4692,10965.18,43.03,911.988,Spain
a83dcc,N630AR  ,United States,-80.3743,26.1259,2164.08,82.96,604.62,United States
a45c17,00000000,United States,-113.9899,33.9282,13716.0,83.33,717.876,United States
3c6712,DLH575  ,Germany,11.3807,43.8412,12496.8,357.85,889.5960000000001,Germany
471f36,WZZ55ZY ,Hungary,-3.3186,40.1652,10972.8,8.13,838.116,Hungary
a40ca4,DAL2270 ,United States,-78.7415,38.1214,10363.2,232.74,758.592,United States
440cab,AUA317  ,Austria,6.1929,52.3829,5471.16,288.91,702.792,Austria
3c6717,DLH727  ,Germany,115.2353,41.069,11010.9,292.18,726.012,Germany
440cac,AUA33J  ,Austria,4.5203,51.6649,10972.8,282.98,733.644,Austria
7c492a,QFA7    ,Australia,-104.2042,30.4855,11887.2,63.07,916.056,Australia
471f38,WZZ6973 ,Hungary,-0.7361,42.3284,11902.44,211.28,756.252,Hungary
a83dd0,VAR630  ,United States,-113.0639,33.5109,1501.14,69.57,201.6,United States
a163f2,AAL2066 ,United States,-102.6567,35.8507,10050.78,125.72,926.1719999999999,United States
a5d1c6,UPS5196 ,United States,-104.1105,36.0171,12192.0,247.04,816.5880000000001,United States
471f32,WZZ1M   ,Hungary,14.0728,40.3636,11582.4,17.02,854.136,Hungary
801607,AXB1180 ,India,78.7707,28.1848,7307.58,296.18,612.9,India
ae6264,BLZR207 ,United States,-98.4091,27.4284,2781.3,116.12,643.572,United States
a306cf,N29408  ,United States,-121.1396,37.6539,731.52,296.78,217.83599999999998,United States
a2cca4,SKYDIV8 ,United States,-111.7065,32.693,1584.96,249.53,296.53200000000004,United States
aa444c,N7603C  ,United States,-117.1987,32.8369,1348.74,279.72,274.32,United States
aaa710,N786CP  ,United States,-84.4787,32.9432,1257.3,334.16,131.688,United States
a83dbf,N630AC  ,United States,-84.4415,38.2229,350.52,20.98,144.792,United States
a91739,EJA685  ,United States,-81.7408,26.1229,289.56,312.47,178.27200000000002,United States
471f05,WZZ7YM  ,Hungary,52.9648,25.7289,9403.08,300.26,746.136,Hungary
46c9a1,AEZ2024 ,Greece,9.1943,45.1635,7155.18,144.97,703.368,Greece
a4fa6d,N42MV   ,United States,-80.0462,33.1714,868.68,48.41,220.392,United States
aa8ac2,S414    ,United States,-88.4378,37.8392,2811.78,141.06,359.53200000000004,United States
e07542,ARG1207 ,Argentina,-57.2882,-33.8375,6743.7,225.12,619.416,Argentina
ae6298,HAWK265 ,United States,-98.3313,27.2175,3535.68,267.34,519.12,United States
4951f0,TAP035  ,Portugal,-9.96,38.156,6240.78,225.8,653.544,Portugal
3c670e,DLH718  ,Germany,42.0547,41.7337,11887.2,94.77,1001.7,Germany
e48053,TAM4536 ,Brazil,-46.2249,-23.1896,3329.94,20.0,622.764,Brazil
e49388,AZU4871 ,Brazil,-47.1509,-20.959,10248.9,13.53,815.292,Brazil
a977bb,DAL304  ,United States,-113.2091,34.5622,11582.4,256.73,839.124,United States
a08021,AAL870  ,United States,-70.08,12.5168,327.66,103.73,249.73200000000003,United States
ac970f,KOW910  ,United States,-96.6574,36.2394,14325.6,273.25,816.192,United States
885283,THA910  ,Thailand,100.0454,13.7777,5029.2,306.54,765.252,Thailand
0d121b,AMX598  ,Mexico,-94.9382,18.3355,8839.2,124.42,884.592,Mexico
aa442d,N7602G  ,United States,-94.1202,36.1668,487.68,178.34,127.836,United States
885282,THA622  ,Thailand,101.1439,13.7286,4267.2,59.8,758.52,Thailand
ac47b7,SWA2977 ,United States,-108.819,39.0558,10393.68,259.67,722.8800000000001,United States
a977d4,AAL1189 ,United States,-86.1224,32.6242,10668.0,165.11,965.844,United States
ae6277,HAWK228 ,United States,-97.8281,27.4906,0.0,179.11,238.93200000000002,United States
ab5d27,N831MC  ,United States,-98.0381,31.4401,11887.2,71.13,915.984,United States
5003de,T7VSG   ,San Marino,24.68,33.786,12496.8,138.24,1020.4559999999999,San Marino
ab772b,N8MF    ,United States,-80.4594,32.753,13716.0,23.52,1030.1399999999999,United States
0d1233,VIV5026 ,Mexico,-110.523,28.3113,11894.82,128.64,863.0640000000001,Mexico
a8dd27,EJA670  ,United States,-112.014,41.3288,12192.0,357.09,728.784,United States
408092,BAW2PD  ,United Kingdom,-80.5584,48.7714,11582.4,228.44,915.7320000000001,United Kingdom
a64163,JIA5399 ,United States,-73.7897,42.6018,9753.6,173.3,745.884,United States
4951cb,TAP1863 ,Portugal,-9.7977,38.4951,5859.78,251.57,620.784,Portugal
4951cc,TAP836A ,Portugal,9.3234,40.9638,11582.4,68.09,868.356,Portugal
a6fdeb,2500    ,United States,-115.0612,36.2691,3421.38,12.64,313.164,United States
80174a,IGO5010 ,India,83.8575,25.3604,10363.2,302.64,672.984,India
a7d6a8,FFT3545 ,United States,-77.106,35.0298,9144.0,204.92,549.36,United States
ab5dd4,UAL299  ,United States,-75.5592,40.2238,8663.94,233.0,649.296,United States
80174d,IGO1060 ,India,84.2808,17.5181,10370.82,287.31,803.0880000000001,India
ada714,N979WM  ,United States,-91.4933,41.0846,13106.4,280.11,748.728,United States
aa7a1f,RPA3703 ,United States,-82.5014,42.4267,5760.72,259.38,663.264,United States
e49f32,PROOT   ,Brazil,-40.313,-20.295,274.32,35.31,163.404,Brazil
a1f02d,N224DE  ,United States,-84.3563,30.6931,9418.32,278.2,662.364,United States
e48c03,GLO1226 ,Brazil,-46.2797,-23.4298,2225.04,129.96,536.364,Brazil
a46345,FFT1600 ,United States,-97.0951,42.2589,11277.6,86.15,965.2320000000001,United States
a150f7,EJA184  ,United States,-121.5401,36.8297,3208.02,30.31,444.06,United States
00c469,SFR253  ,South Africa,27.614,-26.9456,8023.86,22.73,829.26,South Africa
abc7c6,SWA1505 ,United States,-93.7844,39.7913,11277.6,87.8,917.424,United States
a05801,N121GB  ,United States,-97.4059,37.6875,594.36,200.32,106.632,United States
c02eca,ACA548  ,Canada,-111.9152,48.6959,11887.2,95.31,1039.752,Canada
a72640,N56TF   ,United States,-81.7909,35.0469,11574.78,324.24,709.812,United States
a83f30,QXE2117 ,United States,-105.5133,41.6361,10668.0,119.85,982.2600000000001,United States
801767,IGO146H ,India,77.0476,13.7927,4853.94,162.46,749.736,India
a7cfb7,EDV4896 ,United States,-86.4392,39.8299,3543.3,25.46,555.84,United States
aa44d0,UAL345  ,United States,-116.2508,33.858,9753.6,274.68,908.64,United States
c02ed9,ACA62   ,Canada,-167.5082,58.609,11269.98,70.46,907.92,Canada
a666d1,N511TB  ,United States,-82.9867,38.7873,3512.82,148.26,376.74,United States
407b54,WUK5304 ,United Kingdom,7.6865,49.576,10370.82,306.16,775.296,United Kingdom
407b55,WUK709  ,United Kingdom,9.5005,50.1023,10972.8,307.63,755.316,United Kingdom
3c6586,DLH4YJ  ,Germany,11.7595,48.3622,472.44,83.26,236.84400000000002,Germany
a533bd,UAL1377 ,United States,-84.1223,41.6373,10957.56,93.66,870.3720000000001,United States
a59675,N4594F  ,United States,-79.6926,35.5857,952.5,198.28,218.448,United States
a5cc35,UAL2269 ,United States,-98.1292,39.4654,10668.0,92.83,1014.264,United States
801768,IGO275K ,India,73.4422,18.0276,5189.22,338.94,561.636,India
3c658b,DLH807  ,Germany,17.8323,59.5933,1127.76,236.45,415.54800000000006,Germany
a283ed,ENY3811 ,United States,-94.8953,31.9419,9144.0,285.79,735.192,United States
ac6aa2,N9BQ    ,United States,-73.0092,40.9324,426.72,254.05,134.82000000000002,United States
a3567a,VJA314  ,United States,-79.2253,29.5324,12557.76,192.7,615.0960000000001,United States
ac3751,SWA2181 ,United States,-88.8024,41.2714,3025.14,64.88,492.94800000000004,United States
801772,IGO227H ,India,77.1832,27.2564,6172.2,1.65,642.924,India
a3301a,N304VS  ,United States,-75.9167,38.3068,4693.92,79.86,673.524,United States
a9af05,N723DJ  ,United States,-92.161,44.889,891.54,281.31,179.424,United States
3c6590,DLH5PF  ,Germany,15.7826,47.7043,10370.82,282.42,731.988,Germany
a8592c,EJA637  ,United States,-87.2342,33.0815,12496.8,119.59,926.424,United States
3c6594,DLH6UY  ,Germany,12.6517,43.3178,11567.16,344.73,773.676,Germany
3c6593,DLH6E   ,Germany,12.0069,50.1987,8839.2,156.6,914.112,Germany
ab4ac3,N8269L  ,United States,-94.4897,36.1946,327.66,185.71,93.06,United States
c048cb,,Canada,-112.8454,53.7499,5105.4,20.35,420.732,Canada
ac97e4,AAL2495 ,United States,-78.0502,33.4216,11277.6,7.07,1052.5320000000002,United States
3c6598,DLH3ET  ,Germany,11.8147,48.3456,1028.7,85.21,288.072,Germany
a6197b,N492WA  ,United States,-121.2303,44.1063,1363.98,1.75,181.584,United States
3c6597,DLH8VY  ,Germany,10.8536,46.8755,8534.4,17.71,736.812,Germany
a7d6c6,N604GW  ,United States,-97.3624,40.6859,10660.38,92.35,1037.988,United States
407b2c,GOLD656 ,United Kingdom,-0.1095,57.7543,1059.18,63.6,295.668,United Kingdom
a1f019,N224CK  ,United States,-82.0418,33.9754,2004.06,326.53,261.972,United States
a57c5c,N4523S  ,United States,-119.7519,38.9917,1310.64,1.65,192.67200000000003,United States
ae6406,FM02    ,United States,-75.4715,37.5562,4541.52,189.44,677.736,United States
a2dffe,UAL2415 ,United States,-102.6158,40.0089,9121.14,81.96,966.9960000000001,United States
a64ce6,DAL464  ,United States,-89.829,45.9826,9738.36,266.94,764.1,United States
ae6401,DO03    ,United States,-75.692,37.8221,0.0,216.68,660.42,United States
a3565e,N314HB  ,United States,-84.8328,32.8558,1714.5,300.96,237.564,United States
ab9a32,DAL998  ,United States,-78.0738,32.8671,10668.0,10.4,1077.048,United States
39d312,TVF50KR ,France,24.1185,36.8073,9753.6,320.33,774.684,France
a7e9de,NDU609  ,United States,-111.6063,32.9351,1074.42,153.11,147.42000000000002,United States
abc7e9,SWA5033 ,United States,-81.3493,29.6949,9776.46,357.1,953.136,United States
40820e,EXS1508 ,United Kingdom,-9.2964,37.4511,10988.04,22.03,849.1320000000001,United Kingdom
c0853f,ACA1039 ,Canada,-98.0343,41.4556,10363.2,251.7,737.352,Canada
ae14a2,MNTNA23 ,United States,-97.2111,27.5715,373.38,184.64,343.728,United States
ad574f,AAL249  ,United States,-89.415,38.7147,10972.8,212.11,892.044,United States
c07e62,WJA231  ,Canada,-104.6162,50.892,11582.4,279.35,786.456,Canada
a9ea6c,N738T   ,United States,-91.4615,38.05,2316.48,202.23,372.132,United States
a283f4,AAY852  ,United States,-81.1743,33.2352,10980.42,196.93,737.6039999999999,United States
a6a3b2,N527HV  ,United States,-119.7489,38.6451,13716.0,93.02,702.9,United States
a3f3ed,N354CT  ,United States,-97.732,29.9037,960.12,98.5,200.376,United States
a1f021,N224CT  ,United States,-112.0084,33.977,2529.84,331.08,302.58,United States
abfd39,SWA2432 ,United States,-79.0865,27.5101,7010.4,43.69,919.548,United States
c08537,ACA776  ,Canada,-112.2478,37.6473,10058.4,63.43,861.3720000000001,Canada
a929ab,N69PJ   ,United States,-122.4336,37.4332,1150.62,167.04,214.74,United States
80173c,IGO1233 ,India,71.6823,19.4998,10363.2,287.71,785.4119999999999,India
a2d3b3,SWA2612 ,United States,-88.4794,41.392,2110.74,51.44,478.40399999999994,United States
a69c66,K525KD  ,United States,-83.9074,30.1392,12092.94,160.4,806.0400000000001,United States
ad9db8,DAL1053 ,United States,-93.2527,44.8958,426.72,121.18,246.78,United States
a69c64,N525KB  ,United States,-98.0855,33.279,12192.0,278.03,622.836,United States
a7e9e7,JIA5061 ,United States,-79.9627,36.058,8534.4,214.12,686.772,United States
a9ea96,AAL329  ,United States,-80.4419,25.6687,2918.46,180.0,479.66400000000004,United States
500379,LSM02   ,San Marino,-5.7922,36.6448,12496.8,200.45,816.336,San Marino
7c49fb,FD603   ,Australia,114.9658,-29.6526,5585.46,341.8,426.96,Australia
a7d6b1,CXK179  ,United States,-79.1133,35.5868,419.1,204.15,176.57999999999998,United States
408212,NEVIS01 ,United Kingdom,-2.2171,54.6351,1356.36,346.95,287.06399999999996,United Kingdom
c821ba,ANZ100M ,New Zealand,174.9895,-37.9397,6088.38,4.26,423.432,New Zealand
ab51c2,N8286E  ,United States,-106.8529,34.6547,1767.84,223.67,168.984,United States
a7130c,SWA1995 ,United States,-88.3356,23.4636,11887.2,164.9,824.832,United States
39d30d,TVF48YR ,France,-5.5867,37.2527,10972.8,18.64,816.984,France
801752,IGO5274 ,India,77.192,27.75,4465.32,2.61,609.9480000000001,India
c07e59,WJA1056 ,Canada,-123.2421,49.1945,266.7,276.41,331.74,Canada
39d30f,TVF47BY ,France,6.252,46.6851,10972.8,290.01,747.0,France
a1acdb,RPA5614 ,United States,-75.7447,40.7863,8641.08,252.55,611.4960000000001,United States
a57c84,N4524X  ,United States,-97.4435,30.581,152.4,171.98,132.804,United States
a2101f,MXY713  ,United States,-81.3951,32.84,11277.6,30.24,956.088,United States
a64cdb,DAL388  ,United States,-144.623,57.314,11887.2,95.19,981.9,United States
00c45d,SFR115  ,South Africa,28.2067,-26.2334,2438.4,200.56,522.1800000000001,South Africa
a5cc3c,UAL2446 ,United States,-104.1151,39.9775,3703.32,82.4,713.736,United States
a1f012,N224CC  ,United States,-96.0667,31.7469,5494.02,320.62,347.40000000000003,United States
c02ee7,ACA7065 ,Canada,-78.6739,44.1052,5684.52,236.13,644.652,Canada
a36994,EDV5437 ,United States,-75.3239,39.4477,6339.84,34.42,891.252,United States
ace7bf,EDV5070 ,United States,-79.0522,37.3747,10363.2,227.99,727.812,United States
ac377b,SWA20   ,United States,-96.8652,32.8529,91.44,135.82,273.744,United States
ae14ab,MNTNA50 ,United States,-97.4227,27.6954,129.54,185.28,221.328,United States
4690e5,AEE969  ,Greece,23.6931,38.1284,2446.02,188.34,574.6320000000001,Greece
a17825,N194ML  ,United States,-80.8009,26.6942,2042.16,333.62,262.54800000000006,United States
a390ed,DAL2864 ,United States,-82.7041,42.8305,10980.42,280.27,820.62,United States
3c7879,CFG5ET  ,Germany,-3.9709,42.0763,10965.18,64.73,915.444,Germany
ae0dd0,BLADE28 ,United States,-97.1284,30.0536,731.52,53.6,227.80800000000002,United States
3c786b,CFG5LC  ,Germany,-5.3404,38.766,10972.8,32.44,873.432,Germany
4690e1,AEE82B  ,Greece,15.0998,51.4439,8823.96,126.56,883.044,Greece
ae5d2a,HRCN21  ,United States,-76.3765,36.9561,129.54,73.0,234.324,United States
ad8aac,,United States,-97.36,32.8154,243.84,172.41,140.11200000000002,United States
407b8e,BAW507  ,United Kingdom,-2.4071,48.1863,10988.04,17.3,971.784,United Kingdom
a559de,N444EA  ,United States,-80.6415,26.9269,1874.52,82.68,479.88000000000005,United States
a45052,N3771L  ,United States,-96.9203,32.3124,853.44,24.34,170.748,United States
ae27f7,C6006   ,United States,-82.5203,27.8563,129.54,352.01,106.596,United States
a008cc,N101DX  ,United States,-118.8838,35.0496,3108.96,114.56,236.196,United States
ae4a18,RNGR734 ,United States,-97.3035,27.7055,152.4,182.7,235.476,United States
aba1a0,DAL1862 ,United States,-101.0414,27.7349,10363.2,206.39,833.22,United States
ae4a16,SH141   ,United States,-87.8185,30.5403,1165.86,148.35,448.2,United States
39e68c,AFR88TE ,France,2.4938,48.3074,7299.96,163.76,702.144,France
3c6543,DLH7LX  ,Germany,10.5614,52.4793,11582.4,197.45,747.3960000000001,Germany
ab4af1,AAL3162 ,United States,-87.873,42.0964,1508.76,38.59,469.152,United States
a0583d,N121JM  ,United States,-91.8164,35.6101,1386.84,238.04,237.924,United States
a0450c,N1161V  ,United States,-113.955,33.7291,3749.04,271.21,350.1,United States
ac245c,SWA1421 ,United States,-116.0404,36.3311,6149.34,131.38,705.96,United States
3c4b2d,DLH462  ,Germany,-81.7831,38.5479,10972.8,177.0,955.08,Germany
ab0485,AAL1260 ,United States,-95.0661,39.8565,10972.8,245.63,758.376,United States
0d10f8,VIV7826 ,Mexico,-98.8555,28.9259,10660.38,13.82,821.988,Mexico
a546c9,RPA4769 ,United States,-76.4797,37.1334,7924.8,207.72,533.484,United States
a90496,PWR6    ,United States,-98.2276,33.4691,12496.8,149.53,923.9760000000001,United States
a9ea75,N738TJ  ,United States,-118.3364,34.2882,807.72,295.1,161.568,United States
aadd88,N8DT    ,United States,-111.7988,33.2753,335.28,248.06,143.748,United States
a3a647,AAL2090 ,United States,-94.2359,31.7808,9753.6,286.1,761.4,United States
3c4b45,EWG8L   ,Germany,8.397,47.7786,11887.2,177.62,802.62,Germany
c0107c,HRT389  ,Canada,-81.1631,24.4879,13350.24,7.51,948.9600000000002,Canada
39cc8a,CRL907  ,France,3.1668,48.3182,3497.58,332.7,646.092,France
a87a89,N64524  ,United States,-80.8948,27.3298,1234.44,173.26,205.128,United States
a008df,N101ER  ,United States,-115.1305,35.9954,746.76,224.71,255.384,United States
ae14b1,STGRY61 ,United States,-96.9671,28.8854,1714.5,214.65,306.18,United States
40825f,EXS77HF ,United Kingdom,-8.0316,40.4796,10965.18,31.98,860.22,United Kingdom
ac1d80,N88WR   ,United States,-114.0338,36.5843,5471.16,219.99,720.3960000000001,United States
a5a9e6,EJA464  ,United States,-78.9713,41.0342,9753.6,278.76,790.776,United States
39e689,AFR29UG ,France,4.1617,49.6192,5745.48,244.02,651.024,France
ad4461,JSX1120 ,United States,-81.1693,31.0069,10980.42,178.47,692.892,United States
ab0499,N809PH  ,United States,-157.8481,21.2917,152.4,296.57,4.14,United States
a5f953,N484VC  ,United States,-118.2391,33.8897,15.24,270.0,127.8,United States
a400d0,HER357  ,United States,-78.0314,33.5478,12496.8,7.08,976.032,United States
39e682,AFR1069 ,France,0.1505,50.7846,8839.2,143.95,774.216,France
e49f52,AZU6035 ,Brazil,-46.9406,-25.0847,8061.96,30.77,767.376,Brazil
408262,EXS57N  ,United Kingdom,-9.2078,37.615,10370.82,21.82,851.868,United Kingdom
39e684,AFR51JT ,France,7.8114,51.8799,9753.6,216.78,733.032,France
408260,EXS41RH ,United Kingdom,-7.8013,52.0073,11285.22,23.54,909.036,United Kingdom
a3ffeb,MVK65   ,United States,-94.1379,44.1973,1264.92,271.76,120.42000000000002,United States
a85931,QXE2190 ,United States,-119.747,39.3987,10058.4,27.96,817.704,United States
a9ea45,N738RL  ,United States,-85.6774,38.4385,944.88,10.23,135.50400000000002,United States
39e688,AFR71EQ ,France,7.8644,50.9092,11582.4,241.66,721.728,France
af841c,SHWK400 ,United States,-117.2976,32.6265,7.62,279.93,225.61200000000002,United States
c07e17,HRT349  ,Canada,-79.6499,43.7437,1607.82,51.42,433.54800000000006,Canada
aba1c9,FDX3    ,United States,8.7581,50.0993,1043.94,250.07,315.18,United States
47bf73,NORSAR6 ,Norway,5.2156,60.3012,213.36,170.36,99.57600000000001,Norway
3c654e,LHX6AA  ,Germany,2.0229,51.6291,9342.12,276.82,639.7560000000001,Germany
a05827,RPA4360 ,United States,-86.8098,38.9019,6141.72,154.91,838.44,United States
801788,IGO64J  ,India,55.7469,25.4148,3185.16,102.35,718.524,India
a666b9,N511SC  ,United States,-111.929,33.821,762.0,358.48,209.34,United States
4a2aac,DNA507  ,Romania,19.6147,47.4706,10370.82,299.87,762.408,Romania
a70c08,N553RA  ,United States,-97.4106,32.2767,845.82,119.25,212.256,United States
39e680,AFR31WZ ,France,14.0047,50.0872,2331.72,275.3,440.82,France
a8f79d,N677VJ  ,United States,-85.0108,35.1806,3512.82,51.19,339.84000000000003,United States
c02eb9,ACA887  ,Canada,-75.4747,48.0148,12184.38,210.33,858.24,Canada
ac379a,SWA2072 ,United States,-113.6202,35.906,8214.36,103.7,852.0840000000001,United States
ad5785,EJA959  ,United States,-114.2607,36.7952,8618.22,32.04,747.144,United States
ad4470,N954KM  ,United States,-83.2184,29.4543,6088.38,324.21,433.8,United States
a5cc19,UAL2424 ,United States,-104.0452,39.7774,4899.66,97.64,710.0640000000001,United States
80044a,AXB283  ,India,57.5901,22.9313,11582.4,284.96,638.352,India
a5cc15,UAL1875 ,United States,-76.5534,41.7784,10309.86,290.28,817.416,United States
a4b30c,N4012X  ,United States,-111.8069,40.0423,2004.06,188.95,202.464,United States
a008c5,DAL676  ,United States,-76.2407,37.2543,10058.4,31.97,1080.684,United States
408251,LOG34JD ,United Kingdom,1.1567,51.9607,3985.26,118.02,520.308,United Kingdom
39e692,AFR96WJ ,France,12.0128,54.0157,10972.8,228.25,762.0840000000001,France
ae14ba,MNTNA11 ,United States,-97.4227,27.7041,144.78,166.08,230.868,United States
a3fffc,DAL788  ,United States,-98.4713,29.5219,175.26,40.91,257.32800000000003,United States
ae14bb,MNTNA55 ,United States,-97.4647,28.6529,1409.7,59.58,332.892,United States
a008c9,DAL1723 ,United States,-114.2247,46.542,5875.02,328.13,582.264,United States
3c656e,DLH438  ,Germany,-86.6754,46.551,11582.4,211.19,894.0960000000001,Germany
39e698,AFR1655 ,France,2.5013,37.5057,6964.68,335.29,766.512,France
a4b314,N40125  ,United States,-112.0465,33.828,1295.4,321.69,236.01600000000002,United States
3c6573,DLH7K   ,Germany,-68.6727,45.7227,11582.4,198.71,739.116,Germany
3c6572,DLH440  ,Germany,-87.304,44.3987,11582.4,209.41,901.404,Germany
3c6570,DLH630  ,Germany,51.8587,26.5291,12504.42,109.8,1005.8399999999999,Germany
40823c,EXS87KA ,United Kingdom,-5.2828,54.8189,6835.14,32.14,682.3800000000001,United Kingdom
3c4b4e,EWG75J  ,Germany,6.6447,51.1643,2674.62,159.57,488.15999999999997,Germany
40823d,EXS8YM  ,United Kingdom,-6.9529,39.8266,10972.8,33.02,883.548,United Kingdom
3c4b4c,EWG72L  ,Germany,12.8009,49.6506,11277.6,114.77,897.408,Germany
a94c72,N699DB  ,United States,-80.6184,32.728,12496.8,26.08,981.504,United States
a39e0c,ENY3699 ,United States,-79.8421,25.5393,2659.38,324.67,483.55199999999996,United States
acc23f,DAL1901 ,United States,-100.8507,28.0769,10972.8,206.45,819.144,United States
758403,PAL400  ,Philippines,121.4526,16.3435,7391.4,25.73,853.1640000000001,Philippines
ada5ee,JBU2801 ,United States,-100.5366,31.8285,10957.56,271.54,759.6,United States
782078,CAO3136 ,China,-2.1481,45.4962,10972.8,31.89,1016.4960000000001,China
0a004a,DAH1545 ,Algeria,4.5209,42.7953,10668.0,155.53,791.4960000000001,Algeria
e48add,PRMFX   ,Brazil,-47.2478,-23.0581,2263.14,196.17,385.668,Brazil
3443d4,VLG50B  ,Spain,-1.3268,50.0503,7802.88,25.36,903.816,Spain
3443d5,VLG9AZ  ,Spain,7.9032,44.0982,10988.04,21.15,816.1560000000001,Spain
ac22fb,EJA881  ,United States,-111.9848,33.7973,3718.56,58.12,617.22,United States
a880c8,RPA3470 ,United States,-87.411,36.5789,9144.0,178.86,928.0440000000001,United States
3443d1,VLG60KA ,Spain,2.4763,46.4814,9441.18,176.34,725.616,Spain
addb47,NKS1684 ,United States,-81.282,31.0922,10363.2,181.64,713.304,United States
a03225,N111YW  ,United States,-96.8873,27.3968,10965.18,207.46,795.204,United States
a8dcee,NKS205  ,United States,-82.6009,38.0719,11285.22,11.66,833.94,United States
e0b182,LVKFB   ,Argentina,-59.2315,-33.0527,10363.2,284.43,654.012,Argentina
a2ce02,N280AG  ,United States,-97.3179,32.9703,419.1,193.89,177.40800000000002,United States
0ac3e2,PNC0202 ,Colombia,-74.1762,4.7158,2499.36,126.11,194.832,Colombia
a9535d,N70MW   ,United States,-96.6773,37.1777,2590.8,208.25,309.06,United States
a248df,MMY59   ,United States,-122.2947,40.4862,198.12,356.48,120.60000000000001,United States
ad8b61,LYM5111 ,United States,-93.0752,44.8914,1554.48,36.79,513.36,United States
ad9e93,N977KM  ,United States,-83.1999,34.1946,2758.44,170.89,350.74800000000005,United States
a88cfa,N650CP  ,United States,-81.9148,34.1414,5791.2,163.19,640.368,United States
a57092,N45JG   ,United States,-86.9813,38.4625,8321.04,263.82,808.452,United States
a57093,JRT45   ,United States,-89.5356,29.3719,13106.4,186.96,932.868,United States
a9f0a5,N74ER   ,United States,-111.7377,33.4863,701.04,234.59,188.604,United States
ae5be3,CAPO41  ,United States,-87.3076,36.624,419.1,115.85,199.62,United States
a03235,AAL3097 ,United States,-84.4341,42.6039,10378.44,260.91,832.752,United States
a14b26,CXK194  ,United States,-83.6209,42.2728,807.72,314.03,154.548,United States
a092c1,N136PA  ,United States,-106.3342,35.9124,5852.16,293.06,312.012,United States
a70055,N550KJ  ,United States,-4.9066,55.6344,13106.4,312.35,907.2,United States
c0103e,ACA317  ,Canada,-100.6075,52.0323,11574.78,274.78,866.052,Canada
a6f35c,EJA547  ,United States,-74.3592,40.8081,13106.4,229.8,625.536,United States
3c5db0,KLM20D  ,Germany,4.3104,51.0441,6553.2,352.74,791.6039999999999,Germany
a3ee0b,UPS2929 ,United States,-86.5447,37.7298,4792.98,90.0,618.552,United States
a7006f,N550LK  ,United States,-115.312,30.8136,13716.0,143.11,891.5400000000001,United States
e491b0,TAM3525 ,Brazil,-39.1921,-3.8921,5524.5,276.5,719.4960000000001,Brazil
a17847,AAY957  ,United States,-89.7147,37.0827,10972.8,325.09,650.4480000000001,United States
a9af67,CXK533  ,United States,-97.0913,32.5931,670.56,181.38,153.756,United States
a9af63,TIV723  ,United States,-107.3147,34.7322,12496.8,104.64,893.916,United States
80047a,AIC639  ,India,72.8427,18.6064,5151.12,165.84,605.484,India
3c64b0,DLH584  ,Germany,27.7341,34.8098,11285.22,142.08,946.152,Germany
4aca06,NOZ1124 ,Sweden,14.2254,56.7137,11582.4,184.45,787.6080000000001,Sweden
3c64a6,DLH883  ,Germany,14.6793,53.8637,10363.2,224.73,826.3439999999999,Germany
4aca05,NOZ9T   ,Sweden,10.9089,61.2534,6370.32,174.73,504.036,Sweden
3c64a4,DLH687  ,Germany,19.6151,43.4913,10355.58,318.08,779.004,Germany
a45072,DAL2100 ,United States,-100.9851,36.2313,10668.0,116.85,988.0920000000001,United States
0ac3ca,EFY7772 ,Colombia,-73.9896,4.057,5791.2,89.14,492.6960000000001,Colombia
4aca09,NOZ624  ,Sweden,5.4581,60.5177,2141.22,297.63,447.336,Sweden
3c64a8,DLH96J  ,Germany,5.7251,42.5774,10972.8,49.5,818.388,Germany
3c64a7,DLH66U  ,Germany,6.2445,46.2993,10972.8,43.54,873.7560000000001,Germany
a916fa,NDU685  ,United States,-111.51,32.7276,1943.1,302.16,212.22000000000003,United States
a5f8a5,,United States,-96.6872,47.6061,1143.0,107.9,253.008,United States
a2e806,ASA368  ,United States,-108.1392,38.5001,10058.4,102.78,979.884,United States
3c64af,DLH5HP  ,Germany,8.5912,50.0596,365.76,249.69,250.77599999999998,Germany
a8f6ef,NKS3270 ,United States,-78.3751,34.7521,10050.78,37.52,1046.088,United States
3c64ac,DLH681  ,Germany,22.8476,40.8685,9753.6,316.8,790.056,Germany
0a0048,DAH483  ,Algeria,14.5235,35.0327,11582.4,271.17,724.284,Algeria
a618b6,N492ND  ,United States,-81.6276,28.622,708.66,10.74,218.66400000000002,United States
aa31ed,SKW6503 ,United States,-101.8383,35.3698,10972.8,325.85,702.684,United States
4080ea,BAW402  ,United Kingdom,13.2734,45.4284,10683.24,128.62,931.608,United Kingdom
a3f518,EJA354  ,United States,-96.4134,33.2115,2324.1,232.51,511.16400000000004,United States
4aca13,NSZ5372 ,Sweden,11.7319,55.4501,4221.48,58.46,697.5,Sweden
4aca15,NSZ8FI  ,Sweden,8.8132,52.7141,12192.0,217.24,746.748,Sweden
0b2017,YS350PE ,El Salvador,-89.1108,13.7228,1028.7,114.51,138.42000000000002,El Salvador
a3b8e1,AAL2321 ,United States,-89.9225,31.1407,10363.2,273.73,740.52,United States
a008fe,LXJ101  ,United States,-67.6779,19.8008,14325.6,298.82,841.3199999999999,United States
addb4a,AAL1178 ,United States,-112.4012,36.8952,10668.0,70.73,886.788,United States
e48ad5,TAM3625 ,Brazil,-42.0913,-16.2867,10370.82,225.36,838.152,Brazil
4aca0b,NSZ3253 ,Sweden,18.4576,69.3079,4930.14,203.62,628.6320000000001,Sweden
3c64aa,DLH1769 ,Germany,18.0995,44.6002,10363.2,316.86,766.512,Germany
a1ae05,SWA2631 ,United States,-109.599,31.9883,12192.0,250.03,786.24,United States
a773d7,N58CX   ,United States,-81.6055,30.525,434.34,249.0,222.192,United States
8016a2,AKJ1409 ,India,76.9213,24.7644,11277.6,178.53,794.772,India
a7000a,GJS4182 ,United States,-92.6402,42.1282,7010.4,47.26,764.0640000000001,United States
a95f67,N70275  ,United States,-117.1702,33.0742,1066.8,97.05,166.068,United States
4aca66,SAS974  ,Sweden,14.5863,54.9676,7452.36,307.56,707.868,Sweden
0a008c,DAH1092 ,Algeria,4.9956,42.7318,5806.44,1.58,739.224,Algeria
0a008d,DAH1199 ,Algeria,7.3304,40.7008,11277.6,187.53,777.1320000000001,Algeria
0a008b,DAH1061 ,Algeria,2.2005,48.4646,3810.0,182.04,572.616,Algeria
a70c67,AAL2972 ,United States,-92.6548,38.7949,9144.0,247.98,795.1320000000001,United States
a7000f,N550GP  ,United States,-117.3959,34.1301,1485.9,213.38,467.928,United States
4aca69,SAS93P  ,Sweden,7.7999,61.9192,10965.18,218.03,766.512,Sweden
a102e2,N1640   ,United States,-100.0749,35.496,12192.0,273.07,795.636,United States
a88cbf,PDT5881 ,United States,-82.0268,35.1774,6027.42,268.54,581.724,United States
a1ae79,CXK599  ,United States,-96.445,33.1653,1280.16,68.57,157.176,United States
aa7a61,SWA1948 ,United States,-114.6155,36.0986,6004.56,102.94,703.08,United States
a94c2a,PDT5806 ,United States,-75.038,39.9119,1028.7,254.81,289.764,United States
a5cc4c,AAL1908 ,United States,-99.4048,33.8696,10119.36,107.56,957.6719999999999,United States
0a0093,DAH2001 ,Algeria,2.9518,38.8735,7886.7,165.17,745.236,Algeria
a15e7d,ECJ88   ,United States,-79.0282,40.2567,1950.72,278.21,376.092,United States
c02f6a,WJA1720 ,Canada,-122.8281,48.281,6911.34,157.28,791.1,Canada
a773c8,N58CG   ,United States,-77.4332,40.5337,10972.8,192.75,721.548,United States
a2bb10,SWA2147 ,United States,-105.8858,34.75,8084.82,92.25,800.676,United States
a46ec9,MMY35   ,United States,-122.4622,40.5757,1661.16,162.55,203.832,United States
4aca70,SAS1905 ,Sweden,10.6466,59.4956,7620.0,201.42,517.248,Sweden
c083aa,WJA2052 ,Canada,-123.1833,49.0643,2004.06,108.37,534.708,Canada
4aca72,SAS63J  ,Sweden,7.1616,51.7104,2697.48,228.94,400.356,Sweden
ab77ac,SKW3960 ,United States,-90.4121,38.854,1607.82,65.47,490.608,United States
a6f326,JIA5591 ,United States,-96.3072,30.3981,5090.16,155.37,737.568,United States
4aca75,SAS2305 ,Sweden,10.0764,60.7705,8061.96,330.6,769.536,Sweden
ac370b,SWA364  ,United States,-95.6025,41.1872,9784.08,258.89,720.9720000000001,United States
a355c8,N314BB  ,United States,-79.9692,33.1187,3886.2,123.51,322.056,United States
a7398e,ASA1470 ,United States,-106.5935,37.746,10972.8,247.29,714.744,United States
a7132b,N555NA  ,United States,-90.482,36.0553,342.9,46.91,157.248,United States
0a009b,DTH1810 ,Algeria,-0.5192,35.6453,2583.18,88.77,518.6880000000001,Algeria
4aca78,SAS2872 ,Sweden,5.1704,60.4369,990.6,171.29,256.68,Sweden
a34ecc,FFT1750 ,United States,-84.1499,33.4942,10668.0,170.0,906.444,United States
76b862,TGW116  ,Singapore,103.8744,2.3559,6583.68,356.54,768.1320000000001,Singapore
a70016,N550GW  ,United States,-73.9758,40.9285,701.04,212.31,256.392,United States
4aca6c,SAS43T  ,Sweden,10.199,62.5388,9662.16,208.49,691.1279999999999,Sweden
a9af3e,FFT4721 ,United States,-111.1198,40.1381,6324.6,268.84,639.072,United States
4aca6f,SAS1716 ,Sweden,22.0317,59.9103,8793.48,67.4,814.464,Sweden
4aca6e,SAS4615 ,Sweden,-1.5517,57.5076,3764.28,253.7,534.492,Sweden
a7cfe3,NKS1412 ,United States,-74.1774,40.3868,2133.6,111.62,537.876,United States
a475a3,DAL467  ,United States,-75.6356,39.1066,7711.44,36.38,1136.412,United States
a70c4f,N553TX  ,United States,-81.0198,29.4752,12192.0,151.7,738.288,United States
a1c868,ASA395  ,United States,-119.8092,46.2775,9753.6,279.51,717.336,United States
02a1ac,LBT599  ,Tunisia,7.7421,41.7948,11277.6,153.31,787.644,Tunisia
e491f1,TAM3586 ,Brazil,-46.4748,-22.5262,7010.4,336.98,696.24,Brazil
02a1aa,DAH1012 ,Tunisia,4.7198,47.3724,10066.02,330.81,812.52,Tunisia
0a0078,DAH1069 ,Algeria,1.2772,37.4838,9448.8,210.34,869.0400000000001,Algeria
abfd00,SWA771  ,United States,-74.7992,38.8881,5151.12,256.47,609.552,United States
0a0079,DAH1024 ,Algeria,4.5027,41.0667,10972.8,10.34,835.8480000000001,Algeria
a69c96,N525MB  ,United States,-87.7237,33.1196,10363.2,230.07,637.6320000000001,United States
e48afd,GLO1452 ,Brazil,-46.2471,-23.3874,4930.14,26.49,660.0960000000001,Brazil
a15e70,AMX628  ,United States,-98.8983,18.7896,7726.68,183.91,787.068,United States
471fa4,WZZ974  ,Hungary,19.0625,47.0875,10363.2,293.52,733.212,Hungary
471fa7,WZZ8BE  ,Hungary,8.8433,44.6283,10675.62,241.55,804.672,Hungary
02a1b3,LBT594  ,Tunisia,7.1996,43.6447,-15.24,45.0,225.252,Tunisia
471fa5,WZZ1453 ,Hungary,20.8453,42.4004,6789.42,128.06,693.9,Hungary
a7d6ec,JAS604  ,United States,-102.8714,40.1289,10363.2,256.73,742.1039999999999,United States
a8efba,EJA675  ,United States,-80.451,27.2566,3703.32,290.77,516.96,United States
3f5bff,GAF193  ,Germany,9.096,51.9966,2682.24,17.53,553.5,Germany
44034b,EJU85PT ,Austria,8.9489,45.2993,11582.4,315.72,726.876,Austria
abc7a3,SWA2629 ,United States,-99.6594,34.7983,10972.8,285.26,717.9480000000001,United States
471fac,WZZ6EM  ,Hungary,1.3465,38.8777,11567.16,68.9,792.072,Hungary
471faa,WZZ81   ,Hungary,8.4054,50.4662,9753.6,279.14,746.568,Hungary
471fae,WMT8FV  ,Hungary,10.8401,45.0038,9250.68,250.35,825.9480000000001,Hungary
4aca53,NSZ2063 ,Sweden,17.8361,56.1461,11887.2,71.53,847.44,Sweden
ab0425,JRE809  ,United States,-79.7224,39.997,3931.92,1.8,591.0840000000001,United States
a7001d,N550HC  ,United States,-114.6191,35.2531,4389.12,302.29,630.936,United States
ade27a,N994LA  ,United States,-111.6642,33.735,1447.8,109.73,181.008,United States
a893c7,N73PP   ,United States,-111.7821,33.4209,609.6,45.0,146.66400000000002,United States
a5e69b,N48DR   ,United States,-66.6718,18.3721,3116.58,268.89,477.90000000000003,United States
a9af29,SKW4780 ,United States,-81.7691,41.4065,3261.36,143.39,574.488,United States
ac3731,SWA1674 ,United States,-91.0641,41.7695,10972.8,265.46,795.168,United States
c02358,JZA822  ,Canada,-73.9783,45.2969,1699.26,28.52,387.82800000000003,Canada
4aca4f,NSZ9LV  ,Sweden,3.2236,40.7621,11277.6,201.26,842.616,Sweden
a27e53,N26TF   ,United States,-117.4709,33.8678,1402.08,332.56,108.504,United States
a6ec65,VOC4071 ,United States,-86.9517,20.8304,3360.42,173.74,611.1,United States
a2e837,N287CJ  ,United States,-86.1837,40.0081,1150.62,209.21,322.524,United States
4a08a5,HYS446  ,Romania,27.1491,47.2234,6758.94,106.24,854.4960000000001,Romania
0d118f,MXA1732 ,Mexico,-92.8461,18.783,12496.8,96.85,869.2560000000001,Mexico
ad68ba,EJA963  ,United States,-87.5228,36.5359,13106.4,245.28,770.652,United States
c82335,ANZ062M ,New Zealand,173.9402,-40.1646,6408.42,27.84,448.2,New Zealand
a75b11,N573RM  ,United States,-90.7686,34.5139,1592.58,69.3,267.264,United States
a3a5ec,DAL1312 ,United States,-78.7499,35.5801,3528.06,151.88,640.476,United States
c82337,QFA7528 ,New Zealand,170.9628,-43.0346,8854.44,296.63,764.46,New Zealand
a71ecd,N558TA  ,United States,-90.6126,30.0018,2766.06,270.0,214.848,United States
ac7e1c,TAI328  ,United States,-73.5476,44.6921,5082.54,1.56,818.892,United States
a4abc6,N40RG   ,United States,-96.0461,29.6635,1005.84,185.34,199.044,United States
a2ce7f,N280FG  ,United States,-75.0823,39.375,647.7,41.35,185.04,United States
c04969,BF1915  ,Canada,-89.1465,49.1508,5501.64,15.98,383.364,Canada
ab6542,UAL2027 ,United States,-118.5841,39.9717,10058.4,62.16,892.224,United States
a51b58,SWA352  ,United States,-118.0649,33.6514,9715.5,132.23,732.888,United States
47b1dc,IGO172P ,Norway,24.1933,37.7872,11277.6,145.37,967.8600000000001,Norway
8015d3,IGO636C ,India,75.9284,28.0173,5699.76,29.43,678.3480000000001,India
a582bb,UAL1599 ,United States,-104.6418,39.8299,1630.68,0.4,268.56,United States
c82347,ANZ10   ,New Zealand,-160.9999,19.8108,11277.6,10.96,886.6080000000001,New Zealand
c82349,ANZ771M ,New Zealand,175.5706,-40.6614,6096.0,200.72,528.696,New Zealand
a582c8,UPS420  ,United States,-74.4997,5.2311,5379.72,249.0,640.764,United States
ab0ef9,VXP324  ,United States,-73.6304,39.8465,5219.7,50.89,766.1880000000001,United States
e0744e,LVGQN   ,Argentina,-55.9325,-34.7018,4373.88,92.43,654.336,Argentina
0180ab,BNL103  ,Libyan Arab Jamahiriya,15.2662,35.0807,10972.8,297.69,757.152,Libyan Arab Jamahiriya
a76e2d,N578WZ  ,United States,-121.4101,36.4782,5669.28,323.75,688.968,United States
8015ce,,India,73.3623,16.7336,8534.4,0.98,761.292,India
494142,NJE801Q ,Portugal,10.8327,59.2204,8458.2,199.33,414.108,Portugal
a6fead,N55SL   ,United States,-71.4096,42.0828,883.92,305.91,66.31200000000001,United States
8015d9,IGO1517 ,India,72.6204,16.4507,10980.42,301.75,788.4,India
a33bf5,N3072D  ,United States,-90.4055,30.5403,243.84,100.11,190.008,United States
0180b4,BRQ004  ,Libyan Arab Jamahiriya,17.0405,32.6669,10066.02,93.42,961.0559999999999,Libyan Arab Jamahiriya
abb537,ASH4048 ,United States,-88.6973,37.8159,8839.2,41.11,791.4960000000001,United States
a21bea,RPA5693 ,United States,-73.3199,40.9395,8229.6,47.81,1014.804,United States
a88e3f,DCM3519 ,United States,-93.4101,34.3485,11574.78,235.39,834.804,United States
a3db5e,DAL530  ,United States,-100.5233,37.8634,10363.2,289.41,691.1640000000001,United States
a69bcd,DAL868  ,United States,-116.0582,47.8474,10355.58,255.72,751.032,United States
ae1514,SUNDOG1 ,United States,-98.7468,34.3552,1981.2,340.53,583.416,United States
a69bd8,N525DM  ,United States,-82.3773,27.6174,3855.72,220.07,411.408,United States
494141,NJE280Y ,Portugal,5.9319,53.0028,3467.1,60.03,656.2800000000001,Portugal
aaa86a,SKW5394 ,United States,-121.807,38.171,6080.76,36.6,698.94,United States
440310,SKV666  ,Austria,9.0722,59.1046,13106.4,260.39,687.492,Austria
abb534,ASH6173 ,United States,-88.0473,30.7462,9753.6,265.73,746.568,United States
a70bd1,DAL750  ,United States,-96.5584,37.0054,11582.4,291.38,696.0960000000001,United States
a76224,POD4    ,United States,-73.8122,39.5151,13106.4,223.95,715.14,United States
a1ae99,CXK408  ,United States,-112.3907,40.7698,2065.02,268.81,177.84,United States
a858f3,NKS1336 ,United States,-86.7546,20.9754,670.56,303.58,264.528,United States
a88e45,N650RV  ,United States,-105.699,30.0386,12489.18,349.72,912.888,United States
a2c224,SKW4011 ,United States,-103.9882,37.8905,9753.6,278.27,656.892,United States
ad0851,AAL2638 ,United States,-90.949,33.8984,10668.0,74.71,885.0960000000001,United States
a39e6b,DAL1553 ,United States,-106.7366,40.504,8656.32,96.23,955.7280000000001,United States
8015a6,AIC131  ,India,5.6229,51.7415,10972.8,275.12,747.468,India
a9a399,AAL135  ,United States,-5.5337,56.9061,9753.6,324.87,939.7800000000001,United States
a858f6,JIA5581 ,United States,-81.5191,35.3915,4518.66,108.65,619.6320000000001,United States
abfbb7,ACES1   ,United States,-113.3828,32.8698,6096.0,218.58,855.252,United States
a26b4a,ENY3465 ,United States,-97.5727,29.3717,9753.6,179.24,839.0160000000001,United States
a64e7e,KPO505  ,United States,-80.0976,27.2931,3070.86,219.96,343.11600000000004,United States
a5224e,N43RT   ,United States,-89.9289,39.9779,10972.8,325.3,702.792,United States
a355e6,SJJ314  ,United States,-83.1201,28.3579,9928.86,161.98,802.368,United States
e0b110,JES3833 ,Argentina,-46.9253,-22.3677,10965.18,218.45,848.916,Argentina
adb8b5,N9830V  ,United States,-121.2235,44.0735,1165.86,357.85,148.248,United States
a39e5c,N332MM  ,United States,-98.4909,30.395,1882.14,283.86,293.76,United States
abb52c,SWA3144 ,United States,-97.776,39.2588,11582.4,264.14,707.4720000000001,United States
4a08e9,ROT274K ,Romania,24.366,42.5575,10088.88,16.95,813.168,Romania
ad68fa,TRF563  ,United States,-96.3133,33.1285,1181.1,35.96,116.67599999999999,United States
885311,THA313  ,Thailand,94.4151,17.4688,10805.16,302.37,802.548,Thailand
adf522,N999LX  ,United States,25.3879,38.7152,13106.4,318.54,763.6320000000001,United States
0d0a77,VIV1017 ,Mexico,-97.1445,20.2783,11582.4,256.61,759.6,Mexico
a08d17,N1345C  ,United States,-86.6068,34.5068,800.1,289.98,195.084,United States
ac22c5,AAL1014 ,United States,-110.918,32.0978,975.36,135.23,320.83200000000005,United States
a7008f,N550MS  ,United States,-92.736,36.9552,11483.34,310.12,523.116,United States
4080db,BAW334  ,United Kingdom,10.147,48.4425,11887.2,127.16,941.184,United Kingdom
ae5ba7,GRYHK61 ,United States,-76.2957,36.9207,556.26,99.7,362.62800000000004,United States
a9a36f,N72YX   ,United States,-111.3912,33.3861,1211.58,115.24,143.316,United States
4a08e7,ROT384J ,Romania,25.9278,44.5532,601.98,83.94,333.36,Romania
4080de,EXS2AN  ,United Kingdom,-6.9185,41.9003,10965.18,15.98,874.5840000000001,United Kingdom
a3b8f5,AAL2133 ,United States,-94.4558,38.2773,10972.8,258.07,734.436,United States
494111,NJE615F ,Portugal,6.5541,48.178,10050.78,176.28,742.356,Portugal
769101,SIA7439 ,Singapore,109.004,-2.7784,10972.8,310.6,904.968,Singapore
abae62,SWA2362 ,United States,-110.9849,34.1835,7360.92,229.3,732.816,United States
4080e1,BAW954M ,United Kingdom,8.3388,49.9951,11269.98,110.42,828.036,United Kingdom
a2c27e,SWA2498 ,United States,-75.6262,39.9608,5791.2,218.91,530.748,United States
4080e2,EXS1HH  ,United Kingdom,-9.4915,47.4561,11887.2,359.75,851.94,United Kingdom
a7b0eb,N595KR  ,United States,-82.0225,28.1499,2125.98,177.37,322.596,United States
494118,NJE397G ,Portugal,-4.4719,43.5369,12192.0,23.63,840.924,Portugal
885305,THA309  ,Thailand,85.5844,26.4143,9486.9,324.0,727.92,Thailand
adee38,N997SD  ,United States,-117.4492,34.001,426.72,161.57,158.11200000000002,United States
a6f39f,N547TJ  ,United States,-81.0314,26.5365,1851.66,189.85,270.684,United States
a39289,JBU1006 ,United States,-75.4334,42.5609,11277.6,80.61,908.532,United States
a057d3,TWY121  ,United States,-68.3301,44.6754,1577.34,81.01,438.768,United States
adee1c,CXK331  ,United States,-116.9161,33.0228,739.14,278.62,185.436,United States
4080e0,BAW98BL ,United Kingdom,4.2461,51.9023,11582.4,265.81,709.3439999999999,United Kingdom
e491a1,TAM3510 ,Brazil,-39.4762,-3.2887,6446.52,265.16,767.6279999999999,Brazil
e491a2,TAM4787 ,Brazil,-38.961,-5.5249,9136.38,197.71,834.048,Brazil
ad8b20,AAL2904 ,United States,-105.6723,35.9164,11277.6,120.69,943.344,United States
aadbea,N79905  ,United States,-95.0279,30.5651,990.6,92.02,157.5,United States
a057cc,DAL2346 ,United States,-79.8735,32.8888,10355.58,211.94,672.1560000000001,United States
494101,NJE8AQ  ,Portugal,0.8176,48.812,9753.6,286.06,749.7,Portugal
ac7e80,SKW5321 ,United States,-86.1984,30.8159,2103.12,91.94,546.66,United States
ab5e9b,SWA1217 ,United States,-79.8029,34.0693,11582.4,197.91,698.724,United States
a9b67b,N725DS  ,United States,-111.2625,35.027,7162.8,204.02,727.92,United States
4080bf,BAW33K  ,United Kingdom,-11.4215,54.8355,10965.18,301.2,911.556,United Kingdom
8015e2,IGO061  ,India,50.7066,22.5242,10363.2,274.97,684.1080000000001,India
8015e7,IGO103  ,India,74.3058,18.4104,6057.9,106.22,742.572,India
a6b833,DAL895  ,United States,-94.8969,33.1288,9761.22,263.49,767.988,United States
ac8583,AAL3237 ,United States,-102.6894,25.9213,10972.8,223.39,746.748,United States
c02f21,WJA2380 ,Canada,-101.5168,26.8851,10972.8,210.14,822.384,Canada
ac8588,DAL1639 ,United States,-83.3546,42.1918,274.32,26.93,257.58,United States
78216a,CSG2553 ,China,51.7517,26.2772,9753.6,296.38,779.364,China
a64e2a,SKW6210 ,United States,-114.357,33.3264,10668.0,100.25,728.352,United States
4080bb,BAW29G  ,United Kingdom,-2.282,51.3945,6644.64,96.23,665.1,United Kingdom
c81c9e,ANZ064L ,New Zealand,174.8486,-38.4305,7620.0,6.9,416.016,New Zealand
ac8579,N906AC  ,United States,-96.092,30.2907,9448.8,94.46,904.6800000000001,United States
0d0a8e,AMX807  ,Mexico,-94.9142,18.1588,10972.8,279.97,791.64,Mexico
4080c2,RUK4KA  ,United Kingdom,-7.2921,39.2811,11277.6,192.08,787.86,United Kingdom
ad9e7a,GMH977  ,United States,-86.5001,36.2141,2087.88,107.0,513.1800000000001,United States
758436,CEB187  ,Philippines,126.6486,34.62,10233.66,184.99,851.436,Philippines
8015f3,IGO1701 ,India,87.4984,24.8797,10058.4,111.97,1024.488,India
abb57a,ASH6327 ,United States,-95.5253,29.8644,1996.44,61.92,499.608,United States
ad9e73,JBU2233 ,United States,-96.1758,43.5828,10378.44,256.17,759.0960000000001,United States
a4c5d8,JBU123  ,United States,-78.84,40.1058,10363.2,270.4,805.644,United States
ad089b,N939RM  ,United States,-99.6131,44.4751,2057.4,294.38,282.636,United States
abae8f,SWA1759 ,United States,-119.5627,33.9631,9044.94,120.94,662.868,United States
a53557,N4347R  ,United States,-88.3441,41.9199,914.4,268.75,170.424,United States
a4d8ec,N411MB  ,United States,-117.2598,33.4303,510.54,338.03,237.63600000000002,United States
a4d8ee,N411MD  ,United States,-88.3124,30.6817,4671.06,15.42,167.148,United States
3981eb,CLG1935 ,France,2.4157,48.7299,243.84,254.28,198.18,France
4a08ec,ROT374W ,Romania,6.0347,50.2558,9364.98,110.14,865.98,Romania
4b15a2,SWR52   ,Switzerland,-1.3765,51.6028,10972.8,297.9,886.464,Switzerland
a54884,N44CP   ,United States,-114.5266,33.7699,7840.98,282.28,862.3800000000001,United States
a52e5b,ATN3334 ,United States,-82.6033,29.8028,10523.22,352.28,910.152,United States
885315,THA351  ,Thailand,83.8254,17.6226,10972.8,286.76,802.692,Thailand
4009c5,SHT13K  ,United Kingdom,-0.6066,51.7426,3048.0,115.31,454.824,United Kingdom
a27dac,N26LP   ,United States,-90.7298,42.434,632.46,354.45,191.66400000000002,United States
aad058,N796WW  ,United States,-118.3314,33.7986,0.0,307.18,134.82000000000002,United States
ae13ce,CRAZE39 ,United States,-97.9642,29.1596,9372.6,301.37,316.656,United States
e48b64,TAM3065 ,Brazil,-46.8626,-24.5094,5882.64,37.57,698.616,Brazil
abb3ec,EJA853  ,United States,-79.109,42.7552,12192.0,265.59,867.456,United States
0d110e,XBBGA   ,Mexico,-98.3709,19.1416,2133.6,357.9,151.95600000000002,Mexico
4bc856,PGT18N  ,Turkey,22.5823,41.8739,11277.6,88.73,922.536,Turkey
a3571c,EJA314  ,United States,-83.0482,40.0784,396.24,266.46,209.66400000000002,United States
ad3c78,DAL1687 ,United States,-94.2626,39.1287,3238.5,107.8,636.048,United States
4bc855,PGT1136 ,Turkey,28.0695,41.3803,8404.86,101.94,859.392,Turkey
4009c7,BAW43M  ,United Kingdom,-0.4334,51.465,3048.0,269.58,251.892,United Kingdom
a1adab,SKW5607 ,United States,-87.5732,39.5617,8839.2,144.4,970.3079999999999,United States
ae6350,FOXX72  ,United States,-111.3497,32.4522,1912.62,267.77,142.704,United States
a99b5f,SKW6230 ,United States,-96.5226,35.9451,7002.78,49.71,733.212,United States
a8824e,N6475L  ,United States,-95.4232,29.9506,3627.12,178.01,372.492,United States
c021f6,WJA2450 ,Canada,-97.5129,46.6328,10972.8,182.84,858.528,Canada
c06a76,TSC111  ,Canada,-74.0306,45.4653,1440.18,189.06,481.968,Canada
0d1127,SEN722  ,Mexico,-111.0555,29.0918,167.64,58.71,221.076,Mexico
4bc84f,PGT5YE  ,Turkey,8.3294,50.2127,7117.08,335.49,714.42,Turkey
4401e8,EJU65FX ,Austria,9.3379,49.8331,3101.34,353.87,607.212,Austria
4bc85a,PGT1178 ,Turkey,3.0522,51.0445,10668.0,113.05,851.364,Turkey
3c6634,DLH1RK  ,Germany,20.1684,52.0004,5471.16,265.0,680.4,Germany
a0e431,AAL3298 ,United States,-81.0205,32.4262,10363.2,180.83,770.508,United States
abfc97,SWA1728 ,United States,-119.5854,32.48,10363.2,227.36,888.624,United States
a99b79,N718TL  ,United States,-81.4293,26.4107,320.04,173.27,300.24,United States
ae13bc,SNAKE10 ,United States,-97.8361,34.5925,3177.54,41.4,459.252,United States
a1ada6,N207ST  ,United States,-80.7183,32.8101,6088.38,214.7,351.396,United States
0d0a3a,SLI2723 ,Mexico,-98.0908,30.2814,10363.2,206.9,859.716,Mexico
0d1131,XBOHB   ,Mexico,-99.0758,19.5039,2491.74,50.48,192.06,Mexico
adffee,RELOAD1 ,United States,-98.2281,34.6568,6408.42,1.33,796.572,United States
a6428e,NDU502  ,United States,-113.9184,33.5323,2529.84,288.58,238.356,United States
a99b83,DAL479  ,United States,-114.5056,34.4202,10972.8,255.5,835.956,United States
a7626b,EJA575  ,United States,-84.251,30.1041,12496.8,132.44,880.884,United States
ae00a0,LANCE51 ,United States,-99.3612,33.4246,4762.5,62.04,714.9960000000001,United States
0d1139,AMX402  ,Mexico,-84.2071,33.1792,11277.6,57.66,914.0400000000001,Mexico
a4c703,DAL169  ,United States,-72.6382,40.9703,4366.26,251.75,549.936,United States
ada64d,AAL2030 ,United States,-73.8672,41.4324,9144.0,229.01,674.748,United States
70203f,BBC350  ,Bangladesh,56.4299,25.1149,10668.0,108.53,1048.8960000000002,Bangladesh
ad3035,N949SP  ,United States,-73.0312,40.9183,487.68,255.7,194.94,United States
70203e,BBC335  ,Bangladesh,50.7093,22.5171,10972.8,274.59,694.8720000000001,Bangladesh
3c6647,VJH724  ,Germany,29.1246,41.0033,2202.18,58.63,444.67199999999997,Germany
e4a5bb,PTRUS   ,Brazil,-48.9811,-27.6084,2575.56,261.55,189.108,Brazil
aa92fb,UAL1777 ,United States,-109.712,39.7923,12192.0,258.26,783.1080000000001,United States
a8d224,EDV4907 ,United States,-79.633,43.6849,495.3,315.6,251.45999999999998,United States
a7c59e,HPJ60   ,United States,-79.4942,26.4536,6911.34,46.25,843.552,United States
a547b1,N43954  ,United States,-97.5153,30.7288,944.88,47.06,182.16,United States
a1fd03,SWA2086 ,United States,-116.6384,34.9304,6705.6,255.03,795.6,United States
a10410,XAA6710 ,United States,-80.0552,26.0763,502.92,270.86,248.184,United States
a87b8a,PDT5797 ,United States,-84.7201,33.1241,10058.4,55.82,837.288,United States
0d113a,AMX585  ,Mexico,-87.4449,23.0249,9753.6,192.09,768.9960000000001,Mexico
4bc849,PGT956W ,Turkey,30.0434,41.3096,1699.26,288.85,407.05199999999996,Turkey
ada683,EJA979  ,United States,-100.3472,32.745,13106.4,302.64,703.836,United States
4b15db,EDW24   ,Switzerland,0.7848,51.3514,11582.4,320.35,899.64,Switzerland
4bc848,PGT6KU  ,Turkey,29.6042,40.9978,1249.68,230.69,304.02000000000004,Turkey
a9a2b4,N72RK   ,United States,-88.973,37.5247,563.88,353.94,210.45600000000002,United States
4bc841,PGT390  ,Turkey,26.9134,43.2297,9745.98,326.59,729.9,Turkey
4401dc,EJU86XD ,Austria,26.6073,36.3684,10363.2,334.94,725.796,Austria
a5e709,N48JA   ,United States,-87.6309,41.9447,510.54,344.51,194.11200000000002,United States
0d1151,VOI3044 ,Mexico,-114.9806,31.3553,11277.6,126.7,762.3000000000001,Mexico
aa8bfa,ENY3829 ,United States,-85.2711,36.7548,7010.4,152.98,929.304,United States
a3edaa,EJA352  ,United States,-121.9682,36.9938,4099.56,341.51,578.052,United States
3c7982,CFG003  ,Germany,22.9263,40.326,10988.04,333.74,774.432,Germany
40815b,EZY26MB ,United Kingdom,6.4544,52.1287,11582.4,293.57,759.708,United Kingdom
ae13f5,HOOK32  ,United States,-97.2928,37.8843,1493.52,241.42,282.6,United States
a9c8ff,N73DB   ,United States,-94.042,35.8747,2598.42,126.77,420.768,United States
ae13f6,SCARY64 ,United States,-98.2985,29.476,441.96,153.55,399.204,United States
ae13f0,CREEP31 ,United States,-97.5152,36.5303,2705.1,154.42,386.028,United States
4401f7,EJU62JK ,Austria,7.0343,43.5242,975.36,45.0,288.108,Austria
3c7981,CFG1WN  ,Germany,-4.1874,45.6066,10355.58,44.76,957.3120000000001,Germany
ae13f3,STAB11  ,United States,-97.5018,36.774,2423.16,304.35,403.74,United States
c08449,PAG629  ,Canada,-96.1725,51.8714,6096.0,204.36,493.992,Canada
4bc88d,PGT7CM  ,Turkey,29.9897,41.3063,3276.6,134.13,516.024,Turkey
a9eb05,N738ZC  ,United States,-84.6707,30.7715,982.98,212.87,143.316,United States
a82bd3,N62546  ,United States,-96.841,32.979,144.78,160.29,131.796,United States
a1f116,ENY3551 ,United States,-97.3864,37.7296,815.34,200.85,208.07999999999998,United States
aba0ff,N84878  ,United States,-93.2093,45.2045,624.84,180.0,153.72000000000003,United States
a3db93,FFT3312 ,United States,-98.9531,38.7192,10660.38,114.24,1019.5920000000001,United States
a9aebe,AAL103  ,United States,-73.4699,43.6435,10972.8,195.76,777.42,United States
a582f9,SWA1123 ,United States,-94.5789,39.2056,2331.72,326.64,447.91200000000003,United States
ae00da,REEF21  ,United States,-88.6042,34.1423,4709.16,227.67,816.7320000000001,United States
a1b4e1,EJA209  ,United States,-82.8188,39.9982,586.74,273.71,200.448,United States
a1ea32,UAL2371 ,United States,-104.6608,39.8023,1790.7,1.19,266.76,United States
4bc899,PGT41HD ,Turkey,6.9292,51.3638,777.24,232.85,306.684,Turkey
4787b3,NOZ67B  ,Norway,9.0633,60.4579,7185.66,218.73,443.988,Norway
a63b69,N500RB  ,United States,-119.0889,36.0564,4198.62,338.88,611.4960000000001,United States
a1a1b6,RPA5626 ,United States,-72.9913,41.161,7223.76,48.57,968.3280000000001,United States
ad438d,ASA18   ,United States,-99.4357,45.6385,10660.38,94.47,902.808,United States
a33d62,DAL2129 ,United States,-81.2451,26.0042,6202.68,115.97,795.168,United States
a8de56,DAL1030 ,United States,-81.3266,28.4099,83.82,359.6,264.852,United States
aa4587,ATN3203 ,United States,-85.8356,39.6407,6949.44,99.93,752.0400000000001,United States
a2376e,N242AA  ,United States,-81.2117,28.7818,114.3,270.99,107.424,United States
ae00f3,OTTO2   ,United States,-98.7229,34.6437,0.0,243.63,491.976,United States
a3e285,N35AS   ,United States,-81.605,27.2298,7315.2,336.92,463.03200000000004,United States
a71efa,AAL1095 ,United States,-92.105,32.61,10355.58,257.02,758.34,United States
39d304,TVF8091 ,France,17.8739,42.3129,11582.4,304.6,746.928,France
39d305,TVF98FY ,France,-5.4854,41.9673,11582.4,24.27,887.76,France
a65598,SKW6409 ,United States,-116.1491,35.3569,11277.6,47.59,840.276,United States
80171a,IGO107V ,India,82.6889,17.2529,10058.4,49.12,911.196,India
a88e4c,TWY61   ,United States,-96.9931,36.6816,12138.66,190.95,1043.136,United States
a64264,N502LM  ,United States,-85.6634,38.2234,190.5,291.25,71.53200000000001,United States
a39dca,FFT3732 ,United States,-77.4379,38.8271,800.1,0.41,257.43600000000004,United States
a83ef5,JIA5296 ,United States,-80.7336,32.5909,9799.32,37.07,1044.54,United States
a9051e,TIV680  ,United States,-81.8741,26.5828,8435.34,123.9,843.408,United States
a76235,JIA5510 ,United States,-77.0259,38.7327,792.48,356.24,282.096,United States
abf086,N869CP  ,United States,-117.1926,34.3199,2316.48,171.38,185.436,United States
801733,IGO6469 ,India,86.4229,23.579,10652.76,121.79,882.432,India
ade0c6,N99341  ,United States,-95.8806,32.8612,1577.34,93.78,196.74,United States
800401,AIC1853 ,India,77.3919,28.5633,1562.1,271.56,340.884,India
a952ae,N70EW   ,United States,-76.4699,36.0833,14317.98,196.94,807.3000000000001,United States
a2111a,N232N   ,United States,-98.0712,30.712,1333.5,13.51,245.70000000000002,United States
ac108d,N877CD  ,United States,-96.8628,31.8349,2141.22,188.36,394.95599999999996,United States
c02de7,SUT8232 ,Canada,-113.0438,54.1302,6964.68,199.84,813.1320000000001,Canada
a35764,N314TP  ,United States,-81.0708,26.4997,6446.52,316.54,729.684,United States
ad3098,SWA4551 ,United States,-107.236,33.9678,11582.4,226.44,782.0640000000001,United States
a89578,N652PL  ,United States,-85.3565,36.5116,3360.42,113.09,396.612,United States
a7c55f,N60EW   ,United States,10.9307,49.513,822.96,98.91,251.208,United States
7103d6,SVA117  ,Saudi Arabia,24.304,45.51,12192.0,305.01,823.1039999999999,Saudi Arabia
a6a586,        ,United States,-94.0827,41.3254,1554.48,270.69,153.72000000000003,United States
4bc883,PGT2256 ,Turkey,27.38,37.4346,1653.54,185.32,459.432,Turkey
841b28,JJP40   ,Japan,121.68,16.7706,8839.2,22.31,814.752,Japan
4bc884,PGT759A ,Turkey,29.5914,41.3785,4899.66,92.89,550.728,Turkey
4bc882,PGT40SP ,Turkey,29.6375,38.2505,10363.2,234.79,793.368,Turkey
a8955e,NKS2012 ,United States,-81.1271,29.0914,4625.34,158.35,637.5960000000001,United States
a76e9e,N5781B  ,United States,-96.8315,33.4639,579.12,250.64,145.26000000000002,United States
0d0a0d,VOI3371 ,Mexico,-110.0461,30.1408,10972.8,294.45,832.1039999999999,Mexico
e49266,GLO2123 ,Brazil,-55.5188,-21.3546,7620.0,99.73,777.924,Brazil
344503,IBE0273 ,Spain,-9.2595,40.7796,4572.0,85.47,797.004,Spain
aa92c2,RPA3670 ,United States,-84.8387,40.2597,7010.4,267.13,702.792,United States
ae638e,CNV4455 ,United States,-111.1678,35.1877,10972.8,250.52,799.56,United States
ab6526,SCX8228 ,United States,-83.2699,40.3496,3078.48,154.45,605.556,United States
782105,DKH1370 ,China,103.3536,15.3276,10050.78,47.74,875.772,China
abb507,SWA3026 ,United States,-88.3338,41.4806,1805.94,51.13,478.11600000000004,United States
ae638d,CNV6614 ,United States,14.8996,67.0041,11582.4,200.92,824.796,United States
ac48d3,SWA2703 ,United States,-94.5858,35.6091,11582.4,297.34,677.556,United States
a75b65,AAL2084 ,United States,-77.6095,34.9314,10066.02,70.84,1015.5960000000001,United States
e4926b,AAZU4392,Brazil,-49.1268,-21.3379,4853.94,311.82,519.3720000000001,Brazil
0d0a21,VOI1774 ,Mexico,-114.2206,31.4107,10972.8,315.66,903.672,Mexico
ab0ed6,UAL576  ,United States,-88.876,42.4072,4091.94,99.76,764.8199999999999,United States
ae00ea,BOLT1   ,United States,-98.6929,28.2345,1386.84,1.65,644.76,United States
4787a0,NOZ383  ,Norway,12.33,63.8728,11582.4,197.37,787.8240000000001,Norway
abf09e,DAL2033 ,United States,-97.7902,41.3364,10058.4,95.66,977.04,United States
4bb563,CAI9925 ,Turkey,31.3539,30.2813,11277.6,170.91,926.4960000000001,Turkey
ab15c1,AAY516  ,United States,-77.7965,38.3284,10972.8,221.93,709.488,United States
e49270,GLO1466 ,Brazil,-47.1625,-23.5827,6629.4,348.75,683.568,Brazil
aaf5b1,DAL73   ,United States,-78.0642,44.288,11582.4,197.58,858.672,United States
a0a7ff,SGX141  ,United States,-79.4762,28.5318,8496.3,192.44,627.7320000000001,United States
aa9eef,SKW5635 ,United States,-88.6805,41.523,3657.6,62.37,622.944,United States
a1c7e4,UAL3915 ,United States,-57.7027,-13.3048,10363.2,309.64,981.216,United States
a14ad1,UAL2145 ,United States,-107.5765,40.4634,10972.8,254.53,701.388,United States
a11f9d,UAL571  ,United States,-90.6427,32.0851,10972.8,243.01,787.6800000000001,United States
73806d,ELY343  ,Israel,27.4657,36.87,10972.8,316.67,717.9480000000001,Israel
a4996b,DAL2195 ,United States,-82.5424,27.8358,784.86,335.74,288.468,United States
73806c,ELY2373 ,Israel,21.8194,43.8229,10972.8,333.12,745.416,Israel
73806b,ELY327  ,Israel,2.63,48.9964,289.56,265.27,291.744,Israel
4bb47a,MNB313  ,Turkey,-61.7808,46.2618,11887.2,53.35,1045.656,Turkey
a0f355,SKW5833 ,United States,-99.22,37.7853,9753.6,245.58,797.328,United States
73806f,ELY571  ,Israel,34.0286,35.5256,10363.2,358.38,783.72,Israel
801878,IGO5094 ,India,73.1719,19.0916,1173.48,277.13,328.5,India
ac2d09,DAL2070 ,United States,-104.7739,41.2103,11277.6,103.19,1006.2719999999999,United States
a6d9c3,AAL2685 ,United States,-78.8263,25.2756,7597.14,112.31,926.856,United States
a0f349,N160SL  ,United States,-82.1269,29.6451,4914.9,170.3,516.672,United States
a60f37,RAX121  ,United States,-88.4344,40.9317,2407.92,253.27,373.212,United States
a34006,N3084Z  ,United States,-88.0284,30.8356,876.3,161.04,256.536,United States
80053f,AIC2584 ,India,72.9383,19.0898,342.9,269.19,261.144,India
a0a3e1,N140NE  ,United States,-103.1406,38.2509,10668.0,108.91,783.036,United States
a556bc,LTA443  ,United States,-78.6069,34.3888,2034.54,199.98,195.084,United States
a556d8,N443MC  ,United States,-78.8604,34.2648,1851.66,206.57,310.572,United States
80187b,IGO6773 ,India,73.321,19.0948,1645.92,268.69,405.684,India
a2467a,MXY720  ,United States,-84.1113,38.2763,4876.8,348.12,512.856,United States
a5ef0e,UAL1536 ,United States,-76.548,41.2774,7010.4,109.69,830.052,United States
acd296,AAL2800 ,United States,-77.3624,26.7067,10050.78,130.22,848.916,United States
a58c24,ASI153  ,United States,-112.0983,33.6942,480.06,128.44,148.96800000000002,United States
0d0e46,VOI1801 ,Mexico,-97.4235,31.3336,8435.34,201.85,816.0840000000001,Mexico
500237,T7889   ,San Marino,104.4156,0.9631,5593.08,150.06,690.3000000000001,San Marino
a60f3e,N49RH   ,United States,-97.2138,37.8647,1059.18,41.28,221.796,United States
a58c29,AAL271  ,United States,-119.5795,33.2787,6644.64,222.25,900.72,United States
a2f6ba,AAY448  ,United States,-109.9464,37.7709,10363.2,248.63,767.6279999999999,United States
a4bc0a,N404FR  ,United States,-104.8566,39.5272,2011.68,68.63,137.232,United States
a1cffd,MXY621  ,United States,-112.0155,34.8128,7574.28,354.74,747.648,United States
a1bce2,N2107U  ,United States,-66.1283,18.4752,274.32,251.19,178.056,United States
a60f48,N49RT   ,United States,-122.4785,37.5093,411.48,341.99,239.54400000000004,United States
a280a4,SKW3718 ,United States,-111.0533,32.213,1478.28,135.0,343.11600000000004,United States
adeb7b,N9961U  ,United States,-85.8523,42.5744,754.38,349.03,184.86,United States
aaed0d,AAL75   ,United States,-102.6576,38.5443,11582.4,245.53,813.888,United States
a0a3c4,N140MA  ,United States,-95.738,41.2663,670.56,357.73,187.20000000000002,United States
ab1423,N8127M  ,United States,-85.6484,38.2351,243.84,241.09,141.732,United States
a0b6ea,SKW5324 ,United States,-102.1053,39.0147,8923.02,117.39,982.404,United States
a5a6c1,SWA2513 ,United States,-92.655,37.9254,10668.0,56.06,819.288,United States
738061,ELY391  ,Israel,26.9015,35.5612,10972.8,297.99,698.436,Israel
a3795a,JBU1281 ,United States,-70.9379,41.7545,7962.9,217.25,504.86400000000003,United States
738065,ELY397  ,Israel,20.1242,38.3196,10363.2,295.11,750.636,Israel
738064,ELY351  ,Israel,24.0466,39.892,10363.2,317.42,744.48,Israel
ab274a,N818CD  ,United States,-83.8155,42.9651,1127.76,270.82,129.636,United States
738063,ELY2523 ,Israel,25.0342,40.0763,10972.8,318.43,745.1640000000001,Israel
a449e5,DAL1090 ,United States,-111.8634,40.7208,10363.2,325.38,697.644,United States
738068,ELY339  ,Israel,15.5344,47.1494,11590.02,318.8,770.4,Israel
a77ca0,N58144  ,United States,-117.6079,34.1419,693.42,96.6,225.576,United States
0d0e4b,AMX750  ,Mexico,-82.7189,13.4623,11277.6,119.78,872.676,Mexico
ab274c,KOW818  ,United States,-111.4671,34.7154,14325.6,81.91,854.892,United States
801864,IGO625W ,India,73.997,18.8503,3916.68,122.26,534.3480000000001,India
3c6485,DLH5AR  ,Germany,12.1185,51.7227,7025.64,232.97,811.908,Germany
7583e2,PAL486  ,Philippines,122.8383,18.9986,11262.36,26.72,893.6640000000001,Philippines
c058cd,ROU1844 ,Canada,-66.6336,19.7619,11269.98,192.23,795.888,Canada
a676c4,SCX3021 ,United States,-82.2262,28.1854,3200.4,324.49,532.404,United States
a436b0,N3704A  ,United States,-122.1605,47.2919,762.0,14.53,206.64,United States
3c6486,DLH1687 ,Germany,21.5129,47.4693,3909.06,273.29,515.7,Germany
ac2d32,FDX4    ,United States,3.6892,50.9156,10165.08,98.9,957.8879999999999,United States
a1d6be,N2176S  ,United States,-90.7983,38.7691,777.24,81.68,243.324,United States
ac340a,SWA549  ,United States,-92.1708,40.8562,10972.8,245.51,799.776,United States
a2f6b3,ENY3993 ,United States,-82.5802,42.2652,9448.8,29.65,707.508,United States
7820d1,JDL2860 ,China,114.0016,22.7849,3360.42,337.63,622.836,China
a22003,ENY3862 ,United States,-99.7129,27.2583,9753.6,212.49,810.216,United States
a449cb,UAL1575 ,United States,-104.4155,39.953,3009.9,96.24,579.42,United States
4856ed,PHBRA   ,Kingdom of the Netherlands,-1.5746,53.5208,2758.44,9.27,448.488,Kingdom of the Netherlands
738076,ELY324  ,Israel,33.4995,32.8716,6484.62,128.5,844.8480000000001,Israel
738073,ELY325  ,Israel,17.5803,42.4373,11582.4,304.98,797.904,Israel
a2efc6,N289DS  ,United States,-88.1845,41.308,457.2,309.92,236.664,United States
7820d7,CSC9606 ,China,23.8774,58.1209,10668.0,67.47,894.24,China
0d0e5b,VIV1253 ,Mexico,-116.6422,32.3294,3421.38,141.66,519.48,Mexico
a186fb,N198ME  ,United States,-122.0179,39.2732,1310.64,0.55,194.472,United States
3c6496,EWG91C  ,Germany,6.372,51.3174,3276.6,250.12,512.028,Germany
a4992f,N396BC  ,United States,-103.1597,37.9298,13106.4,255.46,759.6,United States
a36636,AAL2361 ,United States,-96.2544,43.8426,10972.8,292.86,705.492,United States
73806a,ELY383  ,Israel,31.6158,33.2708,10363.2,304.02,721.692,Israel
c058bb,ACA813  ,Canada,-61.0752,46.2106,12192.0,274.3,716.904,Canada
a66fdc,N51365  ,United States,-83.8611,35.9541,510.54,80.54,146.448,United States
c058be,ACA133  ,Canada,-89.888,49.4553,12184.38,301.51,836.316,Canada
4b1616,SWR3GH  ,Switzerland,2.3828,41.4001,990.6,248.09,357.336,Switzerland
80057d,AIC223  ,India,85.211,27.3922,3451.86,42.88,318.45599999999996,India
702086,BBC355  ,Bangladesh,21.2364,39.6792,11574.78,275.74,778.032,Bangladesh
a2d0bb,OXF1122 ,United States,-111.7613,33.4743,678.18,232.27,196.704,United States
a9279f,N6894W  ,United States,-94.2339,38.6797,731.52,116.82,184.716,United States
c080dd,ACA26   ,Canada,-146.4083,58.163,11277.6,101.7,1013.7239999999999,Canada
a9fa34,CKS935  ,United States,-82.2502,42.1562,10058.4,93.67,955.7280000000001,United States
adb723,JBU816  ,United States,-99.4662,42.5129,10058.4,88.22,954.252,United States
3c4a12,DLH7MN  ,Germany,8.932,50.0274,2072.64,41.23,497.412,Germany
a6b494,N531EM  ,United States,-84.6982,39.5627,1645.92,116.57,314.74800000000005,United States
4b1615,SWR3ZK  ,Switzerland,6.1309,46.253,449.58,225.58,259.308,Switzerland
3c4a06,DLH468  ,Germany,-90.0038,41.9951,11582.4,205.81,944.2800000000001,Germany
e48b18,PRFDA   ,Brazil,-40.3274,-20.0009,731.52,197.46,308.7,Brazil
3c4a04,DLH3V   ,Germany,-78.951,45.5787,11574.78,196.14,906.1560000000001,Germany
abd7d1,RPA4498 ,United States,-75.9315,40.8454,4747.26,108.05,615.528,United States
a6b48f,JIA5354 ,United States,-78.9691,37.9958,9738.36,248.42,724.968,United States
a89155,N651KC  ,United States,-117.8484,33.6162,548.64,170.91,140.65200000000002,United States
44004f,AUA2338 ,Austria,20.3217,45.3855,10355.58,321.45,769.644,Austria
3c6422,CFG1RT  ,Germany,-9.1804,35.6801,10965.18,33.11,864.504,Germany
a1b0da,N208MM  ,United States,-108.7261,35.2649,12192.0,268.15,746.748,United States
a2d0b9,OXF5345 ,United States,-111.8418,33.1293,1021.08,338.31,175.392,United States
a71afd,N557SA  ,United States,-96.5706,35.9873,2788.92,270.0,229.644,United States
44003a,AUA80   ,Austria,24.3202,40.8298,9144.0,326.46,804.384,Austria
151dd2,AFL1280 ,Russian Federation,39.7214,55.6141,10066.02,193.78,101.052,Russian Federation
a2e3e9,N2857P  ,United States,-117.1474,32.8328,487.68,117.16,158.22000000000003,United States
a59f15,UAL1139 ,United States,-107.9893,38.2612,9753.6,271.14,742.788,United States
a1b0d5,N208MG  ,United States,-79.4421,35.2124,1737.36,152.71,262.584,United States
738050,ELY974  ,Israel,49.6372,26.9456,10363.2,288.25,709.812,Israel
80058a,AIC970  ,India,57.8692,24.5823,10073.64,112.7,969.588,India
440c8c,AUA698  ,Austria,21.356,46.5457,10988.04,298.28,746.568,Austria
738054,ELY5109 ,Israel,37.9963,40.2626,10668.0,60.82,888.804,Israel
738053,ELY2367 ,Israel,20.7436,45.3082,10363.2,332.16,781.236,Israel
738052,ELY375  ,Israel,-9.1768,39.1874,2133.6,72.83,476.85600000000005,Israel
3453d3,ANE64SR ,Spain,-3.575,40.548,746.76,180.43,248.184,Spain
440050,AUA16N  ,Austria,7.0615,51.437,1242.06,296.7,358.632,Austria
738058,ELY222  ,Israel,10.0563,47.4386,10668.0,105.51,837.9720000000001,Israel
738057,ELY387  ,Israel,19.394,42.3205,9768.84,302.68,785.484,Israel
c0337d,MAL8059 ,Canada,-105.1945,50.5014,3383.28,122.77,574.8480000000001,Canada
738055,ELY543  ,Israel,33.3234,32.5699,9806.94,304.98,730.08,Israel
151dce,AFL515  ,Russian Federation,37.4141,55.9824,411.48,73.91,100.224,Russian Federation
a2d0b2,OXF5246 ,United States,-111.6962,33.4595,685.8,176.89,170.64,United States
738059,ELY355  ,Israel,14.3153,47.3519,10363.2,315.63,715.068,Israel
abbdbd,N856BB  ,United States,-109.7967,39.6697,9753.6,278.44,630.9720000000001,United States
3c4a0b,BOE511  ,Germany,-80.0059,32.8573,320.04,327.43,237.34800000000004,Germany
44003f,AUA7K   ,Austria,-73.7966,48.2367,10972.8,201.05,809.64,Austria
7c6d8e,QFA764  ,Australia,144.8325,-37.6405,243.84,171.45,249.084,Australia
3c6449,DLH6YP  ,Germany,8.5159,48.0263,3459.48,179.62,559.332,Germany
44006c,AUA527  ,Austria,13.7878,47.2689,10363.2,246.14,737.136,Austria
aaed5d,N803DR  ,United States,-97.5258,29.9813,2186.94,74.97,285.732,United States
aaed5a,DAL904  ,United States,-112.2968,37.6933,9753.6,289.43,773.748,United States
e48b00,GLO1503 ,Brazil,-46.7129,-23.4668,1531.62,119.71,347.54400000000004,Brazil
70209a,BBC137  ,Bangladesh,49.9716,22.5697,12192.0,274.3,690.876,Bangladesh
acf7e4,N9347T  ,United States,-88.0834,41.091,2263.14,29.0,175.752,United States
ad17f1,N9427P  ,United States,-85.8016,40.1078,609.6,92.08,255.74400000000003,United States
a88a96,N65CC   ,United States,-82.1134,33.5112,13030.2,168.31,877.536,United States
0d0e14,AMX686  ,Mexico,-90.3782,39.757,11277.6,24.49,777.384,Mexico
abc4be,SWA383  ,United States,-99.9095,33.272,10363.2,285.09,732.744,United States
0d0e16,VOI7900 ,Mexico,-114.0818,31.6471,11582.4,309.77,862.668,Mexico
3453c1,AEA28EJ ,Spain,7.9764,44.7,8625.84,204.52,789.804,Spain
a23f9b,N244HS  ,United States,-76.1472,40.5832,4701.54,193.51,443.808,United States
484fdf,KLM59W  ,Kingdom of the Netherlands,9.4835,53.4843,3299.46,249.25,522.828,Kingdom of the Netherlands
ad675d,DAL568  ,United States,-83.5198,33.5269,5669.28,80.87,793.44,United States
a3401a,JBU1174 ,United States,-86.5712,36.3546,3230.88,18.93,473.79600000000005,United States
a689b8,JBU1438 ,United States,-78.1949,32.9258,10568.94,5.81,1061.1000000000001,United States
ac3448,AAL115  ,United States,-106.3831,32.2375,11582.4,270.87,850.176,United States
440081,AUA8    ,Austria,99.1962,14.6043,7520.94,297.42,832.464,Austria
440080,EZS36VZ ,Austria,4.2291,45.0297,7726.68,61.16,752.616,Austria
0bc201,J8GND   ,Saint Vincent and the Grenadines,-60.916,13.0321,2430.78,91.26,251.92800000000003,Saint Vincent and the Grenadines
484fde,KLM1036 ,Kingdom of the Netherlands,-2.398,53.325,975.36,321.45,442.8,Kingdom of the Netherlands
4b161e,EDW208  ,Switzerland,-0.4362,42.6053,11582.4,43.01,868.752,Switzerland
a569e8,RVJ448  ,United States,-77.9179,32.8149,11201.4,176.95,556.3800000000001,United States
aaf465,N80490  ,United States,-97.545,32.3878,1287.78,252.61,161.06400000000002,United States
7c6d7b,JST989  ,Australia,141.7225,-34.9813,10058.4,89.89,1009.332,Australia
c820f2,ANZ283  ,New Zealand,152.4985,-34.2766,10965.18,107.1,1026.936,New Zealand
73934e,HEZ352  ,Israel,34.5476,32.1847,1325.88,123.69,507.492,Israel
abfa36,ES801   ,United States,-121.7006,39.3747,1562.1,149.81,235.692,United States
73934c,4XCZY   ,Israel,29.0575,36.4805,11887.2,144.8,738.9,Israel
a1d6fd,N2178K  ,United States,-90.5373,30.2749,1310.64,258.77,256.788,United States
3c644a,DLH9A   ,Germany,8.9358,50.1417,1699.26,245.1,369.54,Germany
4b1620,EDW201T ,Switzerland,8.097,47.4714,2575.56,26.97,588.06,Switzerland
a2dce1,ASA81   ,United States,-150.3159,61.4338,2476.5,188.2,415.404,United States
151df8,SDM6574 ,Russian Federation,46.8116,61.2673,10363.2,0.0,14.832,Russian Federation
ab5ade,SWA3726 ,United States,-74.9601,40.8154,12192.0,238.25,714.384,United States
3c644d,DLH4N   ,Germany,12.3705,48.9502,6294.12,20.96,704.052,Germany
a34c57,AAL1327 ,United States,-81.4657,33.155,10972.8,200.02,741.1320000000001,United States
3c644c,DLH3WF  ,Germany,5.8148,52.4793,4053.84,282.2,517.284,Germany
ad04d0,EJA938  ,United States,-86.3886,40.2831,10210.8,183.37,818.136,United States
3c644b,DLH8AC  ,Germany,12.4884,48.0688,4640.58,285.19,600.66,Germany
a8da2c,VJA67   ,United States,-78.5836,40.9886,11582.4,279.25,840.636,United States
a22c7c,N2391T  ,United States,-97.0917,32.652,289.56,175.97,131.832,United States
0d0e29,AMX680  ,Mexico,-89.5311,31.1153,10668.0,40.53,823.6080000000001,Mexico
70209f,BBC305  ,Bangladesh,-78.3036,44.9922,9395.46,215.97,851.292,Bangladesh
ac1a2b,N8790P  ,United States,-88.9416,42.9517,1325.88,324.42,264.168,United States
ac1a2c,SWA2441 ,United States,-95.9341,32.1727,11277.6,111.62,970.1640000000001,United States
440073,EJU17NR ,Austria,18.0269,44.9443,11590.02,321.17,767.916,Austria
ab013c,SCX252  ,United States,-84.8942,44.3427,11582.4,280.28,809.352,United States
800589,AIC238  ,India,77.3258,28.4913,1219.2,283.77,388.98,India
440070,LDX3    ,Austria,3.7409,35.8075,12496.8,172.09,942.372,Austria
ad674f,N963AD  ,United States,-77.0185,38.4523,4434.84,34.75,750.5640000000001,United States
151ded,SDM6926 ,Russian Federation,45.6661,41.8136,10058.4,72.52,807.7320000000001,Russian Federation
e80044,SKU092  ,Chile,-71.2712,-34.3704,8846.82,22.44,921.7440000000001,Chile
44b0c3,ABB885  ,Belgium,13.4437,49.3676,9441.18,125.26,991.2239999999999,Belgium
ac7aba,ASI414  ,United States,-112.7171,33.1999,1615.44,170.45,189.684,United States
3c6451,DLH11V  ,Germany,9.1192,44.6855,9745.98,41.02,773.208,Germany
ad4105,AAL1766 ,United States,-78.3893,41.6533,9448.8,88.24,902.34,United States
a1d811,RPA5715 ,United States,-76.6877,36.4286,10058.4,30.91,1049.076,United States
a7ccce,SKW5680 ,United States,-107.0792,43.5962,9151.62,267.03,678.744,United States
86d8cc,SJO410  ,Japan,139.8714,35.4097,1181.1,38.9,406.944,Japan
440019,EJU47LU ,Austria,4.4443,46.6976,9060.18,336.35,830.952,Austria
ae2541,SHARK49 ,United States,-104.7557,39.2494,2560.32,4.29,222.876,United States
ae1211,PAT663  ,United States,-79.805,25.5663,12496.8,126.64,747.828,United States
ae1e4b,SHARP41 ,United States,-97.5241,36.3434,2872.74,106.77,462.276,United States
adc8ee,DAL2157 ,United States,-83.7446,33.6158,6446.52,65.37,759.924,United States
a7101e,AAL3283 ,United States,-81.3184,33.8044,8808.72,200.02,762.804,United States
a0b81e,UAL1659 ,United States,-89.8088,35.7601,9837.42,190.68,959.2920000000001,United States
a2d0fd,OXF5841 ,United States,-112.0686,33.1411,1470.66,42.71,163.83599999999998,United States
a5d01a,JJ74    ,United States,-87.4089,30.7099,1295.4,345.82,173.844,United States
ad4bca,JRE956  ,United States,-74.9563,40.2386,1318.26,322.97,405.972,United States
a0b823,UAL2455 ,United States,-103.0556,40.6942,9136.38,245.98,691.416,United States
a46c9a,UAL1799 ,United States,-108.6941,33.6015,10363.2,310.59,834.048,United States
a0b820,UAL2488 ,United States,-95.5325,40.4045,9745.98,248.23,733.8960000000001,United States
a89ccc,NKS3111 ,United States,-79.7877,26.6876,4282.44,194.44,512.532,United States
ae1e63,BLADE13 ,United States,-99.0145,34.3004,3040.38,70.26,438.768,United States
ae1e65,RENO71  ,United States,-97.4978,36.6426,4785.36,190.16,472.24800000000005,United States
a6f00d,AAL2496 ,United States,-99.1334,33.5071,8008.62,293.39,807.12,United States
a913bf,N684TC  ,United States,-97.3588,33.3413,716.28,174.23,184.284,United States
a0b826,UAL1857 ,United States,-86.4664,35.0284,9448.8,170.9,960.3000000000001,United States
a9bf60,JUS727  ,United States,-82.4873,37.0022,11269.98,166.8,892.152,United States
a650cd,LXJ506  ,United States,-79.6221,41.6731,13716.0,81.19,931.4280000000001,United States
e490c3,TAM3620 ,Brazil,-47.3645,-22.5918,5844.54,313.34,769.032,Brazil
aaa593,UAL1358 ,United States,-83.6287,29.9488,10363.2,324.06,798.3000000000001,United States
a005c8,TCN100  ,United States,-104.0244,38.2661,12496.8,117.45,1068.552,United States
a806ec,N616VJ  ,United States,-86.0813,42.7463,327.66,258.69,160.52400000000003,United States
abab4f,CAP3051 ,United States,-106.8077,34.6832,1775.46,28.35,159.912,United States
a5d02e,COL474  ,United States,-81.336,29.262,11887.2,346.75,856.224,United States
440002,AUA6    ,Austria,21.8881,46.3699,11582.4,298.23,798.768,Austria
a5805c,N4535V  ,United States,-98.0525,31.7154,1897.38,212.74,246.6,United States
a7e6cf,SKW4643 ,United States,-117.8681,33.3555,3924.3,125.01,581.076,United States
a650d9,GJS4545 ,United States,-86.4143,41.3843,5280.66,313.99,522.612,United States
a7e6ce,N608UW  ,United States,-89.4241,43.2283,792.48,0.0,244.476,United States
ac32cf,SWA1576 ,United States,-112.4046,36.0367,10020.3,184.08,833.652,United States
a8431a,SKW5267 ,United States,-95.9128,37.0926,8267.7,116.62,896.976,United States
a3539d,SKW4626 ,United States,-80.83,28.6858,2606.04,134.07,561.888,United States
abbe7b,JRE856  ,United States,-81.8203,43.253,12306.3,60.92,678.168,United States
a97675,SKW4288 ,United States,-88.25,45.7626,2141.22,251.35,474.984,United States
abc573,DAL813  ,United States,-81.051,33.3294,10668.0,30.25,966.8879999999999,United States
c080a5,WJA308  ,Canada,-118.9165,51.4886,10058.4,54.03,750.528,Canada
aaa58b,UAL261  ,United States,-103.8706,40.0042,5036.82,78.6,731.124,United States
e0b058,LVKAX   ,Argentina,-70.1404,-2.4348,13716.0,156.7,842.868,Argentina
ae1e57,BALL61  ,United States,-97.8687,36.3646,3931.92,346.02,452.30400000000003,United States
c080a2,WJA1530 ,Canada,-96.7833,47.0216,11887.2,123.02,921.024,Canada
ae1e52,MACHO69 ,United States,-99.4709,34.2202,4838.7,283.56,481.968,United States
a0fea6,AAL805  ,United States,-82.9531,29.248,10355.58,198.48,742.032,United States
c080a3,WJA1089 ,Canada,-112.2946,48.097,11887.2,0.15,685.224,Canada
abc55f,N858DD  ,United States,-89.2972,39.6977,8839.2,20.98,553.392,United States
ab5b7c,N83052  ,United States,-80.039,26.5108,678.18,91.25,253.8,United States
acd22c,N925QS  ,United States,-60.3898,14.128,8191.5,139.86,850.356,United States
adfe70,TETON33 ,United States,-96.3278,38.4751,6400.8,114.36,646.488,United States
440036,EJU69ZF ,Austria,-7.5719,43.2828,10980.42,41.51,882.9720000000001,Austria
a4b074,N401BC  ,United States,-81.8681,30.8227,11582.4,156.41,782.1,United States
a4b065,AAL824  ,United States,-108.0657,36.7575,9745.98,251.26,772.488,United States
a0b801,UAL1538 ,United States,-80.1302,26.0767,99.06,269.55,237.05999999999997,United States
c080d9,ACA575  ,Canada,-122.9224,49.0851,937.26,3.66,406.404,Canada
a9bf27,SKW4964 ,United States,-110.8844,37.4577,11277.6,52.1,910.5840000000001,United States
ae1e87,CARNL11 ,United States,-101.5303,31.1228,4488.18,76.22,505.33200000000005,United States
abab67,DAL698  ,United States,-112.1054,40.8658,3200.4,174.73,624.924,United States
ac32f2,SWA2370 ,United States,-76.368,40.6856,9852.66,280.9,803.4480000000001,United States
a1b0fb,AAY2481 ,United States,-82.0478,34.3564,10965.18,188.44,782.6039999999999,United States
e4a631,PRNSF   ,Brazil,-80.3747,26.1907,304.8,120.35,238.21200000000002,Brazil
a04e24,FDX400  ,United States,-100.7798,36.1948,11285.22,106.9,1006.5239999999999,United States
0c4353,DWI2311 ,Dominican Republic,-77.4783,34.138,10972.8,189.37,591.264,Dominican Republic
aa41c6,N760CM  ,United States,-95.3698,32.331,274.32,314.7,252.75599999999997,United States
a5e391,N479LP  ,United States,-111.5414,32.2508,2240.28,138.61,145.656,United States
aa3ae5,UAL2348 ,United States,-113.9358,40.7201,10668.0,87.51,936.1440000000001,United States
ab627c,SWA4027 ,United States,-106.1375,37.9576,11277.6,79.24,952.02,United States
a47364,UPS2971 ,United States,-85.7378,38.154,152.4,345.07,258.768,United States
8a0633,BTK7797 ,Indonesia,107.5242,-6.3136,6964.68,110.43,774.72,Indonesia
adfe55,PAT326  ,United States,-77.1057,38.5625,594.36,56.9,298.44000000000005,United States
a8699a,GTI8290 ,United States,-160.7986,59.5476,10675.62,83.97,880.884,United States
44001f,EJU78AT ,Austria,-0.647,42.729,10988.04,75.58,862.452,Austria
a1b0ef,N208NH  ,United States,-85.6348,38.2415,274.32,240.14,115.308,United States
a2d0d5,OXF5542 ,United States,-111.1761,32.4727,1348.74,358.32,189.0,United States
accb50,SWA28   ,United States,-95.6297,29.5234,1836.42,82.87,447.94800000000004,United States
a6acff,N5292D  ,United States,-118.0503,34.0712,220.98,113.43,121.104,United States
abab79,VAR851  ,United States,-113.1362,33.442,1303.02,91.02,207.46800000000002,United States
44001c,AUA142  ,Austria,14.6353,47.8996,7429.5,89.88,890.8199999999999,Austria
aa54f1,SVL11   ,United States,-103.1079,37.2775,13106.4,250.52,671.868,United States
a4bc51,N404JM  ,United States,-86.2501,39.9603,655.32,0.64,329.688,United States
ada2cc,EJA978  ,United States,-111.5858,41.8852,10972.8,1.45,731.772,United States
8960f6,UAE51P  ,United Arab Emirates,34.0452,29.4942,12496.8,95.44,1151.568,United Arab Emirates
a6bfe8,GJS4521 ,United States,-83.6298,37.3144,8808.72,149.81,942.768,United States
a4d65c,RPA4662 ,United States,-80.6437,28.105,11582.4,161.38,730.908,United States
ab628a,N8323A  ,United States,-88.6871,43.4444,457.2,282.99,123.552,United States
39d08b,BLT944M ,France,2.2223,48.7793,769.62,252.03,144.072,France
ac7b8a,AAL313  ,United States,-81.1963,22.9834,10668.0,201.72,745.5960000000001,United States
8960f9,UAE29N  ,United Arab Emirates,54.2427,25.4125,7642.86,285.33,714.384,United Arab Emirates
a365a8,PFT318  ,United States,-114.9931,34.7269,10058.4,40.53,772.3800000000001,United States
500205,MEA419  ,San Marino,53.2039,25.558,7642.86,310.76,780.012,San Marino
ab628c,SWA1121 ,United States,-82.5848,28.6764,10972.8,324.17,797.22,United States
ae1251,CNV4463 ,United States,-95.3026,39.5369,9144.0,274.0,742.6080000000001,United States
ac8289,JBU2051 ,United States,-82.2187,30.1081,9090.66,169.36,802.728,United States
8960f0,UAE232  ,United Arab Emirates,-67.1853,43.4954,10668.0,62.75,1181.16,United Arab Emirates
a5dc31,GTI8306 ,United States,-80.8638,26.5218,7581.9,312.09,748.728,United States
a939e8,DAL849  ,United States,-86.7993,34.2367,10972.8,292.19,760.068,United States
8960ec,UAE131  ,United Arab Emirates,43.0518,53.2725,10972.8,292.67,927.288,United Arab Emirates
abb271,SWA311  ,United States,-107.5181,34.2546,11277.6,78.17,912.06,United States
adfe87,COBB11  ,United States,-85.5372,34.6128,2407.92,8.29,385.524,United States
a4b005,,United States,-81.4447,26.4775,236.22,123.06,234.25199999999998,United States
a245b7,UAL414  ,United States,-85.3442,43.2233,9738.36,268.06,767.16,United States
a35ec2,SKW3783 ,United States,-82.9113,41.4981,10668.0,128.82,912.816,United States
a4cf95,JTL40   ,United States,-85.1849,38.1504,13106.4,261.52,690.9480000000001,United States
0d0cdd,VIV4020 ,Mexico,-101.5512,25.8518,9144.0,238.31,796.644,Mexico
accb65,EDV5372 ,United States,-86.9709,36.7871,7932.42,153.23,929.304,United States
a16e72,N1911W  ,United States,-83.4008,38.3032,11361.42,149.53,876.636,United States
49514d,TAP827V ,Portugal,7.0854,44.0798,10058.4,236.97,846.036,Portugal
aa3ac3,N75845  ,United States,-89.3305,43.1482,243.84,207.6,91.944,United States
49514f,TAP555  ,Portugal,5.4664,43.2684,11277.6,230.78,793.692,Portugal
a258ed,EJA250  ,United States,-118.1125,34.1142,4701.54,55.77,658.548,United States
a005fe,DCM2214 ,United States,-81.9125,33.1507,1013.46,346.22,404.28,United States
47c1f7,NOZ50A  ,Norway,11.531,62.022,10629.9,5.13,870.228,Norway
a0a545,UAL202  ,United States,-103.6639,37.2393,10972.8,249.14,816.552,United States
a0ebab,AAL1878 ,United States,-93.6828,38.2759,10675.62,103.7,993.1320000000001,United States
a4cf7f,EJA409  ,United States,-82.7569,29.694,12496.8,155.22,799.6320000000001,United States
a4380f,FFT3357 ,United States,-115.0777,46.8065,11582.4,303.65,678.528,United States
49514a,TAP835  ,Portugal,-6.2761,39.5598,10668.0,254.12,697.032,Portugal
a96305,KAP100  ,United States,-65.8112,18.3923,1036.32,257.88,335.268,United States
a16221,CNS309  ,United States,-73.4868,41.0422,762.0,227.2,340.74,United States
ae1e98,FANGS34 ,United States,-98.2741,29.5025,259.08,10.95,233.892,United States
3c4a8c,DLH729  ,Germany,11.7419,49.1272,10172.7,301.03,786.744,Germany
a03b67,DAL1401 ,United States,-79.0778,27.1045,8176.26,8.24,930.0600000000001,United States
8960d4,UAE95   ,United Arab Emirates,16.4277,40.3602,10972.8,297.41,844.884,United Arab Emirates
a17527,AAL2385 ,United States,-103.2244,32.1195,9753.6,262.92,811.8000000000001,United States
a4bc76,GTI4803 ,United States,133.5468,35.5907,12192.0,238.3,694.368,United States
84bb13,APJ809  ,Japan,136.2023,35.0274,10363.2,268.15,630.0,Japan
a8b920,NDU661  ,United States,-111.7078,33.3324,723.9,45.0,164.988,United States
495152,TAP1361 ,Portugal,-4.5111,46.3665,11894.82,202.87,719.568,Portugal
8017a0,IGO5291 ,India,74.3711,16.7531,10660.38,135.33,906.228,India
c04662,CGAQZ   ,Canada,-122.3482,49.091,426.72,219.61,209.16,Canada
a65cf5,N509SF  ,United States,-83.1795,29.6691,13106.4,312.46,707.868,United States
a84f5d,N6343D  ,United States,-90.4305,38.9467,213.36,181.71,124.12799999999999,United States
151f0d,SDM6662 ,Russian Federation,22.9586,59.5009,10058.4,64.64,869.004,Russian Federation
a0b846,UAL2475 ,United States,-82.3271,28.4322,6774.18,270.85,624.204,United States
a0b845,UAL1044 ,United States,-106.9335,37.6712,9745.98,249.16,754.992,United States
a0b844,UAL2329 ,United States,-94.526,40.1839,10660.38,91.35,941.0760000000001,United States
aa9d45,SKW5462 ,United States,-97.2022,46.5396,5265.42,215.62,578.7,United States
a98930,N713WK  ,United States,-94.1604,36.4081,426.72,280.44,143.136,United States
a5d007,ASA798  ,United States,-118.6668,34.0985,2400.3,11.55,527.364,United States
a04e60,RPA4773 ,United States,-81.6698,41.5985,1584.96,318.14,310.824,United States
ac828f,PDT5803 ,United States,-80.112,36.2074,6096.0,214.64,619.02,United States
a8b926,NKS1005 ,United States,-111.2674,37.3331,9753.6,250.42,823.6080000000001,United States
ae0b93,ALAMO16 ,United States,-98.8311,29.9557,609.6,11.85,270.612,United States
a0b849,UAL2008 ,United States,-87.2462,39.3929,10203.18,157.44,984.708,United States
acd27a,N925TV  ,United States,-118.1358,33.862,297.18,21.8,39.888,United States
495149,TAP93ZS ,Portugal,6.2689,46.4542,10668.0,238.55,748.98,Portugal
0d0cfd,VOI3599 ,Mexico,-92.886,18.7612,11277.6,77.64,908.172,Mexico
aa8a09,UAL2292 ,United States,-82.2334,27.9475,5288.28,65.37,786.456,United States
ae1e9d,MAGOO72 ,United States,-100.3116,28.7369,2720.34,58.17,459.972,United States
a05559,SKW5561 ,United States,-115.2647,34.2511,8061.96,59.14,707.652,United States
a0a522,UAL2096 ,United States,-108.2432,39.0946,11879.58,71.19,982.152,United States
a1be10,RPA5678 ,United States,-71.5605,42.5437,3741.42,105.49,582.336,United States
a04229,N1157X  ,United States,-112.1054,41.0317,1859.28,292.02,177.804,United States
aa0759,RPA3568 ,United States,-73.2531,44.1375,8534.4,195.7,650.2320000000001,United States
a03b40,MXY6441 ,United States,-92.1961,34.9071,9144.0,339.96,691.92,United States
ab271f,AAL755  ,United States,-75.9434,42.7068,7399.02,172.82,785.8439999999999,United States
a18861,N1981C  ,United States,-95.5374,29.6936,975.36,136.01,223.95600000000002,United States
ab0d15,AAL295  ,United States,-119.0782,33.7147,12192.0,254.59,920.16,United States
a3a391,NWX333  ,United States,-97.3349,33.0877,594.36,296.88,151.56,United States
400804,SHT16E  ,United Kingdom,-0.5424,51.4771,899.16,275.9,342.576,United Kingdom
aa3b05,UAL631  ,United States,-97.6778,36.9057,10972.8,294.43,689.58,United States
ab8836,N842KP  ,United States,-87.6784,41.3449,1630.68,212.43,186.51600000000002,United States
151e8f,SBI6401 ,Russian Federation,104.0266,52.5787,1226.82,42.45,205.812,Russian Federation
ab1eb7,N8153G  ,United States,-90.9097,34.8711,1318.26,257.51,265.572,United States
ab38bf,N822ET  ,United States,-80.42,25.6507,53.34,272.12,50.04,United States
adf0f1,XFL751  ,United States,-80.0777,26.8334,1554.48,199.0,477.90000000000003,United States
a39b39,AAL636  ,United States,-80.2946,41.8546,10668.0,82.06,871.3800000000001,United States
a53207,,United States,-108.9598,34.6131,10431.78,64.3,875.556,United States
c009be,CRN511  ,Canada,-119.7259,51.6377,8534.4,355.19,397.728,Canada
a31890,SKW4112 ,United States,-112.5098,43.8858,9753.6,333.12,597.9960000000001,United States
a54535,GTI8177 ,United States,-170.3285,57.9739,12192.0,265.99,926.424,United States
a22bcb,N239VA  ,United States,-97.0232,37.6714,678.18,265.18,154.26000000000002,United States
4b0280,EZS46TW ,Switzerland,6.0576,46.2028,1432.56,225.54,277.632,Switzerland
ac8e14,NDU8    ,United States,-97.5178,47.6527,1569.72,124.99,203.472,United States
a3a2b0,N333TU  ,United States,-119.1346,34.214,182.88,165.79,150.912,United States
a35eeb,UPS2925 ,United States,-90.9054,41.7342,7757.16,68.2,757.98,United States
a39b28,N331ST  ,United States,-114.4382,35.1697,3406.14,125.93,315.612,United States
a79821,JBU173  ,United States,-77.3324,24.7177,10652.76,127.94,852.444,United States
a1be79,AAY1438 ,United States,-107.4997,35.0692,10363.2,260.16,780.048,United States
ac3ea3,SWA1482 ,United States,-107.7734,34.3622,11277.6,86.75,914.508,United States
405636,EZY61ZW ,United Kingdom,10.5967,46.9056,9791.7,162.67,789.624,United Kingdom
aab841,CKS550  ,United States,-172.0148,59.5227,10363.2,248.35,918.576,United States
a60ebd,N49LD   ,United States,-93.865,36.105,6553.2,96.22,752.616,United States
a40b12,N36MM   ,United States,-70.6006,46.4808,13106.4,208.1,802.008,United States
a83082,N627CT  ,United States,-98.0793,29.9078,1028.7,232.62,167.796,United States
a9a067,N7194G  ,United States,-97.3304,30.0637,304.8,107.5,178.632,United States
a2e51d,WSN286  ,United States,-117.2277,33.5063,11079.48,97.22,722.4480000000001,United States
405631,EZY609E ,United Kingdom,-6.1813,54.6668,304.8,244.93,253.512,United Kingdom
7c6bc0,JST66   ,Australia,113.324,-4.3198,11269.98,134.23,873.5400000000001,Australia
a41e2c,,United States,-110.5373,34.4523,9738.36,239.68,795.9960000000001,United States
a0a54d,UAL65   ,United States,-73.4249,41.7635,3825.24,251.91,584.4960000000001,United States
a1b212,MS4     ,United States,-117.3422,33.6546,3886.2,52.13,190.044,United States
a2cb14,UAL2001 ,United States,-110.739,37.0725,11277.6,74.37,1003.8600000000001,United States
4891b3,ENT6063 ,Poland,13.5459,48.6111,10073.64,323.37,720.072,Poland
781b5c,CCA878  ,China,20.3809,57.2842,11277.6,64.45,931.932,China
ad78ac,N9671K  ,United States,-85.5427,31.5755,906.78,95.92,197.352,United States
a29551,ASA414  ,United States,-113.5445,42.9902,10668.0,123.69,1001.628,United States
8016ad,AXB2069 ,India,76.6818,25.1068,9448.8,165.68,913.644,India
aa18c4,N75MA   ,United States,-86.046,41.6339,2430.78,187.59,280.26,United States
a5320b,ASA743  ,United States,-122.1626,47.4444,3131.82,176.48,482.436,United States
a89e0e,N65407  ,United States,-81.8384,33.2845,853.44,273.41,155.844,United States
abc504,SWA4240 ,United States,-105.0922,39.936,5349.24,271.26,589.068,United States
a3a2c4,N333UP  ,United States,-92.2443,40.8214,8839.2,73.16,568.8720000000001,United States
a4e8ef,RPA4665 ,United States,-77.1221,38.9323,1623.06,327.62,425.41200000000003,United States
c05959,CGHVS   ,Canada,-85.1831,37.3438,9144.0,351.94,409.644,Canada
7c6bbf,JST28   ,Australia,107.7761,-6.5053,11887.2,162.37,880.308,Australia
8016c7,AXB1063 ,India,82.6921,24.4758,10363.2,325.03,736.776,India
7c6bbe,JST18   ,Australia,107.7057,-6.316,11269.98,162.01,911.304,Australia
a615c5,N491WB  ,United States,-78.0377,33.1672,12192.0,197.01,613.944,United States
a9638b,N704BH  ,United States,-81.9357,34.8119,937.26,65.22,159.084,United States
a8e0e7,,United States,-116.687,34.7754,4191.0,263.03,335.84400000000005,United States
a7ce03,N6015F  ,United States,-96.1767,32.8395,685.8,253.47,175.788,United States
ac3eba,SWA269  ,United States,-114.604,36.0064,2705.1,307.1,552.636,United States
485779,KLM974  ,Kingdom of the Netherlands,0.8052,53.2102,7658.1,99.13,840.3480000000001,Kingdom of the Netherlands
89610c,UAE730  ,United Arab Emirates,55.845,23.5154,9730.74,352.17,910.404,United Arab Emirates
0d0cba,XAJTI   ,Mexico,-112.1366,31.4068,12192.0,290.73,790.092,Mexico
5001e5,MEA230  ,San Marino,3.1701,48.8326,6713.22,95.09,793.944,San Marino
484443,KLM425  ,Kingdom of the Netherlands,36.9096,31.3889,12496.8,114.19,1021.248,Kingdom of the Netherlands
484442,KLM54G  ,Kingdom of the Netherlands,8.042,51.0386,12192.0,331.09,770.076,Kingdom of the Netherlands
4b028c,SWR3AG  ,Switzerland,6.3143,49.6645,754.38,240.38,217.296,Switzerland
485778,KLM30Q  ,Kingdom of the Netherlands,9.3609,49.6689,7780.02,11.49,808.8480000000001,Kingdom of the Netherlands
4914c3,JME633C ,Portugal,3.1726,49.2615,13708.38,323.94,833.868,Portugal
896121,UAE3KV  ,United Arab Emirates,75.4648,19.9609,10363.2,279.59,811.404,United Arab Emirates
8016ca,AXB2932 ,India,90.9173,25.8286,5875.02,235.38,697.644,India
a2de1f,N284PC  ,United States,-96.0431,36.0996,12496.8,133.78,1049.184,United States
a615d0,SWA155  ,United States,-76.0387,41.9535,12207.24,235.25,721.296,United States
5001de,VAJ94L  ,San Marino,11.4002,49.2584,13106.4,294.52,856.944,San Marino
3cf027,SCR762  ,Germany,9.3141,50.2242,861.06,225.87,433.512,Germany
a4bbc6,N404CY  ,United States,-98.9768,25.898,2506.98,268.56,294.55199999999996,United States
78225d,CSN392  ,China,93.7251,22.5133,10058.4,82.1,970.3800000000001,China
a0b88b,UAL1834 ,United States,-87.5789,39.1433,9448.8,166.38,983.268,United States
4891a6,ENT3065 ,Poland,-2.1632,54.1663,11582.4,199.5,754.452,Poland
4b0293,SWR849W ,Switzerland,7.7999,50.4982,8153.4,158.15,826.056,Switzerland
a67805,DAL699  ,United States,-116.9026,47.6809,9753.6,256.82,755.136,United States
782277,CKK227  ,China,-97.417,43.8496,10058.4,113.21,1019.6640000000001,China
ad78cf,N9672K  ,United States,-80.2578,25.9001,121.92,265.03,128.268,United States
471d60,WZZ2972 ,Hungary,12.834,42.1191,10972.8,251.97,753.768,Hungary
8003f2,AXB412  ,India,76.3221,11.3798,6835.14,160.86,756.72,India
471d64,WMT9LL  ,Hungary,5.9091,43.3295,10660.38,229.37,773.568,Hungary
a4e8a9,N415WB  ,United States,-95.8462,30.2581,2186.94,85.5,330.65999999999997,United States
acf849,AAL3281 ,United States,-82.3542,30.3758,9144.0,186.11,765.504,United States
ac45ac,DAL2908 ,United States,-92.499,36.7943,10972.8,310.33,643.8240000000001,United States
151e64,NWS284  ,Russian Federation,23.0942,59.5333,10058.4,64.63,873.144,Russian Federation
a41e94,UAL673  ,United States,-77.4438,39.0948,1722.12,5.47,485.568,United States
a2e57e,ENY3454 ,United States,-102.7476,35.7981,10363.2,302.93,695.0160000000001,United States
ab5b2b,SWA4931 ,United States,-85.3256,37.5214,7193.28,172.29,897.0840000000001,United States
ab8880,AAL2589 ,United States,-81.075,31.2511,9753.6,181.47,724.356,United States
782282,CSN303  ,China,1.4321,51.6812,6873.24,250.22,547.1640000000001,China
a95c99,N702GG  ,United States,-115.223,36.2224,1021.08,280.68,229.932,United States
3991e4,AFR62BG ,France,8.0037,45.534,6164.58,299.96,686.16,France
a41242,CXK245  ,United States,-74.7934,40.7012,1120.14,167.39,144.216,United States
3991e5,AFR1343 ,France,4.8787,47.2938,9144.0,328.86,809.2800000000001,France
a2e585,AAY1603 ,United States,-111.9844,34.5338,7924.8,354.77,771.804,United States
ac7b1b,JBU495  ,United States,-66.9158,31.698,10363.2,183.77,733.14,United States
a67811,DAL196  ,United States,-157.0589,57.222,11887.2,83.28,949.1760000000002,United States
3991e1,AFR1277 ,France,-5.88,36.9831,10972.8,15.77,844.8480000000001,France
ad1857,ASA23   ,United States,-81.0251,42.6594,10363.2,272.3,830.376,United States
a2de7e,SKW3966 ,United States,-92.5433,44.8685,4876.8,268.75,594.648,United States
3c0f75,IFA6036 ,Germany,-93.9034,39.3924,6758.94,79.54,806.0400000000001,Germany
ac2bb6,ASH6212 ,United States,-87.9639,30.7515,10363.2,265.76,752.112,United States
3991e9,AFR7346 ,France,3.679,46.184,10668.0,157.95,789.264,France
75855b,PAL119  ,Philippines,6.0324,80.1255,11277.6,86.17,915.0840000000001,Philippines
471d5a,WMT757  ,Hungary,15.5891,42.4725,10965.18,27.01,852.3000000000001,Hungary
a2de96,YEL4    ,United States,-82.7097,41.8721,3474.72,317.61,488.98800000000006,United States
a508ba,N423WB  ,United States,-87.3355,36.65,2400.3,310.02,256.32,United States
471d5c,WMT51   ,Hungary,30.9529,34.6798,10972.8,317.57,730.152,Hungary
a96f94,N707LL  ,United States,-83.826,34.1619,5974.08,131.0,714.1320000000001,United States
a6f06c,N546YR  ,United States,-97.08,31.7756,601.98,178.49,281.592,United States
151e6b,NWS855  ,Russian Federation,22.6686,59.4289,10660.38,64.18,897.048,Russian Federation
151e6c,NWS9805 ,Russian Federation,37.4307,55.9724,10066.02,182.12,100.08,Russian Federation
a900dd,FLC68   ,United States,-104.6857,38.6266,2255.52,359.68,331.524,United States
acf84e,DAL1642 ,United States,-86.1182,31.7099,5791.2,24.75,681.1560000000001,United States
484411,KLM695  ,Kingdom of the Netherlands,4.4933,52.4889,3413.76,344.7,610.5960000000001,Kingdom of the Netherlands
ae1e49,RUST23  ,United States,-97.7151,35.5137,1798.32,19.76,405.396,United States
ac8217,DAL2342 ,United States,-76.1646,39.819,10363.2,243.1,716.436,United States
a2d234,FDX3646 ,United States,-87.8443,39.8411,6507.48,90.14,753.768,United States
acd203,ASI322  ,United States,-112.6898,33.3796,518.16,219.09,190.90800000000002,United States
a0428a,AAL1243 ,United States,-110.3427,34.4646,10965.18,272.0,794.988,United States
ae1e47,,United States,-98.8436,34.3447,1744.98,114.59,480.672,United States
ad1861,AVA050  ,United States,-76.7307,-7.6404,11277.6,352.92,796.86,United States
ac7b35,N903KC  ,United States,-158.0718,21.3071,38.1,55.89,69.33600000000001,United States
c0817c,,Canada,-103.4075,45.4723,10668.0,133.86,983.6640000000001,Canada
aa40f5,N76UD   ,United States,-80.3359,26.4035,2186.94,330.35,138.528,United States
758538,APG770  ,Philippines,121.9185,13.2591,8206.74,325.14,803.52,Philippines
8003e3,AIC180  ,India,27.7685,43.463,10668.0,122.32,1032.228,India
a4d5a1,N410RK  ,United States,-81.903,27.4807,7109.46,342.64,688.86,United States
acf83f,,United States,-81.619,28.2911,182.88,344.84,205.30800000000002,United States
40697c,SHT8Q   ,United Kingdom,-2.742,54.67,8534.4,333.54,914.364,United Kingdom
40697b,BAW885R ,United Kingdom,0.2223,51.5997,2743.2,12.66,523.8720000000001,United Kingdom
4784c2,NOZ277  ,Norway,8.8644,58.7307,8229.6,38.22,754.3439999999999,Norway
adc8c7,N9879Q  ,United States,-82.6372,34.6087,1120.14,233.97,176.328,United States
344217,AEA39VM ,Spain,12.5345,45.4804,1691.64,190.84,443.124,Spain
a54520,,United States,-72.721,37.5469,12092.94,337.22,889.812,United States
345543,ANE22XP ,Spain,4.0037,41.9474,10363.2,66.39,850.8960000000001,Spain
0d0d92,VOI7702 ,Mexico,-90.5335,37.9829,10668.0,19.09,719.244,Mexico
aca97c,N915CM  ,United States,-121.7457,36.8535,1005.84,170.33,165.312,United States
a067d6,PERRIS1 ,United States,-117.2475,33.7358,1417.32,136.16,259.34400000000005,United States
a12731,UAL573  ,United States,-124.9812,36.2126,9144.0,238.3,888.12,United States
a89234,UAL21   ,United States,-82.4645,48.4517,10972.8,212.39,881.64,United States
a12735,UAL2638 ,United States,-91.1156,35.8644,10972.8,199.07,952.344,United States
ad03c4,DAL2755 ,United States,-79.1481,34.5832,10972.8,215.75,643.5,United States
abbce5,SWA2401 ,United States,-101.9073,35.5821,10972.8,254.45,732.42,United States
a975e7,N7089P  ,United States,-84.2823,31.1013,1973.58,323.46,195.948,United States
ac8cf8,AVA9367 ,United States,-74.5209,5.0509,4556.76,142.49,562.6800000000001,United States
ac8cf1,AAL706  ,United States,-87.6571,37.47,10668.0,45.93,804.168,United States
a5dbef,SCJ47   ,United States,-87.7602,42.8603,1828.8,310.37,405.972,United States
a04dc1,N119BF  ,United States,-112.2903,41.1569,2148.84,235.56,157.176,United States
ada317,N978TS  ,United States,-103.1355,41.5627,5852.16,124.49,480.81600000000003,United States
ad03ad,TG24    ,United States,-104.6293,38.2837,1996.44,88.97,205.596,United States
0d0d8d,VOI9202 ,Mexico,-115.704,31.8543,9448.8,124.92,695.6279999999999,Mexico
aaa3f2,JRE785  ,United States,-96.9653,31.0377,3261.36,99.43,474.984,United States
abc3c6,SWA1559 ,United States,-82.0545,28.4281,6149.34,270.91,585.288,United States
a08a03,N13391  ,United States,-96.7307,30.093,1158.24,59.81,117.82799999999999,United States
ada302,SKW5072 ,United States,-104.6095,39.6984,2324.1,328.92,326.52000000000004,United States
3c6517,DLH400  ,Germany,-68.3179,46.789,11582.4,206.7,729.684,Germany
acdcc0,JSX580  ,United States,-76.0437,39.6847,10972.8,230.73,655.452,United States
a77e7b,MTU82   ,United States,-90.9198,38.4426,533.4,264.86,185.94,United States
a2cb9e,UAL821  ,United States,139.7949,34.4853,10660.38,68.38,1105.6680000000001,United States
ac3f9c,DAL2333 ,United States,-81.5745,30.801,3520.44,32.48,682.812,United States
801806,IGO262J ,India,76.8025,27.3465,10027.92,177.52,811.944,India
a7d545,N60337  ,United States,-87.9846,41.3877,1112.52,217.82,157.068,United States
a975ed,N7089V  ,United States,-98.7974,29.3303,975.36,52.33,184.86,United States
a1272d,UAL1344 ,United States,-80.7684,28.7104,9753.6,160.22,722.304,United States
acdcc3,N928K   ,United States,-93.6052,30.039,6400.8,87.44,580.248,United States
ab1380,N8122Z  ,United States,-88.775,40.4748,1066.8,140.53,244.728,United States
a6c88e,AAL3039 ,United States,-115.6479,32.7091,8481.06,86.72,808.812,United States
a187ba,AAL1356 ,United States,-90.9431,37.6015,10066.02,89.88,913.032,United States
a90208,N68MY   ,United States,-111.8242,33.9116,2468.88,186.32,471.41999999999996,United States
ac8ceb,ASI998  ,United States,-111.9141,33.2202,1615.44,327.95,233.82000000000002,United States
a9bee2,LXJ727  ,United States,-112.2316,39.0221,13716.0,88.1,893.16,United States
ac468d,AAL1213 ,United States,-95.6225,34.0895,8191.5,219.82,812.6279999999999,United States
a988f0,DAL392  ,United States,-100.471,36.1356,11277.6,66.36,891.504,United States
adfcd9,VANDY41 ,United States,-98.6295,37.1643,3931.92,272.44,304.02000000000004,United States
a96ecb,CKS786  ,United States,127.6217,37.0398,12192.0,292.97,726.1560000000001,United States
a12712,UAL1080 ,United States,-83.5107,15.112,10668.0,191.51,816.48,United States
a7858e,JBU283  ,United States,-75.6884,39.9056,9509.76,230.89,701.712,United States
151dc7,AFL1704 ,Russian Federation,53.5837,60.786,10668.0,76.46,878.184,Russian Federation
ab60e3,DAL979  ,United States,-100.832,38.4911,10668.0,79.22,980.352,United States
a842e2,EJA631  ,United States,-79.2786,33.2922,6720.84,41.9,945.5760000000001,United States
896196,UAE5RQ  ,United Arab Emirates,51.0953,26.9165,11887.2,121.07,1033.524,United Arab Emirates
ac2038,SWA2299 ,United States,-112.3881,36.8992,11277.6,70.79,911.952,United States
a96ee3,N707DJ  ,United States,-80.3398,25.8874,335.28,172.41,224.208,United States
151dba,AFL270  ,Russian Federation,43.9502,55.4265,10058.4,284.04,99.25200000000001,Russian Federation
151dbb,AFL208  ,Russian Federation,37.403,55.9795,5615.94,38.99,100.08,Russian Federation
acdcf6,N928MA  ,United States,-95.7202,29.4982,1036.32,207.67,215.388,United States
a7ce7e,N6018Z  ,United States,-93.5192,42.1289,1699.26,62.82,231.084,United States
ac335b,SWA2887 ,United States,-94.4128,31.0946,10972.8,274.39,750.42,United States
aca98d,N915DD  ,United States,-85.4723,43.1176,1005.84,131.4,187.632,United States
4a3122,AIZ742  ,Romania,27.7834,36.5979,11277.6,136.84,939.42,Romania
adb653,ASA34   ,United States,-91.6623,44.4953,10668.0,109.07,958.1760000000002,United States
a88b4e,N65KM   ,United States,-119.5299,38.6561,6141.72,353.55,626.2560000000001,United States
c02ae3,WJA2170 ,Canada,-103.3183,33.272,10058.4,142.7,938.2320000000001,Canada
e4910c,AZU6503 ,Brazil,-46.6236,-23.6743,1059.18,327.19,266.61600000000004,Brazil
ad4c60,EJA956  ,United States,-111.6899,33.9429,6316.98,51.57,652.5,United States
adb656,AAL331  ,United States,-80.3884,25.7806,914.4,250.21,421.2,United States
8a05ae,GIA718  ,Indonesia,144.7742,-37.3281,1607.82,168.49,408.24,Indonesia
00c877,EXD012  ,South Africa,28.5865,-23.8199,12496.8,4.67,841.752,South Africa
3c15c1,OCN141  ,Germany,7.7598,46.6041,10972.8,26.98,906.12,Germany
8a05ab,GIA712  ,Indonesia,112.9853,-7.5726,11277.6,116.33,818.316,Indonesia
a96ef5,N707EB  ,United States,-78.012,36.465,3558.54,29.52,417.168,United States
a1270a,UAL738  ,United States,-81.955,29.3007,10668.0,170.17,759.3480000000001,United States
a1270b,UAL1330 ,United States,-118.8594,47.6778,9753.6,277.13,656.964,United States
abc3ec,SWA1384 ,United States,-113.3048,40.7604,10058.4,84.5,947.0160000000001,United States
4a91b2,SAS907  ,Sweden,-74.3279,41.5583,2369.82,198.06,448.02000000000004,Sweden
abb0c6,WMU85   ,United States,-85.2274,42.5342,784.86,204.0,259.488,United States
a4cefa,WMU19   ,United States,-85.0339,42.0185,1051.56,184.56,256.392,United States
ac337e,SWA2366 ,United States,-74.3246,40.8896,5318.76,261.76,542.7,United States
a5eef4,N4812F  ,United States,-111.3432,32.4316,1554.48,333.03,232.74000000000004,United States
a12777,UAL415  ,United States,-98.241,41.9431,10972.8,255.47,723.204,United States
a12778,UAL466  ,United States,-111.7971,41.616,6705.6,253.69,712.044,United States
a65220,VOI3291 ,United States,-114.6123,31.8045,10668.0,291.02,934.4879999999999,United States
a24757,SWA2399 ,United States,-119.622,39.4456,2964.18,355.14,459.108,United States
a10d56,SKW5286 ,United States,-122.3206,37.8391,2689.86,17.99,527.6880000000001,United States
adf0b2,N998DM  ,United States,-95.6364,30.2919,640.08,212.51,223.992,United States
a602ab,ASA53   ,United States,-96.4479,34.0003,10972.8,308.22,721.368,United States
a5322d,N434CA  ,United States,-111.319,32.5323,853.44,313.53,255.456,United States
801839,IGO6273 ,India,82.488,19.3556,11582.4,226.95,770.4720000000001,India
a0b7df,UAL1941 ,United States,-92.6523,42.4584,10165.08,81.0,900.036,United States
a5a878,AAL3134 ,United States,-81.123,29.659,7917.18,180.31,688.968,United States
c044b2,CJT5231 ,Canada,-84.3109,11.2185,10599.42,191.16,832.464,Canada
a0b7dc,UAL1520 ,United States,-84.6268,31.1292,10355.58,323.45,740.052,United States
896178,UAE81W  ,United Arab Emirates,-83.4371,48.2682,10972.8,209.24,921.168,United Arab Emirates
a58bdc,N4568F  ,United States,-97.1494,33.2661,822.96,17.32,180.432,United States
896177,UAE256  ,United Arab Emirates,36.3408,34.275,11277.6,92.39,978.696,United Arab Emirates
a0f41b,N1600W  ,United States,-120.8959,36.6954,7620.0,141.16,451.8,United States
a04dfa,DAL2347 ,United States,-78.3259,31.4295,11269.98,5.57,1030.8600000000001,United States
060030,MAU15   ,Mauritius,18.4432,36.462,11277.6,114.75,995.22,Mauritius
a294c1,CXK226  ,United States,-117.3093,33.1243,304.8,294.78,159.084,United States
ac205f,SWA3339 ,United States,-103.7632,39.4269,11887.2,77.71,957.204,United States
a7851c,DAL390  ,United States,-85.2167,34.0933,5036.82,107.41,786.06,United States
a6b522,N531LD  ,United States,-107.1651,32.4948,2583.18,122.43,210.636,United States
aa05e7,ENY4011 ,United States,-87.5218,41.8928,1508.76,46.86,444.168,United States
a0b7fa,UAL1010 ,United States,-94.9671,36.5069,10066.02,110.63,945.936,United States
0d0d66,VIV9245 ,Mexico,-96.0687,19.9543,10660.38,76.39,912.744,Mexico
a66568,N511CR  ,United States,-119.5072,35.8912,4648.2,147.46,509.652,United States
a1277a,UAL537  ,United States,-100.8613,41.5465,10972.8,327.68,685.908,United States
896187,UAE314  ,United Arab Emirates,56.6379,24.2082,8717.28,126.07,953.136,United Arab Emirates
a041bf,LFA328  ,United States,-81.1462,28.7704,373.38,3.95,161.496,United States
a28dc8,UAL43   ,United States,-72.0374,47.1766,10972.8,196.19,836.964,United States
896184,UAE367  ,United Arab Emirates,103.0505,15.0563,11582.4,253.6,891.936,United Arab Emirates
a35409,N313XF  ,United States,-81.3864,28.4515,1821.18,201.39,477.36,United States
a1c4a8,N213AA  ,United States,-95.9865,29.9337,701.04,289.29,196.20000000000002,United States
896180,UAE29V  ,United Arab Emirates,15.4723,47.9138,12192.0,290.76,851.652,United Arab Emirates
c08106,WJA482  ,Canada,-97.2029,49.8768,533.4,317.79,242.56799999999998,Canada
a12756,UAL1442 ,United States,-77.3668,41.1171,10058.4,99.73,909.468,United States
aa552e,EJM124  ,United States,-118.3215,33.9436,297.18,263.23,330.12,United States
a83bc1,N63DU   ,United States,-81.9437,29.2481,6012.18,170.97,448.2,United States
e49d97,PSBPG   ,Brazil,-47.4368,-23.8063,1981.2,266.78,296.784,Brazil
ac2082,SWA2133 ,United States,-95.4805,29.5469,1097.28,86.99,422.856,United States
a66576,DAL594  ,United States,-100.7257,33.8006,10050.78,151.01,940.068,United States
40690c,EZY73AB ,United Kingdom,21.9249,38.4665,10972.8,317.45,734.0400000000001,United Kingdom
a5dbcd,N477HC  ,United States,-115.698,33.7073,6096.0,233.08,428.54400000000004,United States
801819,IGO6722 ,India,85.9546,23.8363,10668.0,121.32,958.248,India
a067ec,SKW5247 ,United States,-85.6859,40.4333,7642.86,4.69,589.068,United States
a602cd,SKW5662 ,United States,-121.6611,37.2836,5791.2,104.74,698.976,United States
a09101,N1356U  ,United States,-74.0327,40.6872,579.12,14.19,166.21200000000002,United States
a0b7d9,UAL2494 ,United States,-82.6163,29.0652,10980.42,324.93,812.304,United States
a735f9,N564CA  ,United States,-110.9091,32.325,1661.16,285.49,319.03200000000004,United States
a0b7d8,UAL789  ,United States,-94.099,39.2247,10683.24,97.11,972.3600000000001,United States
a0b7bd,UAL2684 ,United States,-86.5364,35.3878,10652.76,170.9,960.3000000000001,United States
a79898,DAL894  ,United States,-94.9307,32.8233,10363.2,272.9,767.7,United States
a0b7bb,UAL1232 ,United States,-92.5188,41.7954,10073.64,81.45,859.6080000000001,United States
801822,IGO32E  ,India,73.3844,18.952,2125.98,29.53,432.108,India
a54595,N439LP  ,United States,-119.231,34.1528,1036.32,121.88,178.848,United States
aab812,AAL61   ,United States,-100.3684,33.3745,9753.6,284.76,821.592,United States
a294a4,N2655N  ,United States,-118.6774,34.5989,2004.06,322.57,188.928,United States
0d0d83,AMX516  ,Mexico,-86.3693,20.5275,1493.52,33.96,437.652,Mexico
aa4e47,SKW4949 ,United States,-97.5029,32.8886,4747.26,297.82,603.1080000000001,United States
ab38aa,DAL406  ,United States,-91.2197,41.2153,10972.8,324.12,726.84,United States
a4c2f9,N406AP  ,United States,-123.0346,38.8675,274.32,325.54,114.552,United States
acd0ca,AAL3164 ,United States,-96.3872,32.3311,5783.58,315.0,605.0160000000001,United States
aa4200,SKW6225 ,United States,-110.6616,33.9022,7772.4,67.17,801.792,United States
a8b8b9,PDT5961 ,United States,-77.8851,38.6291,10370.82,229.8,720.1800000000001,United States
acd0cf,DAL1061 ,United States,-84.4022,31.9967,6713.22,179.13,853.884,United States
86d90e,JAL79   ,Japan,135.4486,32.9738,12192.0,233.04,693.036,Japan
acd0e0,N925BK  ,United States,-121.824,37.338,30.48,324.64,211.21200000000002,United States
a2d1a7,OXF6493 ,United States,-111.2024,32.253,1699.26,316.29,174.204,United States
ac2e20,EJA884  ,United States,-94.9709,42.0852,12496.8,83.32,986.4,United States
ab2854,AAY1011 ,United States,-80.3492,37.0839,10972.8,191.39,787.788,United States
0d0d10,LET5620 ,Mexico,-82.0621,34.4664,7094.22,57.58,787.6080000000001,Mexico
4951d4,TAP1906 ,Portugal,-9.0373,38.9604,1173.48,216.11,364.5,Portugal
4951d5,TAP69AS ,Portugal,0.374,47.7941,11887.2,230.08,695.484,Portugal
4951d6,TAP437  ,Portugal,-2.7145,46.2189,11269.98,223.3,704.8439999999999,Portugal
00b377,ZSTMC   ,South Africa,28.1744,-25.6292,1493.52,189.93,150.40800000000002,South Africa
4951d8,TAP939  ,Portugal,3.1085,44.9945,11887.2,233.45,730.8000000000001,Portugal
4951d9,TAP5AS  ,Portugal,2.8597,44.9781,10652.76,231.6,763.308,Portugal
a3410d,N309DA  ,United States,-83.522,33.7143,1341.12,141.18,206.82000000000002,United States
a08a85,EDV5028 ,United States,-73.9303,39.5504,7924.8,206.13,542.52,United States
0d0d19,XBLAT   ,Mexico,-100.412,26.1004,1402.08,149.9,147.708,Mexico
a34d73,TNV134  ,United States,-148.8586,63.4834,4358.64,13.49,611.352,United States
a9fb92,SKW6308 ,United States,-111.1787,34.5791,11277.6,75.62,812.556,United States
ab284d,AAL1452 ,United States,-78.035,40.6894,10363.2,280.22,803.556,United States
4951d2,TAP645  ,Portugal,3.7778,50.3933,6720.84,205.71,610.488,Portugal
abbeb7,N856MB  ,United States,-104.8485,39.5659,1783.08,326.31,33.372,United States
40097f,BAW16MT ,United Kingdom,0.2345,51.1123,4175.76,329.72,587.6279999999999,United Kingdom
ae006a,KEEN41  ,United States,-99.7086,33.241,3947.16,110.6,789.444,United States
40097d,SHT17N  ,United Kingdom,-0.4442,51.5671,2613.66,150.32,426.348,United Kingdom
40097c,BAW953L ,United Kingdom,4.5875,51.0561,11590.02,291.59,754.884,United Kingdom
a3b774,N339CD  ,United States,-85.2857,33.6999,3596.64,243.22,217.83599999999998,United States
a677ca,ASA8    ,United States,-122.3093,37.6664,723.9,55.19,392.50800000000004,United States
a437da,DAL549  ,United States,-95.8828,34.2407,9753.6,268.75,766.908,United States
a08a96,EJM134  ,United States,-106.0722,37.3691,12192.0,275.39,690.1560000000001,United States
a437e9,N371EC  ,United States,-85.3923,39.588,2118.36,89.69,340.776,United States
39dd49,CCM51WB ,France,5.6055,45.6006,10370.82,325.52,824.4720000000001,France
ac4843,SWA1541 ,United States,-83.8409,38.5443,11277.6,96.35,903.7800000000001,United States
aadb12,N799SP  ,United States,-83.3597,27.6482,8938.26,178.85,740.952,United States
ab5bb1,SWA4481 ,United States,-85.7576,35.6728,5524.5,268.83,637.236,United States
a34119,DAL937  ,United States,-99.5757,31.7638,10363.2,272.19,774.72,United States
ae006b,LANCE52 ,United States,-99.3703,33.4676,4610.1,348.66,640.332,United States
39dd42,CCM80NQ ,France,5.9817,45.3605,10363.2,326.56,816.7320000000001,France
39dd44,CCM37JW ,France,7.9715,41.7909,4876.8,295.58,480.456,France
a77dae,DAL447  ,United States,-119.4758,55.0034,9464.04,89.66,933.4079999999999,United States
a12797,UAL2402 ,United States,-90.7776,34.5227,11277.6,52.9,819.684,United States
a12798,UAL1064 ,United States,-78.152,37.2471,10058.4,60.81,1014.0120000000001,United States
400982,BAW557H ,United Kingdom,6.9434,46.1164,10965.18,319.78,785.8439999999999,United Kingdom
aa9e28,SWA265  ,United States,-91.9629,30.9183,9860.28,126.74,975.2760000000001,United States
0d0d36,VOI1780 ,Mexico,-81.3255,28.3321,541.02,0.72,294.48,Mexico
a174f7,SKW3450 ,United States,-120.3945,35.2631,9753.6,315.79,857.8439999999999,United States
a10d82,AAL2688 ,United States,-80.7957,35.338,3086.1,211.35,427.212,United States
a6adaf,N5297E  ,United States,-94.6122,39.1592,457.2,3.85,193.03199999999998,United States
a1bddf,N211GR  ,United States,-103.3238,30.6429,8534.4,294.72,513.792,United States
a1c4d8,MXY755  ,United States,-81.4596,29.8289,6812.28,355.09,843.9119999999999,United States
a46d29,UAL1976 ,United States,-76.871,43.0135,9753.6,240.68,809.2800000000001,United States
a0b7fb,UAL664  ,United States,-90.643,40.8111,9448.8,66.33,821.0160000000001,United States
aaf539,N805JA  ,United States,-116.0045,47.3574,6446.52,115.83,450.612,United States
a10137,XAA1355 ,United States,-81.7973,26.171,411.48,305.92,290.44800000000004,United States
440ca9,EJU41XR ,Austria,12.2028,51.4108,9250.68,209.78,798.012,Austria
a5a7f8,N4636P  ,United States,-93.5686,41.6982,304.8,180.0,3.708,United States
ac1b21,SWA258  ,United States,-86.7239,33.7021,1394.46,53.07,354.45599999999996,United States
a3b796,DAL1592 ,United States,-83.956,33.9817,2743.2,215.49,507.24,United States
a2ddac,ENY3769 ,United States,-111.1727,34.5562,7764.78,32.81,769.032,United States
a64ab0,VJA504  ,United States,-80.1931,26.6916,1173.48,311.24,359.604,United States
a24789,AAY1562 ,United States,-106.5334,37.43,11277.6,61.9,927.972,United States
a28de3,ASA543  ,United States,-98.0351,33.1028,6911.34,293.93,739.5840000000001,United States
aadb25,N799TH  ,United States,-88.476,41.8905,937.26,261.78,168.40800000000002,United States
a304b2,N294DS  ,United States,-115.4176,36.3691,2057.4,114.55,164.91600000000003,United States
0d0d48,VIV2164 ,Mexico,-99.6971,25.6475,4617.72,317.27,627.768,Mexico
aaf53a,JBU2879 ,United States,-84.3681,27.293,10347.96,229.63,649.044,United States
a24782,ENY3841 ,United States,-102.132,41.8243,10363.2,270.77,685.296,United States
a48730,ASA815  ,United States,-120.9062,33.2128,10675.62,257.3,926.4600000000002,United States
a0f44c,DAL501  ,United States,-105.0022,31.9792,10972.8,270.66,801.9720000000001,United States
a6fd19,N55AG   ,United States,11.6185,48.8119,3962.4,116.08,294.876,United States
a34d2f,JBU65   ,United States,-75.1728,40.2771,10972.8,227.01,708.9119999999999,United States
488d78,BNI5V   ,Poland,-2.9573,44.5567,9966.96,172.38,586.692,Poland
a5e421,N479SH  ,United States,-122.1127,37.669,251.46,87.21,76.03200000000001,United States
452164,LZB407  ,Bulgaria,10.9981,49.7345,11582.4,297.62,723.168,Bulgaria
ac486a,SWA2843 ,United States,-120.7594,43.094,10668.0,162.7,890.352,United States
a46d95,UAL394  ,United States,-87.344,41.868,10660.38,86.2,894.636,United States
3c0cb2,TUI533  ,Germany,10.9647,49.6962,12192.0,312.05,713.34,Germany
ab62ad,SWA1102 ,United States,-120.49,35.427,10972.8,323.04,899.316,United States
440179,EJU15TW ,Austria,9.9478,42.5896,10980.42,299.53,751.392,Austria
a9b2d4,N724EH  ,United States,-80.2244,27.1943,182.88,336.21,307.656,United States
a8db5e,N67WL   ,United States,-122.8865,45.4869,7315.2,359.54,459.324,United States
440181,EJU3542 ,Austria,15.2923,37.5874,3063.24,10.58,544.5,Austria
ab288e,N818RC  ,United States,-90.1465,37.9759,12092.94,128.84,1024.776,United States
a9fb3e,ASI633  ,United States,-112.0926,33.7092,693.42,267.69,183.492,United States
a0e197,N156ML  ,United States,-84.9015,42.0416,11582.4,329.57,541.224,United States
c01a7d,ACA304  ,Canada,-122.8235,49.0707,3893.82,84.46,748.008,Canada
44015a,EJU64QD ,Austria,10.9376,52.7994,11582.4,17.56,841.1039999999999,Austria
a11fa1,UAL648  ,United States,-97.9579,41.5735,10972.8,253.08,731.736,United States
a04f25,HER119  ,United States,-98.5406,43.1378,12496.8,114.11,1065.276,United States
aaf562,KSU05   ,United States,-95.7447,39.0233,1188.72,261.77,155.304,United States
a0692d,N1254D  ,United States,-96.8185,33.006,541.02,357.61,177.948,United States
ab62d3,SWA1927 ,United States,-119.8717,38.3796,9387.84,102.05,816.192,United States
a0e191,N156ME  ,United States,-104.3656,39.4614,2712.72,326.67,161.82000000000002,United States
00b321,ZSTIU   ,South Africa,28.2841,-25.4129,1889.76,340.89,197.964,South Africa
a7bb77,DAL451  ,United States,-93.0312,45.2476,10066.02,101.98,937.152,United States
408033,EXS9W   ,United Kingdom,-3.7483,49.581,10980.42,5.07,922.2120000000001,United Kingdom
408034,EXS232D ,United Kingdom,-7.0291,41.5421,10363.2,10.74,844.488,United Kingdom
440175,EJU94GN ,Austria,18.2087,49.9714,7010.4,91.12,761.328,Austria
a05614,DAL835  ,United States,-98.3181,39.862,11277.6,106.52,1035.432,United States
440172,EJU7929 ,Austria,8.062,51.1285,11285.22,119.31,813.42,Austria
e071cb,ARG1266 ,Argentina,-57.6162,-34.4813,5722.62,53.75,757.8720000000001,Argentina
ae1eab,JEDI14  ,United States,-88.3001,30.4435,1165.86,205.31,415.872,United States
ac3558,AAL851  ,United States,-107.8168,45.3054,11285.22,102.8,961.02,United States
ac4888,SWA889  ,United States,-77.5257,35.6506,11582.4,218.18,650.2320000000001,United States
a6b59e,N531RC  ,United States,-84.3707,35.7051,12496.8,338.22,843.5880000000001,United States
abbedb,AAL2046 ,United States,-116.2297,34.2218,10972.8,285.65,892.404,United States
abc5d4,N858HW  ,United States,-90.5773,35.9339,243.84,29.61,202.392,United States
ab5bf0,SWA4916 ,United States,-97.5377,29.5023,10622.28,100.38,915.048,United States
a9fb4e,AAL2345 ,United States,-86.7274,41.9506,7871.46,88.99,837.252,United States
acdec7,N9284A  ,United States,-72.0621,41.9082,2042.16,183.97,133.668,United States
a09188,AAL1380 ,United States,-80.4172,27.061,6560.82,340.24,810.7560000000001,United States
7584bd,RYL287  ,Philippines,120.7031,14.5868,1737.36,149.89,468.86400000000003,Philippines
392ae7,AFR16PA ,France,0.8812,46.5634,10058.4,209.05,724.572,France
392ae8,AFR46LL ,France,2.7912,42.9618,9669.78,176.46,838.692,France
a2d1bc,ASA284  ,United States,-104.5505,38.5075,10058.4,67.34,899.0640000000001,United States
a33a55,ENY3660 ,United States,-108.2616,34.5101,7909.56,73.18,812.6279999999999,United States
a557c3,SWA696  ,United States,-118.7551,33.9976,6004.56,162.13,657.72,United States
440198,EJU35CN ,Austria,2.4581,48.606,6537.96,157.31,662.436,Austria
39dd58,CCM38BI ,France,7.7871,42.8269,3649.98,316.65,501.768,France
45216e,GPX600  ,Bulgaria,9.4557,47.6264,4579.62,259.72,664.416,Bulgaria
aaee96,N803SD  ,United States,-92.3559,29.49,10363.2,249.48,660.456,United States
45caaf,DTR524  ,Denmark,11.3165,60.4271,4000.5,3.28,421.092,Denmark
47875a,NOZ58U  ,Norway,9.6987,58.1969,11582.4,200.17,773.424,Norway
adfeba,VENUS51 ,United States,-80.9613,31.9178,2880.36,29.18,562.14,United States
ababba,N851GW  ,United States,-113.2144,32.9788,4518.66,70.67,486.71999999999997,United States
a9026b,LIFELN1 ,United States,-104.9285,40.0284,1912.62,355.28,202.572,United States
a53db2,LXJ437  ,United States,-94.9665,30.3271,1432.56,247.33,475.668,United States
aa439e,TCN760  ,United States,-78.0396,27.4135,13060.68,124.06,959.004,United States
ac8efa,EDV5435 ,United States,-81.5658,35.2574,10058.4,53.13,953.784,United States
a4743e,N3862M  ,United States,-111.8577,40.137,2301.24,191.31,188.856,United States
a2348d,RPA5786 ,United States,-75.1822,40.6723,3185.16,105.33,637.56,United States
392af3,AFR7523 ,France,-3.8219,48.6586,6347.46,71.97,837.504,France
a34130,N309EL  ,United States,-86.2601,38.8535,7993.38,175.07,970.344,United States
44017c,EJU92FC ,Austria,-8.236,39.5077,8869.68,48.96,834.876,Austria
392af5,AFR625  ,France,-73.151,41.88,10675.62,179.23,692.712,France
a4bd24,SKW3345 ,United States,-120.5679,41.0865,10363.2,348.8,791.0640000000001,United States
a2ddef,N284ME  ,United States,-86.2804,36.1763,914.4,181.15,185.22000000000003,United States
e49d20,,Brazil,-53.8247,-13.5141,11582.4,328.04,818.6039999999999,Brazil
ab62f8,SWA2078 ,United States,-82.9064,28.9352,9144.0,353.49,849.9960000000001,United States
e49d22,AZU4145 ,Brazil,-41.7566,-15.7924,11590.02,218.33,812.196,Brazil
a8e247,DAL625  ,United States,-97.7634,23.4193,10972.8,183.44,803.376,United States
ada526,DAL2754 ,United States,-84.4255,33.5365,2560.32,90.0,498.20399999999995,United States
a9befc,EJA727  ,United States,-83.5314,29.832,13098.78,324.05,807.5880000000001,United States
a34d83,N3114Y  ,United States,-96.3978,32.3156,2834.64,116.82,365.256,United States
392aeb,AFR89VR ,France,10.6334,42.7038,9692.64,323.75,792.3240000000001,France
392aec,AFR78GA ,France,-0.1585,46.1305,10972.8,23.72,916.3439999999999,France
440195,EJU73RH ,Austria,21.936,36.4175,10972.8,312.84,729.936,Austria
3c5c46,BTX6F   ,Germany,10.7647,52.1664,1988.82,24.15,511.48800000000006,Germany
ae1ecd,RN072   ,United States,-87.441,31.062,3931.92,295.73,170.64,United States
ace5bc,AAL2445 ,United States,-90.887,30.5717,10043.16,75.15,881.388,United States
392aed,AFR1100 ,France,-3.5496,40.8501,1760.22,189.31,354.708,France
392aee,AFR1549 ,France,0.8299,45.5728,10972.8,350.37,852.804,France
ac82d3,N905MA  ,United States,-82.8116,32.5068,3962.4,154.4,342.93600000000004,United States
a27aee,SWA2540 ,United States,-112.0759,40.6089,2918.46,175.7,419.72400000000005,United States
452169,AIZ912  ,Bulgaria,24.62,41.4959,11277.6,134.83,900.9720000000001,Bulgaria
a9fb2e,NKS2227 ,United States,-92.7337,31.2576,11574.78,297.24,699.9119999999999,United States
ac20c4,SWA2615 ,United States,-111.5427,37.2893,9753.6,239.8,784.26,United States
471dbd,WZZ132  ,Hungary,-4.0161,36.9365,11887.2,219.84,771.84,Hungary
adff5b,ICEMAN1 ,United States,-97.6861,29.3733,3947.16,221.94,737.028,United States
47873f,NOZ6LK  ,Norway,7.1705,43.6234,160.02,45.0,275.004,Norway
adff73,BONES31 ,United States,-87.8127,34.3702,4930.14,228.92,842.724,United States
a82a3f,N625QS  ,United States,-70.9393,38.5317,13106.4,130.59,731.592,United States
a23fb2,RPA5775 ,United States,-73.7796,40.8946,960.12,212.57,340.632,United States
47873a,WIF795  ,Norway,10.8158,63.5043,792.48,181.89,168.62400000000002,Norway
471dba,WZZ6802 ,Hungary,3.5787,41.171,11285.22,277.32,799.1640000000001,Hungary
ae0000,BOLT2   ,United States,-98.6929,28.2334,1409.7,211.47,649.224,United States
a5949e,N459M   ,United States,-113.4303,53.2071,1348.74,315.35,216.072,United States
aae0d3,MVP442  ,United States,-84.6581,42.4394,7924.8,271.7,748.548,United States
a651e9,N506TF  ,United States,-95.2745,30.5239,2255.52,30.96,75.60000000000001,United States
a83d76,N63XF   ,United States,-78.7359,31.1892,12192.0,196.28,733.176,United States
a82a44,QXE2167 ,United States,-111.6302,40.5006,10668.0,142.72,926.3879999999999,United States
adff63,ICEMAN2 ,United States,-97.686,29.3733,3954.78,221.55,739.944,United States
471dc0,WZZ4075 ,Hungary,20.0777,46.2782,10660.38,111.37,914.832,Hungary
39ca85,SAMU28  ,France,1.7887,48.7908,670.56,76.17,247.93200000000002,France
151e24,TYA4553 ,Russian Federation,89.6583,55.4658,10050.78,85.8,809.64,Russian Federation
44012f,AUA37   ,Austria,-74.4686,47.6246,10972.8,197.51,868.068,Austria
a17622,N1933S  ,United States,-81.3982,26.6316,2019.3,181.98,481.824,United States
a34199,ENY3530 ,United States,-80.3966,25.3692,4526.28,196.53,618.192,United States
ab00df,N808PE  ,United States,-158.0827,21.2978,60.96,57.46,127.40400000000001,United States
a43905,N371RM  ,United States,-82.4404,29.3723,1562.1,136.78,505.72799999999995,United States
c04794,,Canada,-121.8487,52.676,6096.0,334.2,370.26,Canada
393f0a,CLG1555 ,France,2.416,48.7299,251.46,255.85,219.636,France
a6fd5b,N55CY   ,United States,-111.2754,40.2881,3390.9,145.62,341.1,United States
393f0c,CLG8105 ,France,3.3958,47.9316,5036.82,334.91,580.788,France
a891a7,NKS2850 ,United States,-79.7699,26.836,937.26,171.64,394.95599999999996,United States
3f60bb,LIMIT07 ,Germany,11.5121,48.7027,571.5,248.0,197.748,Germany
43ed4b,WKT80   ,United Kingdom,-23.5185,14.8609,518.16,19.08,209.66400000000002,United Kingdom
a126c6,UAL782  ,United States,-74.0728,40.823,998.22,180.28,377.82,United States
a3ff01,KAP418  ,United States,-68.9335,44.0859,2301.24,33.69,360.576,United States
a3c9b4,DAL411  ,United States,-83.015,27.95,3139.44,177.51,596.916,United States
c02137,CFMPA   ,Canada,-124.1949,49.2896,5646.42,312.64,254.268,Canada
440d70,AUA92   ,Austria,16.7016,48.1745,1600.2,332.68,439.848,Austria
151e16,PBD476  ,Russian Federation,46.1917,51.7122,38.1,93.48,274.608,Russian Federation
ae6cec,C6058   ,United States,-119.1458,34.112,213.36,222.67,161.208,United States
ad9039,EJA973  ,United States,-84.3589,27.4215,11277.6,92.55,999.216,United States
ae2689,C6551   ,United States,-80.0028,26.6759,129.54,190.89,196.128,United States
adff7e,ROGUE78 ,United States,-87.7872,34.436,7620.0,41.68,860.508,United States
adec63,N9968F  ,United States,-88.7516,42.1187,899.16,174.02,195.51600000000002,United States
abac7e,EJA851  ,United States,-100.1831,45.2802,13106.4,103.22,979.7399999999999,United States
440159,EJU45UK ,Austria,-4.0141,38.7114,11582.4,25.46,861.5160000000001,Austria
151e2e,SYL466  ,Russian Federation,89.3656,55.4536,11277.6,85.31,815.76,Russian Federation
75860f,CEB286  ,Philippines,113.2495,23.2848,586.74,14.12,295.992,Philippines
a58191,N454GC  ,United States,-80.9933,33.8422,800.1,18.15,356.652,United States
a901c8,N68KJ   ,United States,5.3816,45.5452,2621.28,338.5,591.192,United States
49529a,TAP1313 ,Portugal,-3.2983,50.7582,11277.6,188.31,743.0400000000001,Portugal
a5e48a,SWA882  ,United States,-77.4601,38.982,5250.18,263.16,559.5840000000001,United States
a6a1f9,N5263   ,United States,-110.889,35.0168,7033.26,241.76,735.804,United States
471da8,WZZ4SH  ,Hungary,10.6979,53.4251,4762.5,316.55,581.652,Hungary
a6049b,SWA514  ,United States,-104.9599,36.782,11269.98,166.22,917.208,United States
adff7c,REEF22  ,United States,-88.6273,34.1548,4770.12,233.28,827.1,United States
acc02b,SWA1177 ,United States,-91.2623,33.9725,12496.8,77.25,881.0640000000001,United States
ac836e,N905TF  ,United States,-84.5058,32.9984,13716.0,147.23,1019.736,United States
ad53fd,FDY246  ,United States,-77.284,39.3223,2209.8,43.63,327.492,United States
c03487,WJA2134 ,Canada,-81.9105,42.4496,10401.3,209.39,890.6039999999999,Canada
a6fd93,N55FD   ,United States,-81.6866,35.6714,2743.2,60.22,369.144,United States
a11fc1,UAL502  ,United States,-112.0733,33.4408,518.16,90.91,233.388,United States
a04f49,SKW5292 ,United States,-97.0804,27.6411,10363.2,212.59,670.428,United States
acd33d,N9251E  ,United States,-87.0988,30.6034,579.12,69.86,236.70000000000002,United States
ae2678,C6530   ,United States,-81.1308,31.9943,358.14,98.83,193.03199999999998,United States
86d9fc,JAL66   ,Japan,-120.2254,35.548,12496.8,146.92,912.816,Japan
151e1b,PBD1738 ,Russian Federation,30.367,42.0394,9776.46,79.91,919.836,Russian Federation
a15c01,SKW3893 ,United States,-88.1156,31.3277,11277.6,54.37,836.172,United States
a7d4f4,N6031W  ,United States,-84.6322,33.2536,777.24,348.58,187.056,United States
471db7,WZZ943  ,Hungary,51.8624,25.701,11262.36,119.66,950.5440000000001,Hungary
a46d8f,UAL2242 ,United States,-106.6342,35.4191,10363.2,322.88,764.136,United States
471db8,WZZ894  ,Hungary,17.7907,44.1074,11574.78,190.56,778.068,Hungary
471db9,WMT626  ,Hungary,9.6009,50.6273,10363.2,286.81,742.8960000000001,Hungary
495297,TAP871  ,Portugal,8.4669,44.2568,10668.0,259.87,778.8960000000001,Portugal
452124,LZB572  ,Bulgaria,29.4589,36.0477,11582.4,319.66,692.424,Bulgaria
a03c20,XAA4336 ,United States,-80.4007,25.8995,1341.12,260.33,430.2,United States
a126eb,UAL2188 ,United States,-98.3867,37.8466,10668.0,113.18,1011.384,United States
ae60d5,OSPRY29 ,United States,-76.1772,38.4231,739.14,246.95,378.396,United States
a126ed,UAL1079 ,United States,-82.9127,29.7527,9448.8,14.42,937.0079999999999,United States
495293,TAP921  ,Portugal,-8.6755,41.2262,121.92,348.31,219.384,Portugal
c07aa4,WJA2964 ,Canada,-88.0416,33.3096,10972.8,203.79,941.148,Canada
e4a589,PSMLJ   ,Brazil,-81.941,32.288,1386.84,178.26,305.712,Brazil
400960,BAW5KY  ,United Kingdom,-0.4046,51.465,304.8,269.58,250.02,United Kingdom
a0ffef,N1635W  ,United States,-97.7771,35.3045,2933.7,180.61,348.192,United States
a64ac6,N504WF  ,United States,-73.677,43.5226,1272.54,163.27,295.884,United States
a23ff3,N244ME  ,United States,-91.6349,30.4431,2438.4,270.52,203.72400000000002,United States
a77de9,LXJ582  ,United States,-77.8202,33.9867,12192.0,191.81,660.3480000000001,United States
4bb2aa,TKJ4YM  ,Turkey,30.2416,40.5756,7124.7,100.73,865.1880000000001,Turkey
a4b127,N401JG  ,United States,-80.4177,26.2967,944.88,75.96,511.59600000000006,United States
a0434a,CXK668  ,United States,-111.6628,33.3188,381.0,136.19,125.748,United States
a6b4c3,SKW5570 ,United States,-107.4072,38.0275,7018.02,28.72,770.796,United States
a23fdc,N244LG  ,United States,-81.2303,30.3374,7315.2,181.53,626.184,United States
e4a594,PSNEG   ,Brazil,-47.3266,-22.7745,1043.94,243.86,222.804,Brazil
a651a9,EJA506  ,United States,-80.0227,27.338,8321.04,165.74,684.1080000000001,United States
300a3b,ITY220  ,Italy,1.2637,51.3436,3048.0,9.7,505.40399999999994,Italy
a82a06,NKS2186 ,United States,-76.8635,39.097,11590.02,225.21,709.776,United States
40093e,BAW465M ,United Kingdom,-3.0506,44.3499,10370.82,9.29,917.676,United Kingdom
a71d40,N558BD  ,United States,-80.4332,26.6892,2766.06,115.77,536.76,United States
aa9e6d,SWA220  ,United States,-89.7439,34.0981,11216.64,183.75,963.252,United States
ae2699,C6567   ,United States,-122.3117,37.8293,-45.72,153.43,4.14,United States
a1bf3a,SWA4369 ,United States,-90.5294,30.3648,6027.42,334.57,629.568,United States
ac7088,N900PY  ,United States,-89.1643,19.7153,13716.0,158.7,902.4480000000001,United States
c01a05,WEN3420 ,Canada,-122.6798,52.9178,6141.72,3.22,461.88000000000005,Canada
ae2691,C6559   ,United States,-122.3426,37.8411,83.82,264.21,128.448,United States
acc040,EDV5340 ,United States,-75.6813,41.8385,6705.6,305.62,731.34,United States
7020ab,UBG307  ,Bangladesh,90.3418,23.9,982.98,278.13,353.592,Bangladesh
40093f,BAW43HA ,United Kingdom,-0.0563,51.4655,1607.82,269.61,270.396,United Kingdom
a61797,ASA59   ,United States,-133.9142,55.8739,10363.2,318.02,719.964,United States
7020ac,UBG321  ,Bangladesh,90.2066,23.7623,2339.34,233.01,517.068,Bangladesh
a6b4b7,LXJ531  ,United States,-115.8106,34.4314,13716.0,96.91,800.316,United States
a15c59,N187TC  ,United States,-100.4938,32.8953,3124.2,304.57,267.65999999999997,United States
7020b2,UBG341  ,Bangladesh,55.5965,25.1239,861.06,301.5,336.67199999999997,Bangladesh
a16f88,N1919U  ,United States,-96.0141,30.1543,563.88,275.65,169.344,United States
a651b3,ROK50   ,United States,-111.5195,33.0969,1341.12,346.08,215.604,United States
a8a748,FFT3075 ,United States,-80.8451,35.02,1249.68,258.69,339.94800000000004,United States
495277,AZU8901 ,Portugal,-43.7403,-16.7784,10972.8,208.14,875.772,Portugal
3e0686,DHTRA   ,Germany,8.2752,48.537,1470.66,311.95,221.616,Germany
adff8a,BS41    ,United States,-88.9095,34.3258,6911.34,298.71,798.1560000000001,United States
ab0e19,N811LM  ,United States,-96.6947,32.4257,6705.6,330.6,418.788,United States
a0435f,N116KA  ,United States,-89.4444,31.2545,9448.8,28.98,412.812,United States
a83d28,N63UC   ,United States,-98.8969,28.6794,10363.2,21.56,882.144,United States
a09cfe,DAL317  ,United States,-112.011,40.222,3208.02,18.77,506.592,United States
a664e8,N5108J  ,United States,-95.9182,32.7119,396.24,230.88,179.028,United States
aa9220,SKW5481 ,United States,-97.5594,38.2846,11277.6,106.08,996.4440000000001,United States
a04f78,N119UV  ,United States,-112.0744,40.1243,1668.78,284.55,199.008,United States
40092b,LOG87E  ,United Kingdom,-2.1645,53.9053,9144.0,336.55,870.12,United Kingdom
c04787,CRN444  ,Canada,-123.1516,52.37,9448.8,188.39,698.2560000000001,Canada
ae0063,KENT17  ,United States,-98.6518,34.0736,7056.12,359.55,942.696,United States
a52aed,DAL249  ,United States,-8.9653,55.5565,11582.4,294.91,861.7320000000001,United States
a1bf44,N211WY  ,United States,-98.4466,30.8781,861.06,144.92,190.116,United States
8961ea,ETD657  ,United Arab Emirates,49.3701,27.6785,10972.8,321.25,745.6320000000001,United Arab Emirates
a246b9,N246EM  ,United States,-97.589,30.966,2506.98,233.06,308.15999999999997,United States
03003d,BOT208  ,Botswana,26.5595,-25.1032,5486.4,300.53,503.1,Botswana
ae005b,JIMMY07 ,United States,-98.9558,33.9005,3147.06,16.52,631.692,United States
a6aded,N52987  ,United States,-120.0276,37.4944,800.1,43.6,161.136,United States
a379cd,DAL1341 ,United States,-83.6367,31.5971,8877.3,161.64,893.7,United States
a35fc2,JBU1923 ,United States,-78.5407,37.4577,10553.7,219.57,691.92,United States
a6045d,UAL2606 ,United States,-86.6345,37.3999,10683.24,49.64,826.416,United States
a4c47e,N406SC  ,United States,-84.9122,30.7769,10668.0,93.61,1000.2239999999999,United States
ab6eb9,AAL2061 ,United States,-83.9668,40.4621,9753.6,198.43,901.908,United States
a784d5,ASA7015 ,United States,-153.0103,67.7774,11277.6,168.64,808.488,United States
a126de,CXK531  ,United States,-88.4436,43.7566,792.48,85.55,167.184,United States
e49bfd,TAM3637 ,Brazil,-41.4341,-15.9065,9745.98,206.51,809.172,Brazil
ac481d,SWA136  ,United States,-95.1385,44.0281,9570.72,240.16,796.428,United States
ae0053,JAVET52 ,United States,-97.6058,35.4835,838.2,177.68,320.652,United States
a651e1,SKW6350 ,United States,-110.4748,35.1543,8229.6,45.55,819.828,United States
a6ade3,N5298X  ,United States,-87.8062,28.6322,10652.76,107.87,838.692,United States
c0475f,ASP875  ,Canada,-69.1248,41.4174,12192.0,332.18,869.0400000000001,Canada
a1897c,N1989F  ,United States,-91.966,37.9943,11887.2,45.28,794.916,United States
a4b155,LYC401  ,United States,-151.903,62.311,6720.84,320.31,579.9960000000001,United States
c0210b,ADS264  ,Canada,-82.9869,38.511,10363.2,195.85,908.676,Canada
a126e7,UAL729  ,United States,-110.8991,35.3974,11582.4,281.63,780.9119999999999,United States
a651d4,N506SK  ,United States,-111.709,33.4736,601.98,48.14,191.484,United States
ae004c,KEEN42  ,United States,-99.7633,33.2572,3909.06,109.03,789.5160000000001,United States
a0566a,UAL882  ,United States,-119.3938,55.4211,11277.6,109.93,1075.644,United States
a0433b,RPA4676 ,United States,-80.2905,41.4703,10058.4,76.79,867.456,United States
a39017,DAL1585 ,United States,-86.0763,32.5367,8229.6,55.7,775.6560000000001,United States
ab7627,AAL2639 ,United States,-110.6537,34.8997,9121.14,53.25,857.484,United States
a233f1,N241CJ  ,United States,-80.3933,25.2476,937.26,258.69,377.74800000000005,United States
4007fb,BAW119  ,United Kingdom,32.7897,31.7941,11277.6,144.57,1000.0079999999999,United Kingdom
a67960,SKW6490 ,United States,-110.2026,30.2304,10668.0,147.96,712.224,United States
a28365,PRE26   ,United States,-105.1903,39.9822,3474.72,199.8,344.44800000000004,United States
a42665,ATN6768 ,United States,-102.9603,32.3492,12192.0,262.76,778.5,United States
a89f0f,N6548J  ,United States,-95.824,30.2333,510.54,357.43,164.988,United States
ad1927,JBU2223 ,United States,-112.5858,34.6905,10370.82,262.12,824.508,United States
a41f6c,FFT4732 ,United States,-73.8173,40.0754,3451.86,29.62,651.924,United States
a869bc,JBU1267 ,United States,-78.4822,31.9509,11590.02,195.52,588.168,United States
a77f2d,AAL1945 ,United States,-90.5868,35.3434,10378.44,243.61,808.3800000000001,United States
a233da,JJ41    ,United States,-87.1813,30.4469,129.54,349.29,139.464,United States
aa3c0e,N759G   ,United States,-95.3845,30.466,7917.18,9.6,644.2560000000001,United States
a3900e,ENY3770 ,United States,-91.3714,31.424,10058.4,116.57,969.048,United States
a090f4,N1356F  ,United States,-81.3257,28.5739,327.66,73.78,212.148,United States
4007ef,BAW2203 ,United Kingdom,-79.8597,49.0519,11582.4,230.42,886.6080000000001,United Kingdom
ab5c12,AAL128  ,United States,-158.8322,58.5619,11277.6,80.65,923.436,United States
a41f72,LXJ365  ,United States,-78.9108,30.9309,13106.4,197.53,596.268,United States
a53f5b,RPA4636 ,United States,-86.2906,39.7301,259.08,225.0,217.404,United States
a233e7,MXY640  ,United States,-77.5746,41.4306,8427.72,211.69,676.908,United States
4bb1e6,THY42K  ,Turkey,8.8395,49.2156,11887.2,115.21,943.6320000000001,Turkey
4007f9,BAW198  ,United Kingdom,0.1646,51.6477,3048.0,263.8,428.472,United Kingdom
4bb1e2,THY9ZD  ,Turkey,31.1272,35.2474,11887.2,162.79,932.58,Turkey
ab6f3d,N836GC  ,United States,-114.2156,36.0891,922.02,81.74,232.05599999999998,United States
a1d99b,JBU815  ,United States,-100.7007,37.1035,9745.98,254.88,759.708,United States
aa5631,TCN765  ,United States,-77.6127,32.6637,13716.0,1.82,993.168,United States
728825,IGC702  ,Iraq,35.9817,34.2876,7962.9,273.18,600.984,Iraq
a486ce,ISU1    ,United States,-87.4002,39.2889,1341.12,219.95,193.248,United States
a353d2,AAL314  ,United States,-87.8047,41.9883,632.46,270.42,255.6,United States
a8b9c0,WUP661  ,United States,-89.3554,34.2943,12496.8,36.29,726.012,United States
a0e0d9,CXK597  ,United States,-117.1099,34.0209,1341.12,305.95,208.188,United States
8004de,AIC174  ,India,57.3407,24.7823,11277.6,112.52,1020.4559999999999,India
a486d8,DAL2651 ,United States,-99.0704,44.7797,10370.82,255.53,770.796,United States
4247e0,CAY852  ,United Kingdom,-80.1561,12.3073,11887.2,170.52,798.012,United Kingdom
781043,CES2573 ,China,105.9652,21.6885,4053.84,287.54,522.468,China
a4d6cf,N4102S  ,United States,-109.0171,45.8976,2865.12,287.99,227.80800000000002,United States
a72fc7,EJA562  ,United States,-111.155,34.7917,7040.88,216.49,787.86,United States
a603a2,N487LP  ,United States,-113.0043,33.1619,2240.28,103.11,138.816,United States
a3e011,EDV5483 ,United States,-73.605,40.3733,2049.78,27.39,575.676,United States
a15027,EDV4703 ,United States,-87.2326,33.6225,11003.28,80.06,868.6800000000001,United States
aca9d1,MTN8120 ,United States,-70.0417,13.0039,2011.68,202.23,460.152,United States
8017e5,IGO6131 ,India,77.0926,28.5654,289.56,284.3,292.428,India
aa693c,N770CC  ,United States,-76.2575,42.5215,4739.64,111.44,491.436,United States
89621a,UAE547  ,United Arab Emirates,73.4989,16.3987,9753.6,297.29,912.7800000000001,United Arab Emirates
ab6316,SWA204  ,United States,-90.4865,34.8805,10972.8,288.43,708.624,United States
4baac7,THY8ZX  ,Turkey,10.6576,52.1815,6233.16,121.36,733.068,Turkey
aaffcd,HER808  ,United States,-85.4798,30.8454,12192.0,280.76,754.056,United States
4baac5,THY3AR  ,Turkey,27.1414,38.6416,3566.16,4.5,613.044,Turkey
4baad4,THY1WM  ,Turkey,15.98,36.778,9723.12,242.97,708.984,Turkey
a9a153,N72BG   ,United States,-73.4835,40.8022,731.52,325.4,290.268,United States
a1633f,N189MS  ,United States,-98.4566,30.6161,10934.7,25.46,598.932,United States
c0473b,CJT2384 ,Canada,-119.0973,49.216,10066.02,87.22,917.8199999999999,Canada
4baad0,THY8RU  ,Turkey,28.7329,41.3814,4572.0,295.05,564.228,Turkey
ac46aa,N890PS  ,United States,-89.8318,40.0533,12496.8,85.07,927.5760000000001,United States
adc9b6,JBU1499 ,United States,-77.334,36.0375,10972.8,218.12,645.012,United States
aab974,EJA790  ,United States,-86.8264,36.0322,1653.54,197.34,428.76,United States
a52c4f,UAL397  ,United States,-95.2187,44.4442,7459.98,62.54,799.3439999999999,United States
151d9a,AFL431  ,Russian Federation,32.3899,39.2504,10972.8,28.95,814.86,Russian Federation
4baacc,THY1AE  ,Turkey,28.9098,41.536,1653.54,286.55,409.608,Turkey
4bb1c5,THY8NJ  ,Turkey,5.9598,46.0895,3032.76,143.83,486.36,Turkey
7105ac,SVA126  ,Saudi Arabia,15.1959,42.9913,10668.0,136.52,936.684,Saudi Arabia
4baacb,THY1PH  ,Turkey,7.4747,47.6121,2232.66,3.43,463.824,Turkey
aa692a,,United States,-83.5762,34.4652,815.34,84.25,240.12,United States
ac33a3,SWA1629 ,United States,-111.9708,40.5616,2415.54,355.05,386.64000000000004,United States
484561,KLM843  ,Kingdom of the Netherlands,23.8523,46.7177,10058.4,126.29,985.6800000000001,Kingdom of the Netherlands
a47fd9,UAL935  ,United States,-20.8487,63.2093,10972.8,298.09,900.612,United States
4baad9,THY97U  ,Turkey,9.9008,53.5878,1112.52,231.45,291.276,Turkey
a28336,FDX252  ,United States,-85.7403,33.018,11590.02,304.13,736.092,United States
aca9c2,N915FG  ,United States,-77.6578,25.3731,11658.6,105.96,936.1440000000001,United States
a1c64e,SKW5927 ,United States,-116.405,43.515,2887.98,289.29,431.676,United States
abbf49,SCX382  ,United States,-84.145,32.2683,10972.8,332.17,785.376,United States
aaffed,DAL687  ,United States,-81.9386,32.0544,10668.0,30.11,963.432,United States
151d97,AFL1487 ,Russian Federation,37.4065,55.9811,1028.7,53.97,100.764,Russian Federation
a2f965,N291CB  ,United States,-117.4549,33.9672,502.92,272.36,179.784,United States
a28f80,SKW4449 ,United States,-105.1476,38.3435,6339.84,94.71,789.768,United States
a3ff9d,N357JG  ,United States,-110.1784,32.9241,11277.6,107.79,836.352,United States
4892c8,ENT8GT  ,Poland,-0.2596,39.5246,10972.8,44.63,814.572,Poland
a220a6,N236VA  ,United States,-88.2721,43.1128,807.72,163.07,222.62400000000002,United States
39320c,NAK301L ,France,4.4717,46.4991,2400.3,230.25,257.76,France
a5dcc4,N477T   ,United States,-107.3739,32.2824,2484.12,268.29,248.292,United States
48455d,KLM41L  ,Kingdom of the Netherlands,12.0853,42.9436,5181.6,166.39,661.212,Kingdom of the Netherlands
ace605,N930DS  ,United States,-94.4559,31.9895,6096.0,279.72,471.63599999999997,United States
ab6339,SWA1735 ,United States,-96.7356,25.4819,11277.6,128.4,888.552,United States
ad4cb0,N956TX  ,United States,-95.2006,29.7938,1569.72,203.96,218.88,United States
484559,KLM80Z  ,Kingdom of the Netherlands,0.4747,48.3731,10972.8,38.42,983.412,Kingdom of the Netherlands
484558,KLM1856 ,Kingdom of the Netherlands,4.7568,52.5138,982.98,182.92,291.132,Kingdom of the Netherlands
a83174,NKS3006 ,United States,-78.5102,30.4637,10675.62,7.84,1045.044,United States
a5d194,N474SP  ,United States,-96.5281,32.8335,533.4,187.05,181.008,United States
402a5f,GBOAH   ,United Kingdom,-3.3867,56.4595,518.16,43.1,197.856,United Kingdom
a27072,N2562M  ,United States,-78.9518,36.1481,3413.76,180.0,203.72400000000002,United States
ad5fe7,ASA1364 ,United States,-120.1813,40.2426,10668.0,166.87,848.16,United States
c07b8c,WJA2679 ,Canada,-81.6285,37.2675,10972.8,317.51,838.908,Canada
484557,KLM78E  ,Kingdom of the Netherlands,3.9356,53.2244,5242.56,136.71,659.0160000000001,Kingdom of the Netherlands
a9a132,FLC72   ,United States,-117.0899,32.9061,563.88,7.33,319.284,United States
a3b6b2,N3386A  ,United States,-83.4765,38.9292,12192.0,188.53,861.444,United States
a70a9c,N553AM  ,United States,-82.3068,28.7923,4137.66,154.61,444.852,United States
a6ea8b,N545AM  ,United States,-83.8678,40.3,1325.88,95.51,212.11200000000002,United States
78105e,CHH7926 ,China,-124.6812,40.9147,10972.8,328.67,886.788,China
a3c9e2,EJA343  ,United States,-97.1891,37.7928,701.04,240.64,203.976,United States
896210,UAE110  ,United Arab Emirates,34.6837,34.4916,7620.0,91.98,909.864,United Arab Emirates
a3904c,FFT4639 ,United States,-81.999,41.3738,1897.38,261.84,456.516,United States
a39c8c,N33149  ,United States,-85.5552,42.689,1089.66,278.05,185.184,United States
aaecd7,,United States,-111.808,33.2524,640.08,47.05,146.77200000000002,United States
a8daee,N67RZ   ,United States,-85.7883,32.1126,5128.26,145.88,478.72799999999995,United States
aaf3af,CXK137  ,United States,-86.4446,35.8701,1059.18,182.06,205.704,United States
345699,VOE2177 ,Spain,-9.2693,38.7686,3642.36,34.55,685.8000000000001,Spain
ac2cca,N884B   ,United States,-83.9154,32.5926,12192.0,347.8,744.66,United States
a3ff2e,CXK557  ,United States,-111.9543,40.1009,1607.82,180.64,166.68,United States
ace60c,DAL644  ,United States,-80.3748,26.9549,7498.08,339.62,845.568,United States
ac33c4,SWA1262 ,United States,-87.2318,30.907,11582.4,279.63,741.9960000000001,United States
a7116f,,United States,-71.7329,41.4406,1097.28,65.5,160.77599999999998,United States
89620b,UAE6U   ,United Arab Emirates,73.847,28.555,9753.6,267.6,750.708,United Arab Emirates
345691,IBE09AG ,Spain,-1.736,42.6826,10668.0,206.57,741.276,Spain
abc651,DAL767  ,United States,-88.9381,39.8286,11582.4,264.97,823.6080000000001,United States
485874,KLM86N  ,Kingdom of the Netherlands,-2.8654,51.378,1470.66,269.2,400.068,Kingdom of the Netherlands
ace621,SKW4740 ,United States,-87.8509,42.0926,2118.36,90.0,509.29200000000003,United States
ab5c69,DAL1308 ,United States,-80.0705,26.5903,1325.88,92.39,489.348,United States
a3ff44,N357ET  ,United States,-93.4943,29.9884,7620.0,74.79,571.932,United States
a8e1f6,DAL1658 ,United States,-82.7097,32.1081,10058.4,319.21,802.296,United States
89620c,UAE4P   ,United Arab Emirates,55.841,23.9349,8534.4,5.52,904.284,United Arab Emirates
e49ba5,PSLLV   ,Brazil,-53.6809,-24.1427,5387.34,165.28,561.06,Brazil
ac20a1,SWA2252 ,United States,-106.379,38.1879,10355.58,275.71,725.868,United States
7380c1,ELY007  ,Israel,-27.528,63.0692,11269.98,267.87,896.976,Israel
7380c0,ELY316  ,Israel,27.9822,36.4265,11887.2,136.91,1019.412,Israel
ab00ab,TCN808  ,United States,-91.0785,39.1542,12496.8,48.64,762.408,United States
ac832e,EJA905  ,United States,-121.3112,44.9418,12496.8,168.5,863.712,United States
aa8a8a,TAI526  ,United States,-102.1069,27.8362,10363.2,327.11,811.6560000000001,United States
7380c5,ELY018  ,Israel,-78.1408,27.9559,8671.56,25.53,1147.284,Israel
abac50,DAL958  ,United States,-114.4969,34.7543,11887.2,58.16,874.1880000000001,United States
a1638a,EJA189  ,United States,-79.6239,27.9721,6141.72,193.57,607.752,United States
ac8f7d,TGRIQ   ,United States,-90.6443,14.4468,1211.58,32.35,131.544,United States
7380c7,ELY317  ,Israel,18.6457,42.7986,11582.4,304.77,818.388,Israel
a9b43f,AAL2881 ,United States,-74.9487,40.5504,3185.16,111.19,671.364,United States
c81a5a,ANZ208L ,New Zealand,174.861,-38.5191,7010.4,16.12,420.264,New Zealand
ab501a,N828RR  ,United States,-85.4856,38.0994,1889.76,128.66,260.892,United States
a4000f,DAL2147 ,United States,-75.2104,39.5966,10668.0,43.32,1028.448,United States
ad1986,AAL1023 ,United States,-107.9095,36.2189,10530.84,55.46,865.5840000000001,United States
ac7c52,SWA2710 ,United States,-111.7394,35.4506,7924.8,273.1,856.8720000000001,United States
a2837c,,United States,-89.4398,37.7295,861.06,261.53,176.00400000000002,United States
4785bf,WIF9FN  ,Norway,9.4611,62.6312,7315.2,223.41,520.092,Norway
ae1f61,R72082  ,United States,-85.7895,31.1168,2910.84,219.29,131.616,United States
ad9003,AAL2131 ,United States,-98.5759,37.9944,10363.2,246.78,765.7560000000001,United States
781093,CXA829  ,China,143.9836,35.1601,10660.38,80.68,1120.428,China
a9b445,N724VB  ,United States,-94.5912,29.6954,2948.94,85.71,644.436,United States
a78605,DAL2238 ,United States,-98.5393,42.2368,10363.2,236.42,793.5840000000001,United States
4785be,WIF4DB  ,Norway,14.1993,67.2727,495.3,173.04,244.404,Norway
abac48,AAL891  ,United States,-78.0117,35.1395,10363.2,217.89,645.336,United States
4785bd,WIF592  ,Norway,5.6932,60.1883,4998.72,353.16,512.964,Norway
ac700e,N900KA  ,United States,-123.3564,48.3834,76.2,121.09,147.06,United States
a95d96,SKW6506 ,United States,-96.6697,40.6665,10972.8,261.04,689.94,United States
a3ec31,N35191  ,United States,-96.6552,30.2455,1882.14,263.48,195.732,United States
a9c77d,N7291G  ,United States,-82.9832,38.852,3002.28,143.04,234.108,United States
a9a120,N7199S  ,United States,-120.639,35.7093,1912.62,336.39,337.536,United States
aae0c2,N80NT   ,United States,-118.285,34.2595,731.52,305.19,176.76000000000002,United States
ab00d6,DAL927  ,United States,-109.7006,37.4525,11887.2,84.58,959.9399999999999,United States
151d52,UTA351  ,Russian Federation,37.0288,55.6149,1981.2,8.06,448.92,Russian Federation
ad5fef,DAL1359 ,United States,-84.4914,33.632,845.82,270.88,363.024,United States
aaa68a,SWA493  ,United States,-117.1626,32.727,76.2,286.29,250.84800000000004,United States
ad66e9,N9627H  ,United States,-121.693,37.2383,1036.32,136.55,145.404,United States
ac7c67,EDV4713 ,United States,-75.9402,44.7145,9974.58,69.6,887.184,United States
a04ecf,JENA324 ,United States,-90.747,29.0642,11582.4,227.66,846.9,United States
aaf477,N805AG  ,United States,-77.4981,32.4108,12496.8,172.73,746.784,United States
a188e0,N19840  ,United States,-98.5231,30.456,1889.76,290.82,140.688,United States
a34e01,JBU1585 ,United States,-70.7294,42.2133,3535.68,193.5,483.768,United States
e49c59,TAM3161 ,Brazil,-48.0991,-26.4592,11894.82,37.89,856.512,Brazil
a28eb7,JSX312  ,United States,-117.8647,33.6822,-7.62,207.82,226.15200000000002,United States
a04ee5,N119NY  ,United States,-73.8354,41.1336,464.82,0.46,231.51600000000002,United States
adfdd1,WING14  ,United States,-77.5168,35.0086,3124.2,203.51,357.48,United States
4ca9aa,RYR72RR ,Ireland,17.264,50.2144,9281.16,271.7,809.676,Ireland
ad5460,SWA2169 ,United States,-117.7402,47.576,10363.2,278.22,673.6320000000001,United States
ad4114,N953PC  ,United States,-118.8843,35.6059,9456.42,171.0,757.548,United States
ac81c6,ASI985  ,United States,-112.3016,33.692,1135.38,176.5,181.83599999999998,United States
aa437c,,United States,-81.8189,26.6866,937.26,57.23,191.628,United States
ae6d53,VV4E010 ,United States,-87.2612,30.4333,1386.84,73.46,195.12,United States
440bcb,BCS225P ,Austria,0.0902,46.7041,11582.4,20.1,905.22,Austria
a6a358,NJM527  ,United States,-86.1936,42.3361,12115.8,189.42,769.6800000000001,United States
a7bc58,JIA5447 ,United States,-96.6753,32.8419,3596.64,61.23,646.488,United States
a76c79,DAL482  ,United States,-100.9193,33.9534,10058.4,116.03,966.6,United States
ab1496,AAL2190 ,United States,-106.8666,37.4302,10668.0,55.74,878.4,United States
c07b3f,,Canada,-70.2411,47.4774,3855.72,223.64,440.136,Canada
acdde1,N928WL  ,United States,-86.137,41.657,3977.64,65.56,268.524,United States
ab5afe,SWA1164 ,United States,-121.9472,37.6388,6477.0,26.12,740.484,United States
ad04f3,N938SB  ,United States,-81.3266,28.4085,114.3,0.0,222.22799999999998,United States
4ca9d4,RYR34GY ,Ireland,16.3704,47.9405,11887.2,115.86,878.832,Ireland
a6b680,N5310D  ,United States,-95.9018,30.0807,487.68,111.35,172.98,United States
a6a354,JIA5039 ,United States,-78.0677,39.6026,7162.8,291.51,676.836,United States
a9accd,AAL2901 ,United States,-65.7638,18.0019,11277.6,122.1,867.888,United States
4ca9d0,RYR86FT ,Ireland,0.2941,51.9245,495.3,223.03,227.988,Ireland
4785c0,WIF5H   ,Norway,11.9842,64.5659,7627.62,14.51,598.788,Norway
ac3477,DAL649  ,United States,-102.4242,36.2168,10668.0,121.99,989.208,United States
a88c55,FFL693  ,United States,-81.7405,33.8494,6096.0,352.7,539.6039999999999,United States
aaf47c,N805AM  ,United States,-97.4589,37.6638,662.94,17.96,210.24,United States
aaf47d,AAL982  ,United States,-70.4691,-2.1443,12184.38,343.7,910.728,United States
adfdc1,E37314  ,United States,-109.2411,37.1496,6370.32,113.2,634.6800000000001,United States
ac81d3,TAI562  ,United States,-113.0425,31.3733,11582.4,300.5,868.392,United States
345642,VLG25SB ,Spain,0.402,48.776,10668.0,168.0,721.368,Spain
a8d00a,WUP667  ,United States,-77.5091,38.9276,906.78,235.08,359.136,United States
c8216e,ANZ401  ,New Zealand,174.811,-41.2675,396.24,182.75,231.768,New Zealand
ad4d5a,N9560S  ,United States,-98.0942,29.652,1112.52,164.83,226.44,United States
0d0c93,VIV1323 ,Mexico,-99.2322,19.4021,3147.06,170.92,410.72400000000005,Mexico
505c06,SSG002  ,Slovakia,2.5509,53.0962,10972.8,286.74,732.96,Slovakia
a6f0e3,N5462Q  ,United States,-121.2888,44.0846,1280.16,191.08,183.06,United States
aada6f,STT305  ,United States,-157.9628,21.2112,487.68,3.67,347.04,United States
a9d9f2,ASA781  ,United States,-114.4854,32.8148,10363.2,287.73,906.0840000000001,United States
a9034c,AAL2221 ,United States,-79.0599,36.0442,7117.08,259.74,592.8480000000001,United States
adfddd,SUMIT16 ,United States,-114.5071,33.0008,2499.36,276.13,381.852,United States
344305,IBE03VP ,Spain,-96.5534,33.2899,2811.78,251.37,504.252,Spain
ad5480,AAL2854 ,United States,-119.0139,46.6263,9456.42,132.53,942.4440000000001,United States
aa568e,UAL1189 ,United States,-118.9747,34.0457,11277.6,130.71,735.408,United States
505c09,SSG04A  ,Slovakia,20.8734,44.5375,10363.2,325.25,779.868,Slovakia
ac1a72,SWA1506 ,United States,-103.1613,39.9487,8763.0,81.66,868.5,United States
ae11c0,BALL38  ,United States,-97.8565,36.3479,1508.76,342.26,437.50800000000004,United States
a10e29,UAL1376 ,United States,-77.9173,41.5057,10058.4,102.8,894.528,United States
a96ffe,EJA707  ,United States,-98.8041,38.2913,13708.38,73.14,913.392,United States
a9acb8,DAL786  ,United States,-98.9694,45.951,11887.2,106.57,973.872,United States
a8f650,N677GA  ,United States,-71.1441,41.4573,13106.4,235.22,782.424,United States
a10e21,UAL1636 ,United States,-114.6737,34.1043,7688.58,250.23,777.384,United States
3c4a02,DLH444  ,Germany,-80.4091,44.1125,11574.78,205.69,922.752,Germany
ac2173,SWA869  ,United States,-110.0624,32.8873,10972.8,284.53,826.524,United States
3c4a01,DLH408  ,Germany,-76.6378,42.7065,12192.0,194.31,839.052,Germany
aa5690,UAL3021 ,United States,-108.2964,42.7357,11582.4,309.15,706.8960000000001,United States
ad413b,EJA953  ,United States,-76.5529,36.5332,12192.0,205.31,645.336,United States
852a68,ANA182  ,Japan,-158.8149,21.529,3406.14,100.87,618.552,Japan
a8dc45,FFT4212 ,United States,-90.0846,32.0341,11269.98,73.64,874.368,United States
89627b,ETD645  ,United Arab Emirates,51.2741,26.4548,2781.3,269.15,626.0400000000001,United Arab Emirates
a6af5b,WMU47   ,United States,-85.0317,42.2176,998.22,229.93,258.94800000000004,United States
a65f7e,N51ED   ,United States,-111.8908,33.2538,1463.04,54.97,241.992,United States
4bb325,THY4LE  ,Turkey,15.2475,35.916,10058.4,218.61,718.1640000000001,Turkey
4bb324,THY1XY  ,Turkey,20.9594,44.012,10972.8,294.42,730.1880000000001,Turkey
a8a6c0,PDT6082 ,United States,-84.0208,33.6487,10363.2,233.19,754.1279999999999,United States
a856d1,N6363K  ,United States,-85.1372,34.1117,1051.56,183.01,211.428,United States
a34e51,N312AT  ,United States,-98.5406,29.4259,906.78,353.37,369.144,United States
a1bede,N211SW  ,United States,-112.0267,33.1961,1104.9,315.0,117.864,United States
345619,GES271S ,Spain,-0.5353,41.9465,13716.0,287.0,912.1320000000001,Spain
a0b8fb,AAL2458 ,United States,-88.9796,31.3024,9753.6,270.56,751.932,United States
a1c5d3,CBN213N ,United States,-88.9628,37.8535,861.06,18.61,191.52,United States
a6af71,N53PZ   ,United States,-120.9332,38.6983,5265.42,42.63,601.5960000000001,United States
345614,VLG6FX  ,Spain,-3.6508,39.6545,10965.18,49.53,861.768,Spain
accafa,N923TB  ,United States,-97.5681,38.8302,11704.32,271.14,466.81199999999995,United States
a7d630,AAL2977 ,United States,-108.0033,36.425,10668.0,54.09,887.22,United States
a318ea,SWA1283 ,United States,-86.2961,36.3254,3528.06,239.31,587.916,United States
ac1a95,SWA4935 ,United States,-97.7451,32.9944,7063.74,294.59,672.0840000000001,United States
a425a0,N3665C  ,United States,-95.2838,44.7276,1424.94,249.62,207.432,United States
781c2d,CSC3886 ,China,118.4301,14.1294,11582.4,333.24,950.004,China
a0f566,AAL2169 ,United States,-81.7767,35.4727,5295.9,113.9,676.5840000000001,United States
781c40,CSS6801 ,China,113.3986,23.8317,8107.68,2.46,861.984,China
a5468e,SWA4959 ,United States,-85.2361,36.8316,6705.6,238.81,790.236,United States
ae11bd,JINX31  ,United States,-98.2665,29.4353,762.0,147.72,332.964,United States
a5dcde,UAL1335 ,United States,-92.0026,40.3885,10058.4,67.24,799.3439999999999,United States
a736e5,N564MM  ,United States,-121.8232,37.3357,7.62,322.98,141.48,United States
a3ec93,DAL2465 ,United States,-78.4982,29.9889,11277.6,5.77,1012.608,United States
c07b09,ACA574  ,Canada,-120.0589,48.2681,10416.54,116.83,898.6320000000001,Canada
a78657,SCU15   ,United States,-96.334,36.0639,1226.82,178.68,161.17200000000003,United States
781c44,LHA4115 ,China,134.2937,34.3326,3063.24,57.63,581.076,China
adfded,,United States,-74.5342,39.4422,274.32,159.66,351.576,United States
aa698b,N770FG  ,United States,-111.2426,33.6776,11277.6,68.31,876.96,United States
a305aa,EDV5450 ,United States,-83.3822,31.0208,7315.2,159.69,768.204,United States
a175ee,DRL19   ,United States,-95.3774,30.3096,259.08,320.55,230.256,United States
ae6d86,        ,United States,-101.9102,33.7207,1531.62,6.27,339.084,United States
89625c,ETD2LP  ,United Arab Emirates,56.5259,23.6385,8618.22,117.8,925.344,United Arab Emirates
a91616,DAL1889 ,United States,-78.6661,27.6562,11887.2,124.75,861.012,United States
a8f607,LYM5411 ,United States,-98.5748,33.1634,9052.56,290.97,569.2320000000001,United States
4ca9e7,NOS402  ,Ireland,-88.5626,35.2019,12184.38,193.07,1015.2719999999999,Ireland
a976a5,GTI3012 ,United States,-87.6511,28.8239,11582.4,301.27,767.052,United States
a0db14,N154WW  ,United States,-78.6925,33.8717,5943.6,210.58,141.984,United States
a89f80,EDV4953 ,United States,-85.4705,33.6971,6705.6,269.21,668.6279999999999,United States
a89f81,N655CB  ,United States,-83.2898,30.1371,3032.76,323.79,257.076,United States
781008,CCA866  ,China,10.4352,49.6047,10965.18,43.57,892.08,China
a5e3e4,EDV5487 ,United States,-76.0829,43.0345,1783.08,131.79,491.868,United States
a175d3,N1931H  ,United States,-112.2537,40.7866,1546.86,139.27,175.96800000000002,United States
a76028,UAL1896 ,United States,-120.462,35.8666,9448.8,137.67,814.14,United States
78232f,YZR7906 ,China,80.4355,48.0234,10088.88,124.17,1038.636,China
a7d655,VNT60   ,United States,-79.6279,36.4318,10972.8,216.22,746.028,United States
a16ece,N1914H  ,United States,-97.4338,32.776,853.44,239.5,156.924,United States
aa3c2b,N759HD  ,United States,-80.8735,35.8633,845.82,232.21,208.548,United States
aa5657,RPA3444 ,United States,-80.1687,43.7391,4335.78,266.49,604.8720000000001,United States
a16ee0,UAL2679 ,United States,-97.8305,38.0439,10363.2,251.91,781.272,United States
a6667d,N511PT  ,United States,-80.4176,25.627,304.8,50.11,161.71200000000002,United States
a7c322,N6FZ    ,United States,-93.7386,36.4088,6705.6,293.48,399.78,United States
a03bcd,RPA4606 ,United States,-77.3233,37.9902,4564.38,13.82,728.568,United States
ac218f,N881AC  ,United States,-112.3839,33.4148,396.24,220.82,161.496,United States
a042c8,N116D   ,United States,-84.0425,43.7325,1859.28,339.06,228.02400000000003,United States
a4008c,N357TW  ,United States,-90.1696,42.0015,5059.68,77.36,719.352,United States
0d0c68,XBKGX   ,Mexico,-100.2458,25.8686,358.14,301.76,45.75600000000001,Mexico
aa4322,SKW5010 ,United States,-87.4165,41.9874,2118.36,267.02,498.852,United States
a09239,RPA4378 ,United States,-77.3042,36.7365,5394.96,230.14,497.016,United States
a5e3f8,EJA479  ,United States,-81.8888,30.9132,8846.82,337.03,806.616,United States
a6c991,N53630  ,United States,-122.2645,48.5296,975.36,20.85,166.464,United States
aa19fb,N75ZM   ,United States,-82.104,35.172,3383.28,33.88,312.3,United States
4bb321,THY3YB  ,Turkey,6.9562,48.7288,8290.56,152.2,770.436,Turkey
a89f62,AAL2034 ,United States,-87.3554,31.4695,10050.78,50.1,840.1320000000001,United States
e49035,PRBPT   ,Brazil,-92.7487,33.9879,13106.4,303.24,783.864,Brazil
a83cbc,N63PV   ,United States,-77.7994,38.0278,960.12,263.07,276.12,United States
a042d5,DAL677  ,United States,-92.1509,35.6439,10058.4,111.26,975.708,United States
a736ff,JIA5542 ,United States,-93.992,36.2121,3185.16,91.34,631.692,United States
a5e3de,N479PR  ,United States,-73.811,41.103,1417.32,281.74,436.932,United States
a64c89,N505AF  ,United States,-112.1604,33.8533,1318.26,149.53,182.628,United States
a7c6d5,N60VV   ,United States,-88.4187,30.554,2491.74,91.17,544.6080000000001,United States
a70f80,JIA5126 ,United States,-82.8784,34.0308,8839.2,57.07,889.2,United States
c08887,WJA2261 ,Canada,-99.6449,35.8524,11582.4,324.72,682.92,Canada
3451da,ANE19SN ,Spain,-3.9328,39.3865,9144.0,332.08,802.8000000000001,Spain
a5cf89,N47367  ,United States,-112.8001,33.4445,1303.02,354.35,169.344,United States
e47e71,PRSAD   ,Brazil,-46.9663,-23.4841,2743.2,122.98,540.9,Brazil
c07551,NOJ30   ,Canada,-71.5474,45.1414,12489.18,92.48,939.852,Canada
a5734d,N450NE  ,United States,-106.5209,37.6691,9448.8,12.61,576.936,United States
aa8477,EJA777  ,United States,-111.5212,36.7523,13106.4,245.61,852.048,United States
4841ad,KLM862  ,Kingdom of the Netherlands,3.3696,54.6841,10363.2,174.59,745.992,Kingdom of the Netherlands
a5cf82,UAL2440 ,United States,-74.4656,40.9561,1653.54,58.32,511.416,United States
a0709e,N1274G  ,United States,-96.4109,32.806,4328.16,272.42,263.232,United States
ac5ab7,SWA2389 ,United States,-93.9837,39.5912,3627.12,244.92,607.3199999999999,United States
a02e0a,AAL2303 ,United States,-105.8909,35.3432,10668.0,68.74,904.176,United States
4079f6,BAW815C ,United Kingdom,7.726,53.8111,11574.78,236.35,705.24,United Kingdom
4079f7,BAW938  ,United Kingdom,1.0208,51.1785,7505.7,94.06,785.376,United Kingdom
a260ed,SWA843  ,United States,-77.0142,39.2212,4411.98,271.15,553.86,United States
acbdd0,N92WL   ,United States,-96.8261,37.2334,3025.14,311.73,481.392,United States
a8496e,FFT2564 ,United States,-110.4564,34.2984,10668.0,86.32,894.492,United States
4841c3,MPH6141 ,Kingdom of the Netherlands,-79.7235,25.3914,3253.74,316.83,533.268,Kingdom of the Netherlands
4601f6,FIN394  ,Finland,23.5549,62.28,5798.82,172.49,552.924,Finland
4601f5,FIN8PK  ,Finland,25.1445,60.6011,4351.02,44.27,413.856,Finland
4841c4,MPH9441 ,Kingdom of the Netherlands,25.5765,38.522,11277.6,135.98,991.4760000000001,Kingdom of the Netherlands
3451cf,AEA122  ,Spain,-55.7252,-19.6247,11879.58,26.08,977.364,Spain
4601f9,FIN455  ,Finland,24.9085,60.3165,304.8,242.51,204.588,Finland
4601f8,FIN5EM  ,Finland,27.1629,63.502,6096.0,199.79,421.2,Finland
e49889,GLO2047 ,Brazil,-47.0657,-22.8312,6438.9,203.42,694.296,Brazil
4601f7,FIN519  ,Finland,24.783,65.2124,6096.0,1.95,542.952,Finland
a3d0ce,N345KM  ,United States,-99.9338,26.0582,12504.42,56.55,856.764,United States
ac0d76,N876JP  ,United States,-74.3858,4.8783,4175.76,113.44,470.304,United States
a6f643,GJS4453 ,United States,-86.6567,41.5915,4114.8,303.35,603.036,United States
440a8c,TAY1563 ,Austria,-74.3398,36.9294,11277.6,89.07,1031.6879999999999,Austria
ac74dd,N901WF  ,United States,-121.8947,37.3341,167.64,317.69,222.876,United States
3451d9,ANE97CX ,Spain,-1.3279,43.5491,10668.0,198.58,715.068,Spain
3451d3,VLG6LA  ,Spain,5.4745,50.4765,11277.6,40.58,899.748,Spain
a380e9,CNS402  ,United States,-81.5871,26.034,906.78,238.35,317.62800000000004,United States
a44031,DAL1151 ,United States,-84.5893,34.1235,4907.28,358.57,668.772,United States
aacd83,N7954G  ,United States,-121.3419,38.881,160.02,342.22,103.068,United States
a523fb,N430JW  ,United States,-88.3301,41.5776,1356.36,346.22,101.052,United States
ac6dec,N90MF   ,United States,-94.1674,35.3335,1447.8,85.03,256.536,United States
a8dfb3,N671CT  ,United States,-97.7381,31.067,510.54,59.57,171.828,United States
a403df,AAL1021 ,United States,-87.7549,42.0916,2095.5,90.21,496.33200000000005,United States
8962d0,ABY119  ,United Arab Emirates,55.9547,25.2828,1645.92,295.96,389.30400000000003,United Arab Emirates
a6a6fe,DAL188  ,United States,-122.013,55.0101,11887.2,97.88,1039.536,United States
a56050,UAL660  ,United States,-107.4455,35.455,9753.6,241.57,840.276,United States
acaaad,EJA915  ,United States,-86.1393,33.7164,7315.2,266.03,696.168,United States
a393ec,N33ET   ,United States,-96.6679,33.8276,777.24,184.62,183.96,United States
a896ed,N6523D  ,United States,-119.1392,34.2499,365.76,152.21,154.90800000000002,United States
4867eb,TRA17H  ,Kingdom of the Netherlands,-2.4939,41.5118,11285.22,189.35,775.1880000000001,Kingdom of the Netherlands
4bab2e,THY354  ,Turkey,47.093,40.9494,10058.4,76.08,877.6800000000001,Turkey
ac61bc,SWA4274 ,United States,-117.9976,37.7434,10363.2,305.6,801.7560000000001,United States
a7b3c2,ASA737  ,United States,-122.3087,47.5216,693.42,359.16,377.856,United States
4bab2f,THY271  ,Turkey,29.1164,42.7337,9753.6,1.13,752.0400000000001,Turkey
4bab2c,THY1DH  ,Turkey,15.9059,37.5888,7932.42,248.28,685.764,Turkey
a7167f,JBU564  ,United States,-81.5236,26.8589,7307.58,308.66,628.488,United States
a3202e,N300JV  ,United States,-111.8988,33.6217,678.18,47.44,123.228,United States
a3d0f5,N345MA  ,United States,-89.8784,30.2296,3444.24,57.58,601.1279999999999,United States
a7acd6,LXJ594  ,United States,-70.9561,43.0589,1394.46,323.39,412.992,United States
4079d0,CFE8724 ,United Kingdom,-3.9201,55.6818,2400.3,329.36,501.516,United Kingdom
aacd96,UAL1235 ,United States,-103.915,40.1767,5783.58,245.66,597.6,United States
a69f9d,JIA5188 ,United States,-80.5378,27.8248,9753.6,161.71,713.916,United States
ae04d8,KLIPR30 ,United States,-118.8024,33.0855,10911.84,227.66,874.404,United States
4079d3,CFE37E  ,United Kingdom,-1.9636,52.9044,7315.2,305.6,801.7560000000001,United Kingdom
ad1a1d,WUP943  ,United States,-85.1424,42.043,12504.42,95.82,930.816,United States
aa843e,N777NK  ,United States,-97.482,31.5085,2209.8,171.95,357.264,United States
020112,RAM724A ,Morocco,7.0905,48.3001,2453.64,73.08,598.176,Morocco
020111,RAM1402 ,Morocco,-6.4488,33.7987,8206.74,74.71,863.964,Morocco
4bab55,TKJ28Q  ,Turkey,27.8605,41.3728,10027.92,83.84,759.9960000000001,Turkey
a0c075,AAL2954 ,United States,-77.9111,38.1351,8877.3,57.87,1016.8920000000002,United States
4bab52,TKJ25G  ,Turkey,40.0852,39.9529,10782.3,269.44,753.804,Turkey
a45f94,LXJ381  ,United States,-80.3039,26.6337,2430.78,112.06,527.544,United States
ae04aa,LOST13  ,United States,-112.0494,37.7516,10668.0,57.98,792.9,United States
a56c9f,LXJ449  ,United States,-86.2223,30.8164,13106.4,271.48,716.976,United States
abda54,DAL1759 ,United States,-80.5416,14.5779,8839.2,170.52,854.316,United States
a81001,UAL1071 ,United States,-105.9121,37.527,10058.4,69.05,906.3000000000001,United States
aa7115,N772GK  ,United States,-104.4632,40.2997,2247.9,141.58,274.212,United States
a9561e,N700S   ,United States,-75.4682,39.9376,3741.42,35.43,575.028,United States
aa1ab8,N750H   ,United States,-83.3498,32.4582,1211.58,217.95,352.296,United States
a95630,N700ST  ,United States,-82.3362,35.3944,2484.12,292.62,264.852,United States
c00bdc,CFEMT   ,Canada,-88.8358,36.0547,13106.4,233.48,852.66,Canada
a87cbb,NKS1283 ,United States,-81.4857,29.1298,11285.22,343.8,902.592,United States
ac5ada,SWA1880 ,United States,-96.8434,33.2514,1127.76,178.68,481.644,United States
4ca8ff,ITY325  ,Ireland,4.283,46.8583,11894.82,125.88,834.264,Ireland
a70355,N551CA  ,United States,-80.4696,25.1131,7391.4,192.59,603.432,United States
7c5c68,QFA7413 ,Australia,140.3102,-34.6946,7970.52,253.27,591.768,Australia
a7bff0,N599MG  ,United States,-103.9557,39.2368,3048.0,315.27,278.928,United States
a3a990,DAL2983 ,United States,-79.3704,39.2579,8176.26,95.98,836.1,United States
a4c96c,JBU2633 ,United States,-107.7118,39.7869,10972.8,256.93,695.8800000000001,United States
aa974f,SWA2722 ,United States,-118.0688,33.8355,9685.02,150.09,739.224,United States
a5cf41,UAL2744 ,United States,-80.1606,25.6395,1699.26,119.01,446.83200000000005,United States
a105b0,N165QS  ,United States,-86.7675,20.543,13716.0,206.93,776.916,United States
a13b10,PJC17   ,United States,-80.5055,35.9026,11986.26,7.75,824.2560000000001,United States
738285,ISR723  ,Israel,24.564,40.4796,10972.8,318.11,748.8720000000001,Israel
4bb295,TKJ9GA  ,Turkey,13.7499,50.3791,10668.0,125.25,888.9480000000001,Turkey
a7bfa4,XFL632  ,United States,-95.0732,40.7218,13106.4,266.69,769.86,United States
adddda,DAL1704 ,United States,-91.6143,39.7175,8229.6,133.87,865.8000000000001,United States
738286,ISR725  ,Israel,21.2056,46.5419,9753.6,312.81,754.8480000000001,Israel
46b434,FOE7806 ,Greece,13.4883,45.3176,10058.4,87.96,833.94,Greece
4bb294,TKJ61K  ,Turkey,40.8989,41.1927,144.78,251.16,246.564,Turkey
a5d623,UAL1679 ,United States,-118.4164,38.4449,10668.0,84.7,881.6039999999999,United States
ae04f1,PAT081  ,United States,-80.0962,33.4647,5791.2,33.36,623.0880000000001,United States
4bb292,THY60N  ,Turkey,13.7256,56.0461,9403.08,145.56,907.2,Turkey
a08edf,N135MH  ,United States,-76.5688,38.7488,701.04,356.93,207.72000000000003,United States
a69f49,ASA133  ,United States,-122.6759,46.0877,8397.24,350.23,687.816,United States
c038cc,ACA843  ,Canada,-5.6282,56.7927,10965.18,298.86,890.244,Canada
ae04f2,DUKE60  ,United States,13.4199,51.3306,8534.4,252.32,487.908,United States
c01ec6,FLE2650 ,Canada,-80.0387,41.3238,11452.86,180.98,870.552,Canada
ad7ad8,N968L   ,United States,-88.0166,41.4209,883.92,115.58,192.996,United States
4bb28f,THY3TV  ,Turkey,2.4495,53.3007,9441.18,112.09,881.46,Turkey
4bb28e,THY4ZT  ,Turkey,20.3057,45.0309,10058.4,130.99,880.884,Turkey
a4b64b,RPA4700 ,United States,-82.9873,40.0485,1988.82,8.96,416.232,United States
4bb28b,THY4EM  ,Turkey,23.2709,43.3294,11277.6,114.44,895.1039999999999,Turkey
aa7d36,N775SM  ,United States,-99.8334,25.7456,3238.5,86.67,382.176,United States
a9e190,N736CJ  ,United States,-97.0976,32.6765,167.64,166.81,121.75200000000001,United States
a118f1,N17XR   ,United States,-76.1802,37.2781,13106.4,204.58,814.644,United States
39912e,OYO12   ,France,-1.5604,48.0501,731.52,279.4,283.464,France
ad1a4e,SWA448  ,United States,-87.2499,35.8622,2705.1,100.53,557.568,United States
a4405f,EJA373  ,United States,-83.9823,33.0199,7132.32,139.28,772.1640000000001,United States
ae4d64,GH60    ,United States,-117.4077,32.8149,68.58,341.05,262.368,United States
a1b81c,N21KT   ,United States,-88.1883,42.295,982.98,107.18,294.65999999999997,United States
ac5afd,SWA2552 ,United States,-98.9647,30.4231,10363.2,283.55,798.228,United States
c82836,ANZ030M ,New Zealand,174.5415,-38.6442,3642.36,45.98,383.76,New Zealand
44cdcf,BEL6HB  ,Belgium,-1.1497,47.0103,10965.18,37.77,988.704,Belgium
4614ae,FNG200  ,Finland,25.1213,60.3927,541.02,257.62,155.484,Finland
44cdcd,BEL5LN  ,Belgium,9.1635,45.75,3825.24,345.09,619.02,Belgium
c08861,POE641  ,Canada,-81.4573,43.7307,8839.2,269.42,733.428,Canada
a58672,UAL2625 ,United States,-101.1273,34.3991,10058.4,150.74,931.968,United States
a4c98f,JBU8376 ,United States,-73.3852,40.774,1066.8,279.46,439.34400000000005,United States
a5cf66,UAL1608 ,United States,-103.0315,33.1438,11277.6,119.7,953.0640000000001,United States
a82300,CXK698  ,United States,-97.0844,32.6846,304.8,343.69,158.22000000000003,United States
aa8410,N777LP  ,United States,-86.0974,39.4741,792.48,207.76,318.096,United States
4bb268,THY7NR  ,Turkey,4.8145,51.579,10058.4,114.21,867.06,Turkey
a87ca9,N646MS  ,United States,-97.3593,32.8217,182.88,174.21,128.448,United States
a238a6,ENY3904 ,United States,-96.8623,39.6432,10363.2,1.21,700.2,United States
a5d648,UAL1462 ,United States,-77.5834,27.3064,9753.6,176.93,727.02,United States
a5cf4e,N4735H  ,United States,-70.8478,42.0509,342.9,75.96,83.988,United States
a095b4,FDX254  ,United States,-90.6559,34.5767,3154.68,52.91,571.176,United States
4867c0,KLM1299 ,Kingdom of the Netherlands,6.7998,54.0955,10058.4,34.67,898.524,Kingdom of the Netherlands
c01ee6,WJA1161 ,Canada,-112.1741,43.6101,12192.0,356.82,734.508,Canada
4867c1,KLM70A  ,Kingdom of the Netherlands,12.5431,56.0472,10980.42,230.97,755.784,Kingdom of the Netherlands
adcae3,N988WU  ,United States,-85.662,38.4372,723.9,40.3,191.844,United States
c82827,PLC3    ,New Zealand,174.6925,-36.8763,464.82,71.22,97.81200000000001,New Zealand
4867c3,KLM16K  ,Kingdom of the Netherlands,2.1783,49.0325,10980.42,22.84,944.532,Kingdom of the Netherlands
4bb26f,THY576  ,Turkey,30.2458,38.1445,10066.02,160.07,874.692,Turkey
ae678b,SV      ,United States,-85.3419,31.2278,739.14,315.0,259.308,United States
43ea66,VSB07   ,United Kingdom,-2.3431,51.5398,2788.92,189.19,452.124,United Kingdom
4bb26b,THY9DQ  ,Turkey,3.3794,39.5547,10363.2,67.61,797.22,Turkey
c08851,POE791  ,Canada,-89.0063,31.9633,11582.4,202.39,899.352,Canada
4bb26a,THY2YJ  ,Turkey,30.9595,35.7588,10058.4,163.02,919.764,Turkey
a7c6a5,N60TX   ,United States,-95.3997,29.8783,137.16,263.99,106.164,United States
a5c31b,SWA241  ,United States,-90.7536,31.3556,12192.0,276.84,731.196,United States
aaba9a,UAL195  ,United States,-73.6752,71.0384,10363.2,246.51,864.288,United States
a095aa,EDV5330 ,United States,-75.3424,42.077,7620.0,117.88,792.0,United States
a919b4,N686CA  ,United States,-96.6107,32.3813,845.82,238.36,187.092,United States
4bb285,THY5RD  ,Turkey,14.7746,46.3959,10066.02,114.17,913.5,Turkey
a71648,LXJ556  ,United States,-99.1553,36.6313,13106.4,331.08,765.936,United States
a76fe9,ASA466  ,United States,-117.0111,42.2686,12192.0,338.46,746.64,United States
c08859,POE352  ,Canada,-79.5801,43.6444,525.78,316.22,246.24000000000004,Canada
020183,AOM020M ,Morocco,-1.9483,41.0041,12192.0,35.61,858.7800000000001,Morocco
a81071,N619CT  ,United States,-97.9796,29.7151,411.48,260.03,171.108,United States
aa8fae,N78RK   ,United States,-95.2711,34.8108,13716.0,127.45,807.1560000000001,United States
896401,ABY890  ,United Arab Emirates,55.8411,25.2693,4549.14,169.78,688.752,United Arab Emirates
44cdc9,BEL37L  ,Belgium,2.9891,50.4203,7033.26,32.68,902.124,Belgium
a63e00,N501DP  ,United States,-104.8409,41.7483,10050.78,102.44,739.62,United States
44cdc8,BEL8MN  ,Belgium,9.0356,52.8534,10363.2,217.72,744.5880000000001,Belgium
a68096,EJA518  ,United States,-79.975,26.2647,632.46,166.11,362.484,United States
44cdc6,BRUSAIRL,Belgium,-5.0113,50.4413,0.0,0.0,0.0,Belgium
a728a8,N560TW  ,United States,-112.1049,35.6165,8595.36,354.03,765.3240000000001,United States
020175,MAC522  ,Morocco,-1.5756,37.8728,10980.42,43.72,822.6,Morocco
a37b0c,AAL1717 ,United States,-78.7969,28.4451,10058.4,11.0,1058.4,United States
a7a0e8,N5908S  ,United States,-118.8918,34.2595,1920.24,295.93,300.67199999999997,United States
a6e38d,STY543  ,United States,-78.8674,37.6267,11887.2,20.18,923.4,United States
a2be35,EJA276  ,United States,-110.6915,40.6441,7673.34,97.32,871.992,United States
a345b9,N31NW   ,United States,-83.9743,33.6516,5364.48,46.32,340.56,United States
44cdd0,BEL3CQ  ,Belgium,11.0171,49.0009,8092.44,318.52,724.248,Belgium
a2c515,N278K   ,United States,-102.5158,37.7554,8648.7,109.18,721.5840000000001,United States
aa4934,N762CM  ,United States,-111.35,34.1987,2537.46,64.94,284.184,United States
adde95,JBU857  ,United States,-105.7488,31.7541,10965.18,277.88,783.3960000000001,United States
44cdca,BEL2ZH  ,Belgium,5.7611,52.5239,10035.54,218.15,713.556,Belgium
70c13c,OMS236  ,Oman,54.6181,24.4636,10058.4,118.08,940.3920000000002,Oman
89640a,ETD50E  ,United Arab Emirates,55.8345,23.9722,7597.14,117.62,902.916,United Arab Emirates
a2886c,SWA4416 ,United States,-85.2378,41.7101,6705.6,258.35,733.6800000000001,United States
a7f047,N610RT  ,United States,-108.3732,32.3281,12131.04,105.43,939.4920000000001,United States
a4eb00,N416G   ,United States,-112.3978,41.0012,1973.58,60.79,322.524,United States
77170e,EXV822  ,Sri Lanka,76.6411,11.2813,11277.6,146.9,851.184,Sri Lanka
a69eb3,N5256H  ,United States,-85.5096,38.4115,952.5,94.24,200.556,United States
a9f3d0,ASI651  ,United States,-112.1973,33.7175,952.5,140.42,180.216,United States
a4b5b6,SKW3222 ,United States,-117.2251,32.7423,358.14,285.38,307.33200000000005,United States
a9ecdb,N739DX  ,United States,-118.719,34.2615,1950.72,94.5,165.348,United States
a50b0e,LXJ424  ,United States,-79.3316,36.7564,11582.4,216.38,733.788,United States
a3de52,N34869  ,United States,-91.4957,30.2102,1341.12,265.8,202.428,United States
a0f8f1,UCA4822 ,United States,-89.2575,32.3591,10972.8,249.23,746.748,United States
a9f3ba,NDU740  ,United States,-111.6543,32.9001,1767.84,236.31,146.91600000000003,United States
a3e542,WSN9    ,United States,-106.8952,34.7606,3238.5,12.82,467.24399999999997,United States
c038a7,ACA342  ,Canada,-105.8951,49.4083,11879.58,92.01,1002.5640000000001,Canada
ab4db1,N8273V  ,United States,-111.7271,33.4126,1013.46,203.2,183.348,United States
c038a3,ACA189  ,Canada,-80.1175,44.447,6179.82,316.1,747.9,Canada
a64529,VAR503  ,United States,-112.4149,33.4107,548.64,32.47,193.176,United States
a0e5d7,SKW5451 ,United States,-91.2266,34.8282,7612.38,259.34,670.8960000000001,United States
a03574,AAL1789 ,United States,-92.1589,33.5949,9997.44,55.56,821.916,United States
a1421b,EJA180  ,United States,-81.2429,29.087,11887.2,339.77,953.316,United States
a14e66,N18311  ,United States,-95.5696,30.2074,640.08,47.76,217.656,United States
a082d2,N132CA  ,United States,-116.8114,32.8588,1303.02,264.81,184.104,United States
a4c8de,RPA4534 ,United States,-80.2937,35.7464,10058.4,42.94,946.116,United States
a8c0d2,QXE2121 ,United States,-112.0373,33.4289,350.52,90.0,222.22799999999998,United States
a358bd,JBU259  ,United States,-74.0462,41.0038,9197.34,231.64,656.568,United States
a77827,N580Z   ,United States,-85.3423,39.8594,7924.8,309.23,547.56,United States
a6a815,N528QS  ,United States,-86.4978,32.7325,7993.38,163.51,861.408,United States
a16883,DAL934  ,United States,-88.6114,39.757,11277.6,85.35,890.028,United States
020140,MAC375  ,Morocco,-0.2009,39.7777,11582.4,30.2,810.0,Morocco
a32bf3,AAL2285 ,United States,-112.95,34.8185,9753.6,246.0,851.4720000000001,United States
ac0d21,FDX5030 ,United States,4.1132,48.2422,5539.74,319.6,637.2,United States
c060bc,POE529  ,Canada,-82.2008,31.0463,11582.4,190.06,763.6320000000001,Canada
a6804e,N518MV  ,United States,-81.3526,32.0519,10972.8,177.06,541.512,United States
a3f800,N355GK  ,United States,-81.2522,26.5747,922.02,132.03,354.06,United States
a1559d,N1850F  ,United States,-96.5323,32.7246,320.04,185.19,204.552,United States
c060ba,POE372  ,Canada,-110.0853,48.9496,10058.4,97.06,949.8600000000001,Canada
02012c,RAM733M ,Morocco,5.2228,43.4306,236.22,139.65,274.608,Morocco
a40563,N35834  ,United States,-81.815,30.2994,2354.58,237.99,192.204,United States
e4982d,PSJMP   ,Brazil,-46.8792,-23.5244,1082.04,259.91,306.612,Brazil
0b437d,TGKEI   ,Guatemala,-90.6033,14.4778,1920.24,204.81,242.784,Guatemala
a81c79,N6211K  ,United States,-119.3577,34.371,1935.48,292.19,152.028,United States
a2d88b,DOJ119  ,United States,-97.852,35.3813,2377.44,288.15,469.692,United States
a32bf5,AAL2051 ,United States,-80.26,25.8046,121.92,267.97,261.288,United States
aa4903,AAL705  ,United States,-81.8162,39.0389,11582.4,176.95,938.4480000000001,United States
345299,AEA1684 ,Spain,-2.9003,40.7219,4274.82,298.43,610.74,Spain
aa7172,N772LC  ,United States,-104.2556,38.7835,2857.5,19.76,279.432,United States
a82f8b,N62647  ,United States,-79.501,36.082,2865.12,262.87,194.11200000000002,United States
aae73b,SCX942  ,United States,-85.3795,33.0564,11582.4,330.63,762.876,United States
345292,BCS6DP  ,Spain,-5.9527,36.3358,6385.56,13.56,702.9720000000001,Spain
4079a9,TOM5BD  ,United Kingdom,-6.2746,40.6239,10972.8,27.77,906.3000000000001,United Kingdom
e4851a,TAM4553 ,Brazil,-46.5654,-23.7591,1645.92,328.17,316.08,Brazil
4baac3,THY4PL  ,Turkey,24.6359,58.8971,11582.4,187.5,638.856,Turkey
4baac4,THY1EX  ,Turkey,26.9961,42.1732,10363.2,268.98,727.956,Turkey
abb7c7,SCA54   ,United States,-112.2811,33.8468,1592.58,175.72,198.72000000000003,United States
c060c5,POE781  ,Canada,-80.3472,35.1383,11582.4,192.36,752.6880000000001,Canada
aa21ef,SKW6471 ,United States,-110.1191,36.7327,9448.8,23.79,803.52,United States
c060c4,POE305  ,Canada,-93.4076,49.3219,10972.8,290.63,720.288,Canada
c060c7,POE302  ,Canada,-88.3261,46.9612,11887.2,98.08,922.1760000000002,Canada
c060c6,POE262  ,Canada,-89.2741,48.699,11277.6,105.72,902.34,Canada
020124,MAC471U ,Morocco,12.2354,45.4143,594.36,41.96,296.388,Morocco
020123,RAM765B ,Morocco,-5.8795,34.9433,13098.78,213.36,889.1640000000001,Morocco
a38237,EDV4901 ,United States,-76.2664,37.2633,10363.2,220.22,628.1640000000001,United States
4bb1a4,THY84U  ,Turkey,-88.0101,41.99,1158.24,319.26,334.872,Turkey
aae757,UAL2172 ,United States,-90.8618,39.5856,10668.0,50.99,841.392,United States
a32be6,EJA303  ,United States,-78.2169,30.013,12496.8,3.46,951.804,United States
a81051,N619BL  ,United States,-79.4513,35.6776,3535.68,66.84,334.368,United States
345287,MEECMMS ,Spain,-0.9042,41.6288,236.22,300.96,10.8,Spain
0b434e,TGJFC   ,Guatemala,-90.5569,14.4342,1135.38,310.91,36.75600000000001,Guatemala
a32bba,AAL255  ,United States,-100.2003,37.9164,9753.6,250.39,772.6320000000001,United States
a38e69,JBU163  ,United States,-74.5732,40.1964,6004.56,264.14,616.248,United States
a7f02d,EJA610  ,United States,-101.3648,29.7977,12496.8,129.95,847.944,United States
a37b45,UPS2941 ,United States,-86.5907,40.5192,11887.2,96.14,935.0640000000001,United States
a8d3b4,UAL981  ,United States,-86.6799,42.7639,6987.54,233.5,806.364,United States
ad3408,ASI642  ,United States,-112.197,33.6881,1341.12,322.22,187.452,United States
a3a8c0,DAL2412 ,United States,-77.2375,37.4388,10058.4,36.83,1031.94,United States
a26e90,N256J   ,United States,-118.7478,34.2141,1638.3,137.29,262.11600000000004,United States
a95665,AAL2384 ,United States,-93.9462,38.5763,10363.2,26.94,760.356,United States
aa6a76,N770QS  ,United States,-78.9468,32.5434,8404.86,291.4,735.984,United States
aa714e,N772JS  ,United States,-120.9021,40.6672,12496.8,167.39,899.532,United States
a25b66,MXY796  ,United States,-82.1693,39.2286,9685.02,339.82,789.228,United States
a14e8e,N18326  ,United States,-93.9892,32.4429,4023.36,86.09,380.556,United States
a37b1c,SKW3694 ,United States,-104.7167,39.609,2727.96,36.17,426.744,United States
a1feea,MXY855  ,United States,-73.8769,41.9723,8907.78,170.56,689.004,United States
70c124,OMA143  ,Oman,54.0148,25.2186,10965.18,309.77,819.252,Oman
70c125,OMA131  ,Oman,10.7646,49.1703,12192.0,282.03,782.028,Oman
02013f,RAM249  ,Morocco,-2.704,36.318,12489.18,221.89,893.124,Morocco
a3a8ba,DAL1190 ,United States,-79.8841,26.7176,792.48,293.01,293.76,United States
02013e,RAM230  ,Morocco,13.0871,42.0965,11269.98,60.3,968.004,Morocco
70c122,OMA824  ,Oman,72.3957,16.9304,12184.38,296.16,827.424,Oman
a7fc74,N6131X  ,United States,-97.0616,32.3229,2171.7,29.57,300.24,United States
a6e376,JIA5372 ,United States,-83.1967,34.1436,10980.42,235.18,807.624,United States
a27567,MXY122  ,United States,-82.1716,27.4627,3185.16,316.47,510.912,United States
a25b3f,ASA300  ,United States,-98.0447,38.1155,10668.0,115.42,996.552,United States
a8102a,UAL361  ,United States,-75.2656,40.1564,8145.78,232.59,673.776,United States
a345cd,N31PR   ,United States,-83.4506,32.7654,5326.38,235.16,230.148,United States
a1ebd4,N2227Z  ,United States,-117.513,33.8222,1463.04,156.55,167.544,United States
020145,MAC121  ,Morocco,4.7176,52.424,457.2,183.04,244.8,Morocco
e49830,AZU4669 ,Brazil,-42.1381,-14.4358,10972.8,199.48,832.932,Brazil
a93019,N691TC  ,United States,-85.6083,38.5042,937.26,11.42,196.488,United States
a8d3c1,WUP668  ,United States,-84.8251,35.539,11894.82,63.99,764.4960000000001,United States
ab9d5a,N8478R  ,United States,-84.9673,34.8145,1432.56,217.33,137.412,United States
8005f3,AIC314  ,India,78.5354,27.6072,9547.86,111.47,1006.9920000000001,India
781149,CSN5008 ,China,49.3373,26.8138,11277.6,67.74,982.5840000000001,China
8005f4,AIC137  ,India,16.8209,44.9726,12184.38,277.32,829.044,India
a99e46,N719JB  ,United States,-114.7706,34.2355,10622.28,254.84,849.9960000000001,United States
acab11,AAL1146 ,United States,-119.1147,38.4647,9525.0,80.81,893.0160000000001,United States
3c1459,KLM98G  ,Germany,4.6613,52.6168,678.18,143.19,330.768,Germany
e48ffb,TAM3286 ,Brazil,-46.6971,-23.7378,6118.86,242.65,665.136,Brazil
e48ffa,TAM3655 ,Brazil,-58.3393,-14.8246,10058.4,152.22,782.856,Brazil
a81bc4,UPS11   ,United States,31.6812,29.9032,9753.6,306.3,779.004,United States
780a61,CPA105  ,China,120.4782,15.3336,10058.4,151.39,928.2239999999999,China
a968f8,AAL1432 ,United States,-77.9941,36.897,8534.4,32.2,1046.16,United States
486897,KLM94R  ,Kingdom of the Netherlands,9.3378,54.7668,9745.98,226.29,758.4119999999999,Kingdom of the Netherlands
c0131f,PRO4700M,Canada,-71.4728,46.7363,701.04,45.74,201.67200000000003,Canada
486898,KLM1142 ,Kingdom of the Netherlands,-5.2566,53.439,7764.78,92.82,828.828,Kingdom of the Netherlands
aa3579,EJA757  ,United States,-82.068,29.8666,10934.7,170.18,770.616,United States
acbe3e,TAI324  ,United States,-79.6824,40.7443,10614.66,9.74,886.932,United States
8005eb,AIC133  ,India,15.4752,48.7083,12184.38,307.02,867.492,India
a9ee0a,CBC739  ,United States,-116.8023,32.8825,2240.28,216.24,369.684,United States
acbe3c,DAL1174 ,United States,-84.7907,33.3608,3657.6,44.42,648.252,United States
ac0bc4,UAL2273 ,United States,-95.4024,36.2516,11277.6,137.55,998.8920000000002,United States
8005ed,AIC155  ,India,8.4022,51.8197,11567.16,294.58,788.112,India
a26295,N2529X  ,United States,-98.2194,32.2148,1295.4,269.24,277.812,United States
a955be,N700ND  ,United States,-104.8502,39.5556,1783.08,358.09,166.788,United States
acbe34,ASA560  ,United States,-120.7752,32.1479,10058.4,221.95,886.5,United States
0ac16c,NSE8884 ,Colombia,-74.3328,4.5487,4945.38,224.41,381.096,Colombia
a8c205,,United States,-117.0008,32.8311,403.86,273.73,170.748,United States
ae1841,RS49    ,United States,-117.2634,32.5625,15.24,138.74,140.436,United States
781d8d,CKK221  ,China,-121.8434,37.035,10058.4,156.43,856.728,China
aae5f7,DAL2565 ,United States,-113.3602,35.1471,10363.2,239.76,827.46,United States
7c1470,QFA042  ,Australia,138.8442,-32.5421,11887.2,108.07,1009.116,Australia
ad2baa,JBU152  ,United States,-86.7046,21.7655,5372.1,21.69,731.484,United States
780a70,CPA086  ,China,-104.6893,33.5394,10058.4,164.16,970.236,China
ac6227,SWA2754 ,United States,-94.7048,35.7266,11582.4,296.57,687.456,United States
895053,RBA5    ,Brunei Darussalam,143.8752,-35.8145,10736.58,148.01,936.7920000000001,Brunei Darussalam
a7c855,N600MC  ,United States,-96.2765,30.3012,297.18,226.29,348.444,United States
32007d,VOLPE33 ,Italy,12.4393,41.6656,15.24,125.22,38.519999999999996,Italy
a6456d,DAL274  ,United States,-92.4072,47.9672,11887.2,137.92,975.6,United States
3d3436,DESAG   ,Germany,8.5278,49.1771,1242.06,170.24,174.78,Germany
34535a,VLG11CK ,Spain,-5.9356,43.1195,9753.6,95.7,839.4119999999999,Spain
a835c5,UPS76   ,United States,13.4251,46.8588,10668.0,139.95,987.156,United States
a2c58b,N278PT  ,United States,-84.754,39.5188,1219.2,125.06,386.892,United States
e80628,JEC5589 ,Chile,-75.4574,6.8688,11879.58,195.55,767.0160000000001,Chile
c02655,WJA2608 ,Canada,-107.2245,40.2453,11285.22,135.22,1001.8079999999999,Canada
ac5b43,SWA4355 ,United States,-111.8733,33.4399,1280.16,64.65,467.24399999999997,United States
a81be0,N621VS  ,United States,-101.6551,27.3723,11734.8,17.61,814.14,United States
abfefd,AAL848  ,United States,-88.5653,36.0436,9753.6,246.28,801.072,United States
346691,VLG12UH ,Spain,2.5533,41.4709,2042.16,242.62,467.172,Spain
ac0bde,SWA3248 ,United States,-101.1028,39.7683,11277.6,74.86,978.48,United States
346690,VLG9NH  ,Spain,-6.2366,34.6036,10660.38,215.81,778.716,Spain
ac12d6,SWA2076 ,United States,-119.4312,40.0841,10980.42,329.96,791.6039999999999,United States
abf2c2,SWA193  ,United States,-96.83,31.4298,11582.4,269.59,774.144,United States
780a6e,CPA080  ,China,-144.492,61.3525,10043.16,89.0,1063.224,China
7c1464,QFA654  ,Australia,140.3816,-34.9771,11887.2,90.61,1051.9920000000002,Australia
a2ab6c,ENY3836 ,United States,-101.5282,34.2105,10363.2,288.15,707.4720000000001,United States
7c1466,QFA044  ,Australia,141.7012,-33.0556,11887.2,110.17,988.452,Australia
e8061f,JES3825 ,Chile,-48.7317,-27.618,2072.64,211.28,524.376,Chile
a7fbbb,SKW4739 ,United States,-101.8863,45.6384,10972.8,286.31,725.544,United States
a8e830,BOG73   ,United States,-80.4701,32.6634,10058.4,57.54,1049.112,United States
c060b7,PTR2122 ,Canada,-74.8306,41.1942,4404.36,297.56,572.4,Canada
c060b4,PTR2124 ,Canada,-74.1913,40.6482,937.26,245.67,319.104,Canada
c060b3,PTR2352 ,Canada,-88.2086,48.1275,6614.16,101.78,616.752,Canada
78115e,CCA910  ,China,37.4233,55.9658,693.42,251.57,99.57600000000001,China
a2ab73,AAY2935 ,United States,-83.6369,32.0729,9448.8,158.36,868.716,United States
a81bcc,SKW5992 ,United States,-119.7308,38.7083,10363.2,351.38,852.3000000000001,United States
780a7b,HKC352  ,China,120.1563,16.9129,11582.4,313.36,868.6080000000001,China
abebbe,SWA2697 ,United States,-112.0198,40.8492,10668.0,87.78,958.2120000000001,United States
345352,AEA199  ,Spain,-26.9157,37.0425,11574.78,248.25,799.5960000000001,Spain
ad58fd,N9594C  ,United States,-87.2891,34.5881,1950.72,275.83,182.448,United States
ada8df,N98AV   ,United States,-97.3062,28.0585,3276.6,38.58,433.54800000000006,United States
a75240,DCM6413 ,United States,-96.2697,32.4638,4434.84,15.78,606.204,United States
3c61e9,VJH792  ,Germany,14.3432,47.2231,12192.0,318.78,775.62,Germany
4ca97a,RYR9708 ,Ireland,4.804,46.8355,11277.6,126.9,845.244,Ireland
4ca97b,RYR43QN ,Ireland,-0.4849,51.228,5791.2,22.5,851.904,Ireland
ada8dd,N98AT   ,United States,-117.0316,33.3429,3162.3,0.0,327.81600000000003,United States
e8062c,JES3817 ,Chile,-48.7222,-28.0289,10347.96,227.89,806.4,Chile
a2c574,AAY1529 ,United States,-84.5594,35.3547,10957.56,350.67,788.2560000000001,United States
a8986c,FFT3393 ,United States,-119.673,39.7357,10363.2,250.6,763.812,United States
780a8d,CPA873  ,China,132.7102,32.4239,10363.2,239.22,687.636,China
c06cda,WJA1112 ,Canada,-79.8339,26.5747,3467.1,200.3,485.74800000000005,Canada
a07d01,UPS2895 ,United States,-86.0702,37.8472,2964.18,69.2,511.128,United States
739600,HFA704  ,Israel,34.9948,32.8429,228.6,92.37,268.776,Israel
770454,ALK217  ,Sri Lanka,52.7588,24.81,6964.68,284.83,708.876,Sri Lanka
a5c2dd,UAL2414 ,United States,-87.1082,37.4128,7277.1,157.1,894.672,United States
ac756c,AAL1332 ,United States,-80.5215,27.4671,11574.78,183.84,664.488,United States
ac0bfb,SWA2378 ,United States,-97.6772,30.1304,381.0,358.45,274.212,United States
acbe88,DAL2775 ,United States,-79.2345,36.8623,10972.8,216.52,718.956,United States
4bb0f6,THY75G  ,Turkey,28.4488,-22.8478,11277.6,5.95,893.772,Turkey
adde5e,CXK353  ,United States,-77.3317,37.4918,198.12,16.16,133.056,United States
a63e3a,,United States,-64.9059,32.7669,13708.38,171.36,826.092,United States
44ce79,BEL7TA  ,Belgium,10.9889,56.6815,10043.16,219.17,709.524,Belgium
44ce78,BEL4WF  ,Belgium,9.3307,50.3089,10355.58,284.65,710.172,Belgium
acd88e,DAL1514 ,United States,-80.4269,34.7081,10363.2,188.79,751.464,United States
a46705,CXK244  ,United States,-82.1064,34.8913,1562.1,64.95,218.736,United States
44ce75,BEL8YA  ,Belgium,8.5283,48.0009,4693.92,150.61,554.76,Belgium
461553,FSF201A ,Finland,6.6021,47.9995,7970.52,177.44,496.83599999999996,Finland
4bb0f0,THY174  ,Turkey,75.3237,32.2047,11887.2,212.01,17.46,Turkey
a99e09,FFT3232 ,United States,-96.1548,40.8141,11277.6,76.87,969.8760000000001,United States
ac5b6b,N8958V  ,United States,-70.6913,41.8597,632.46,312.55,153.36,United States
44ce6a,BEL3WD  ,Belgium,8.8395,48.5583,11879.58,137.83,902.0880000000001,Belgium
a3470b,WMA2404 ,United States,-80.2944,26.256,1653.54,356.22,224.568,United States
a728e3,N560WE  ,United States,-109.5012,32.5368,12496.8,103.87,764.964,United States
ad823f,N97KT   ,United States,-94.0908,32.5722,7010.4,91.47,865.152,United States
a34729,DAL1271 ,United States,-80.678,26.841,5425.44,344.05,822.456,United States
adde66,N993GH  ,United States,-84.1518,27.9573,12618.72,266.03,696.168,United States
4bb0ee,THY208  ,Turkey,47.2433,40.6045,11277.6,91.56,954.1440000000001,Turkey
ac7589,N9012H  ,United States,-121.1989,44.0957,1524.0,271.7,187.128,United States
acb244,N917SH  ,United States,-98.0021,45.9493,6705.6,340.1,435.276,United States
45a5d6,FXT60V  ,Denmark,26.0587,44.7602,12192.0,302.53,733.644,Denmark
4bb0ed,THY067  ,Turkey,96.4806,19.6096,10972.8,116.57,45.54,Turkey
44ce6f,BEL3SG  ,Belgium,10.7394,46.7422,10972.8,345.33,767.7,Belgium
896333,FDB2TV  ,United Arab Emirates,32.3507,40.1234,10668.0,102.79,928.656,United Arab Emirates
44ce6e,BEL2FT  ,Belgium,6.2367,49.869,9159.24,325.39,834.804,Belgium
aa1b0a,N750LG  ,United States,-120.0048,36.889,9144.0,332.79,810.072,United States
4bb0eb,THY39T  ,Turkey,20.5,45.0824,12192.0,308.15,812.484,Turkey
aa7ba6,N775AM  ,United States,-120.0356,34.7285,2247.9,133.78,123.12000000000002,United States
a87e18,N6461Z  ,United States,-95.033,39.1035,1005.84,309.09,190.90800000000002,United States
a57ef6,WUP453  ,United States,-86.4706,42.2303,9075.42,87.99,739.404,United States
a02dda,SKW4657 ,United States,-113.3143,38.77,10363.2,260.48,660.9960000000001,United States
478ef4,WIF7KC  ,Norway,5.0011,60.4934,1623.06,127.73,393.408,Norway
a5121c,SHADY05 ,United States,-111.3372,32.6382,4191.0,157.64,248.32800000000003,United States
ade548,DAL1637 ,United States,-96.7794,37.3575,4762.5,111.12,776.268,United States
c01f28,FLE700  ,Canada,-120.2248,50.1154,9448.8,39.06,708.336,Canada
a0e751,UAL2311 ,United States,-81.7305,37.617,10668.0,70.88,933.0120000000001,United States
c07fb1,WJA671  ,Canada,-113.9748,50.9409,1737.36,329.74,308.73600000000005,Canada
a21417,EPI233  ,United States,-104.4598,39.3284,2232.66,219.6,194.688,United States
ade543,AAL2555 ,United States,-81.2513,33.1611,10355.58,192.42,714.924,United States
aa95ac,EJA781  ,United States,-80.9326,27.7985,10424.16,329.84,858.924,United States
a3e55a,FFT2082 ,United States,-79.9094,28.4112,10972.8,124.05,903.024,United States
02019f,RAM789H ,Morocco,-1.5257,42.9857,11887.2,207.26,752.112,Morocco
acab3f,SWA4470 ,United States,-80.3087,40.403,2103.12,186.88,479.412,United States
a287ab,AAY3016 ,United States,-84.3968,30.5059,11285.22,179.87,796.356,United States
02019c,MAC377Q ,Morocco,-0.966,39.0388,10965.18,35.41,802.1880000000001,Morocco
a3f88e,DAL2259 ,United States,-82.5976,28.6167,9014.46,329.66,817.5960000000001,United States
48683f,TRA5226 ,Kingdom of the Netherlands,5.3858,52.5672,2369.82,269.31,461.1960000000001,Kingdom of the Netherlands
a0cd30,N15044  ,United States,-94.0145,38.9063,1508.76,0.0,164.844,United States
4bb0fa,THY73G  ,Turkey,-121.3102,39.9045,12192.0,224.75,902.304,Turkey
c07fb9,WJA1500 ,Canada,-117.5187,46.6628,10972.8,208.27,832.752,Canada
a572af,LXJ450  ,United States,-102.7634,39.8023,12192.0,266.06,755.532,United States
a6452d,ATN3333 ,United States,-82.0087,35.6622,10972.8,224.14,781.884,United States
a6a865,N528TX  ,United States,-83.2967,27.9182,3688.08,88.77,690.9480000000001,United States
a4f21b,SVL3    ,United States,-99.0451,33.3142,13007.34,290.75,580.284,United States
a14da8,AAL2314 ,United States,-90.7212,34.7584,10058.4,66.88,839.7,United States
a6eed5,GJS4405 ,United States,-73.258,41.6804,7292.34,355.83,865.332,United States
a7c849,EDV5018 ,United States,-77.3896,40.8338,9753.6,280.6,795.1320000000001,United States
acb260,LN917TL ,United States,-97.9979,33.0852,5539.74,305.74,618.3000000000001,United States
c00c22,CFEPL   ,Canada,-98.3287,49.2619,662.94,305.59,232.30800000000002,Canada
ac6289,SWA2933 ,United States,-116.7904,34.5903,4808.22,241.43,685.368,United States
34530d,ANE3050 ,Spain,22.4465,40.6191,12192.0,263.61,732.384,Spain
896306,UAE826  ,United Arab Emirates,55.3769,25.2707,2324.1,151.89,459.82800000000003,United Arab Emirates
abf2ea,SWA4724 ,United States,-106.6933,35.0429,1889.76,73.73,310.608,United States
896312,UAE180  ,United Arab Emirates,50.6755,27.2795,10668.0,145.78,945.1440000000001,United Arab Emirates
896310,UAE726  ,United Arab Emirates,55.4072,25.2291,30.48,301.35,238.53600000000003,United Arab Emirates
a1b7a9,PLZ4602 ,United States,-87.1741,30.4216,251.46,339.04,186.40800000000002,United States
a06a02,N126AF  ,United States,-64.9484,17.9226,6096.0,269.86,746.352,United States
44ce62,BEL9PY  ,Belgium,12.9671,51.5876,10972.8,269.57,738.9720000000001,Belgium
0d81e7,LER1951 ,Venezuela,-63.5455,9.9639,6560.82,324.03,800.892,Venezuela
345314,VLG62KW ,Spain,-1.1282,42.5311,8702.04,115.73,797.6880000000001,Spain
a62b3e,N497MT  ,United States,-79.6816,27.4201,3375.66,131.77,325.296,United States
ae0577,FRED53  ,United States,-80.7242,43.7833,9144.0,281.45,727.488,United States
a047e3,N117TF  ,United States,-85.0392,31.2183,13098.78,305.88,859.464,United States
4bb0e6,THY216  ,Turkey,-49.0654,-23.976,12496.8,353.27,869.004,Turkey
406755,EZY12CD ,United Kingdom,-0.4973,52.0583,8534.4,324.57,827.352,United Kingdom
a715c6,ASA377  ,United States,-118.6116,46.3629,10972.8,265.94,679.536,United States
4d403f,3AMGA   ,Monaco,3.3523,46.5727,12496.8,151.16,898.524,Monaco
39a535,VLJ249Q ,France,2.5433,48.9701,548.64,264.99,254.70000000000002,France
ab0702,FLC81   ,United States,-97.8312,32.7885,982.98,57.55,355.536,United States
896319,UAE395  ,United Arab Emirates,105.1836,21.167,7338.06,301.39,807.0840000000001,United Arab Emirates
a047db,SKW4801 ,United States,-97.8664,38.1586,10668.0,113.92,968.4,United States
a572e5,N450JA  ,United States,-121.4424,44.7911,2407.92,117.07,187.20000000000002,United States
a70ee6,GJS4553 ,United States,-88.7056,42.3889,3345.18,106.25,661.6800000000001,United States
a19d0d,JBU1793 ,United States,-81.1697,22.6555,10058.4,204.54,749.196,United States
ae52d6,G08095  ,United States,-82.8189,42.454,792.48,346.61,159.912,United States
ad8e9e,N97282  ,United States,-95.6632,29.7665,1775.46,90.41,259.272,United States
a715bb,CNS13   ,United States,-105.0045,40.4345,1546.86,341.03,187.992,United States
aa3509,N757LE  ,United States,-92.6714,45.2739,906.78,144.54,150.048,United States
a06a12,AER41   ,United States,-132.3215,56.2843,1059.18,339.2,453.67199999999997,United States
6832a3,VSV469  ,Kazakhstan,79.731,28.0933,10668.0,132.57,1018.4399999999999,Kazakhstan
a37aa3,DAL1517 ,United States,-116.7853,34.8782,11247.12,64.9,811.944,United States
0200fb,RAM640B ,Morocco,-7.3953,33.8207,10972.8,21.99,830.8800000000001,Morocco
a394aa,N33NH   ,United States,-106.8916,32.2817,3398.52,109.88,255.996,United States
a98b8b,N714GM  ,United States,-87.4528,36.1427,579.12,171.67,230.22000000000003,United States
ae03fa,PAT070  ,United States,-82.8727,36.6893,7010.4,48.83,509.25600000000003,United States
a18a45,N199GW  ,United States,-78.3815,35.648,1127.76,114.29,229.608,United States
c06183,POE263  ,Canada,-108.3844,51.507,10972.8,271.14,742.788,Canada
a44d1c,DAL3160 ,United States,-84.1454,38.4212,4640.58,330.66,650.0880000000001,United States
ae03fc,PAT741  ,United States,-88.2177,34.736,6400.8,45.51,438.732,United States
abf396,SWA2962 ,United States,-96.6581,32.7917,1432.56,317.87,444.492,United States
45b8c1,NFA044P ,Denmark,15.1917,66.3602,12192.0,197.27,804.852,Denmark
a26df9,MXY940  ,United States,-77.9776,35.5591,10972.8,217.86,621.612,United States
abec9b,AMX1741 ,United States,-99.0846,19.4277,2110.74,59.2,325.54800000000006,United States
880850,AIQ531  ,Thailand,102.6054,15.3171,10363.2,238.72,816.9119999999999,Thailand
0200ef,RAM740X ,Morocco,-0.203,45.7096,10972.8,26.57,940.068,Morocco
a3ddc0,N34823  ,United States,-118.122,34.1173,1638.3,112.17,215.964,United States
a9927c,N716BM  ,United States,-82.6232,27.7939,1211.58,181.74,426.168,United States
a34764,LXJ310  ,United States,-81.154,22.5621,4869.18,200.31,661.572,United States
a37aa6,N323NE  ,United States,-115.8897,36.0087,6827.52,308.27,592.092,United States
a394ae,BHR11   ,United States,-114.3254,47.1332,10386.06,291.73,550.26,United States
6832b3,VSV458  ,Kazakhstan,53.2892,22.7266,10058.4,97.62,1020.204,Kazakhstan
486804,KLM918  ,Kingdom of the Netherlands,-0.3242,56.6047,10088.88,122.62,800.424,Kingdom of the Netherlands
0200eb,RAM721P ,Morocco,4.9672,45.5757,2575.56,250.35,468.036,Morocco
486803,KLM34B  ,Kingdom of the Netherlands,4.0193,51.7656,3627.12,25.53,730.62,Kingdom of the Netherlands
c06174,POE587  ,Canada,-81.0053,32.5779,11582.4,193.61,731.736,Canada
c06173,POE481  ,Canada,-106.7891,50.8041,11582.4,275.7,746.352,Canada
a99290,N716CG  ,United States,-78.7562,26.1624,12192.0,187.61,754.8480000000001,United States
0200f8,RAM819I ,Morocco,-3.0988,51.6847,11277.6,188.56,734.148,Morocco
ac0088,N8723C  ,United States,-96.5378,42.5243,1066.8,135.0,217.404,United States
a657ad,JIA5037 ,United States,-93.1954,32.43,9144.0,264.69,760.716,United States
a9db89,N734ST  ,United States,-121.2176,44.1296,1196.34,39.71,142.02,United States
ac0094,SWA2756 ,United States,-119.1465,38.8434,6979.92,136.06,781.956,United States
c827e3,AWK87   ,New Zealand,172.9769,-42.2336,7901.94,189.57,847.044,New Zealand
a5d713,UAL2135 ,United States,-98.1479,32.8534,10058.4,135.0,935.0280000000001,United States
346614,VOE89JC ,Spain,11.6233,44.9372,3954.78,42.15,579.528,Spain
ad2c9f,RKJ948  ,United States,-110.5773,32.2344,3284.22,282.16,536.148,United States
a1b7cc,N21GN   ,United States,-97.6431,35.5374,358.14,180.0,142.596,United States
a1f418,CXK237  ,United States,-80.7126,35.372,312.42,9.02,118.152,United States
4ab822,NSZ5074 ,Sweden,12.1091,54.914,6118.86,32.81,738.216,Sweden
a1b7cd,KCR21   ,United States,-85.9963,35.9575,2247.9,83.87,398.62800000000004,United States
a3472f,DAL2655 ,United States,-76.9625,43.4075,10668.0,104.87,866.0880000000001,United States
4ab824,NSZ3409 ,Sweden,15.5019,49.2135,11582.4,337.26,757.044,Sweden
a98b78,N714FT  ,United States,-91.3216,43.4681,3352.8,117.07,378.504,United States
a06a2d,MXY6407 ,United States,-101.9535,35.786,10972.8,339.24,679.3199999999999,United States
a99e9d,DCM4240 ,United States,-80.4827,28.0042,7696.2,160.38,650.808,United States
a9ee84,N739WX  ,United States,-115.2924,36.399,1668.78,276.75,173.448,United States
7609f0,FJL764  ,Pakistan,50.8629,26.2324,861.06,206.84,340.416,Pakistan
a98b84,N714GE  ,United States,-117.2277,32.8036,205.74,238.13,161.352,United States
346605,LVL23AY ,Spain,-12.0229,55.1414,10972.8,319.31,872.028,Spain
a9a5ec,N7200H  ,United States,-81.0379,29.277,937.26,138.68,305.74800000000005,United States
781d39,CES2803 ,China,100.8539,13.9415,1310.64,230.88,434.44800000000004,China
7609f2,SIF729  ,Pakistan,55.8584,26.8336,10058.4,57.26,986.364,Pakistan
c0619d,,Canada,-83.1584,47.6082,11277.6,108.74,893.736,Canada
a38db4,AAL2646 ,United States,-111.2682,33.9685,5501.64,232.39,713.0880000000001,United States
a524c5,SKW3426 ,United States,-122.466,47.1522,1661.16,180.0,394.488,United States
ad2094,JRE945  ,United States,-104.7513,35.9119,13114.02,93.42,994.4280000000001,United States
70c0df,OMA661  ,Oman,51.6173,25.2282,22.86,338.52,242.82000000000002,Oman
c06196,POE447  ,Canada,-105.7444,51.4434,11582.4,273.3,771.696,Canada
aaf8c6,JLG806  ,United States,-104.8127,31.5223,12496.8,109.29,863.352,United States
a9db62,N734RD  ,United States,-93.7906,44.7769,723.9,96.07,175.068,United States
70c0de,OMA676  ,Oman,56.776,23.28,8061.96,58.72,927.468,Oman
a63dc7,JIA5376 ,United States,-88.6468,33.4508,8907.78,252.63,756.792,United States
a8c267,N6635B  ,United States,-118.3136,33.8178,1318.26,183.18,166.932,United States
7586d7,CEB468  ,Philippines,120.7715,14.1918,2415.54,330.29,437.148,Philippines
a3e4d6,N350AJ  ,United States,-95.4145,30.2716,3558.54,42.46,562.356,United States
70c0f8,OMA411  ,Oman,49.2845,27.0762,10363.2,299.29,730.512,Oman
70c0f9,OMA101  ,Oman,7.1827,50.2652,10363.2,294.1,807.444,Oman
a5bd0b,SWA846  ,United States,-85.5242,36.7397,6705.6,231.4,834.1560000000001,United States
a3e4d8,N350AL  ,United States,-95.921,29.0923,5821.68,229.15,416.232,United States
7586d0,CEB310  ,Philippines,120.6368,17.5992,11132.82,350.0,949.6800000000001,Philippines
c0618e,POE596  ,Canada,-80.2719,26.1205,1546.86,301.13,437.04,Canada
70c0f6,OMA117  ,Oman,10.7423,49.3396,7444.74,300.68,704.16,Oman
ab6851,DAL45   ,United States,-73.974,41.8206,8366.76,203.75,708.1560000000001,United States
780a19,CPA888  ,China,118.3116,22.4554,9448.8,58.75,1013.832,China
a06a54,DAL2396 ,United States,-79.5006,33.4404,10363.2,215.2,661.8240000000001,United States
a51de4,N429JP  ,United States,-97.3636,33.6232,670.56,83.29,190.22400000000002,United States
7609e1,SIF126  ,Pakistan,69.8853,31.9552,10363.2,211.32,708.9480000000001,Pakistan
a537ed,RPA4757 ,United States,-87.8608,41.9883,358.14,268.88,94.464,United States
89639c,UAE355  ,United Arab Emirates,72.6823,17.983,12192.0,296.8,796.788,United Arab Emirates
a2bdff,ENY4116 ,United States,-92.7287,38.3215,9144.0,206.67,916.02,United States
a2fa49,N291ME  ,United States,-118.1847,33.8151,243.84,274.88,152.424,United States
4bb208,THY3ED  ,Turkey,6.0453,51.3268,10066.02,118.49,861.84,Turkey
781d50,CCA936  ,China,8.4383,50.0321,1135.38,277.2,354.67199999999997,China
4bb209,THY5VM  ,Turkey,20.6707,46.8273,9753.6,308.44,744.768,Turkey
4bb206,THY4KN  ,Turkey,15.3812,44.7676,10363.2,281.05,734.0400000000001,Turkey
4ca8e6,RYR3SZ  ,Ireland,1.1589,42.4359,11582.4,358.25,787.464,Ireland
89639b,UAE7CN  ,United Arab Emirates,55.4918,25.1821,586.74,301.48,280.152,United Arab Emirates
a9ee62,N739VN  ,United States,-86.6845,36.1119,144.78,19.54,60.912000000000006,United States
a31a54,UAL6    ,United States,-116.0235,44.0116,11879.58,135.21,1051.596,United States
a1f46b,RPA5695 ,United States,-73.0342,43.0633,9494.52,73.22,955.5840000000001,United States
abe09a,SWA2138 ,United States,-83.4351,38.3748,10363.2,261.65,803.0160000000001,United States
89639a,UAE9H   ,United Arab Emirates,38.174,39.6759,11887.2,115.91,1021.284,United Arab Emirates
4bb203,THY7MJ  ,Turkey,17.9141,59.6403,236.22,190.71,278.964,Turkey
a1f480,CXK334  ,United States,-80.5856,35.4641,800.1,227.0,187.38,United States
781d57,JDL2645 ,China,115.9792,39.6235,6454.14,212.02,600.696,China
a2b1ab,ASA118  ,United States,-114.9155,41.2206,10363.2,354.04,731.772,United States
4bb210,THY5LH  ,Turkey,2.3426,41.268,10972.8,102.64,829.44,Turkey
0200ae,RAM931G ,Morocco,-5.3184,35.5989,11887.2,212.69,792.1800000000001,Morocco
80073d,AIC143  ,India,3.9673,48.4126,4785.36,309.2,673.956,India
e48fc1,TAM3231 ,Brazil,-46.6334,-23.2309,3444.24,324.84,459.864,Brazil
4bab28,THY4CN  ,Turkey,22.4705,51.9439,10972.8,188.0,798.5880000000001,Turkey
7c6ddf,QFA942  ,Australia,146.7151,-29.7836,11277.6,68.57,962.964,Australia
4bab26,THY6MT  ,Turkey,24.6268,40.6213,10363.2,256.84,764.6039999999999,Turkey
e48fc2,TAM3517 ,Brazil,-38.5074,-4.3223,4320.54,182.76,691.5960000000001,Brazil
7c6ddc,QFA140  ,Australia,171.3323,-38.0022,10965.18,253.93,795.9960000000001,Australia
ac750b,N901YB  ,United States,-88.0541,34.7786,6705.6,278.39,469.87200000000007,United States
4bb20a,THY2XS  ,Turkey,1.3656,52.9947,9433.56,100.29,880.92,Turkey
ab6869,N834NG  ,United States,-98.1681,25.1878,7315.2,206.17,482.868,United States
ab6866,,United States,-111.4284,32.9716,891.54,299.67,183.312,United States
4bb219,THY1GT  ,Turkey,28.4113,41.5207,4594.86,328.23,583.8480000000001,Turkey
7c6dd7,QFA658  ,Australia,136.1801,-34.8416,11277.6,93.68,1037.412,Australia
e48fcb,TAM3519 ,Brazil,-36.4282,-5.2906,5745.48,117.14,665.928,Brazil
a6f5fc,DAL514  ,United States,-107.0492,35.6624,9745.98,248.68,779.328,United States
78110e,CXA805  ,China,144.4796,36.6721,10668.0,60.72,1101.96,China
aaf8f1,JBU544  ,United States,-77.5532,34.4484,10066.02,13.86,1051.092,United States
780a38,CPA233  ,China,114.0876,22.2691,2004.06,180.42,509.328,China
a32d82,N3035D  ,United States,-70.9063,42.5836,243.84,254.05,121.35600000000001,United States
a0718f,NWX128  ,United States,-98.1281,32.9651,1348.74,266.99,140.94,United States
a2aac9,CXK144  ,United States,-86.4455,35.9155,769.62,191.06,164.16,United States
4ca8df,ITY1720 ,Ireland,13.0478,40.3666,10988.04,322.02,803.556,Ireland
a2c4cb,N278GA  ,United States,-98.3873,33.9074,7368.54,120.47,840.1320000000001,United States
a822d1,EJA623  ,United States,-79.0044,30.3783,11887.2,21.15,1052.424,United States
4ca8db,RYR74CW ,Ireland,-6.1856,37.1854,11277.6,216.59,761.184,Ireland
a2c4e0,GXA6152 ,United States,-97.1049,42.5888,10980.42,211.86,835.1279999999999,United States
4bb20d,THY9YE  ,Turkey,30.5695,36.8048,9448.8,164.98,893.556,Turkey
a2147c,RPA5828 ,United States,-78.0167,42.0506,10058.4,76.06,837.72,United States
aa1b92,WMU17   ,United States,-85.553,42.2521,670.56,352.41,168.156,United States
c06167,POE581  ,Canada,-81.1399,30.7652,10363.2,183.56,716.2560000000001,Canada
ae0506,        ,United States,-100.402,38.1474,6758.94,93.54,779.328,United States
780a2a,CPA731  ,China,56.5958,24.4682,7132.32,312.91,682.74,China
a44d3f,DAL2214 ,United States,-103.6252,41.34,11277.6,96.34,1006.236,United States
800728,BDA201  ,India,83.5145,25.4905,11582.4,298.72,682.1279999999999,India
a20130,N22806  ,United States,-97.4471,32.9071,967.74,305.81,180.432,United States
a0848d,N132VU  ,United States,-96.5128,40.8136,1059.18,285.52,69.192,United States
a99221,N7158S  ,United States,-158.0644,21.312,83.82,56.61,97.596,United States
800732,AIC3101 ,India,76.9076,28.2358,3733.8,206.8,603.792,India
aadedb,N8TG    ,United States,-78.7326,42.6023,5935.98,165.31,664.3800000000001,United States
7609b9,PIA331  ,Pakistan,71.0921,29.7662,5349.24,207.47,682.56,Pakistan
896398,ETD559  ,United Arab Emirates,51.4894,26.3898,10972.8,289.39,702.864,United Arab Emirates
a942aa,VN4     ,United States,-85.7565,30.232,7840.98,188.99,924.4079999999999,United States
a3f7b8,DAL1963 ,United States,-86.813,21.2785,2232.66,62.17,563.328,United States
ac0ba7,UAL1432 ,United States,-89.6235,20.8564,11277.6,159.25,883.296,United States
0200cb,RAM801F ,Morocco,-1.7856,50.4851,9974.58,204.83,710.136,Morocco
89505a,RBA97   ,Brunei Darussalam,73.4136,16.4414,12192.0,297.24,849.816,Brunei Darussalam
c06156,WJA704  ,Canada,-80.2414,43.4957,3741.42,69.25,506.98800000000006,Canada
4ca8d6,RYR93BH ,Ireland,11.0573,46.1477,11277.6,128.37,907.056,Ireland
780a3d,CPA3291 ,China,-79.3836,43.4892,1028.7,340.58,306.36,China
a31a29,N2996X  ,United States,-97.3683,35.4403,579.12,1.03,205.596,United States
780a3a,CPA872  ,China,118.0899,22.3268,8846.82,57.7,994.716,China
780a3b,CPA881  ,China,141.6875,37.9249,9753.6,231.57,777.744,China
800737,AIC983  ,India,55.7856,25.1894,1798.32,301.51,364.968,India
c06151,WEN3661 ,Canada,-119.7675,51.1789,7307.58,248.02,549.216,Canada
800734,AIC538  ,India,77.2229,25.9419,10363.2,358.12,902.4119999999999,India
a07177,AAL1633 ,United States,-116.6206,32.9425,5448.3,22.54,802.044,United States
a32d52,N30331  ,United States,-92.8727,44.9973,1066.8,183.76,141.048,United States
800738,AIC153  ,India,17.2429,47.858,3909.06,297.35,604.6560000000001,India
ac6204,SWA2884 ,United States,-89.7344,41.0784,5494.02,76.83,650.484,United States
a7a257,JIA5534 ,United States,-80.9522,37.061,10370.82,238.9,785.16,United States
800740,AIC159  ,India,11.1204,49.4258,12192.0,293.65,798.624,India
a9089d,TRF581  ,United States,-96.302,32.7478,480.06,169.07,165.996,United States
4ca8bd,EIN76K  ,Ireland,-15.2739,31.3364,11277.6,213.58,800.2800000000001,Ireland
a9db0f,N734MW  ,United States,-111.6736,33.5453,1036.32,357.61,177.948,United States
800741,AIC117  ,India,21.1648,46.0252,12192.0,296.9,855.576,India
800742,AIC301  ,India,104.3647,3.123,12192.0,285.34,987.0840000000001,India
780a4a,CPA524  ,China,114.3932,22.0516,4389.12,105.56,724.788,China
aae5ce,N801CH  ,United States,-121.2596,38.9699,914.4,63.24,238.53600000000003,United States
a32116,AAL2264 ,United States,-106.8875,32.2155,10972.8,275.84,800.532,United States
ac0bb9,SWA2820 ,United States,-85.662,35.3592,7307.58,313.52,559.368,United States
a1f453,N225HR  ,United States,-112.6344,40.6616,2049.78,192.8,41.796,United States
a32110,N3TW    ,United States,-102.1957,34.1623,12192.0,310.03,771.624,United States
a8e87b,N673SP  ,United States,-93.0921,45.1554,1089.66,260.17,140.976,United States
a261c9,N25233  ,United States,-121.2037,44.4286,1432.56,165.64,156.78,United States
e48fb4,GLO1027 ,Brazil,-45.7982,-23.8532,3726.18,272.57,619.2,Brazil
aa7e9b,UAL1192 ,United States,-85.1155,21.989,10058.4,120.11,937.6920000000001,United States
aa7e9a,UAL626  ,United States,-109.9513,35.1183,10972.8,280.83,788.184,United States
8a0700,BTK6288 ,Indonesia,110.6418,-6.2788,10660.38,75.16,802.764,Indonesia
ac5bd7,N896CG  ,United States,-98.5363,28.9781,6225.54,205.67,688.356,United States
a2b1ef,ISU5    ,United States,-87.5111,39.2999,1005.84,302.3,190.62,United States
ab42e6,N8246E  ,United States,-117.6587,33.9735,236.22,88.26,122.292,United States
a69463,DAL807  ,United States,-83.1447,41.9522,10370.82,264.38,831.852,United States
a7b4ae,N596LC  ,United States,-86.6282,34.6841,13716.0,178.23,959.796,United States
a897f4,AAL1848 ,United States,-92.516,31.263,10058.4,126.12,992.7719999999999,United States
abdb35,AAL2531 ,United States,-96.8052,35.8624,9448.8,6.02,724.428,United States
48a5e4,SRN181  ,Poland,14.6614,49.3915,6400.8,106.98,437.61600000000004,Poland
e49763,TAM4666 ,Brazil,-49.3693,-20.816,1188.72,127.43,457.092,Brazil
a751c0,N5707K  ,United States,-87.5271,30.4725,1074.42,195.43,313.164,United States
a8d4b0,UAL1295 ,United States,-98.9364,31.9992,10812.78,331.08,746.856,United States
4baa46,THY1MW  ,Turkey,28.7029,41.4808,845.82,179.06,337.104,Turkey
a5d782,N476BE  ,United States,-117.862,33.6836,0.0,208.51,170.71200000000002,United States
4baa47,THY5101 ,Turkey,31.9615,32.8619,11597.64,344.31,746.388,Turkey
c05004,ACA1322 ,Canada,-77.3236,29.1155,10972.8,157.84,721.8720000000001,Canada
4baa56,THY1HC  ,Turkey,23.0014,47.3463,9753.6,324.94,751.176,Turkey
4baa53,THY7BH  ,Turkey,23.3926,40.3139,9753.6,254.69,785.34,Turkey
c05007,ACA1315 ,Canada,-114.9534,42.7904,11582.4,317.32,680.22,Canada
a511f6,AAL1925 ,United States,-83.5877,26.7267,8648.7,296.5,713.952,United States
a9a749,CNS32   ,United States,-82.3192,29.4271,1158.24,176.15,386.1,United States
ac289f,SWA1329 ,United States,-107.6028,37.8252,10363.2,261.03,748.116,United States
0b4295,TGLUB   ,Guatemala,-90.5793,14.6136,1600.2,195.26,211.176,Guatemala
a6ca0c,N5367H  ,United States,-88.3397,41.9443,609.6,125.33,179.352,United States
a4a484,DAL1245 ,United States,-79.5469,28.2551,7315.2,194.17,567.3240000000001,United States
aa7252,SFY112  ,United States,-81.4601,28.278,228.6,59.57,171.828,United States
a9edb4,N739NP  ,United States,-97.181,33.6897,449.58,311.39,145.656,United States
ac75ee,AAL1341 ,United States,-99.5332,33.4678,10363.2,288.48,759.6,United States
4bb144,THY7    ,Turkey,3.803,59.963,9753.6,305.44,875.16,Turkey
a31a96,UAL59   ,United States,-70.1367,69.3664,11574.78,253.67,876.1320000000001,United States
aa7e99,UAL625  ,United States,-113.7744,40.7256,10058.4,87.66,952.704,United States
a9edb0,NKS1751 ,United States,-93.3983,32.1985,10660.38,101.56,924.372,United States
a4f1e5,AAL1728 ,United States,-97.0259,32.9441,281.94,180.84,251.892,United States
8963f0,UAE7TR  ,United Arab Emirates,4.269,51.0226,12192.0,286.83,793.296,United Arab Emirates
abee96,N868WU  ,United States,-81.4128,32.7913,10972.8,169.72,747.252,United States
8963f4,UAE149  ,United Arab Emirates,17.1371,48.7637,11582.4,296.79,838.1880000000001,United Arab Emirates
acb2c2,EDV5313 ,United States,-77.2557,37.4318,601.98,327.09,225.0,United States
c06366,PTR2326 ,Canada,-69.4593,45.7114,7315.2,286.68,535.536,Canada
c06361,PTR2387 ,Canada,-83.442,42.2867,7315.2,245.35,670.428,Canada
aa1bf2,N750VP  ,United States,-109.814,33.9911,13708.38,125.16,903.816,United States
c06360,PTR2217 ,Canada,-76.0277,45.0893,3573.78,64.78,530.208,Canada
a1f48f,N225LA  ,United States,-118.1422,34.1564,944.88,96.63,160.344,United States
a7a1b1,LXJ591  ,United States,-107.0849,38.1595,13716.0,67.03,911.196,United States
aa7e7d,UAL704  ,United States,-90.6852,42.0791,10972.8,274.31,763.3439999999999,United States
aa7e7b,UAL2624 ,United States,-88.0727,28.659,11582.4,286.64,691.992,United States
a31a77,UAL805  ,United States,141.6785,39.1225,12192.0,245.41,792.252,United States
489229,ENT1DB  ,Poland,16.6494,51.1749,792.48,112.62,337.068,Poland
4baa0c,THY5SC  ,Turkey,32.1735,36.789,10287.0,140.06,920.268,Turkey
aa7e7a,UAL441  ,United States,-87.9295,41.7488,2827.02,192.26,566.676,United States
ad7bdf,SWA1204 ,United States,-77.4424,38.803,6400.8,214.94,517.356,United States
48088a,APACHE2 ,Kingdom of the Netherlands,4.9923,51.6379,365.76,17.83,278.208,Kingdom of the Netherlands
a37afe,N323RT  ,United States,-81.6396,34.9597,2148.84,86.36,321.04800000000006,United States
aa7238,UAL253  ,United States,-108.8544,32.3229,10363.2,279.0,875.6640000000001,United States
8963ed,UAE1DM  ,United Arab Emirates,18.1621,46.7096,12192.0,289.98,823.716,United Arab Emirates
7810f6,CHH7960 ,China,134.9317,36.3053,11574.78,238.99,736.884,China
a28904,UAL1350 ,United States,-97.0534,33.0985,1104.9,178.88,377.892,United States
a0719b,MXY316  ,United States,-82.1038,28.061,7650.48,337.98,825.048,United States
c0635f,PTR2531 ,Canada,-79.3041,43.6787,3299.46,325.89,346.716,Canada
8963ec,UAE7V   ,United Arab Emirates,6.3783,46.6347,12184.38,292.36,779.004,United Arab Emirates
c0502e,ACA738  ,Canada,-111.9328,39.5141,11277.6,78.71,946.152,Canada
c0635e,PTR2941 ,Canada,-77.9149,43.3413,7612.38,100.09,613.224,Canada
acb2ba,TYSON45 ,United States,-106.0316,31.7876,4815.84,93.91,705.42,United States
addef0,N993MW  ,United States,-85.0052,38.7463,2438.4,189.95,396.72,United States
c0635a,PTR2303 ,Canada,-71.3082,45.189,7620.0,76.78,696.276,Canada
a3a9a3,DAL1375 ,United States,-76.3273,42.9495,3139.44,214.19,474.624,United States
ae4e72,OSPREY21,United States,-81.2974,31.7131,1249.68,191.02,435.852,United States
c06358,PTR2234 ,Canada,-65.9754,45.1838,6705.6,277.77,506.55600000000004,Canada
ad3581,JBU2584 ,United States,-73.4348,40.585,1325.88,19.67,462.20399999999995,United States
a764f7,N576CT  ,United States,-111.6055,40.0929,2026.92,110.16,155.844,United States
a7045b,JIA5456 ,United States,-82.6908,29.4968,9349.74,0.12,863.028,United States
a83782,UAL2249 ,United States,-83.2001,29.3642,10363.2,326.82,805.428,United States
a83781,UAL2374 ,United States,-113.4235,33.3306,6339.84,101.7,694.116,United States
aa7e79,UAL229  ,United States,-82.1042,34.2289,10363.2,182.38,848.952,United States
a83787,UAL529  ,United States,-87.0876,32.0164,10363.2,302.22,739.908,United States
c0501e,ACA977  ,Canada,-85.4873,42.1291,10972.8,240.21,883.476,Canada
a5617a,LXJ446  ,United States,-80.1181,26.0766,167.64,268.99,211.176,United States
ab8b8c,NFX102  ,United States,-118.5784,34.2073,1005.84,97.04,317.232,United States
ac62f3,SWA4545 ,United States,-88.9464,41.2208,3025.14,64.63,596.4480000000001,United States
aa6b43,RPA3596 ,United States,-74.6216,40.6017,1958.34,11.56,508.5,United States
a4a49d,N399EA  ,United States,-111.1755,32.4232,1043.94,53.86,144.46800000000002,United States
a3a9b6,EDV5190 ,United States,-73.7963,40.7898,1356.36,56.71,516.24,United States
8963d1,UAE833  ,United Arab Emirates,53.3888,25.4667,7315.2,282.97,775.404,United Arab Emirates
a2d92a,ASA358  ,United States,-89.4108,45.4262,10668.0,100.02,904.6080000000001,United States
a01c46,KOW106  ,United States,-97.0558,42.7366,3756.66,125.75,643.5,United States
4baa86,THY3TL  ,Turkey,28.8213,41.1518,1485.9,184.27,497.7,Turkey
a71749,N556SD  ,United States,-95.6918,29.9059,167.64,19.36,145.26000000000002,United States
47bb0a,SAS461  ,Norway,11.1215,60.1138,1440.18,133.84,454.5,Norway
a239de,CXK454  ,United States,-97.3085,31.209,1927.86,194.36,238.968,United States
4baa81,THY4TU  ,Turkey,5.8669,43.3178,3360.42,313.56,521.352,Turkey
a0e6c6,UAL1262 ,United States,-88.0006,42.1148,2118.36,97.66,513.9,United States
a56d59,N449PH  ,United States,-97.385,29.6151,556.26,335.6,219.636,United States
484ee4,KLM96C  ,Kingdom of the Netherlands,4.9982,52.5495,1264.92,279.38,443.016,Kingdom of the Netherlands
a3e4e0,AUB1350 ,United States,-85.5477,32.7485,1676.4,279.46,191.52,United States
abf593,N87SF   ,United States,-82.4168,27.9236,1524.0,180.48,440.784,United States
c05c24,AIE851  ,Canada,-73.7448,45.7172,2644.14,351.01,367.488,Canada
abdb6b,EJA863  ,United States,-114.9393,41.7453,9144.0,352.27,826.092,United States
a226b5,N238F   ,United States,-116.7367,32.9204,1501.14,198.05,173.34,United States
a1ffd3,N228MG  ,United States,-83.1945,32.6876,1379.22,172.66,246.492,United States
add2c4,BHR90   ,United States,-95.5453,30.3334,1767.84,115.55,326.376,United States
a68d32,FRG9521 ,United States,-88.9294,37.8877,1844.04,247.11,490.5,United States
aa35e1,AAL2570 ,United States,-78.21,36.0791,10812.78,26.98,1024.5600000000002,United States
4855d0,KLM26G  ,Kingdom of the Netherlands,6.5788,48.7103,9951.72,331.2,741.852,Kingdom of the Netherlands
399251,AEH081  ,France,6.7096,43.4605,1996.44,90.0,453.744,France
ac159a,RPA5694 ,United States,-80.2057,40.5006,579.12,271.52,209.34,United States
a0232a,RPA4362 ,United States,-80.0889,35.7618,10668.0,54.69,964.5120000000001,United States
8963e1,UAE542  ,United Arab Emirates,57.5142,24.9527,10629.9,112.87,1015.0559999999999,United Arab Emirates
a7c7a2,DAL2036 ,United States,-106.7471,38.3192,10058.4,90.11,955.62,United States
add2ad,ASA305  ,United States,-122.3079,47.4648,152.4,0.0,318.528,United States
aa22a7,NDU752  ,United States,-111.5592,32.9822,1615.44,164.42,199.944,United States
a13c2d,PRY02   ,United States,-82.5215,40.6922,4320.54,256.67,329.256,United States
8963e6,UAE373  ,United Arab Emirates,73.9977,19.908,11582.4,283.83,759.0960000000001,United Arab Emirates
4baa95,TKJ48S  ,Turkey,29.9542,40.5823,6202.68,96.14,761.832,Turkey
a67a22,N5160S  ,United States,-89.24,44.1134,1097.28,39.49,218.412,United States
4baa94,TKJ4BV  ,Turkey,29.8732,41.2273,1943.1,214.97,436.212,Turkey
8963e3,UAE393  ,United Arab Emirates,100.4532,13.7019,10363.2,283.7,907.3439999999999,United Arab Emirates
a359c2,DAL2041 ,United States,-122.3181,47.4392,-38.1,0.49,216.684,United States
70c0fe,OMA171  ,Oman,7.7279,52.0085,11102.34,294.86,832.752,Oman
8963cf,ETD7NZ  ,United Arab Emirates,3.6589,48.57,3520.44,303.05,550.152,United Arab Emirates
a524e1,UAL2133 ,United States,-89.5574,40.5784,9692.64,41.31,751.932,United States
a26307,N253E   ,United States,-112.0812,40.6161,1630.68,169.23,267.696,United States
4baa90,THY3FH  ,Turkey,34.3184,35.1008,8016.24,175.36,824.976,Turkey
ad82e5,N97SJ   ,United States,-85.9469,28.0913,12496.8,108.5,980.3879999999999,United States
a1a615,N205RH  ,United States,-121.2606,38.2024,76.2,276.81,124.956,United States
ad82e4,N97SH   ,United States,-86.929,21.1893,2598.42,123.69,520.8480000000001,United States
70c0fb,OMA123  ,Oman,21.9884,45.7035,10972.8,297.76,715.752,Oman
a13c43,SKW3013 ,United States,-121.5274,47.4252,5631.18,96.63,721.548,United States
add2b6,AAL2944 ,United States,-103.6077,35.8506,9144.0,302.45,759.3480000000001,United States
4bb189,THY9HW  ,Turkey,26.4456,43.7382,8092.44,325.94,634.8960000000001,Turkey
4bb183,THY163  ,Turkey,90.106,21.6239,10355.58,303.83,844.956,Turkey
8963db,UAE39Y  ,United Arab Emirates,55.405,25.2303,22.86,300.82,245.84400000000002,United Arab Emirates
a68d44,GJS4611 ,United States,-88.2846,41.91,3718.56,254.22,544.644,United States
aa852c,N777XY  ,United States,-107.3935,37.115,11277.6,57.33,926.2440000000001,United States
a226c5,FFT2396 ,United States,-86.4449,32.1632,11879.58,60.99,855.504,United States
8963e9,UAE69R  ,United Arab Emirates,-66.7535,50.6986,12192.0,211.48,773.1,United Arab Emirates
4bb182,THY31K  ,Turkey,-16.638,64.764,10965.18,281.63,918.936,Turkey
8963e8,UAE186  ,United Arab Emirates,34.2125,34.8077,12496.8,114.99,1052.28,United Arab Emirates
a359bc,DAL2226 ,United States,-88.1755,35.2605,10668.0,146.02,1020.636,United States
8963e7,UAE79Y  ,United Arab Emirates,18.4609,47.2099,11277.6,116.62,938.412,United Arab Emirates
4a1923,UZS9002 ,Romania,55.8466,26.4701,8740.14,10.55,879.768,Romania
a19cc7,JBU1328 ,United States,-85.8634,34.3963,10347.96,231.68,833.292,United States
a4fddb,RPA4335 ,United States,-82.6567,38.5025,7909.56,256.78,753.336,United States
a67a16,N5160E  ,United States,-121.1997,44.1238,1051.56,178.47,138.96,United States
aa7e51,UAL2336 ,United States,-73.9014,40.8132,762.0,347.56,386.892,United States
a524dd,N430TX  ,United States,-98.0926,26.2161,1866.9,82.67,261.432,United States
a2d926,CNS707  ,United States,-80.9361,31.8005,4899.66,226.58,379.908,United States
a26f42,N256RC  ,United States,-88.9986,36.2634,13106.4,306.3,744.552,United States
4baa66,THY1RZ  ,Turkey,27.3159,41.6152,6042.66,115.54,691.704,Turkey
4baa67,THY7ZJ  ,Turkey,22.0288,44.0451,7498.08,296.78,674.208,Turkey
a63df3,DAL356  ,United States,-108.6445,39.01,9753.6,293.41,708.3720000000001,United States
8963b3,FDB830  ,United Arab Emirates,51.0422,23.2407,11277.6,93.86,1019.052,United Arab Emirates
abe27e,FDY65   ,United States,-157.9229,21.3187,30.48,50.75,169.77599999999998,United States
a4417d,DAL1095 ,United States,-116.7634,34.3002,7307.58,243.73,795.1320000000001,United States
4baa61,THY6PQ  ,Turkey,30.5102,37.613,5135.88,169.29,697.392,Turkey
3465d8,VOE61MX ,Spain,1.257,44.0809,6004.56,352.27,715.8240000000001,Spain
aa7e3a,SWA131  ,United States,-104.5492,39.0348,7886.7,173.5,866.772,United States
3465d4,IBB28YR ,Spain,-9.5021,40.2886,11582.4,15.13,844.1640000000001,Spain
4baa4f,THY6YX  ,Turkey,15.4795,53.9489,9860.28,141.13,932.5079999999999,Turkey
a02310,N108GP  ,United States,-84.4891,30.1801,2438.4,304.2,230.652,United States
781e13,CCA423  ,China,9.5379,54.3311,11582.4,239.65,776.916,China
4bb156,THY6354 ,Turkey,115.1493,39.6252,10088.88,108.5,1021.3920000000002,Turkey
a3d1d8,N345WC  ,United States,-97.8873,29.8779,365.76,187.97,187.02,United States
aa2ed8,RPA3507 ,United States,-78.825,42.8051,4282.44,46.63,552.852,United States
a5745b,N450Z   ,United States,-80.1564,26.7253,1173.48,338.39,412.34400000000005,United States
a28947,UAL1882 ,United States,-101.1775,39.5109,11277.6,100.93,986.5079999999999,United States
aa7e2e,UAL1135 ,United States,-89.6931,33.6066,10668.0,170.37,1018.152,United States
400775,BAW43C  ,United Kingdom,-73.7363,48.4333,11582.4,203.41,843.5880000000001,United Kingdom
8963b7,FDB4RM  ,United Arab Emirates,54.8403,25.3192,3977.64,272.91,656.46,United Arab Emirates
c00cd6,WJA2772 ,Canada,-80.681,35.7124,10972.8,178.92,785.376,Canada
a68d54,N521H   ,United States,-112.0195,33.748,472.44,188.13,26.208000000000002,United States
8963b5,FDB5CH  ,United Arab Emirates,55.7938,26.1253,6096.0,355.78,755.8199999999999,United Arab Emirates
8963b4,FDB1082 ,United Arab Emirates,52.22,26.4089,11887.2,110.53,945.288,United Arab Emirates
8963b9,FDB1636 ,United Arab Emirates,54.4218,25.6287,5334.0,108.79,655.3439999999999,United Arab Emirates
4bb14f,THY6042 ,Turkey,27.178,39.2471,9883.14,8.07,804.3480000000001,Turkey
4bb14d,THY6382 ,Turkey,53.4759,26.1223,11887.2,114.22,1011.3120000000001,Turkey
4067ee,TOM681  ,United Kingdom,-4.3021,43.8172,10363.2,23.85,943.5960000000001,United Kingdom
4baa73,THY5DH  ,Turkey,30.7267,39.1228,10363.2,305.9,745.3439999999999,Turkey
c01ff2,CFMCN   ,Canada,-120.315,49.9089,4678.68,278.39,406.22400000000005,Canada
aa7e36,UAL413  ,United States,-81.3975,28.1171,1988.82,34.04,420.192,United States
a6e413,SKQ37   ,United States,-85.0749,34.2666,6400.8,67.26,459.864,United States
a03651,N1122T  ,United States,-121.9072,37.6796,762.0,214.06,158.72400000000002,United States
4868ba,TRA70Y  ,Kingdom of the Netherlands,-5.5543,42.9462,11292.84,212.66,741.312,Kingdom of the Netherlands
4067f2,TOM6TM  ,United Kingdom,-7.4176,43.9828,10972.8,22.48,905.904,United Kingdom
4bb165,IGO012  ,Turkey,31.028,32.3999,10058.4,174.64,970.9920000000001,Turkey
4bb164,IGO018  ,Turkey,29.9862,38.7003,10058.4,159.68,943.9920000000001,Turkey
a9e285,NDU736  ,United States,-111.8744,33.104,1295.4,307.17,211.5,United States
a8372b,N6286M  ,United States,-121.1672,44.2616,792.48,69.73,128.34,United States
3c7424,TUI33V  ,Germany,25.9959,36.3004,10972.8,323.28,727.8480000000001,Germany
a4eacb,DAL161  ,United States,-88.0886,45.6901,11582.4,240.98,870.444,United States
4baa79,THY4BZ  ,Turkey,1.2059,39.3712,8846.82,89.35,818.64,Turkey
a4ec00,N416SF  ,United States,-84.4644,31.2163,335.28,272.73,194.688,United States
4ca90a,ITY407  ,Ireland,11.5409,45.7633,11277.6,171.53,880.056,Ireland
8007b2,IGO657C ,India,74.5903,14.6273,10972.8,324.02,810.144,India
a1f3c5,MXY508  ,United States,-103.5482,35.3756,10972.8,266.53,734.724,United States
a333b5,UPS5933 ,United States,-87.2617,39.9066,10058.4,83.74,916.668,United States
86eb36,JAL68   ,Japan,-122.8045,47.9888,4693.92,149.27,706.716,Japan
a586b0,SWA1459 ,United States,-85.8101,33.5869,12192.0,321.01,750.5640000000001,United States
4b3953,PCH603  ,Switzerland,-89.2465,48.3906,548.64,250.66,184.5,Switzerland
a75f15,UPS9    ,United States,17.5588,44.9415,10363.2,324.57,827.352,United States
a13c73,AAL1722 ,United States,-81.2462,28.3013,670.56,323.27,309.67199999999997,United States
ab4ea9,OAE3970 ,United States,-134.7782,55.7767,11871.96,140.46,936.648,United States
a27676,AAY701  ,United States,-93.367,37.2213,487.68,321.47,255.672,United States
4ac9e2,SAS462  ,Sweden,11.6582,58.0608,10668.0,351.34,824.2560000000001,Sweden
4ac9e3,SAS579  ,Sweden,6.5663,50.8277,11574.78,215.61,706.14,Sweden
a1566e,N1856E  ,United States,-95.1098,30.0309,1493.52,90.0,346.32,United States
a2b310,EJA273  ,United States,-91.7141,40.8248,11582.4,263.18,779.652,United States
4ac9e4,SAS541  ,Sweden,0.033,53.3743,8770.62,274.04,657.252,Sweden
a92a8d,N69YK   ,United States,-89.5985,43.3025,1981.2,220.2,312.768,United States
4ac9e6,SAS375  ,Sweden,11.0927,60.2178,281.94,195.88,236.84400000000002,Sweden
896531,FDB926  ,United Arab Emirates,49.9247,27.0514,11887.2,98.41,975.384,United Arab Emirates
440b2f,TAY7CA  ,Austria,23.8416,37.8398,640.08,35.05,325.764,Austria
4ac9e9,SAS93D  ,Sweden,19.1913,61.5134,11597.64,197.79,781.884,Sweden
a333ae,AAL2590 ,United States,-103.9564,38.0726,10058.4,69.88,936.864,United States
a466c7,DAL588  ,United States,-97.9564,20.3692,10789.92,211.55,782.316,United States
ab68c8,N834SB  ,United States,-117.3826,34.1659,594.36,203.66,179.964,United States
a0103b,DAL525  ,United States,-83.2648,33.9668,8336.28,57.4,866.16,United States
a4afc8,N40057  ,United States,-118.704,34.2266,1188.72,254.21,190.548,United States
a070d7,UAL2346 ,United States,-100.7278,23.881,11582.4,206.51,792.612,United States
add376,JBU15   ,United States,-112.0663,39.423,10980.42,251.18,706.3199999999999,United States
3c618b,TUI103  ,Germany,8.849,50.1024,1226.82,250.25,356.184,Germany
a41969,N363WD  ,United States,-97.8526,29.6157,563.88,329.49,120.384,United States
a44ca0,DAL2253 ,United States,-115.3858,35.5832,5753.1,176.59,747.684,United States
a3a9ff,AAL2212 ,United States,-98.212,38.6807,10363.2,241.89,766.404,United States
a609dd,N48883  ,United States,-117.9686,33.8742,60.96,254.43,117.288,United States
ab68d0,SKW3994 ,United States,-88.4662,43.0925,6248.4,79.46,729.036,United States
ad705e,SKW5069 ,United States,-95.8012,30.4211,4930.14,139.65,677.952,United States
a7ea86,SKW5251 ,United States,-109.2529,39.6484,10972.8,258.79,638.172,United States
a333a0,N305TT  ,United States,-82.1629,27.361,1539.24,119.9,412.34400000000005,United States
a3962d,DAL483  ,United States,-101.5398,31.8427,10972.8,271.67,763.3439999999999,United States
a1435d,SWA1499 ,United States,-75.4206,40.0991,5791.2,226.82,535.8960000000001,United States
4ac9f2,SAS588  ,Sweden,-4.0722,37.4347,7528.56,27.94,758.8800000000001,Sweden
a53975,AAL1609 ,United States,-105.2837,36.4069,10683.24,110.8,964.8000000000001,United States
4ac9f3,SAS69X  ,Sweden,9.3125,53.0847,11574.78,217.72,723.456,Sweden
4ac9f5,SAS772  ,Sweden,27.1089,38.2263,11582.4,318.86,720.576,Sweden
3cc492,DCBTA   ,Germany,11.0156,49.9789,922.02,282.99,370.62,Germany
a2c635,SWA4544 ,United States,-121.9556,37.4462,1287.78,62.42,419.976,United States
a80a97,SKW5787 ,United States,-117.4513,38.0114,10645.14,67.11,814.176,United States
683327,VSV815  ,Kazakhstan,43.9402,55.4399,10363.2,28.95,99.468,Kazakhstan
ac508b,DAL2620 ,United States,-90.5464,35.1437,8534.4,285.16,708.048,United States
4ac9f9,SAS366  ,Sweden,11.5043,60.244,4221.48,19.97,699.5160000000001,Sweden
a213d6,MXY843  ,United States,-76.1786,37.5825,11582.4,203.95,652.5,United States
89652d,ABY715  ,United Arab Emirates,56.9985,24.7964,8321.04,292.28,742.536,United Arab Emirates
478512,WIF1C   ,Norway,6.5447,62.3309,7315.2,213.25,604.5840000000001,Norway
a51f4a,RPA4342 ,United States,-80.562,38.6961,9144.0,250.26,773.2800000000001,United States
abb8a0,SWA1692 ,United States,-97.0457,32.4601,2651.76,65.0,516.9960000000001,United States
a6a942,N52818  ,United States,-87.0935,36.3018,1760.22,344.15,155.952,United States
c82757,ANZ950  ,New Zealand,175.5267,-33.9551,10980.42,7.83,856.1880000000001,New Zealand
c82759,ANZ141  ,New Zealand,174.5486,-37.041,2186.94,280.69,469.29600000000005,New Zealand
a3e658,AAL1686 ,United States,-115.659,33.6933,10728.96,82.94,783.792,United States
a3d326,UAL1933 ,United States,-104.5989,38.8157,9730.74,255.11,720.576,United States
45a835,OYJAU   ,Denmark,-77.3499,36.2895,1912.62,222.78,269.964,Denmark
02006e,RAM953Q ,Morocco,0.2731,40.0334,11277.6,227.13,811.1880000000001,Morocco
a69fd7,GJS4561 ,United States,-78.2352,38.8556,6385.56,268.67,557.6039999999999,United States
896504,,United Arab Emirates,83.0913,23.0253,9753.6,272.97,715.8240000000001,United Arab Emirates
a76622,EJA576  ,United States,-84.1617,30.2759,11887.2,152.92,821.6640000000001,United States
4868a6,KLM1154 ,Kingdom of the Netherlands,4.8145,55.3023,12192.0,199.04,720.9720000000001,Kingdom of the Netherlands
a03686,N1124A  ,United States,-96.1949,31.4123,3261.36,165.49,376.884,United States
a1a63d,SKW5463 ,United States,-97.9088,42.7437,10363.2,244.89,715.8240000000001,United States
4ac9c4,BLX63T  ,Sweden,17.5987,50.7286,11582.4,338.85,790.3439999999999,Sweden
a1fff2,ENY4137 ,United States,-86.4473,41.478,6248.4,304.53,627.228,United States
0b4202,TGGUH   ,Guatemala,-90.5271,14.5813,1409.7,30.96,32.4,Guatemala
4ac9c5,BLX9CV  ,Sweden,-8.296,38.6742,10972.8,38.27,894.024,Sweden
a14f79,N1839W  ,United States,-83.9609,38.0849,762.0,3.31,224.46,United States
4ac9c6,BLX228  ,Sweden,3.3878,50.6176,11887.2,37.4,920.8439999999999,Sweden
4bb194,THY9VG  ,Turkey,30.0869,40.6469,8229.6,83.36,816.66,Turkey
4bb192,THY189  ,Turkey,-77.1666,35.5966,10660.38,25.32,1139.112,Turkey
4bb193,THY5KM  ,Turkey,-25.8155,65.0981,10363.2,268.94,902.0880000000001,Turkey
ac2836,SWA1407 ,United States,-94.8292,31.1855,11277.6,103.55,948.708,United States
a6594f,SKW6357 ,United States,-112.0246,33.4311,281.94,90.97,109.296,United States
ac0e0f,EJA876  ,United States,-118.8611,34.3251,2217.42,141.83,506.484,United States
020073,RAM736  ,Morocco,2.7383,49.002,708.66,265.24,289.908,Morocco
020072,RAM803  ,Morocco,-6.5015,41.9694,11887.2,198.82,780.696,Morocco
4bb18e,THY4SC  ,Turkey,2.3826,41.2619,11582.4,102.32,902.34,Turkey
77181f,EXV932  ,Sri Lanka,88.8076,22.4149,9700.26,220.8,768.168,Sri Lanka
4bb18f,THY64   ,Turkey,32.0394,40.3592,10660.38,105.57,1007.424,Turkey
896514,FDB1807 ,United Arab Emirates,51.7426,26.2814,9144.0,296.44,748.728,United Arab Emirates
c82761,CFL06   ,New Zealand,176.9069,-39.4854,327.66,283.92,223.236,New Zealand
896512,FDB4TA  ,United Arab Emirates,54.2361,25.8417,6217.92,73.8,676.944,United Arab Emirates
a1433a,SWA2980 ,United States,-89.3822,35.396,12496.8,70.55,862.2,United States
a849ab,JBU592  ,United States,-80.2385,28.5581,9768.84,66.07,1100.232,United States
a45fb1,ASA829  ,United States,-76.5033,40.5995,10363.2,251.94,806.4720000000001,United States
02005b,RAM811D ,Morocco,4.354,42.8943,11277.6,211.63,815.6880000000001,Morocco
a28975,N2625C  ,United States,-86.2971,36.0515,929.64,353.86,173.232,United States
a3e65d,N350S   ,United States,-79.7415,27.9943,7924.8,146.73,425.30400000000003,United States
4b7fd4,SUI042  ,Switzerland,7.4238,47.1028,1981.2,256.41,402.012,Switzerland
020066,RAM851W ,Morocco,-0.1878,45.0759,11887.2,209.93,705.204,Morocco
a26f62,N256SK  ,United States,-82.2114,29.0709,769.62,255.54,244.8,United States
c07607,CGSSC   ,Canada,-123.9444,49.1856,-106.68,337.81,152.028,Canada
ab9200,N84468  ,United States,-112.4674,40.8911,1813.56,279.37,182.088,United States
a599a8,AAL2038 ,United States,-106.5139,37.1714,10058.4,72.21,890.8199999999999,United States
a38367,JBU1214 ,United States,-94.7028,33.4159,8961.12,69.71,886.572,United States
acd8c1,CXK389  ,United States,-80.4124,35.7079,792.48,50.27,170.964,United States
a81155,N619MW  ,United States,-118.0742,33.5969,1059.18,322.28,299.7,United States
4067a4,DHK3999 ,United Kingdom,-19.504,63.5182,10942.32,115.51,855.72,United Kingdom
a3a9af,AAL1099 ,United States,-101.0227,34.9522,10058.4,117.18,920.2320000000001,United States
7c5d71,QFA7296 ,Australia,152.2521,-25.4259,7376.16,328.23,629.568,Australia
a93d7c,EDV5427 ,United States,-76.257,39.0255,5295.9,82.89,793.1880000000001,United States
ac2859,SWA2394 ,United States,-108.9789,35.7741,11887.2,57.38,910.332,United States
a7b4ea,JIA5215 ,United States,-80.8351,35.2595,3032.76,177.0,424.692,United States
a8d4ef,UAL366  ,United States,-70.5656,42.3283,1714.5,340.63,502.56,United States
aa6b9d,UAL951  ,United States,-73.4962,48.7903,11582.4,203.58,842.652,United States
c074ff,AHC2    ,Canada,-124.1619,49.4703,1638.3,297.15,243.50400000000002,Canada
a65917,EJA508  ,United States,-107.3008,37.1001,13106.4,241.52,769.032,United States
ab920d,N726DF  ,United States,-83.7501,42.2294,579.12,45.0,149.292,United States
c074fb,CGSHU   ,Canada,-72.4486,43.8048,12146.28,319.66,869.796,Canada
ab4eeb,DAL640  ,United States,-106.5332,38.5128,10058.4,81.37,938.484,United States
4b1f5e,HBLWW   ,Switzerland,9.5297,47.7626,4876.8,245.64,323.244,Switzerland
a1ecfd,RPA5769 ,United States,-83.2133,40.6334,10058.4,47.37,790.3439999999999,United States
a01097,RPA4680 ,United States,-73.778,40.5926,883.92,130.84,433.296,United States
a7b4f2,DAL2587 ,United States,-83.5809,29.3334,8587.74,150.77,872.244,United States
ac5bb0,DAL3116 ,United States,-84.583,33.745,2788.92,0.93,457.488,United States
a320c1,EJA300  ,United States,-111.4797,41.8246,5044.44,25.06,660.3480000000001,United States
47c0d9,NOZ6CM  ,Norway,8.7426,60.1582,8999.22,62.59,732.24,Norway
a2b346,N273SW  ,United States,-113.6558,45.8603,12489.18,89.35,974.2320000000001,United States
a3a9d2,,United States,-58.4877,-10.6721,11277.6,135.7,856.512,United States
c8276b,ANZ002M ,New Zealand,175.1746,-37.1964,2819.4,336.74,445.5,New Zealand
c00158,ANT524  ,Canada,-127.9355,54.794,10363.2,330.6,652.6080000000001,Canada
ab3bd1,N8228Z  ,United States,-116.0633,32.7617,2887.98,89.23,275.976,United States
4ac9eb,SAS4122 ,Sweden,11.84,63.3797,11887.2,10.65,851.76,Sweden
ad8ed7,AAL2329 ,United States,-85.6301,37.1643,10363.2,246.89,825.5880000000001,United States
4ac9ec,SAS1326 ,Sweden,7.6347,61.8439,6918.96,318.62,767.6279999999999,Sweden
4ac9ef,SAS73C  ,Sweden,3.9285,49.5084,4503.42,253.42,616.428,Sweden
ac62a9,SWA1898 ,United States,-66.3164,18.6924,1203.96,179.32,470.44800000000004,United States
aace5b,N796AM  ,United States,-97.7297,35.3302,487.68,261.87,157.14,United States
45d069,VKG1439 ,Denmark,1.2013,52.3298,10363.2,45.86,962.64,Denmark
48436b,KLM896  ,Kingdom of the Netherlands,4.75,52.4389,716.28,183.03,280.04400000000004,Kingdom of the Netherlands
ae4e1d,ROGUE01 ,United States,-81.9979,33.8796,1082.04,241.88,275.076,United States
a609b6,N4887Z  ,United States,-94.7375,38.8535,335.28,181.06,100.00800000000001,United States
a320a6,EDV4664 ,United States,-86.079,37.2882,9517.38,25.92,665.1,United States
86eb14,JAL726  ,Japan,121.4526,14.0393,10660.38,51.82,904.752,Japan
abb8ea,SWA3401 ,United States,-112.6498,33.1531,10668.0,63.66,847.296,United States
a3df1e,DAL9970 ,United States,-94.5507,39.0893,3543.3,88.81,624.276,United States
aa7288,AAL2569 ,United States,-122.6654,44.4795,6187.44,343.16,652.068,United States
a6ca7f,ASA759  ,United States,-122.2886,47.6042,1470.66,52.82,481.14000000000004,United States
a98ac8,UNIDENT ,United States,51.9561,26.2331,4274.82,0.0,131.508,United States
a32cea,N30302  ,United States,-88.4721,42.71,731.52,36.17,213.372,United States
a98ac9,N7139D  ,United States,-89.7091,43.5748,914.4,357.14,222.51600000000002,United States
c8277e,NOR6    ,New Zealand,174.5586,-36.5091,982.98,329.04,248.36399999999998,New Zealand
a99df4,SKW4229 ,United States,-93.3999,44.9892,1348.74,139.7,463.824,United States
8007cc,IGO6566 ,India,83.0872,22.9003,10668.0,94.11,982.2239999999999,India
34538d,VLG7851 ,Spain,17.6817,41.0922,10363.2,271.25,766.908,Spain
45d066,VKG1579 ,Denmark,6.0153,56.4889,10675.62,33.46,896.832,Denmark
48436d,KLM873  ,Kingdom of the Netherlands,74.6634,26.3203,11887.2,118.73,1032.732,Kingdom of the Netherlands
45d065,VKG847  ,Denmark,23.5953,42.0965,10355.58,349.18,769.284,Denmark
ac1547,AAL1035 ,United States,-95.8362,30.0507,10668.0,140.92,940.032,United States
45d068,VKG1215 ,Denmark,6.057,53.5004,10972.8,34.67,898.524,Denmark
48436f,KLM595  ,Kingdom of the Netherlands,2.7495,46.8168,10058.4,177.8,819.1800000000001,Kingdom of the Netherlands
a8d4d2,UAL327  ,United States,-97.4761,41.0675,10058.4,81.56,958.608,United States
aba5c8,N85JA   ,United States,-86.8906,36.1703,152.4,14.66,124.41600000000001,United States
45d064,VKG1366 ,Denmark,3.8205,45.3479,10058.4,233.93,767.556,Denmark
4ac9fa,SAS4698 ,Sweden,-4.1532,44.0607,10980.42,23.89,941.904,Sweden
a9a750,AAL21   ,United States,-85.6119,44.8334,10972.8,218.0,935.4600000000002,United States
a9f4c6,RPA3495 ,United States,-77.0374,38.8481,83.82,355.65,170.892,United States
a39662,LXJ330  ,United States,-81.9876,27.0528,7749.54,144.23,792.072,United States
ac287c,SWA2645 ,United States,-109.9988,34.2101,10149.84,63.76,863.028,United States
48435a,P4G7A   ,Kingdom of the Netherlands,24.8352,47.6105,6324.6,97.31,771.1560000000001,Kingdom of the Netherlands
a871f1,N643SA  ,United States,-95.5938,33.1833,1889.76,258.77,266.22,United States
a65937,N508RZ  ,United States,-89.4119,30.666,7559.04,265.39,644.724,United States
aa6b7e,UAL933  ,United States,-5.1902,56.6586,10363.2,299.25,883.044,United States
a200ba,SWA3115 ,United States,-112.7548,33.4521,7924.8,270.9,709.416,United States
43c8cf,VYT75   ,United Kingdom,-4.3626,53.2683,220.98,216.87,212.976,United Kingdom
484369,KLM751  ,Kingdom of the Netherlands,-64.7118,18.5067,9753.6,225.75,897.12,Kingdom of the Netherlands
aabb53,SCX3022 ,United States,-78.9845,40.1333,9753.6,293.18,813.924,United States
a95795,N7005   ,United States,-85.0458,33.2177,1318.26,180.94,113.004,United States
4a068a,ROT707B ,Romania,26.4121,45.1246,4267.2,15.35,391.788,Romania
4a068d,ROT264A ,Romania,26.3508,43.845,4724.4,303.62,451.512,Romania
3a46a2,VT115BV ,France,-147.2182,-15.543,5783.58,39.42,524.988,France
a14380,SWA1796 ,United States,-115.6711,35.399,6309.36,227.69,781.3439999999999,United States
43c8d0,VYT79   ,United Kingdom,-4.5472,53.2564,205.74,138.42,175.788,United Kingdom
43c8d1,VYT61   ,United Kingdom,-4.2643,53.3697,762.0,126.16,357.84000000000003,United Kingdom
a1ecf4,N223JF  ,United States,-96.9204,32.9328,533.4,168.06,295.308,United States
43c8d3,VLY92   ,United Kingdom,-4.5613,53.2772,327.66,240.58,199.83599999999998,United Kingdom
a0239f,N108NG  ,United States,-104.5108,38.2871,1417.32,88.77,172.26000000000002,United States
a25c75,AAY256  ,United States,-82.4387,33.1695,9342.12,344.52,818.676,United States
a466d2,DAL990  ,United States,-78.5517,38.235,10972.8,232.98,725.976,United States
89647b,UAE33Y  ,United Arab Emirates,7.4654,51.5041,2499.36,320.92,431.82,United Arab Emirates
add302,N990DV  ,United States,-113.4474,37.1852,1059.18,109.92,135.9,United States
89647d,UAE4CK  ,United Arab Emirates,22.2717,45.7788,12192.0,301.21,807.696,United Arab Emirates
a68cfd,DAL515  ,United States,-108.5675,37.4963,11887.2,75.09,1000.4399999999999,United States
896489,ETD123  ,United Arab Emirates,9.3481,49.3669,106.68,258.91,192.492,United Arab Emirates
a956e5,N700ZZ  ,United States,-81.3642,31.388,8031.48,6.38,566.532,United States
ab3c74,N823ER  ,United States,-91.6179,42.1057,2141.22,154.86,300.744,United States
a943b9,N69622  ,United States,-98.0458,29.5811,701.04,1.85,229.752,United States
e0658f,ARG1206 ,Argentina,-56.0019,-33.3387,11277.6,55.61,960.588,Argentina
a8bc34,FFT2919 ,United States,-83.6676,29.4685,9159.24,150.64,898.884,United States
a8d63b,LXJ669  ,United States,-77.7591,35.4063,14325.6,217.9,804.9960000000001,United States
896497,ABY133  ,United Arab Emirates,52.5409,25.4568,6400.8,91.88,846.828,United Arab Emirates
3e0fe7,CHX89   ,Germany,12.1344,49.4974,1051.56,182.94,216.972,Germany
4005c1,BAW127  ,United Kingdom,30.6765,34.0835,11887.2,140.42,1011.5640000000001,United Kingdom
ac633f,NCR315  ,United States,-96.4982,34.6377,12192.0,250.17,840.672,United States
ad9645,AAL2587 ,United States,-96.8175,32.776,2392.68,68.31,536.148,United States
89648b,FDB7TJ  ,United Arab Emirates,55.6976,25.9249,5052.06,32.54,764.46,United Arab Emirates
77058c,ALK265  ,Sri Lanka,49.6884,22.7969,9144.0,278.05,766.8720000000001,Sri Lanka
a956f5,N7000Q  ,United States,-87.382,36.0011,2590.8,246.12,265.32,United States
abece7,DAL1945 ,United States,-93.4846,31.1277,10363.2,258.08,779.832,United States
a6f6dd,JIA5127 ,United States,-70.7957,43.0569,7033.26,207.76,596.4480000000001,United States
a2ac9e,N2710U  ,United States,-69.9915,41.687,228.6,225.74,100.83600000000001,United States
a320f9,SKW164T ,United States,-121.8329,43.5347,10668.0,176.8,862.524,United States
ade60c,N995JP  ,United States,-82.5117,34.9267,3688.08,250.48,526.6080000000001,United States
ac6346,TWY650  ,United States,-109.7798,32.2787,12542.52,283.83,883.08,United States
0acc9e,HK5463X ,Colombia,-74.422,5.0077,3093.72,281.97,285.876,Colombia
a560f4,AAL3028 ,United States,-110.2408,34.0243,8679.18,69.24,835.8480000000001,United States
4d02c6,JFA43T  ,Luxembourg,2.7316,47.5982,10668.0,162.76,700.02,Luxembourg
ac0cf8,DAL662  ,United States,-91.0796,35.8453,10668.0,110.84,947.268,United States
781284,CSZ811  ,China,118.2844,14.4102,10058.4,153.07,911.916,China
aa70b8,N772CS  ,United States,-81.4519,26.3901,1805.94,199.06,374.256,United States
ac6f90,RQJ3    ,United States,-81.258,33.005,12184.38,196.62,647.46,United States
aa234a,AAL1895 ,United States,-77.1332,40.2494,5006.34,98.71,745.704,United States
48433d,P4JIMI  ,Kingdom of the Netherlands,30.9939,31.4557,8526.78,143.91,930.5280000000001,Kingdom of the Netherlands
344158,VLG3104 ,Spain,-7.6427,35.042,11277.6,226.34,729.612,Spain
aa70b1,CKS241  ,United States,-80.2735,25.6966,2217.42,119.08,453.492,United States
ac501e,SWA368  ,United States,-97.8001,31.6932,11887.2,23.64,812.736,United States
0acc97,NSE8770 ,Colombia,-74.0635,4.7831,3634.74,10.33,320.04,Colombia
770592,ALK503  ,Sri Lanka,12.326,48.9614,12192.0,295.37,795.276,Sri Lanka
c074ef,CGSHI   ,Canada,-113.4822,50.8204,12496.8,71.07,810.576,Canada
4ca84b,RYR22ER ,Ireland,8.231,43.9165,9753.6,49.71,781.812,Ireland
4ca84e,RYR53YP ,Ireland,9.8819,41.5892,10462.26,90.25,855.648,Ireland
a320e7,N300SE  ,United States,-111.8517,41.5897,8839.2,184.21,605.376,United States
aca010,N912WC  ,United States,-81.2403,29.3022,3070.86,325.08,381.744,United States
40682b,HLE76   ,United Kingdom,-3.5995,56.3469,1059.18,46.41,212.22000000000003,United Kingdom
896474,,United Arab Emirates,36.7817,39.8403,11277.6,120.81,1052.28,United Arab Emirates
ab4383,AAL1367 ,United States,-77.9829,35.5531,11582.4,218.06,660.924,United States
acd99a,EJA927  ,United States,-81.6166,40.8452,2499.36,249.81,515.0160000000001,United States
a44cfd,DAL946  ,United States,-103.6424,31.6479,11887.2,100.23,907.092,United States
4ca856,RYR819  ,Ireland,12.8067,41.6305,4175.76,316.85,528.012,Ireland
770588,ALK25L  ,Sri Lanka,55.4336,25.2145,220.98,301.36,227.736,Sri Lanka
4ca850,RYR6SU  ,Ireland,14.9831,44.2704,10980.42,34.64,895.932,Ireland
a560fb,TAI564  ,United States,-73.5244,40.7435,777.24,292.89,361.872,United States
a8d635,FFT3237 ,United States,-113.2909,36.9263,9677.4,236.27,837.252,United States
89646c,FDB9GN  ,United Arab Emirates,52.3823,26.497,11277.6,109.99,969.6239999999999,United Arab Emirates
a9b9e4,N726AP  ,United States,-78.1623,35.205,2324.1,270.91,233.388,United States
a93cad,6945V   ,United States,-111.7092,34.0241,1706.88,355.44,256.392,United States
896478,UAE7Q   ,United Arab Emirates,100.6904,3.6207,6202.68,306.97,825.264,United Arab Emirates
4ca85b,ITY109  ,Ireland,8.9233,48.9525,11277.6,155.16,797.94,Ireland
ac6368,N898DS  ,United States,-72.2119,41.2508,3581.4,67.74,430.23600000000005,United States
a680dc,N518TM  ,United States,-97.9755,31.7304,1905.0,190.94,341.42400000000004,United States
a3f8a1,DAL2808 ,United States,-96.4877,44.5144,11269.98,93.54,961.1640000000001,United States
ad8f7a,N973HA  ,United States,-104.3433,39.754,1927.86,334.98,183.924,United States
aa83c4,N777HN  ,United States,-81.3107,28.233,1013.46,338.8,327.744,United States
ac00d6,SWA4338 ,United States,-107.1933,34.483,11277.6,88.53,935.568,United States
ad7013,N965PW  ,United States,-79.0243,35.5482,1120.14,45.0,293.32800000000003,United States
aa1c45,RPA3573 ,United States,-88.1554,39.0119,9829.8,70.23,804.888,United States
a5cfdd,N4739L  ,United States,-96.1317,41.2079,457.2,129.81,115.70400000000001,United States
7c7701,JST225  ,Australia,173.4478,-40.7146,10972.8,196.53,878.976,Australia
a5265d,N4306W  ,United States,-101.8625,33.093,1912.62,186.34,218.01600000000002,United States
896451,UAE34E  ,United Arab Emirates,4.5115,48.3494,9753.6,311.42,859.428,United Arab Emirates
a76644,FDY335  ,United States,-77.6027,39.0352,1623.06,315.29,257.976,United States
02008b,RAM941J ,Morocco,-1.1762,37.93,10668.0,218.91,852.0840000000001,Morocco
c06dac,PVL3059 ,Canada,-71.5818,46.7702,2156.46,238.9,397.98,Canada
40688d,BAW28K  ,United Kingdom,-1.6391,53.2868,7658.1,329.0,931.248,United Kingdom
896455,UAE52P  ,United Arab Emirates,26.9579,44.016,10363.2,304.99,768.636,United Arab Emirates
abe0bb,SWA1741 ,United States,-94.5692,39.3311,1897.38,13.09,408.81600000000003,United States
896453,UAE214  ,United Arab Emirates,52.3714,26.3581,11277.6,110.37,1043.064,United Arab Emirates
896452,UAE2MJ  ,United Arab Emirates,24.4256,43.1364,10972.8,298.45,781.452,United Arab Emirates
ac769b,AAL1001 ,United States,-86.4693,20.8301,1280.16,270.66,320.40000000000003,United States
a6efcc,N546SF  ,United States,-112.2249,41.0912,2057.4,288.22,154.044,United States
89643d,ETD394  ,United Arab Emirates,57.6507,23.111,10058.4,116.52,954.1440000000001,United Arab Emirates
acbf99,EJA920  ,United States,-78.9859,30.3157,12192.0,176.3,603.144,United States
ad7028,EJA965  ,United States,-99.4017,41.4265,13106.4,273.62,675.468,United States
a98c04,N714MH  ,United States,-115.3257,34.6842,8839.2,13.76,568.224,United States
a1f503,EJA225  ,United States,-74.8937,42.1516,5783.58,119.14,718.812,United States
89644c,UAE859  ,United Arab Emirates,50.4231,26.8819,10972.8,299.55,762.192,United Arab Emirates
a275a8,EPI258  ,United States,-81.1844,28.9779,662.94,118.57,236.196,United States
89644a,UAE163  ,United Arab Emirates,4.3668,51.1186,10363.2,297.92,842.544,United Arab Emirates
a18b38,N199SP  ,United States,-88.1924,41.3541,1341.12,325.62,170.53199999999998,United States
a19e68,AAY2588 ,United States,-83.7886,29.6567,9456.42,150.48,932.184,United States
a07232,0000000 ,United States,-122.3028,48.3389,4823.46,118.2,434.988,United States
02007d,RAM911T ,Morocco,8.6185,40.4622,10668.0,265.66,807.9480000000001,Morocco
aa3646,RPA3480 ,United States,-74.5422,40.8954,1653.54,15.26,485.676,United States
a6331a,GDG49   ,United States,-122.7605,46.3145,7520.94,351.54,717.12,United States
a8cf36,N667LB  ,United States,-116.9865,32.6453,464.82,171.06,166.86,United States
896465,ETD870  ,United Arab Emirates,55.6923,25.9174,7879.08,32.23,947.9879999999999,United Arab Emirates
896464,,United Arab Emirates,57.8822,26.905,11887.2,95.47,1028.844,United Arab Emirates
896463,ETD71M  ,United Arab Emirates,29.6418,42.3616,11277.6,112.95,997.5239999999999,United Arab Emirates
a022d0,SVL67   ,United States,-82.0782,27.989,10363.2,343.54,679.752,United States
ac00f6,SWA2109 ,United States,-120.296,45.0906,10134.6,295.93,745.452,United States
a0988b,N1377M  ,United States,-88.2926,42.1933,548.64,21.14,148.932,United States
a0855d,UAL411  ,United States,-82.4713,36.4968,10363.2,329.39,821.988,United States
4d02cd,JFA75A  ,Luxembourg,-3.56,40.6859,1531.62,179.06,338.976,Luxembourg
a22839,SWA3700 ,United States,-104.2377,32.1659,11582.4,263.41,741.9960000000001,United States
a703c1,GJS4396 ,United States,-74.6111,40.7549,1958.34,47.53,534.816,United States
a5d6f9,UAL2075 ,United States,-99.8454,31.1586,10668.0,102.38,915.804,United States
c00d46,PBR630  ,Canada,-95.532,52.4957,7620.0,20.89,477.75600000000003,Canada
a5bccd,UAL1212 ,United States,-117.627,33.9901,10058.4,131.84,783.0,United States
acac8c,N9157A  ,United States,-111.9009,33.0328,1287.78,129.88,176.184,United States
e482c5,TAM3296 ,Brazil,-54.9171,-13.1057,10363.2,299.64,865.08,Brazil
e482c6,TAM3353 ,Brazil,-46.9288,-22.6034,7307.58,248.74,653.796,Brazil
486953,KLM99D  ,Kingdom of the Netherlands,4.6912,52.267,922.02,208.9,325.764,Kingdom of the Netherlands
a49079,N3931R  ,United States,-83.0758,32.981,1280.16,156.61,298.62,United States
a4f347,EJA418  ,United States,-104.7453,33.4598,5669.28,139.7,767.376,United States
a68ce2,N521CL  ,United States,-91.5033,40.5231,11887.2,101.46,959.9760000000001,United States
c00d51,FLE525  ,Canada,-95.7886,48.8814,11582.4,294.59,769.8960000000001,Canada
a7fca8,N6133D  ,United States,-118.7249,34.1176,1097.28,338.36,125.532,United States
a87f51,AAL2136 ,United States,-99.1184,28.4493,10980.42,200.9,856.44,United States
abe0df,SWA580  ,United States,-117.3336,32.7014,2148.84,134.49,438.732,United States
4ca893,RYR39WZ ,Ireland,-3.6131,41.481,10972.8,358.9,868.752,Ireland
a76668,N576TM  ,United States,-83.6258,33.3303,2247.9,345.78,278.928,United States
a716ee,JIA5578 ,United States,-75.1887,39.882,312.42,255.72,210.204,United States
a50c6f,N424W   ,United States,-87.5735,30.4617,769.62,258.31,164.52,United States
aca02f,EDV5444 ,United States,-80.1559,33.4977,10668.0,26.88,1048.572,United States
a74c35,N57BM   ,United States,-117.6558,33.601,1005.84,25.91,144.108,United States
89642a,ETD38P  ,United Arab Emirates,56.9338,23.9,9144.0,272.44,696.9960000000001,United Arab Emirates
4d02df,JFA17T  ,Luxembourg,5.3823,47.1791,7315.2,318.01,722.556,Luxembourg
896439,ETD1VW  ,United Arab Emirates,11.4566,50.2689,11582.4,288.17,754.3439999999999,United Arab Emirates
aa1c19,TIV750  ,United States,-90.7552,38.534,13716.0,263.82,860.616,United States
781da6,CES881  ,China,103.9692,1.3293,167.64,23.37,238.06799999999998,China
4005be,BAW263  ,United Kingdom,24.1239,39.7185,11887.2,135.94,958.716,United Kingdom
a76651,N576SP  ,United States,-116.8204,32.8773,1668.78,83.59,165.852,United States
896442,ETD962  ,United Arab Emirates,21.7072,46.0818,11887.2,119.08,964.152,United Arab Emirates
aa4953,ENY3461 ,United States,-91.0528,38.3207,9448.8,24.85,749.052,United States
89642d,ABY443  ,United Arab Emirates,55.5607,25.3063,175.26,302.2,236.376,United Arab Emirates
ae4cfd,DESERT9 ,United States,-114.4257,32.9045,3916.68,172.87,283.68,United States
a1db2f,N219CM  ,United States,-82.0473,29.7635,12237.72,170.0,714.6,United States
a8c397,FDX698  ,United States,-90.2448,34.7346,1752.6,69.37,504.61199999999997,United States
a262ad,ASA453  ,United States,-122.3183,47.4124,114.3,2.35,270.612,United States
a19245,N200CR  ,United States,-78.6758,26.2092,8465.82,132.87,843.9480000000001,United States
0d09ef,VIV500  ,Mexico,-100.3621,25.4648,11285.22,37.11,868.6080000000001,Mexico
a262d4,MXY529  ,United States,-78.1687,34.7764,10668.0,38.3,1066.7160000000001,United States
a1a5cf,ENY3848 ,United States,-80.6089,42.5016,10363.2,274.08,807.66,United States
781e2a,CKK206  ,China,10.5273,54.4283,10058.4,58.9,964.5840000000001,China
a9e391,RPA3424 ,United States,-80.2712,36.0138,6370.32,213.58,515.7,United States
a98085,N711HT  ,United States,-91.4353,29.3853,11285.22,107.73,997.452,United States
47c18e,NOR253  ,Norway,3.9399,60.6561,457.2,126.97,206.316,Norway
a9e388,TGGSA   ,United States,-90.5023,14.9045,2308.86,11.98,187.41600000000003,United States
aa9826,TNV132  ,United States,-149.4221,62.5745,4876.8,13.25,557.4960000000001,United States
abb90d,SWA2897 ,United States,-80.564,26.2806,3505.2,310.9,659.0880000000001,United States
4bbd05,TKJ1568 ,Turkey,30.8041,36.6397,11582.4,358.35,772.5960000000001,Turkey
4bbd04,TKJ9EJ  ,Turkey,30.6551,39.3837,10058.4,134.18,914.184,Turkey
a658d8,N508ND  ,United States,-118.6316,34.2887,1333.5,296.81,197.136,United States
a4b859,LXJ403  ,United States,-85.6877,27.7763,13098.78,301.09,702.9,United States
8963a9,ETD362  ,United Arab Emirates,54.9043,24.4004,3550.92,118.81,760.8960000000001,United Arab Emirates
4bbd01,TKJ5TN  ,Turkey,22.3966,46.1781,11887.2,129.57,912.924,Turkey
ac892e,AAL1419 ,United States,-80.9312,35.1679,487.68,355.3,271.296,United States
a0c223,WMU25   ,United States,-85.1507,42.4946,800.1,324.96,174.168,United States
a1db22,MXY172  ,United States,-78.8509,35.3037,8115.3,16.54,1008.468,United States
a0ce68,FDX266  ,United States,-117.851,34.1946,12192.0,315.78,865.692,United States
a0c20f,SKW5823 ,United States,-87.8825,41.9658,243.84,270.0,231.51600000000002,United States
a44e1c,DAL354  ,United States,-118.2123,47.6203,9144.0,277.77,671.0400000000001,United States
a98051,FFT1267 ,United States,-115.4856,35.1956,10363.2,226.67,809.64,United States
a9dc5f,N73407  ,United States,-81.2873,35.3453,1562.1,217.12,171.864,United States
a022e2,N108ET  ,United States,-78.15,41.7183,10866.12,149.71,840.7800000000001,United States
a930f0,N6911H  ,United States,-97.8214,32.4505,182.88,197.42,99.0,United States
add1fa,N99TG   ,United States,-95.2329,32.338,190.5,30.41,197.568,United States
a9dc5e,UAL2491 ,United States,-112.733,32.9485,10972.8,262.22,861.696,United States
a645b4,GJS4410 ,United States,-91.9096,35.6311,8092.44,13.8,667.476,United States
a81e07,N622DS  ,United States,-83.9093,40.4167,1379.22,322.03,96.33600000000001,United States
ab3c0a,ASA5    ,United States,-96.424,37.5503,10363.2,262.73,731.8800000000001,United States
ac6f31,PDT6090 ,United States,-74.9251,38.9034,4229.1,27.03,721.404,United States
a4ebaf,DCM6879 ,United States,-89.1137,34.0227,7040.88,249.8,380.84400000000005,United States
a31b08,N3ED    ,United States,-118.8508,37.7497,11681.46,78.95,966.1320000000001,United States
a3defb,AJT881  ,United States,-74.9871,40.4082,7719.06,231.39,658.8720000000001,United States
a645bf,N503GV  ,United States,-113.3646,34.467,13106.4,251.87,886.6800000000001,United States
a3d2c0,UAL1210 ,United States,-102.9744,38.4467,9151.62,312.57,709.1279999999999,United States
a44e18,DAL1002 ,United States,-94.7682,32.1237,10972.8,258.47,769.284,United States
a0857a,N13231  ,United States,-95.9676,35.8473,1188.72,339.04,186.40800000000002,United States
a0857b,N13232  ,United States,-72.6895,42.1726,579.12,16.86,191.592,United States
750109,AXM64   ,Malaysia,91.1521,20.9615,10020.3,124.16,933.336,Malaysia
a9d031,EJA731  ,United States,-71.3591,42.3871,1097.28,141.98,463.104,United States
aadfd5,N80DF   ,United States,-86.0806,42.7463,320.04,259.81,167.472,United States
a49bdb,N3963G  ,United States,-85.3728,42.8485,2156.46,83.86,346.464,United States
a4423a,UAL1678 ,United States,-113.8785,39.2135,10668.0,79.82,921.9960000000001,United States
ab4316,N8247T  ,United States,-81.8721,34.2793,845.82,19.2,264.744,United States
ab4f62,N828JG  ,United States,-103.0635,38.4703,2865.12,129.41,309.204,United States
394ea2,TJT77JD ,France,3.3585,44.9337,7002.78,234.72,480.96,France
a2b2da,ENY3347 ,United States,-80.2614,25.7784,152.4,298.92,222.156,United States
a382e9,N325WT  ,United States,-98.2296,30.7425,533.4,14.47,177.876,United States
addf01,AAL3060 ,United States,-97.0185,33.1031,998.22,200.59,358.092,United States
a20271,N229AA  ,United States,-88.1525,36.7494,1188.72,51.45,151.56,United States
47ba78,SAS32T  ,Norway,12.0334,60.3741,2743.2,3.28,486.036,Norway
0d09b9,SLI1682 ,Mexico,-98.294,27.0164,11277.6,356.78,790.2,Mexico
aad3a0,SKW5508 ,United States,-93.9034,35.6126,8031.48,122.29,963.9,United States
a44240,DAL1773 ,United States,-87.7798,23.3445,11277.6,174.97,823.6080000000001,United States
738446,AIZ417  ,Israel,44.95,41.4581,1714.5,87.31,513.576,Israel
a8bc71,JBU322  ,United States,-73.1676,41.0441,7459.98,48.25,1015.236,United States
ab4f5d,JBU1141 ,United States,-81.0661,30.6436,10972.8,193.58,678.276,United States
ac0cab,AAL193  ,United States,-80.5321,47.7088,12184.38,235.11,932.472,United States
a3489f,AAL1491 ,United States,-79.9397,25.2293,6553.2,146.89,711.9720000000001,United States
a20288,ATN9702 ,United States,-139.7258,58.1116,11910.06,127.17,913.428,United States
4bb101,THY8MT  ,Turkey,-111.6758,38.8516,12192.0,217.78,885.744,Turkey
4bb102,THY175  ,Turkey,102.4125,2.5591,5433.06,312.12,676.5840000000001,Turkey
abb94f,SWA4680 ,United States,-112.8038,34.6142,11582.4,251.52,788.868,United States
3c0c99,TUI23D  ,Germany,-6.8639,37.3842,11582.4,50.25,915.3000000000001,Germany
0d09c8,LCT802  ,Mexico,-110.9912,28.9179,2941.32,186.25,527.2560000000001,Mexico
a810c3,N619G   ,United States,-80.0994,33.6727,11094.72,30.55,881.712,United States
ac1fe2,N880X   ,United States,-79.2028,26.8119,7848.6,31.53,899.532,United States
a9e340,N736VR  ,United States,-113.1801,37.1536,2491.74,345.23,210.67200000000003,United States
a8bc80,N662JS  ,United States,-80.35,25.6469,426.72,267.19,189.144,United States
a2abda,SKW3841 ,United States,-94.4181,37.1413,7452.36,2.67,674.856,United States
a32e8c,DAL2972 ,United States,-96.2903,36.1517,10668.0,3.73,740.52,United States
a4421d,DAL1915 ,United States,-79.7158,25.7133,11277.6,160.78,764.928,United States
0d09bd,VOI7855 ,Mexico,-118.2332,33.5734,4899.66,117.31,633.672,Mexico
4baa14,THY8HY  ,Turkey,27.9321,41.6364,7528.56,306.05,673.452,Turkey
acac13,N9153V  ,United States,-111.9161,33.2391,701.04,358.57,222.3,United States
0d09bf,VOI3629 ,Mexico,-87.5785,21.7631,6141.72,137.42,714.3480000000001,Mexico
ac630b,TWY1    ,United States,-119.7753,39.6114,11742.42,69.83,907.5960000000001,United States
740737,RJA518  ,Jordan,23.3721,35.4306,10668.0,92.99,958.788,Jordan
89649f,UAE3YM  ,United Arab Emirates,3.1901,51.4308,8702.04,289.21,776.6640000000001,United Arab Emirates
ad3fce,N953AB  ,United States,-84.5254,34.5847,2430.78,229.83,295.704,United States
76d253,TGW615  ,Singapore,104.1052,1.9598,4876.8,179.85,694.512,Singapore
abb972,SWA1432 ,United States,-82.0972,28.5392,3665.22,172.44,633.3480000000001,United States
a1e23a,ENY3686 ,United States,-78.7749,35.8964,220.98,225.89,252.792,United States
a32e86,DAL350  ,United States,-79.6952,36.3793,10675.62,54.09,969.48,United States
ac6f4b,N900BF  ,United States,-89.9335,31.9124,11277.6,149.62,970.3800000000001,United States
780b68,CSC3912 ,China,100.4187,10.8898,10355.58,1.37,852.1560000000001,China
a2c5db,SKW3740 ,United States,-117.76,45.0209,10363.2,319.65,629.352,United States
ad3fd6,ASA265  ,United States,-120.8137,47.4148,7239.0,91.68,757.8000000000001,United States
ac26cf,RPA5821 ,United States,-81.0333,24.675,3360.42,221.02,471.276,United States
a99f92,TCN719  ,United States,-95.6663,25.6408,13723.62,93.09,962.568,United States
a62092,N494SP  ,United States,-122.3823,37.1977,1005.84,141.2,121.17599999999999,United States
ac0cc9,ES806   ,United States,-121.1537,38.3242,670.56,99.12,151.92000000000002,United States
ae0628,SABRE35 ,United States,-101.0247,35.2644,8534.4,267.22,763.92,United States
4bbd12,TKJ18A  ,Turkey,29.5365,38.8644,10386.06,75.7,884.8800000000001,Turkey
a3dec3,N349AF  ,United States,-98.2857,29.0916,1600.2,103.92,215.604,United States
a0bb7a,N1461E  ,United States,-96.1245,41.2034,396.24,130.49,99.828,United States
a34891,N310TY  ,United States,-83.3197,31.0349,5753.1,134.33,333.972,United States
ab3018,N82SF   ,United States,-111.8817,34.4731,4213.86,14.6,499.5,United States
ade609,JBU2829 ,United States,-72.6832,40.3836,9761.22,225.13,582.768,United States
a44212,UAL1567 ,United States,-89.5755,30.3145,11269.98,59.66,869.0400000000001,United States
43c954,NEMSIS65,United Kingdom,-1.5508,51.1537,304.8,223.45,48.456,United Kingdom
a9f64b,ENY3515 ,United States,-89.3962,36.8346,9144.0,326.61,683.172,United States
501dc4,CTN6CH  ,Croatia,8.4464,47.5477,967.74,137.9,284.54400000000004,Croatia
a44e59,FFT3121 ,United States,-91.3282,31.7759,11567.16,242.89,784.368,United States
ac8985,DAL889  ,United States,-98.484,46.1463,10363.2,289.29,745.6320000000001,United States
3a2e23,REU971  ,France,20.7523,37.8988,10972.8,315.95,793.692,France
ac7658,AAL2379 ,United States,-105.8899,40.0769,5875.02,261.55,604.764,United States
a68e04,N521QA  ,United States,-80.0305,26.7843,1074.42,180.0,327.81600000000003,United States
acc626,N922FS  ,United States,-107.8152,37.9059,3505.2,218.39,181.944,United States
a38af8,JBU1940 ,United States,-82.6866,30.4753,10668.0,0.48,890.856,United States
acd5a3,N926NC  ,United States,-95.0441,32.4842,4785.36,218.74,636.3000000000001,United States
a82d29,N626GM  ,United States,-122.2586,38.2032,198.12,150.68,155.052,United States
aa32c4,N75600  ,United States,-112.1405,33.851,1584.96,351.12,179.964,United States
abfe42,N872FA  ,United States,-88.1576,41.727,883.92,347.01,197.676,United States
ac252a,SWA455  ,United States,-87.8531,41.5601,2225.04,187.1,539.352,United States
c01cae,WJA2274 ,Canada,-99.5316,36.8605,10668.0,149.58,972.9,Canada
c07f59,CF4505  ,Canada,-124.1431,49.2642,-137.16,289.21,129.45600000000002,Canada
ab9b31,N847PT  ,United States,-82.7554,27.9747,632.46,151.56,353.84400000000005,United States
3d4fe2,DFCMS   ,Germany,8.8227,49.9679,8534.4,131.36,557.676,Germany
a6b7e8,N532AN  ,United States,-118.2161,33.7248,1043.94,227.06,182.16,United States
a75aa1,N573M   ,United States,-80.1842,25.9178,472.44,266.99,246.672,United States
a2c1bd,AAY3192 ,United States,-82.2552,28.3723,7886.7,330.84,786.816,United States
aa8229,N7763Y  ,United States,-73.6692,41.0442,556.26,215.08,190.116,United States
a05923,N121TS  ,United States,-83.7146,36.5498,11887.2,161.87,767.808,United States
a9b701,N725KA  ,United States,-122.1736,37.4769,228.6,119.66,153.432,United States
aad213,AAL2431 ,United States,-107.2231,31.8843,11582.4,274.74,851.112,United States
c049fd,WJA2564 ,Canada,-79.9715,36.9041,9753.6,145.43,832.212,Canada
3965a9,AFR342  ,France,-73.8318,45.4099,655.32,42.71,294.876,France
c049ff,CRN111  ,Canada,-122.8011,53.6899,2667.0,207.81,381.096,Canada
a3f4ea,DAL2884 ,United States,-81.0642,40.1651,11277.6,107.74,923.652,United States
abb5bf,SWA2815 ,United States,-80.196,26.0764,533.4,269.09,348.228,United States
c02fe2,CFSDL   ,Canada,-114.6659,39.1157,13106.4,330.31,788.832,Canada
ac7ede,N904JP  ,United States,-97.435,29.9792,2499.36,249.53,296.53200000000004,United States
a1b4fd,N209RV  ,United States,-96.1548,32.7378,2621.28,117.99,299.916,United States
a7d7b5,SKW6433 ,United States,-102.3209,34.992,11277.6,105.6,922.932,United States
abfe52,N872FS  ,United States,-105.0343,40.4568,1798.32,170.02,203.076,United States
888177,HVN430  ,Viet Nam,116.3232,21.2293,8839.2,55.05,937.656,Viet Nam
a9672c,ASA248  ,United States,-96.4153,30.0011,10972.8,227.06,837.36,United States
a64df2,EJA505  ,United States,-77.8594,32.918,10058.4,8.46,1082.232,United States
a5977f,N46CL   ,United States,-84.3795,33.7699,579.12,39.14,102.672,United States
a5977e,MMN46   ,United States,-78.4459,41.7397,12192.0,251.72,667.044,United States
a414e8,DAL1472 ,United States,-82.8559,27.8242,10668.0,171.83,782.0640000000001,United States
ad4528,SKW5028 ,United States,-103.2948,43.4668,9456.42,176.85,908.856,United States
a271f1,EPI257  ,United States,-80.9284,28.9588,1097.28,170.54,180.252,United States
3965b1,AFR718  ,France,-2.55,40.773,10668.0,195.13,823.032,France
ac2546,N882AC  ,United States,-85.7968,30.8058,11056.62,91.78,956.088,United States
ab65ec,ROK30   ,United States,-111.769,33.4348,556.26,51.93,141.156,United States
008698,IWY327  ,South Africa,-64.6062,17.3008,10668.0,122.61,897.012,South Africa
c02fe5,ASP836  ,Canada,-95.0122,46.3531,13106.4,328.78,703.836,Canada
ac7edb,N904JL  ,United States,-81.2808,29.8592,5044.44,165.1,446.54400000000004,United States
a5e761,N48MP   ,United States,-121.2447,41.3394,1325.88,275.25,182.268,United States
484bac,HNL23B  ,Kingdom of the Netherlands,4.8928,53.5059,708.66,174.81,204.552,Kingdom of the Netherlands
c02fe7,ACA598  ,Canada,-120.1815,38.6112,10668.0,169.94,816.336,Canada
a82d14,FFT1993 ,United States,-104.7359,39.8404,1912.62,267.02,320.83200000000005,United States
a3daf7,N3479W  ,United States,-112.11,33.7626,1005.84,183.37,220.752,United States
abeb31,SWA3541 ,United States,-82.5906,27.4208,11277.6,166.1,755.532,United States
a56a56,SWA4247 ,United States,-78.7097,39.5775,7780.02,105.84,814.3199999999999,United States
aa2bc2,UAL2137 ,United States,-86.1454,39.4801,10668.0,119.36,917.964,United States
aa2bc1,UAL2341 ,United States,-86.7961,41.6822,3657.6,352.9,554.292,United States
a6ed3b,UAL2124 ,United States,-90.7862,38.8192,10058.4,25.85,730.548,United States
aaf87f,DAL728  ,United States,-83.9463,42.8526,6629.4,315.63,712.44,United States
a904a6,EJA680  ,United States,-121.8226,37.2672,655.32,318.96,341.31600000000003,United States
c023c9,ACA966  ,Canada,-64.8666,31.8135,11879.58,168.91,866.268,Canada
a894b5,FFT1157 ,United States,-81.1616,36.3504,10363.2,225.38,798.84,United States
a75ac7,JIA5144 ,United States,-75.3179,40.0616,1927.86,93.83,527.148,United States
a76df8,AAL2421 ,United States,-108.1669,35.6138,10668.0,95.17,924.1920000000001,United States
a641b6,DAL121  ,United States,-93.184,45.6163,6019.8,322.11,687.5640000000001,United States
ab52d8,N829FS  ,United States,-95.934,39.0008,1676.4,157.31,220.824,United States
ac85ce,DAL444  ,United States,-122.3211,47.1997,1348.74,0.99,322.308,United States
a21142,EDV5285 ,United States,-98.1151,46.6215,8534.4,275.7,690.5160000000001,United States
c06c58,GRYDR6  ,Canada,-88.294,37.2355,6393.18,60.08,367.524,Canada
a6a4d4,N527VK  ,United States,-86.4993,40.0955,6065.52,348.78,228.45600000000002,United States
45b86a,SUS1332 ,Denmark,10.7693,48.3888,1089.66,71.36,330.3,Denmark
88818e,HVN348  ,Viet Nam,106.7284,21.8641,6682.74,27.45,803.484,Viet Nam
a68a37,N520PD  ,United States,-117.7171,33.481,228.6,122.97,163.36800000000002,United States
c023bd,ACA922  ,Canada,-86.5727,20.9651,876.3,125.76,440.496,Canada
a35781,AAL1469 ,United States,-80.0133,25.5892,1242.06,51.76,433.872,United States
a641bf,DAL510  ,United States,-88.8338,39.9448,10668.0,91.54,898.524,United States
a38ac5,VWA118  ,United States,-111.7377,33.6575,944.88,177.78,190.90800000000002,United States
3ddc04,CHX75   ,Germany,6.917,50.921,320.04,106.48,189.288,Germany
ab4bf7,DAL567  ,United States,-106.8048,41.8026,10668.0,85.65,976.968,United States
4ca6d9,SAS1740 ,Ireland,23.9844,55.6348,7597.14,134.82,811.944,Ireland
a33d68,DAL2055 ,United States,-99.4654,45.4142,11277.6,109.07,1003.284,United States
3475d9,VLG6XG  ,Spain,-8.6455,36.1671,10980.42,49.03,912.42,Spain
a009a4,AAL1239 ,United States,-114.516,36.2772,10675.62,69.23,861.624,United States
888194,HVN270  ,Viet Nam,105.5977,21.0134,2095.5,16.97,482.148,Viet Nam
ac72af,AAL2300 ,United States,-80.9684,25.8898,4427.22,110.59,747.828,United States
aba2b7,EJA849  ,United States,-110.9777,41.682,12496.8,82.89,1002.2399999999999,United States
acd5ad,AAL2178 ,United States,-111.9514,40.6765,1737.36,354.52,368.388,United States
a2bab8,N275T   ,United States,-96.2329,33.2652,2202.18,127.09,380.772,United States
a22482,SWA2314 ,United States,-75.3513,39.6737,8839.2,40.34,886.8960000000001,United States
3475d3,LVL27DQ ,Spain,1.1659,40.9649,5920.74,253.55,745.3800000000001,Spain
aa2ba2,UAL2476 ,United States,-113.1058,35.3608,10668.0,62.53,843.264,United States
aa2ba1,UAL2285 ,United States,-113.133,40.7617,10066.02,90.44,959.364,United States
aa2ba4,UAL1833 ,United States,-109.7307,37.6424,10363.2,255.05,732.24,United States
abb5e2,SWA2839 ,United States,-95.1295,36.2481,11277.6,94.28,967.608,United States
a521de,N43MF   ,United States,-106.6451,34.7008,3505.2,339.18,281.34000000000003,United States
acced9,AAL2284 ,United States,-89.6658,31.1009,7315.2,274.43,718.884,United States
a641c9,N502EG  ,United States,-93.3561,37.2103,617.22,320.25,243.288,United States
4064bb,EXS65Q  ,United Kingdom,-3.6949,46.9809,10972.8,32.49,906.804,United Kingdom
aae580,N8009R  ,United States,-96.1245,41.2034,396.24,128.53,127.836,United States
a8d284,LXJ668  ,United States,-84.6534,42.5165,14325.6,293.75,892.26,United States
a4ad24,N400FF  ,United States,-105.9752,38.3811,10340.34,36.76,804.492,United States
ae5e4d,GRYHK72 ,United States,-76.1603,37.0779,1150.62,210.08,472.968,United States
a667aa,N5111J  ,United States,-95.2366,29.653,4000.5,267.71,231.696,United States
abeb3c,N8670M  ,United States,-95.5126,32.2589,2270.76,134.58,356.22,United States
a8d27e,FFT3046 ,United States,-93.1167,44.7914,1485.9,131.65,515.52,United States
43c5e8,DRDNT48 ,United Kingdom,-1.2887,51.7068,845.82,338.94,319.5,United Kingdom
ac0b61,UAL2037 ,United States,-104.4255,37.0006,10972.8,248.2,738.036,United States
ac0b74,SWA323  ,United States,-111.0895,33.7514,5943.6,66.84,753.3720000000001,United States
a547e9,N4397Q  ,United States,-88.2564,41.8852,335.28,16.29,125.42400000000002,United States
45b870,SUS1446 ,Denmark,4.9283,43.6885,1196.34,162.46,374.868,Denmark
3c49ce,EWG1FH  ,Germany,8.62,48.7552,11887.2,186.73,773.928,Germany
a129dc,AAL2535 ,United States,-106.5173,34.4147,10668.0,87.41,902.8439999999999,United States
5084e7,SQY5532 ,Ukraine,38.8338,39.9064,10972.8,308.87,699.3720000000001,Ukraine
44d2ab,JAF4CG  ,Belgium,-3.0947,41.1458,11277.6,210.24,724.536,Belgium
44d2aa,JAF3453 ,Belgium,-0.0702,37.7578,11277.6,177.52,856.44,Belgium
5084e2,UTN9178 ,Ukraine,23.0214,44.3757,10363.2,344.48,782.2800000000001,Ukraine
a04641,AAL179  ,United States,-109.315,37.8155,9753.6,271.16,733.536,United States
a9f26f,N74YZ   ,United States,-111.1392,32.4295,876.3,199.95,244.296,United States
a9eb99,ROK83   ,United States,-111.4489,33.6784,1554.48,34.77,191.628,United States
a52dbc,NWX432  ,United States,-98.4502,32.2205,1569.72,231.55,160.812,United States
0ac412,HK5298G ,Colombia,-74.0842,4.817,2567.94,101.96,160.92000000000002,Colombia
781f0c,HLF8861 ,China,120.544,15.3149,3162.3,172.47,579.1320000000001,China
4bb068,THY2MQ  ,Turkey,28.7261,41.2396,426.72,178.1,335.41200000000003,Turkey
4bb069,THY84W  ,Turkey,30.8892,34.5563,10668.0,177.98,893.2320000000001,Turkey
4bb067,THY9YH  ,Turkey,10.3263,40.7501,10972.8,88.46,826.308,Turkey
3c49d5,EWG2HM  ,Germany,8.3611,47.6945,1592.58,189.83,379.692,Germany
a57d42,AAL2209 ,United States,-113.9761,34.3077,10058.4,71.8,842.184,United States
4bb065,THY88K  ,Turkey,30.7973,36.8325,10058.4,178.43,876.312,Turkey
abf246,WMU86   ,United States,-85.5556,42.6276,922.02,179.61,270.396,United States
4bb062,THY5YE  ,Turkey,9.8199,39.9312,11582.4,81.71,860.904,Turkey
4bb063,THY50K  ,Turkey,30.8546,35.4706,10668.0,178.19,878.292,Turkey
8964fc,ETD474  ,United Arab Emirates,55.1288,24.2439,3855.72,111.09,797.94,United Arab Emirates
ae4b29,THNDR12 ,United States,-117.2359,32.9084,464.82,277.18,237.05999999999997,United States
e49697,TAM3487 ,Brazil,-38.5138,-4.5466,5905.5,179.54,688.968,Brazil
a09fda,N1396R  ,United States,-97.7819,30.6734,1005.84,19.27,202.068,United States
4077e0,BAW679  ,United Kingdom,14.6245,46.0249,10355.58,284.07,746.532,United Kingdom
ac72e4,AAL3257 ,United States,-109.1985,39.3914,9753.6,289.52,709.3439999999999,United States
a87b9b,ATAC11  ,United States,-112.6438,33.2672,1196.34,18.98,677.6279999999999,United States
c07f2e,WEN3362 ,Canada,-112.8119,53.5771,7620.0,13.6,472.536,Canada
a03f20,FFL1362 ,United States,-81.1383,30.5207,6103.62,179.69,346.32,United States
02a199,TAR643  ,Tunisia,14.722,43.2377,10675.62,206.63,764.46,Tunisia
8964d4,FDB40W  ,United Arab Emirates,51.9371,26.3773,10363.2,291.69,731.484,United Arab Emirates
888167,HVN11   ,Viet Nam,102.3805,12.1993,10363.2,314.29,949.5,Viet Nam
a69d32,N525TH  ,United States,-97.4866,29.2814,5219.7,76.67,658.548,United States
a4b41c,AAL1557 ,United States,-118.974,34.9485,9761.22,303.63,923.04,United States
3965ae,AFR156  ,France,26.6813,34.6892,10058.4,143.56,994.536,France
8964bd,ETD822  ,United Arab Emirates,55.4465,25.6676,6629.4,38.46,908.208,United Arab Emirates
a05940,AAL3199 ,United States,-80.5343,35.6861,4709.16,212.68,466.452,United States
4bb028,TKJ1AR  ,Turkey,29.5065,40.9596,998.22,244.13,271.692,Turkey
4bb026,TKJ2DZ  ,Turkey,21.386,44.1337,11887.2,120.67,915.048,Turkey
ad8bed,JBU1002 ,United States,-78.1353,31.2871,10668.0,6.04,1055.952,United States
4064a4,TOM2WM  ,United Kingdom,-5.3761,47.3359,10972.8,23.67,918.036,United Kingdom
a03f1e,DAL1511 ,United States,-80.5859,32.7816,10668.0,26.75,1003.824,United States
a129b0,SKW3317 ,United States,-112.1905,39.845,10668.0,23.68,806.904,United States
ade2b5,NKS1655 ,United States,-93.4362,29.4947,11887.2,95.4,924.552,United States
acbbf4,N92BK   ,United States,-80.9044,27.196,1844.04,189.78,272.484,United States
c02fd8,ACA552  ,Canada,-121.2816,44.1739,11277.6,168.74,891.3240000000001,Canada
02a194,TAR589  ,Tunisia,8.8181,40.2658,11277.6,152.35,834.192,Tunisia
c01ca9,WEN3532 ,Canada,-106.6513,50.8297,7620.0,97.69,650.34,Canada
a654a8,N507HH  ,United States,-91.4727,31.2205,4343.4,92.26,468.936,United States
a44a61,DAL853  ,United States,-122.4657,47.3496,1737.36,180.52,405.612,United States
aad284,N797FA  ,United States,-84.3355,33.123,1104.9,320.75,169.77599999999998,United States
888158,VJC821  ,Viet Nam,139.2707,35.0427,6896.1,243.86,664.272,Viet Nam
a4ad54,N400HD  ,United States,-86.8514,36.1651,365.76,275.55,133.95600000000002,United States
43c5ed,BLBRD38 ,United Kingdom,-2.7173,52.8546,7924.8,149.52,679.068,United Kingdom
a414fb,DAL2392 ,United States,-85.5849,35.2635,10660.38,149.45,976.356,United States
abfe9d,JRE872  ,United States,-83.3878,30.8002,12192.0,347.37,694.62,United States
a3315c,N3046D  ,United States,-116.5084,33.1859,2705.1,54.92,296.46,United States
ab9b9d,UAL1486 ,United States,-82.8471,34.3076,10233.66,136.4,856.692,United States
ac0b7f,UAL2195 ,United States,-84.3043,42.1468,10668.0,83.37,850.212,United States
c036b1,WJA2300 ,Canada,-102.1545,44.3739,10668.0,141.85,944.3879999999999,Canada
8964da,ABY583  ,United Arab Emirates,55.2859,25.4328,693.42,255.8,460.404,United Arab Emirates
addbc0,N992TF  ,United States,-95.5626,29.0477,1882.14,232.82,202.248,United States
a57d4d,N453AM  ,United States,-84.5162,31.6566,11574.78,327.53,772.704,United States
4ca6fb,RYR5DL  ,Ireland,-3.488,37.2828,11582.4,51.09,875.808,Ireland
ad92cf,LYM400  ,United States,-112.1523,36.0679,10408.92,356.2,670.032,United States
ad4584,SWA2285 ,United States,-71.7363,41.1666,3215.64,50.45,634.068,United States
a0a923,UCA4247 ,United States,-76.7911,39.1122,5044.44,88.79,790.992,United States
a2cf34,ENY3341 ,United States,-94.2466,42.1546,10363.2,277.03,710.964,United States
a2e93c,AAY841  ,United States,-71.5462,42.7978,10370.82,225.12,627.264,United States
00b08b,SFR217  ,South Africa,28.2858,-25.957,2598.42,163.59,380.34000000000003,South Africa
ae63f2,FM04    ,United States,-74.757,37.7689,8290.56,169.17,699.552,United States
a369e7,SKW125X ,United States,-94.7297,45.696,10546.08,306.42,667.476,United States
a99af5,NDU718  ,United States,-111.5965,33.2231,891.54,160.38,198.576,United States
e8043d,LAN455  ,Chile,-58.2056,-34.6761,1059.18,302.92,344.15999999999997,Chile
e8043f,,Chile,-75.0039,5.4013,5791.2,157.57,597.06,Chile
ae63ea,FM03    ,United States,-74.7977,37.76,8290.56,165.86,727.668,United States
a7c4fa,N60AV   ,United States,-104.4224,41.2704,13716.0,77.47,1075.7160000000001,United States
4c808c,CYF461  ,Cyprus,26.946,36.8861,11277.6,144.28,926.1719999999999,Cyprus
70606f,KAC373  ,Kuwait,56.9589,24.9254,11277.6,112.23,974.304,Kuwait
a27f62,N260EA  ,United States,-81.1201,24.9619,1249.68,165.32,358.02000000000004,United States
a1b62f,BECT141 ,United States,-96.8532,38.0774,10668.0,252.96,360.288,United States
e80456,LAN008  ,Chile,-71.4007,-34.6369,8892.54,24.24,816.48,Chile
e80458,LAN030  ,Chile,-70.9549,-33.7219,4770.12,21.77,624.204,Chile
a03f93,N115JE  ,United States,-89.6256,42.7634,1371.6,2.56,207.648,United States
e8044d,LAN071  ,Chile,-70.9503,-35.091,9166.86,188.09,776.304,Chile
c00a6a,GLR673  ,Canada,-121.4631,53.5616,5372.1,281.54,536.832,Canada
a34fae,EJA312  ,United States,-89.2132,30.554,8755.38,53.99,737.172,United States
a0e3b8,N1566W  ,United States,-97.3422,26.4266,1219.2,188.66,369.036,United States
ad935b,JBU2321 ,United States,-75.8252,39.8213,10363.2,230.65,692.172,United States
018099,BNL235  ,Libyan Arab Jamahiriya,15.8529,32.8161,10370.82,280.11,728.028,Libyan Arab Jamahiriya
781dc7,CYZ258  ,China,90.5069,54.1122,10058.4,124.87,945.8280000000001,China
781dbe,CSS128  ,China,23.1721,54.1142,9456.42,23.58,842.652,China
ac10ed,CXK285  ,United States,-81.4139,29.3085,662.94,219.24,143.46,United States
abf0dc,CXK219  ,United States,-80.5509,35.6714,601.98,54.46,191.16,United States
a2e935,ENY4239 ,United States,-88.4712,41.633,3048.0,55.14,602.64,United States
4ca808,RYR19NB ,Ireland,10.8574,44.1054,11178.54,155.8,844.704,Ireland
4ca802,RYR859Z ,Ireland,15.7601,41.8575,11582.4,303.42,776.6640000000001,Ireland
4ca804,RYR71PY ,Ireland,11.0615,49.5003,297.18,98.41,265.86,Ireland
e80462,LPE2472 ,Chile,-91.5458,13.001,10972.8,317.91,826.092,Chile
e80461,LPE2429 ,Chile,-47.1409,-23.1219,5425.44,47.79,592.6320000000001,Chile
acd68a,EDV4633 ,United States,-93.3086,44.9197,731.52,119.22,250.38,United States
a103bc,N1646H  ,United States,-81.1443,35.4764,556.26,14.26,112.75200000000001,United States
ae63e9,DO01    ,United States,-75.6982,37.8151,1463.04,215.83,632.736,United States
a22fda,N24YP   ,United States,-106.175,35.614,2682.24,142.6,484.884,United States
a66935,DAL171  ,United States,-98.4604,52.5607,10972.8,327.96,876.1320000000001,United States
780aa3,CPA219  ,China,114.2515,22.1514,3032.76,87.04,645.3720000000001,China
a16635,N19DZ   ,United States,-120.9528,38.5049,3444.24,172.61,345.492,United States
780aa4,,China,57.6139,22.9498,12192.0,284.81,703.008,China
345084,VLG70FK ,Spain,2.4323,41.2415,4099.56,73.27,688.464,Spain
896624,UAE821  ,United Arab Emirates,51.9747,26.0988,6705.6,307.92,669.06,United Arab Emirates
896623,UAE89Y  ,United Arab Emirates,50.4651,27.5546,11887.2,145.46,966.816,United Arab Emirates
a04653,N117BF  ,United States,-111.9257,40.9247,1554.48,3.29,161.388,United States
780aa8,CPA077  ,China,113.737,22.1849,990.6,335.25,367.092,China
c07f02,WJA1021 ,Canada,-113.9902,51.0546,1341.12,1.41,226.008,Canada
40787b,TOM092  ,United Kingdom,-88.7069,32.5924,12192.0,201.04,980.208,United Kingdom
a6b90b,N532ND  ,United States,-114.8368,35.9299,822.96,72.6,130.03199999999998,United States
a54957,LJY241  ,United States,-108.9575,36.0385,11277.6,71.19,988.02,United States
8880a5,HVN647  ,Viet Nam,107.7346,22.4277,9296.4,79.14,924.0120000000001,Viet Nam
c07f01,WJA1020 ,Canada,-112.8528,38.9687,11582.4,191.67,805.6080000000001,Canada
4bb075,THY31M  ,Turkey,30.6789,37.1817,10668.0,160.46,907.92,Turkey
4bb072,THY2CC  ,Turkey,2.7924,44.1417,8161.02,59.6,805.176,Turkey
ae50e8,R20317  ,United States,-87.417,36.7339,594.36,222.95,220.14,United States
e80479,ARE4907 ,Chile,-74.3023,4.3454,4945.38,168.36,569.16,Chile
a0464a,AER42   ,United States,-143.0928,60.0978,4693.92,286.3,409.068,United States
a249d0,N2468Y  ,United States,-90.4578,30.4298,2773.68,90.0,255.564,United States
40787a,TOM020  ,United Kingdom,-59.5711,13.0552,441.96,75.87,273.096,United Kingdom
89661f,UAE72N  ,United Arab Emirates,50.0081,27.0362,12496.8,105.56,1063.116,United Arab Emirates
e80478,ARE4214 ,Chile,-74.1391,4.6478,3200.4,241.98,358.74,Chile
a02c40,AAL12   ,United States,-103.8757,39.1323,10058.4,72.69,921.42,United States
a64f10,N5051T  ,United States,-93.6078,41.2231,1021.08,112.38,170.244,United States
a26c12,SWA1548 ,United States,-83.7566,34.1686,4107.18,222.0,550.764,United States
ae50e7,HALON47 ,United States,-85.641,31.5761,1120.14,93.84,276.55199999999996,United States
4bb06f,THY1NS  ,Turkey,6.2596,40.7,11582.4,97.94,858.276,Turkey
a3ef3f,N35247  ,United States,-81.7856,30.2699,190.5,339.34,120.744,United States
a93a52,N694HS  ,United States,-71.0815,41.154,563.88,328.95,211.86,United States
a81a7f,TCN621  ,United States,-101.3448,39.6619,13106.4,241.28,859.5,United States
a4fc04,N420EA  ,United States,-96.9281,38.9326,12054.84,269.35,487.11600000000004,United States
4bb06c,THY7TP  ,Turkey,13.4891,51.0296,11277.6,120.24,904.644,Turkey
e8046a,LPE2019 ,Chile,-74.9888,-6.6668,10660.38,24.91,804.5640000000001,Chile
ac380d,N887CE  ,United States,-117.4365,33.1215,2225.04,281.07,530.2800000000001,United States
a7fa76,LXJ613  ,United States,-97.2066,32.1949,13716.0,108.77,903.672,United States
ab1839,AAL1316 ,United States,-88.5793,36.5489,12489.18,37.11,877.86,United States
ae63ef,SG01    ,United States,-78.2262,36.8538,2346.96,93.01,704.736,United States
4c8085,BBG271  ,Cyprus,31.7144,33.8804,10058.4,122.82,943.1640000000001,Cyprus
a1c935,RPA5598 ,United States,-85.5367,42.7795,9235.44,257.5,821.376,United States
a03331,UCA4258 ,United States,-89.9572,30.1319,10363.2,253.08,776.268,United States
ae63fc,FM01    ,United States,-73.4535,38.002,8168.64,200.39,685.62,United States
a81a81,FFT45   ,United States,-83.5158,27.8732,11277.6,32.55,984.3480000000001,United States
ae63fa,DO02    ,United States,-75.7024,37.8081,0.0,215.66,629.0640000000001,United States
7811a5,CCA897  ,China,1.6589,47.3201,11887.2,210.67,740.7,China
896642,FDB573  ,United Arab Emirates,85.1273,27.2054,4815.84,44.01,530.46,United Arab Emirates
a369af,EJA319  ,United States,-81.6702,26.5915,487.68,234.62,313.452,United States
a4bfc1,FFT3330 ,United States,-84.2858,35.8805,11902.44,66.93,883.728,United States
7811a3,CCA783  ,China,127.318,36.4174,10058.4,139.92,1006.8480000000001,China
a7fa70,FFT3394 ,United States,-114.0237,40.722,9052.56,88.78,959.5440000000001,United States
e80484,ARE4155 ,Chile,-74.3226,5.2212,5341.62,207.02,619.56,Chile
7811a0,JYH1265 ,China,102.2787,14.977,10363.2,235.47,807.048,China
8008c3,IGO735Y ,India,73.0238,20.5326,10668.0,354.85,866.52,India
e80489,LAN048  ,Chile,-70.8319,-33.5005,3078.48,31.78,538.092,Chile
a9b775,JIA5468 ,United States,-87.1011,39.6081,9296.4,223.79,867.1320000000001,United States
a0a967,UCA4248 ,United States,-87.8907,34.1944,8839.2,69.94,847.764,United States
02a0ad,TAR722  ,Tunisia,4.2666,47.1383,9928.86,330.46,830.196,Tunisia
896607,FDB2WA  ,United Arab Emirates,51.895,26.6564,11277.6,108.61,957.5640000000001,United Arab Emirates
a33ce1,N30785  ,United States,-88.2671,44.6574,822.96,292.43,126.21600000000001,United States
ab5eb2,SWA4347 ,United States,-97.3088,30.9513,11391.9,198.55,879.0840000000001,United States
4ca82e,EJU49DK ,Ireland,7.9253,46.1216,8488.68,301.47,755.64,Ireland
a5cd87,N473PC  ,United States,-80.4371,25.9023,2438.4,86.61,500.90399999999994,United States
346391,IBB6XE  ,Spain,-5.0592,39.0678,10538.46,35.61,874.728,Spain
a02c8a,N110DM  ,United States,-65.2325,18.4286,1333.5,151.72,332.28,United States
4ab5d0,SAS757  ,Sweden,18.5752,54.3542,403.86,290.77,229.752,Sweden
ad5817,SWA942  ,United States,-84.4057,27.9413,12199.62,265.71,668.592,United States
896606,FDB9RF  ,United Arab Emirates,56.9656,23.9896,8839.2,126.05,934.5960000000001,United Arab Emirates
a5e78c,DCM1010 ,United States,-80.6512,27.3654,6400.8,339.5,486.3960000000001,United States
896604,FDB1625 ,United Arab Emirates,52.5762,25.9115,10363.2,295.79,732.24,United Arab Emirates
a6e131,AAL1914 ,United States,-101.05,35.7178,8229.6,79.83,891.864,United States
ac608e,AAL1092 ,United States,-81.4054,30.6941,10668.0,357.75,943.3800000000001,United States
e80418,LAN770  ,Chile,-54.869,-25.7402,10668.0,64.63,877.284,Chile
a1a351,CXK470  ,United States,-83.4741,42.662,975.36,265.31,113.36399999999999,United States
aaf831,ASA4    ,United States,-107.5629,46.0735,11277.6,101.63,964.332,United States
ab050f,UAL1479 ,United States,-95.3666,38.8227,11269.98,93.98,987.6600000000001,United States
a2732e,TRF557  ,United States,-96.6811,33.6925,441.96,275.91,162.0,United States
a6ed61,UAL1640 ,United States,-89.7732,41.6592,7924.8,247.76,802.368,United States
a1c997,ENY3728 ,United States,-99.1164,28.0746,10363.2,204.27,828.9,United States
a223f0,EJA237  ,United States,-97.2425,31.8619,8732.52,186.54,861.228,United States
ac1e22,N880DB  ,United States,-97.1423,32.7875,266.7,91.36,155.628,United States
aaa8d0,N786WM  ,United States,-149.8954,61.2889,929.64,354.73,262.22400000000005,United States
896617,UAE9785 ,United Arab Emirates,103.5977,15.1338,9753.6,261.19,907.056,United Arab Emirates
a7d7f3,SKW4759 ,United States,-101.6674,41.9195,10058.4,66.13,810.072,United States
a03397,UCA4339 ,United States,-77.6516,41.3375,7094.22,211.72,672.768,United States
c01d72,FLE1690 ,Canada,-78.0834,34.9964,11582.4,175.6,724.428,Canada
ac98ac,SWA673  ,United States,-81.1035,28.8033,3672.84,200.2,493.344,United States
a4ad9e,N400LC  ,United States,-80.2217,38.8878,11582.4,270.44,731.556,United States
a38c43,N328CJ  ,United States,-84.7261,40.1701,8595.36,73.63,617.6880000000001,United States
a69d8a,N525WW  ,United States,-81.2416,29.9061,4899.66,177.42,452.34000000000003,United States
896620,UAE2AY  ,United Arab Emirates,10.7393,51.0733,12192.0,296.2,788.508,United Arab Emirates
4ca847,RYR8LC  ,Ireland,0.6506,40.8763,8717.28,260.94,858.924,Ireland
89660b,FDB569  ,United Arab Emirates,75.1122,14.0928,11277.6,147.96,876.1320000000001,United Arab Emirates
aa7b78,SWA4569 ,United States,-85.8704,35.1012,9288.78,141.95,985.464,United States
e80429,ARE4906 ,Chile,-74.8053,3.5784,8557.26,192.54,775.98,Chile
a82d58,TWY32   ,United States,-82.1022,31.2012,10058.4,333.28,939.2399999999999,United States
ab4ba6,JBU401  ,United States,-75.8755,40.0633,10972.8,236.6,709.884,United States
ab5ed8,SWA3380 ,United States,-94.3499,38.3071,11277.6,85.45,934.4879999999999,United States
aa8e8a,N78DT   ,United States,-96.8962,32.2663,2697.48,184.35,317.592,United States
ab0532,VXP543  ,United States,-78.0204,33.6197,11285.22,7.26,1039.8960000000002,United States
345041,VLG77RP ,Spain,-4.8299,37.5626,4518.66,256.97,690.048,Spain
345042,VLG9VT  ,Spain,6.7368,43.2238,10972.8,50.6,831.6,Spain
345043,VLG59CA ,Spain,4.1541,42.1246,9791.7,46.97,835.992,Spain
a0a98a,UCA4858 ,United States,-78.0023,38.9307,4030.98,280.47,591.3720000000001,United States
a641ec,N502FS  ,United States,-111.2702,32.6368,3284.22,24.48,227.91600000000003,United States
ac250b,SWA2440 ,United States,-80.6923,25.7848,1851.66,270.5,425.988,United States
a04692,DAL2550 ,United States,-121.8586,37.338,2811.78,218.45,482.436,United States
e48f00,GLO1134 ,Brazil,-49.13,-23.1168,9753.6,279.98,769.1039999999999,Brazil
a6ed7f,UAL558  ,United States,-76.597,42.6491,10058.4,86.42,888.84,United States
706068,KAC345  ,Kuwait,55.0011,25.6198,10668.0,110.8,964.8000000000001,Kuwait
abaeb2,SWA1870 ,United States,-81.0399,26.1931,3185.16,129.69,608.94,United States
aaf83c,AAL3163 ,United States,-80.7218,42.5074,9753.6,272.69,828.7560000000001,United States
e48f02,GLO1029 ,Brazil,-45.4518,-23.9912,5234.94,261.87,680.976,Brazil
a04695,DAL2031 ,United States,-94.2254,33.5503,9761.22,285.87,745.1279999999999,United States
34768e,VLG30AH ,Spain,-1.1043,38.871,10972.8,52.46,826.776,Spain
a82d82,N626LA  ,United States,-96.9792,37.46,5631.18,87.78,669.06,United States
34768d,VLG11KG ,Spain,-8.4278,35.325,11277.6,216.05,749.0160000000001,Spain
a904e6,TRF688  ,United States,-96.5734,32.64,777.24,266.91,205.884,United States
a03367,N1118N  ,United States,-111.7907,33.271,441.96,351.61,114.192,United States
a30985,N295RA  ,United States,-112.0105,33.4621,1767.84,7.59,308.268,United States
a82d85,N626LD  ,United States,-83.9075,30.2027,1371.6,312.17,212.4,United States
885967,TVJ3681 ,Thailand,100.7102,15.0379,7254.24,192.2,797.6880000000001,Thailand
a7fa2f,LFA471  ,United States,-80.792,28.5413,304.8,103.37,232.23600000000002,United States
a02c88,N110DK  ,United States,-105.8834,40.5959,4998.72,280.55,273.168,United States
780af8,CES7531 ,China,113.6716,22.8675,1112.52,118.18,352.98,China
885961,TVJ760  ,Thailand,74.9062,19.3394,8831.58,308.36,599.868,Thailand
ad08d7,KOW939  ,United States,-84.9032,40.2835,14173.2,64.58,867.3480000000001,United States
a68a95,SKW6422 ,United States,-113.2177,36.6625,10668.0,70.24,838.296,United States
484c50,KLM64H  ,Kingdom of the Netherlands,7.1186,56.1654,11582.4,194.59,742.536,Kingdom of the Netherlands
a2cf40,KPO280  ,United States,-77.873,33.7776,13106.4,193.2,681.012,United States
347691,AEA046  ,Spain,-47.3012,-25.5548,10660.38,35.48,934.7760000000001,Spain
c01d7e,FLE821  ,Canada,-116.2073,52.2202,9753.6,234.42,792.468,Canada
347694,VLG1981 ,Spain,-9.4402,39.278,2895.6,179.79,501.912,Spain
a2bc12,UAL405  ,United States,-111.6302,36.1934,9753.6,230.44,828.7560000000001,United States
abfe1c,DAL734  ,United States,-115.3672,47.6987,10363.2,331.95,637.956,United States
a02c7b,HER110  ,United States,-115.1055,36.1312,1623.06,88.14,457.668,United States
706076,KAC503  ,Kuwait,35.6233,34.1031,2689.86,282.75,478.476,Kuwait
a68a90,N520ST  ,United States,-80.7253,28.6049,10424.16,159.92,674.352,United States
706078,KAC675  ,Kuwait,54.1487,25.9577,6774.18,83.13,727.488,Kuwait
aaf84c,N806BM  ,United States,-81.0417,29.1871,83.82,244.5,133.38,United States
a1c979,N214MH  ,United States,-81.1887,32.1552,403.86,47.69,195.33599999999998,United States
a5c15d,N470CS  ,United States,-100.1157,32.2348,3291.84,88.24,361.296,United States
a27326,SKW3755 ,United States,-121.6508,39.1208,1859.28,115.31,415.872,United States
a02047,N107SB  ,United States,-102.0674,32.2151,2651.76,180.18,575.964,United States
501d0a,ISR895  ,Croatia,37.4082,40.0119,10668.0,60.91,883.764,Croatia
a54926,N44KA   ,United States,-82.5212,27.6237,4564.38,150.38,419.688,United States
a0dcde,N155BC  ,United States,-92.4585,42.1199,1363.98,254.85,184.21200000000002,United States
ab52a7,N829DT  ,United States,-86.2943,31.1098,2720.34,49.55,313.95599999999996,United States
a34fe6,SKW3876 ,United States,-102.7905,35.1268,10058.4,152.73,945.936,United States
485f85,BOE295  ,Kingdom of the Netherlands,-80.2403,32.9262,2918.46,273.72,456.55199999999996,Kingdom of the Netherlands
a02c94,DAL2121 ,United States,-113.5959,35.0309,9753.6,239.6,867.456,United States
a9a404,SKW278T ,United States,-106.6672,34.399,11277.6,80.11,894.852,United States
485f83,KLM373  ,Kingdom of the Netherlands,-115.6459,46.0679,11582.4,212.8,923.148,Kingdom of the Netherlands
484c52,KLM92Z  ,Kingdom of the Netherlands,0.8491,53.0904,10668.0,105.71,875.376,Kingdom of the Netherlands
485f84,KLM661  ,Kingdom of the Netherlands,-91.5796,36.2505,10972.8,198.14,1034.856,Kingdom of the Netherlands
70605e,KAC102  ,Kuwait,16.8365,46.6891,10668.0,116.77,945.864,Kuwait
a94105,PDT6099 ,United States,-82.2356,34.8738,403.86,31.96,237.924,United States
484c53,E   LA3 ,Kingdom of the Netherlands,10.2546,50.2939,9829.8,312.57,678.96,Kingdom of the Netherlands
70605f,KAC413  ,Kuwait,100.024,14.1725,5836.92,107.07,813.708,Kuwait
abb5a2,ASH4066 ,United States,-104.4062,38.7459,3535.68,216.32,459.684,United States
abb5a3,ASH4028 ,United States,-95.064,29.9777,807.72,270.0,385.2,United States
e80448,LAN809  ,Chile,148.1382,-39.6224,11582.4,11.36,884.052,Chile
a76f67,UAL2041 ,United States,-109.1202,39.4806,10363.2,260.4,743.832,United States
abaf3f,N852EW  ,United States,-104.984,38.703,3108.96,194.77,348.588,United States
a3d024,CXK550  ,United States,-104.6347,39.1696,2720.34,359.18,129.636,United States
aa93c9,UAL121  ,United States,-68.6484,44.1531,10363.2,256.87,684.612,United States
486651,KLM1225 ,Kingdom of the Netherlands,18.1724,59.889,1417.32,257.85,369.432,Kingdom of the Netherlands
a966b2,CONGO65 ,United States,-104.663,38.8471,2552.7,77.94,221.57999999999998,United States
506c30,MNB9407 ,Slovenia,29.396,40.9192,342.9,245.77,203.076,Slovenia
4bcde9,SXS19B  ,Turkey,28.0806,38.5778,6675.12,74.9,725.112,Turkey
a95fbe,ASA49   ,United States,-153.3817,60.0392,8983.98,234.07,697.572,United States
0d1083,VIV7379 ,Mexico,-101.348,25.5521,10218.42,90.77,966.816,Mexico
a76f68,UAL1734 ,United States,-113.9725,34.5253,10363.2,262.21,833.6880000000001,United States
7335b5,IRM076  ,Islamic Republic of Iran,115.1754,41.3784,9784.08,287.09,699.48,Islamic Republic of Iran
4ca759,ITY721  ,Ireland,20.6638,39.2561,9144.0,302.34,782.4960000000001,Ireland
a5ccc7,N473FL  ,United States,-85.7708,28.0329,13708.38,108.71,964.0079999999999,United States
a95fd6,N703BK  ,United States,-104.3958,39.3417,2598.42,327.38,164.91600000000003,United States
a4fc50,JRE420  ,United States,-81.462,41.116,12496.8,143.94,707.904,United States
48664a,CND5749 ,Kingdom of the Netherlands,-4.4815,36.9418,10668.0,205.98,811.728,Kingdom of the Netherlands
8a09e5,OEY321  ,Indonesia,110.6754,-6.0328,9753.6,269.87,835.236,Indonesia
a4fc69,N420JB  ,United States,-93.5142,44.8561,640.08,97.18,222.12,United States
486648,CND8U   ,Kingdom of the Netherlands,16.0343,46.4903,10363.2,324.16,781.308,Kingdom of the Netherlands
a27380,SWA805  ,United States,-121.9239,37.4482,5478.78,26.77,703.1880000000001,United States
a3d039,DAL2697 ,United States,-83.412,42.3397,1920.24,276.84,466.308,United States
a1f0d8,N224LA  ,United States,-118.4988,34.2127,289.56,338.75,143.06400000000002,United States
aa3f6b,USC21   ,United States,-95.7346,43.3033,12496.8,95.33,896.544,United States
461f9b,FIN9XG  ,Finland,25.4238,62.9093,11277.6,182.05,830.2320000000001,Finland
461f9c,FIN7AC  ,Finland,-2.9848,56.6458,10728.96,228.58,733.464,Finland
34644e,IBS1903 ,Spain,14.4355,36.3004,10668.0,96.22,905.4,Spain
484c1b,KLM25M  ,Kingdom of the Netherlands,7.0504,54.1519,11582.4,209.13,703.8720000000001,Kingdom of the Netherlands
a77645,DAL917  ,United States,-92.4,44.8299,10363.2,265.01,745.488,United States
0d1097,XBGRW   ,Mexico,-100.455,26.1548,1036.32,138.74,140.436,Mexico
ac36cc,SWA2737 ,United States,-104.172,38.3617,7223.76,148.34,857.304,United States
ab4c55,N827RB  ,United States,-77.45,39.4381,723.9,258.19,208.116,United States
a2d686,N282MK  ,United States,-118.7769,34.1647,1036.32,282.8,208.90800000000002,United States
4780a1,WIF7HY  ,Norway,4.8759,59.8829,4876.8,351.04,523.08,Norway
394c10,AFR7442 ,France,-0.1482,45.435,4876.8,208.3,628.92,France
a69cce,N525PH  ,United States,-104.3484,34.7086,13716.0,339.74,663.3000000000001,United States
394c14,AFR7408 ,France,1.9554,47.5025,9563.1,182.72,741.636,France
a4a0b4,EDV4630 ,United States,-84.6102,33.9364,3040.38,345.23,559.26,United States
4ca762,RYR201H ,Ireland,11.6338,41.8711,11582.4,313.5,799.092,Ireland
394c19,AFR53EM ,France,-2.9234,45.3763,10370.82,39.71,950.868,France
4ca764,RYR6LG  ,Ireland,13.7439,49.1883,10972.8,28.2,811.1880000000001,Ireland
346458,IBE07WW ,Spain,-0.1702,51.6063,2133.6,114.56,378.72,Spain
394c18,AFR94UK ,France,4.6098,47.528,9136.38,330.08,850.392,France
a95fe9,N703CD  ,United States,-102.9508,36.4116,11887.2,84.2,861.876,United States
4bcdba,SXS11J  ,Turkey,22.0917,47.6949,11277.6,150.2,879.336,Turkey
ac7f77,EJA904  ,United States,-118.5558,33.899,1348.74,248.39,517.932,United States
acd62b,N926TP  ,United States,-98.1201,27.1604,167.64,0.0,220.392,United States
aa596c,SKW4988 ,United States,-116.2926,34.8474,9448.8,70.52,805.392,United States
ac1ccf,N88PP   ,United States,-117.2817,33.1279,99.06,242.45,96.084,United States
461f6d,FIN576  ,Finland,25.0255,67.5173,3337.56,152.17,523.5840000000001,Finland
a2bc5a,UAL1930 ,United States,-107.2077,32.121,10363.2,281.79,815.436,United States
a700a4,JIA5530 ,United States,-97.0258,33.0131,701.04,180.69,309.312,United States
461f6e,FIN4NC  ,Finland,12.7677,41.9468,6690.36,43.41,757.224,Finland
ad56e0,JBU2151 ,United States,-78.2207,37.9426,10363.2,217.07,740.4480000000001,United States
ab400f,DAL787  ,United States,-102.695,45.4174,10972.8,295.68,752.148,United States
a70cf1,N5530J  ,United States,-81.4801,33.972,1927.86,228.4,242.71200000000002,United States
ab400e,N824DM  ,United States,-76.8854,37.0598,12192.0,323.16,830.808,United States
aba30b,UAL1703 ,United States,-109.4635,32.1373,8153.4,271.9,781.956,United States
c06aac,TSC106  ,Canada,-80.9379,43.1501,9768.84,234.19,860.94,Canada
896598,ETD8CD  ,United Arab Emirates,135.6617,-35.3069,11887.2,89.05,1111.356,United Arab Emirates
ab5f98,N8318Y  ,United States,-90.6435,38.6682,152.4,257.97,115.52400000000002,United States
a75013,GXA6141 ,United States,-79.4544,41.3602,11277.6,81.73,875.8439999999999,United States
c06aaa,TSC340  ,Canada,-81.7165,41.889,10355.58,204.71,868.464,Canada
e06491,ARG1265 ,Argentina,-47.0134,-26.6236,10972.8,226.72,826.704,Argentina
c071a4,WJA2026 ,Canada,-88.7036,31.8138,10972.8,204.91,918.9,Canada
a26c93,N2551G  ,United States,-84.8951,33.852,891.54,30.22,195.048,United States
a75018,TRF547  ,United States,-111.7837,33.2708,571.5,38.97,161.964,United States
a3dc8e,TWY348  ,United States,-74.0286,40.875,327.66,227.29,229.356,United States
a210c5,RPA5608 ,United States,-87.1667,40.7603,10668.0,98.43,896.796,United States
484c24,KLM68V  ,Kingdom of the Netherlands,4.8332,52.5656,1264.92,271.31,403.848,Kingdom of the Netherlands
a7c62c,N60PA   ,United States,-100.9127,37.99,13708.38,292.08,783.432,United States
48af0e,LOT6586 ,Poland,26.6118,44.2858,10972.8,321.91,696.492,Poland
48af0f,LOT3AN  ,Poland,11.4845,48.3854,1539.24,173.07,399.24,Poland
48af0d,LOT461  ,Poland,17.3876,54.0431,11277.6,304.9,776.808,Poland
48af0b,LOT6317 ,Poland,22.9343,46.5082,10668.0,149.08,882.9720000000001,Poland
a2e98f,N287SC  ,United States,-111.9771,40.7702,1836.42,92.83,187.27200000000002,United States
740828,RJA183  ,Jordan,84.5157,17.441,11582.4,286.72,881.8199999999999,Jordan
740827,RJA112  ,Jordan,13.7197,46.6689,12496.8,129.03,944.0640000000001,Jordan
3cd5aa,DCS606  ,Germany,6.362,45.945,11887.2,211.17,701.316,Germany
aae3d6,N800WE  ,United States,-77.4245,35.7746,2621.28,275.71,148.89600000000002,United States
a1f0b4,RPA5638 ,United States,-87.4454,39.9825,10363.2,265.97,764.928,United States
a5236d,N430DD  ,United States,-97.6014,33.0276,7284.72,323.45,401.148,United States
aa8cb2,RPA3589 ,United States,-75.3331,39.9051,4709.16,43.18,822.816,United States
a02088,AAL3278 ,United States,-86.5966,35.5415,10363.2,261.2,762.7320000000001,United States
4bcdd6,SXS6QE  ,Turkey,11.055,48.7798,11277.6,136.22,861.876,Turkey
4ca73a,RYR179V ,Ireland,11.1613,45.7618,9425.94,356.51,760.716,Ireland
ac8668,N7989U  ,United States,-82.0108,30.2502,487.68,203.1,136.90800000000002,United States
a2c338,UAL1213 ,United States,-75.9894,41.1263,5791.2,110.13,731.808,United States
a38c66,DAL878  ,United States,-96.4844,32.8587,4564.38,73.02,691.308,United States
4bcde1,SXS36J  ,Turkey,7.5845,51.7887,8968.74,301.1,785.16,Turkey
48af12,LOT125  ,Poland,31.2035,31.0948,11887.2,170.92,903.9960000000001,Poland
a76f6c,UAL469  ,United States,-107.9101,32.1347,10363.2,277.08,841.6800000000001,United States
a38c64,ENY4007 ,United States,-79.9603,25.1163,7094.22,162.54,691.1640000000001,United States
a38c60,DAL2104 ,United States,-86.4939,33.0954,8534.4,249.88,834.336,United States
a4a0d9,DAL706  ,United States,-87.6256,34.2851,9654.54,291.27,735.3000000000001,United States
3009b7,DLA8AL  ,Italy,8.7963,45.8464,4030.98,54.29,510.876,Italy
780092,CAO1154 ,China,23.9613,58.1268,11277.6,68.61,853.272,China
a6a64a,N5277P  ,United States,-99.4714,30.0144,2476.5,270.0,250.02,United States
4ca740,RYR21BP ,Ireland,-1.6949,41.1422,11582.4,75.88,895.644,Ireland
a726ee,N560AD  ,United States,-83.3519,28.9675,12496.8,159.77,803.34,United States
4ca741,RYR54NM ,Ireland,-2.7741,52.9161,10668.0,120.81,806.436,Ireland
3009b8,DLA5K   ,Italy,8.9788,48.6104,8107.68,10.83,690.12,Italy
a4031b,CXK406  ,United States,-79.3584,35.9003,990.6,212.42,162.36,United States
ac865a,N906KC  ,United States,-94.7203,38.8544,1059.18,75.96,221.436,United States
406544,EZY67YV ,United Kingdom,-1.5451,52.2916,1295.4,280.49,355.968,United Kingdom
345101,VLG15QR ,Spain,6.439,43.6734,11277.6,240.87,776.0160000000001,Spain
345102,VLG7BA  ,Spain,8.0728,49.1167,9144.0,308.2,763.5960000000001,Spain
a52f57,ASI859  ,United States,-112.7674,33.6799,1280.16,296.57,190.512,United States
461f4e,FIN132  ,Finland,82.5828,20.9522,10972.8,326.38,882.9720000000001,Finland
acd64b,AAL1340 ,United States,-85.9313,30.8815,9144.0,277.73,715.8240000000001,United States
89655b,UAE5AM  ,United Arab Emirates,112.4272,-3.0485,10972.8,298.61,951.4079999999999,United Arab Emirates
89655a,UAE70M  ,United Arab Emirates,14.2626,49.301,12192.0,306.26,870.48,United Arab Emirates
a8f903,N67767  ,United States,-88.0214,36.7244,845.82,86.19,27.828000000000003,United States
a38082,JBU1855 ,United States,-76.8226,39.0347,2468.88,222.59,467.928,United States
461f4d,FIN2WA  ,Finland,15.9232,57.2755,13106.4,54.02,952.0559999999999,Finland
a3dc34,DAL1103 ,United States,-89.295,44.8429,10355.58,276.92,753.696,United States
48af06,LOT5JL  ,Poland,-0.75,44.9466,10972.8,26.26,921.024,Poland
48af03,LOT3FB  ,Poland,16.2151,55.6164,10972.8,325.35,765.432,Poland
461f67,FIN3AT  ,Finland,23.7583,60.4134,3779.52,66.63,564.9119999999999,Finland
a5f9e2,N4840W  ,United States,-80.5883,26.1822,4846.32,331.6,595.8000000000001,United States
48af02,LOT1MJ  ,Poland,3.9091,49.3168,3931.92,252.04,564.5880000000001,Poland
acc332,N921PM  ,United States,-88.0962,43.2681,1021.08,60.78,303.48,United States
a09529,N13692  ,United States,-102.5401,33.5094,1287.78,91.8,235.33200000000002,United States
a5dfb3,CBN478K ,United States,-89.5281,37.7736,1638.3,259.75,176.904,United States
44cc42,BEL7AM  ,Belgium,12.2281,48.9831,10370.82,295.99,663.444,Belgium
44cc41,BEL2UE  ,Belgium,1.0252,48.1626,10797.54,20.38,845.568,Belgium
ab4040,N824FM  ,United States,-73.6991,41.057,304.8,329.95,258.876,United States
a26093,SKW4038 ,United States,-108.52,45.5942,3101.34,68.57,537.192,United States
89655e,UAE9LT  ,United Arab Emirates,22.7467,44.2709,12192.0,286.8,800.928,United Arab Emirates
ad9f7f,AAL1071 ,United States,-93.3067,36.6504,10660.38,93.45,953.64,United States
ad8c4c,AAL515  ,United States,-105.1482,31.3843,10668.0,114.24,897.7320000000001,United States
461f62,FIN5NX  ,Finland,24.9687,60.3262,-22.86,153.43,223.632,Finland
8a09a2,BTK6081 ,Indonesia,115.9773,-31.0947,6256.02,359.26,718.6320000000001,Indonesia
a63c0b,N500XP  ,United States,-79.8383,26.3063,3383.28,113.38,686.0160000000001,United States
ace96e,N931AP  ,United States,-87.4107,36.6355,342.9,133.73,117.9,United States
0d103d,,Mexico,-99.8258,26.069,11887.2,51.0,788.76,Mexico
44cc45,BEL6MI  ,Belgium,18.4138,48.2154,10355.58,316.42,795.1320000000001,Belgium
acbc30,N92DV   ,United States,-85.8775,41.655,3992.88,90.25,427.824,United States
a4acae,AAL1057 ,United States,-71.7753,43.0231,7787.64,287.01,728.208,United States
a58fdf,AAL2586 ,United States,-106.3605,35.4621,9745.98,258.61,778.356,United States
a69ca0,N525MM  ,United States,-84.9978,36.3967,10972.8,194.6,771.264,United States
40784f,EMC5    ,United Kingdom,-1.7173,55.1316,1996.44,74.91,441.18,United Kingdom
89656f,ETD413  ,United Arab Emirates,69.8519,18.1345,10965.18,295.89,848.16,United Arab Emirates
600852,AHY321  ,Azerbaijan,46.4543,40.4477,10972.8,264.79,816.408,Azerbaijan
86eb94,ANA849  ,Japan,127.8874,27.1276,11582.4,228.52,724.248,Japan
c0371f,WJA583  ,Canada,-110.5662,51.287,10972.8,276.69,730.98,Canada
a2bc9e,UAL2032 ,United States,-77.8486,39.5238,4709.16,320.26,657.5400000000001,United States
a2b060,UAL1265 ,United States,-94.8912,29.9066,807.72,307.41,435.996,United States
394c0c,AFR41CM ,France,2.2711,48.9061,3886.2,85.03,769.6080000000001,France
a6a60f,N52750  ,United States,-95.5006,32.5604,762.0,180.58,183.348,United States
781eb7,CES736  ,China,121.0222,14.8452,11582.4,357.02,927.252,China
a1a39b,CXK593  ,United States,-88.3705,43.1091,1051.56,303.31,155.12400000000002,United States
a76f46,UAL2676 ,United States,-101.2723,38.4455,10058.4,140.49,972.216,United States
461f49,FIN151  ,Finland,27.8174,44.4473,11887.2,136.05,1000.656,Finland
a6562b,CSB9250 ,United States,-96.2779,34.4703,11887.2,83.14,884.16,United States
ac23ef,SWA3029 ,United States,-83.1223,38.7089,10972.8,266.59,808.92,United States
a6b94a,EJA532  ,United States,-94.8092,41.2028,8229.6,74.48,886.068,United States
461f48,FIN61   ,Finland,24.6815,69.3398,10972.8,359.54,913.068,Finland
ae63d9,FAST13  ,United States,-92.9498,30.9357,5791.2,22.25,870.444,United States
89653d,ETD440  ,United Arab Emirates,55.0742,25.2538,5364.48,47.83,874.548,United Arab Emirates
89653c,ETD842  ,United Arab Emirates,54.9889,24.7136,3649.98,210.64,570.456,United Arab Emirates
ad3cf3,JSX510  ,United States,-93.2487,31.7006,11277.6,124.27,921.024,United States
aa591b,N766PD  ,United States,-95.8394,31.7588,723.9,19.69,186.876,United States
781ec3,CCA950  ,China,84.1996,56.3828,11887.2,118.86,909.3240000000001,China
a4accb,N400BS  ,United States,-95.5878,32.081,861.06,109.42,339.732,United States
0d105f,XATGV   ,Mexico,-98.1609,25.357,6309.36,176.07,350.856,Mexico
a7bf14,N599CM  ,United States,-96.3008,31.6921,0.0,352.57,128.88,United States
a5e6d7,N48GA   ,United States,-93.1526,37.5177,7315.2,359.45,388.944,United States
a4c6f7,N407DK  ,United States,-70.7182,-33.5268,1341.12,12.8,250.704,United States
a1a38c,N2042Q  ,United States,-97.3084,31.118,967.74,6.48,82.00800000000001,United States
896556,FDB868  ,United Arab Emirates,51.0384,26.7959,7010.4,112.48,813.744,United Arab Emirates
449683,JAF36A  ,Belgium,1.4703,42.9673,11582.4,355.57,791.316,Belgium
a5dfda,N478LP  ,United States,-113.5306,33.3199,2240.28,109.4,139.392,United States
e481b6,PRTBL   ,Brazil,-53.1914,-24.4808,13716.0,341.7,760.752,Brazil
a5232b,AAL2107 ,United States,-107.6719,32.1801,9448.8,106.86,874.728,United States
adf63f,SGX999  ,United States,-79.9752,26.9181,1562.1,237.51,393.012,United States
aa818d,RPA3651 ,United States,-83.8057,40.358,10568.94,50.87,742.5,United States
a606e0,N488FT  ,United States,-79.331,33.7248,6400.8,50.8,673.956,United States
a5e6bf,N48FB   ,United States,-105.2715,36.9519,11887.2,78.04,893.556,United States
40782b,AUR78B  ,United Kingdom,-2.1208,53.5269,1188.72,139.57,345.528,United Kingdom
a5e6be,N48FA   ,United States,-83.8504,35.9587,449.58,6.01,106.164,United States
461f52,FIN41   ,Finland,25.9165,45.7801,11277.6,134.27,1021.536,Finland
a859c2,N637WS  ,United States,-95.8066,30.0356,152.4,217.52,130.752,United States
a1c8dc,BLKWG09 ,United States,-83.9017,32.4542,579.12,201.55,236.95199999999997,United States
4063de,BAW886Q ,United Kingdom,22.3203,45.5311,10668.0,119.46,933.804,United Kingdom
e4959a,PPMLZ   ,Brazil,-59.7959,14.549,9227.82,176.74,847.728,Brazil
a22539,UAL2213 ,United States,-99.6465,40.5874,12192.0,260.34,717.624,United States
781300,CSH832  ,China,100.1016,12.2366,10058.4,16.25,860.364,China
461f0d,FIN5TP  ,Finland,24.7894,44.4432,11277.6,150.75,955.188,Finland
a6e0f0,N542SF  ,United States,-77.554,39.0701,213.36,341.57,181.548,United States
400f9a,BAW697  ,United Kingdom,4.3783,51.1396,10980.42,290.52,739.5840000000001,United Kingdom
ae7797,JILL41  ,United States,-79.2701,35.2714,601.98,355.63,315.756,United States
0ab014,TOS6610 ,Belize,-86.8598,21.0258,0.0,303.5,151.02,Belize
ae6474,KING41  ,United States,-80.8187,28.2375,617.22,338.07,307.44000000000005,United States
ae4a4b,C6044   ,United States,-88.0655,30.6238,0.0,344.36,96.156,United States
4ac92a,JON07   ,Sweden,17.9737,59.6893,274.32,192.48,214.344,Sweden
a08e82,RPA4405 ,United States,-82.8723,39.9915,304.8,274.16,204.264,United States
a26bb8,SKW138Y ,United States,-116.0838,33.5584,9448.8,81.85,770.796,United States
a60804,N488TK  ,United States,-115.3025,35.8505,2042.16,41.97,420.94800000000004,United States
e48273,TAM9001 ,Brazil,-48.2555,-22.1614,11879.58,130.96,836.2800000000001,Brazil
a7506a,SWA3194 ,United States,-96.111,33.3425,3550.92,247.31,600.192,United States
ae01d5,COBRA49 ,United States,-103.8467,40.0526,10347.96,297.46,638.64,United States
a178fb,N194W   ,United States,-76.4381,36.3201,12192.0,203.72,718.1279999999999,United States
0ac33d,FAC5059 ,Colombia,-69.9162,-4.1213,502.92,206.3,179.71200000000002,Colombia
7705c6,ALK229  ,Sri Lanka,49.8065,27.2858,10363.2,310.28,747.684,Sri Lanka
ac249e,SWA2137 ,United States,-79.3002,26.6691,7452.36,31.42,870.3000000000001,United States
8964c2,ETD6JG  ,United Arab Emirates,29.1929,38.8148,11887.2,124.33,1004.7600000000001,United Arab Emirates
400f99,BAW862U ,United Kingdom,0.0372,51.2918,4899.66,87.45,708.1560000000001,United Kingdom
0ac333,HK5139  ,Colombia,-74.5913,4.0607,7574.28,193.86,742.032,Colombia
7705c3,ALK253  ,Sri Lanka,52.3464,25.8358,7391.4,297.1,707.364,Sri Lanka
ae01aa,SPAR810 ,United States,-103.2177,38.4575,7101.84,303.34,680.616,United States
8964af,UAE19   ,United Arab Emirates,4.9023,50.9355,12192.0,288.02,814.068,United Arab Emirates
a14bbe,RKK29   ,United States,-89.2798,19.9997,8839.2,159.55,964.5840000000001,United States
a27ed8,N26YP   ,United States,-104.9677,39.4179,2712.72,166.03,406.512,United States
ab790d,N8384Y  ,United States,-86.263,39.9775,792.48,255.96,221.436,United States
a0f86b,UCA4317 ,United States,-77.3669,39.875,6103.62,21.28,836.748,United States
adeddd,AAL2014 ,United States,-80.9097,35.2801,1082.04,37.07,417.81600000000003,United States
a60814,UAL331  ,United States,-101.3815,40.3893,10660.38,79.26,983.9879999999999,United States
461f36,FIN95C  ,Finland,13.6659,52.4105,594.36,248.99,299.556,Finland
a700ed,N550RL  ,United States,-97.589,35.4041,358.14,179.44,190.764,United States
461f30,FIN26D  ,Finland,15.0634,51.0105,7254.24,211.48,734.0400000000001,Finland
4b990e,IGO5355 ,Turkey,77.6228,13.2077,1226.82,90.42,255.6,Turkey
461f31,FIN1RY  ,Finland,-4.7788,43.198,10965.18,26.82,940.068,Finland
af8439,BGST343 ,United States,-97.2865,27.7476,411.48,3.18,333.864,United States
a4f08e,N4170W  ,United States,-106.4383,36.1467,3710.94,255.28,189.576,United States
a11893,,United States,-90.0672,38.8682,723.9,179.11,357.48,United States
a788a2,N585BP  ,United States,-96.6344,27.2159,8808.72,208.64,822.9960000000001,United States
aaa90c,RPA3412 ,United States,-84.2718,42.3431,10668.0,83.53,838.728,United States
aaca9d,N795AE  ,United States,-96.9983,36.0863,899.16,26.4,283.24800000000005,United States
a21e1f,N2355E  ,United States,-115.1711,36.2167,822.96,134.59,182.01600000000002,United States
a9ec40,N7388N  ,United States,-93.4034,37.8324,1889.76,302.28,208.07999999999998,United States
a4c82e,N407RW  ,United States,-121.6983,37.808,1089.66,221.1,231.012,United States
4063c3,CFE844  ,United Kingdom,8.4228,46.4643,8877.3,154.9,842.58,United Kingdom
ac1187,NDU877  ,United States,-111.2726,32.6986,1310.64,115.1,161.568,United States
78131e,CBJ622  ,China,56.3509,63.4225,11277.6,98.11,879.228,China
a03ef5,FFL1397 ,United States,-98.1358,27.1618,236.22,79.94,233.24400000000003,United States
461f08,FIN121  ,Finland,22.2941,51.1319,11186.16,187.99,852.804,Finland
a08e60,N135GF  ,United States,-93.2798,37.1011,579.12,192.58,212.544,United States
4ac90a,JIV9    ,Sweden,14.6596,62.3848,12496.8,186.95,750.024,Sweden
39666f,FPO534  ,France,3.19,36.8811,3238.5,28.49,543.636,France
acc1ee,AAL814  ,United States,-115.9594,35.363,10668.0,47.97,832.6800000000001,United States
ae01f4,SHARP41 ,United States,-97.53,36.3679,2674.62,263.56,346.644,United States
a72823,JIA5150 ,United States,-73.8133,41.1426,8534.4,231.76,634.3199999999999,United States
ae01f1,HOOK21  ,United States,-96.1521,36.3605,2095.5,111.36,447.444,United States
a87076,STRK32  ,United States,-98.4879,32.7361,2659.38,79.58,747.576,United States
4076dd,EXS67BH ,United Kingdom,-8.669,41.7024,10972.8,19.72,861.696,United Kingdom
a47809,UAL1573 ,United States,-85.3119,43.0747,7620.0,79.1,763.8480000000001,United States
abf17f,AAL2316 ,United States,-80.0388,35.4668,6019.8,69.47,850.356,United States
a8c028,JBU1068 ,United States,-73.6988,41.0566,312.42,329.65,238.21200000000002,United States
a940c1,N6958H  ,United States,-89.8797,35.9603,495.3,274.62,183.96,United States
4984ea,BTLE13  ,Czech Republic,15.9229,50.0077,838.2,272.64,281.808,Czech Republic
a6082f,TFF988  ,United States,-59.6989,13.0657,914.4,165.73,443.34000000000003,United States
ae4a60,CNV4465 ,United States,-94.0634,39.072,10972.8,273.26,716.0400000000001,United States
e4958b,N       ,Brazil,-46.8138,-23.5586,906.78,231.97,183.384,Brazil
a33e07,N308LC  ,United States,-84.2033,30.5389,1043.94,289.54,121.82400000000001,United States
a298c9,N2668T  ,United States,-98.8152,30.0158,1310.64,338.96,180.576,United States
addadb,JBU300  ,United States,-109.9304,34.8672,10668.0,88.7,894.744,United States
ac49b3,N891GT  ,United States,-98.1414,35.5143,1066.8,78.2,298.944,United States
4076e4,BAW598D ,United Kingdom,10.7501,46.5807,9334.5,155.07,843.48,United Kingdom
ae6484,KYOTE50 ,United States,-111.5248,33.2616,472.44,113.2,84.63600000000001,United States
a0a8de,UAL2647 ,United States,-118.6565,39.9424,10668.0,62.08,909.648,United States
a52ed6,LXJ433  ,United States,-95.3963,32.3537,502.92,314.76,318.24,United States
a0a8da,UAL1343 ,United States,-80.4229,42.6389,9753.6,273.05,834.5880000000001,United States
a21e39,N23556  ,United States,-85.3309,32.7267,1516.38,36.87,148.176,United States
8964a3,UAE83   ,United Arab Emirates,6.6095,46.4785,2651.76,336.89,467.13599999999997,United Arab Emirates
8964a2,UAE5M   ,United Arab Emirates,13.0472,36.3493,10363.2,279.05,836.388,United Arab Emirates
76cc61,SIA225  ,Singapore,105.6719,-2.4474,11269.98,159.84,875.952,Singapore
acbafa,OST3    ,United States,-96.8724,36.1876,1127.76,15.95,134.82000000000002,United States
76cc63,SIA623  ,Singapore,120.8896,13.638,10972.8,218.57,923.796,Singapore
a59857,N46MB   ,United States,-97.3213,35.1819,1790.7,313.04,268.632,United States
af8457,BGST321 ,United States,-96.9191,27.8831,1584.96,41.86,382.968,United States
a0a8df,UAL2279 ,United States,-87.8155,44.8247,10363.2,268.52,791.0640000000001,United States
76cc67,SIA825  ,Singapore,117.5738,23.1521,10965.18,228.17,805.3199999999999,Singapore
a8d327,NKS1150 ,United States,-93.9232,33.6522,10668.0,70.5,882.144,United States
781346,CCA446  ,China,88.2191,54.0194,12496.8,149.91,941.832,China
a846fa,UPS68   ,United States,-106.9754,39.9906,12496.8,89.68,1001.952,United States
ab5f1b,SWA2236 ,United States,-97.098,30.3484,4640.58,82.61,748.8720000000001,United States
4864ee,KLM58M  ,Kingdom of the Netherlands,3.6681,51.3076,6187.44,25.47,779.508,Kingdom of the Netherlands
a0cb68,AAL1168 ,United States,-97.9113,29.8818,3977.64,249.58,626.436,United States
4864ef,KLM60H  ,Kingdom of the Netherlands,1.0575,48.9892,11582.4,49.9,920.052,Kingdom of the Netherlands
4864ec,KLM24P  ,Kingdom of the Netherlands,14.5511,53.6181,11582.4,255.86,773.4960000000001,Kingdom of the Netherlands
4864ed,KLM68B  ,Kingdom of the Netherlands,-2.2932,55.1584,10789.92,142.41,771.228,Kingdom of the Netherlands
a4a0cd,DAL2042 ,United States,-74.365,39.4989,6385.56,40.61,856.332,United States
a45216,LXJ378  ,United States,-115.6342,36.3307,13106.4,297.94,758.8800000000001,United States
a32b44,VJA303  ,United States,-91.3026,34.5529,13716.0,66.58,861.84,United States
a1eb50,CXK297  ,United States,-112.1356,41.5168,1821.18,0.0,161.136,United States
a2bbc6,UAL403  ,United States,-80.3725,34.9967,8534.4,188.71,745.704,United States
ac9923,UAL2692 ,United States,-110.55,34.9411,12184.38,262.28,841.032,United States
a2cef7,N280LB  ,United States,-97.1397,32.7952,243.84,272.73,116.82000000000001,United States
a9afcf,N723ML  ,United States,-117.6145,33.8807,365.76,99.64,99.57600000000001,United States
ac2fa4,SWA162  ,United States,-96.816,41.3597,4091.94,99.82,727.3800000000001,United States
781350,CDG4079 ,China,100.7489,14.0572,1722.12,118.96,416.952,China
ab4c09,N827NA  ,United States,-103.6684,33.077,2499.36,250.42,204.444,United States
a2388b,N242ML  ,United States,-104.3861,39.5955,2247.9,103.32,321.624,United States
a0de90,N155UM  ,United States,-83.7686,42.6291,891.54,94.64,275.004,United States
780c5b,CAO3125 ,China,-153.4348,60.6594,7795.26,75.79,890.2800000000001,China
a2bbac,UAL1014 ,United States,-87.3343,21.4948,4701.54,141.18,632.268,United States
a45e3d,N3804Q  ,United States,-98.0059,29.6848,464.82,254.74,168.912,United States
ac36a9,SWA1371 ,United States,-85.4823,41.208,7353.3,305.81,639.432,United States
a21e8d,N2358K  ,United States,-94.4188,40.7378,3802.38,189.32,365.976,United States
a272bf,AAY2728 ,United States,-81.25,31.0379,3604.26,189.91,548.964,United States
c0854d,CGYMM   ,Canada,-118.8308,34.8263,2834.64,111.53,292.68,Canada
abc91f,DAL2078 ,United States,-112.5252,39.2982,9753.6,252.05,757.26,United States
ab5f43,SWA3071 ,United States,-109.1027,32.4277,10675.62,102.02,853.956,United States
78134d,CES2045 ,China,104.4212,2.8025,7345.68,227.04,774.432,China
ae4a7a,EASY04  ,United States,-87.3419,30.3827,899.16,252.08,258.876,United States
a45e47,N38040  ,United States,-111.1787,32.3996,975.36,119.33,189.072,United States
a33222,ENY4045 ,United States,-80.0018,25.9614,2164.08,175.97,447.444,United States
aaa954,SWA2553 ,United States,-114.2248,38.8927,10363.2,252.2,744.984,United States
a570fb,N45NM   ,United States,-89.519,35.1765,12496.8,121.06,994.464,United States
4851b0,KLM689  ,Kingdom of the Netherlands,-89.9984,34.8175,12184.38,183.63,1024.344,Kingdom of the Netherlands
4851b1,KLM868  ,Kingdom of the Netherlands,4.7391,52.3206,60.96,182.99,248.508,Kingdom of the Netherlands
a5106e,RPA4361 ,United States,-73.6946,40.2478,2461.26,29.79,588.9960000000001,United States
a152d1,N18466  ,United States,-77.7969,42.6487,6896.1,194.24,496.8,United States
a07b5d,,United States,-83.3596,40.1446,655.32,104.74,254.70000000000002,United States
ac7f1c,N904MA  ,United States,-91.2201,29.83,11582.4,254.67,616.428,United States
a700da,EJA550  ,United States,-72.9135,40.4061,9006.84,220.65,466.236,United States
48044a,GRZLY22 ,Kingdom of the Netherlands,5.301,51.4629,175.26,275.55,191.66400000000002,Kingdom of the Netherlands
a0e54a,SIY157  ,United States,-82.1386,29.2557,8641.08,173.55,725.004,United States
ab03a4,DAL349  ,United States,-100.7997,34.379,9753.6,271.23,776.16,United States
ac2fc3,SWA4850 ,United States,-82.0408,31.8914,11277.6,29.77,947.3399999999999,United States
a35877,N3143J  ,United States,-83.5879,41.5896,693.42,243.43,227.77200000000002,United States
a2bba8,UAL1036 ,United States,-82.3572,26.8897,3992.88,145.03,646.3439999999999,United States
a33e4a,AAY14   ,United States,-99.042,42.3308,10972.8,242.02,738.1800000000001,United States
a4f05d,RPA4397 ,United States,-77.0274,36.0509,9753.6,191.61,561.528,United States
a1c8ed,HRC214  ,United States,-107.5495,35.2222,11887.2,97.97,935.0280000000001,United States
e0645a,ARG1654 ,Argentina,-58.276,-34.5022,3436.62,216.0,535.644,Argentina
a1aee6,N20738  ,United States,-81.2586,27.2034,1943.1,124.84,282.06,United States
aa466f,SKW6221 ,United States,-92.5895,40.4185,10972.8,245.52,818.028,United States
3cc2bc,DCBAY   ,Germany,9.2263,51.9451,7719.06,334.18,765.36,Germany
a94cbe,N699GC  ,United States,-114.2038,36.0873,914.4,85.39,230.4,United States
a45e1a,N3803Q  ,United States,-102.0366,31.4879,2682.24,270.0,172.22400000000002,United States
a1057a,AAL3227 ,United States,-97.2272,33.2035,1546.86,111.49,439.848,United States
ab663f,ASH6133 ,United States,-110.1434,32.8877,9753.6,284.78,827.46,United States
a59816,N46JM   ,United States,-80.6992,28.2512,10363.2,161.84,719.208,United States
478d83,WIF459  ,Norway,4.6574,60.7861,4594.86,195.02,393.084,Norway
48adae,LOT4LU  ,Poland,20.4514,51.3962,6111.24,16.05,689.904,Poland
ad9f15,EJA977  ,United States,-91.1117,30.7485,12496.8,132.75,933.12,United States
48adab,LOT516  ,Poland,21.0917,51.2667,6393.18,350.67,640.008,Poland
abaf30,VAR852  ,United States,-112.6857,33.4379,342.9,181.97,161.208,United States
a14bf5,N183BL  ,United States,-85.6622,38.584,929.64,4.86,174.708,United States
ae2919,C6042   ,United States,-82.4419,28.4759,99.06,305.42,102.276,United States
a8deb4,DAL721  ,United States,-93.3177,35.0672,11277.6,90.22,964.9079999999999,United States
e49527,GLO1247 ,Brazil,-47.7817,-23.7314,8823.96,44.34,792.3240000000001,Brazil
ac0c41,SWA4248 ,United States,-88.6205,41.3352,2689.86,64.75,503.712,United States
a9b828,SHERPA9 ,United States,-87.4305,41.3159,2560.32,303.69,300.492,United States
a4ae85,N400VJ  ,United States,-84.4716,33.933,10363.2,327.91,697.284,United States
4ca5c8,EIN61V  ,Ireland,-2.7839,53.3805,11254.74,93.87,878.004,Ireland
4853d1,TRA6902 ,Kingdom of the Netherlands,34.0425,29.365,10972.8,340.04,748.728,Kingdom of the Netherlands
4d0213,SVW46DD ,Luxembourg,6.1538,46.2685,579.12,225.54,280.26,Luxembourg
7812fe,CSH863  ,China,118.3147,23.7583,9441.18,228.69,751.932,China
a81b0b,N621MD  ,United States,-83.2683,28.5388,13114.02,14.33,965.304,United States
4866ed,TRA55R  ,Kingdom of the Netherlands,-6.4804,41.8798,11277.6,210.56,761.328,Kingdom of the Netherlands
4ca5c7,EIN105  ,Ireland,-68.8997,42.6153,11582.4,235.18,600.048,Ireland
3c48f0,LHX2XV  ,Germany,24.4818,45.3123,10370.82,298.81,676.368,Germany
a402dd,DAL592  ,United States,-84.428,33.6468,365.76,268.91,290.808,United States
e4950e,GLO1133 ,Brazil,-47.8782,-20.6378,10668.0,180.76,835.308,Brazil
a895b0,PDT5823 ,United States,-79.1119,34.9752,5715.0,87.05,828.936,United States
3c48e8,LHX4MK  ,Germany,8.0976,52.1413,1333.5,323.18,451.152,Germany
a95521,CFS4980 ,United States,-112.1273,33.0358,2407.92,13.48,325.656,United States
aadf83,FLC80   ,United States,-76.7569,37.0035,838.2,83.7,320.472,United States
ac1327,SWA1098 ,United States,-81.3488,26.081,10355.58,105.83,1004.832,United States
ae5f46,,United States,-121.3266,47.3042,9448.8,119.02,832.3199999999999,United States
a8351a,N628MT  ,United States,-110.8018,33.8534,3299.46,67.12,347.76,United States
aaf996,EJA806  ,United States,-99.8383,34.1091,12496.8,99.94,975.852,United States
4b8562,TCAKB   ,Turkey,10.1616,43.1941,8808.72,326.31,774.576,Turkey
e49524,GLO2094 ,Brazil,-40.8985,-14.3658,11277.6,11.09,866.268,Brazil
a69e69,N5254D  ,United States,-93.8265,45.1694,647.7,351.53,176.00400000000002,United States
a88ebf,N650WS  ,United States,-76.7715,36.3148,14325.6,203.06,813.204,United States
e49526,GLO7631 ,Brazil,-48.4854,-23.696,10904.22,86.72,840.3480000000001,Brazil
ad8cc2,TRF572  ,United States,-96.9105,33.1611,449.58,261.12,179.964,United States
ab53cf,N829RP  ,United States,-74.2305,40.3334,472.44,237.69,149.00400000000002,United States
a7c5a1,N60HM   ,United States,-92.987,39.7521,11887.2,60.61,841.6800000000001,United States
c08754,CGZGL   ,Canada,-106.5448,42.7141,2674.62,194.2,309.492,Canada
aae65e,N801JB  ,United States,-71.3206,42.7635,670.56,175.03,171.036,United States
a82e2e,SKW5557 ,United States,-86.9135,40.2344,4389.12,157.26,732.96,United States
4866de,TRA39E  ,Kingdom of the Netherlands,-1.2109,47.1653,11277.6,225.55,684.936,Kingdom of the Netherlands
4ab56e,SAS083  ,Sweden,18.4359,57.9596,1798.32,173.63,450.972,Sweden
e4952f,GLO1974 ,Brazil,-42.6053,-21.3986,8938.26,17.53,817.668,Brazil
4ab56f,SAS1127 ,Sweden,16.2791,57.6354,4876.8,204.26,473.29200000000003,Sweden
a8f8e4,N6776A  ,United States,-97.898,30.3887,3230.88,90.4,266.688,United States
c01dcb,FLE2800 ,Canada,-109.942,37.228,10668.0,153.43,898.6320000000001,Canada
aae66d,JRE801  ,United States,-84.4843,37.6686,11224.26,178.71,740.988,United States
a6ee47,ASA624  ,United States,-116.654,46.6546,11582.4,2.47,687.744,United States
a2bbf8,N2754E  ,United States,-99.1009,27.3352,426.72,117.51,200.448,United States
ae660e,R01003  ,United States,-87.3588,36.6429,487.68,133.23,254.16,United States
a33269,IFG305  ,United States,-80.1095,27.4064,655.32,344.16,142.452,United States
a44b56,DAL2764 ,United States,-82.0138,42.01,11292.84,104.04,885.7800000000001,United States
a95536,N700GT  ,United States,-111.2606,32.5896,2834.64,0.59,359.31600000000003,United States
aae677,N801KB  ,United States,-111.8803,39.6602,13716.0,69.51,883.728,United States
491316,NJE388P ,Portugal,3.4346,42.0119,10668.0,237.64,730.08,Portugal
ab53db,N829SA  ,United States,-84.505,38.3929,7620.0,157.38,698.22,United States
501c44,CTN414  ,Croatia,11.427,48.9718,9128.76,304.01,728.388,Croatia
4bce42,SXS5CN  ,Turkey,5.5446,51.8746,2956.56,288.3,483.768,Turkey
501c43,CTN4456 ,Croatia,10.5124,49.3896,11582.4,301.62,695.952,Croatia
acc3b4,AAL2236 ,United States,-84.1167,38.6285,7315.2,327.54,741.888,United States
ac0c64,SWA2352 ,United States,-115.9776,43.3855,3192.78,296.83,545.832,United States
e49508,PPFTS   ,Brazil,-40.2577,-20.3972,739.14,337.48,246.6,Brazil
a4b57e,EJA402  ,United States,-81.1526,26.753,4358.64,75.57,780.228,United States
a63bf4,SWA740  ,United States,-80.3852,37.336,10668.0,8.44,883.692,United States
a81b2a,NKS1280 ,United States,-86.842,21.0303,106.68,301.11,250.92000000000002,United States
aacc5b,UAL879  ,United States,-86.6257,42.1863,12192.0,212.27,950.5440000000001,United States
484cc2,KLM50N  ,Kingdom of the Netherlands,7.0484,51.6658,9944.1,313.33,763.812,Kingdom of the Netherlands
a5724f,N450CA  ,United States,-96.8613,32.6745,152.4,315.0,130.96800000000002,United States
c06120,ACA841  ,Canada,-79.6271,43.6122,1988.82,207.66,478.8,Canada
a272ee,EJA257  ,United States,-82.6098,40.5115,4975.86,177.38,728.6039999999999,United States
424508,BMA414  ,United Kingdom,-71.8681,43.5583,10668.0,147.71,738.3240000000001,United Kingdom
a69242,VOI5608 ,United States,-113.0331,31.2705,10363.2,292.84,854.0640000000001,United States
a9e075,N7353X  ,United States,-80.5481,26.5123,1744.98,334.7,112.68,United States
a8c08e,NDU663  ,United States,-111.5788,33.1719,1287.78,154.89,130.89600000000002,United States
abafff,AAL2441 ,United States,-90.8345,34.7592,10668.0,69.64,873.1080000000001,United States
70612d,JZR132  ,Kuwait,50.967,26.7001,10972.8,289.48,705.24,Kuwait
a5c231,N470MD  ,United States,-81.7939,28.5023,8054.34,165.45,700.308,United States
4ab555,JON54   ,Sweden,16.4782,59.6932,6096.0,294.44,425.15999999999997,Sweden
ac134a,SWA2364 ,United States,-102.2304,40.6146,10058.4,74.74,942.588,United States
42450e,BMA181  ,United Kingdom,-77.5881,33.5466,10972.8,182.53,587.6640000000001,United Kingdom
4ab556,JON203  ,Sweden,19.0262,63.7264,5669.28,262.01,332.892,Sweden
484cb7,KLM1936 ,Kingdom of the Netherlands,4.8484,50.5522,9494.52,330.75,849.06,Kingdom of the Netherlands
a82215,N623HD  ,United States,-104.401,38.6865,13114.02,257.57,800.2800000000001,United States
a1a2e0,,United States,-88.8533,28.514,12199.62,282.96,718.3439999999999,United States
a33e85,AAL3136 ,United States,-66.7881,19.4298,10668.0,141.95,865.44,United States
aa46cb,ENY3483 ,United States,-86.3068,39.9081,5303.52,30.74,568.836,United States
abec4d,SWA1596 ,United States,-105.4049,38.0959,9745.98,273.99,718.452,United States
485ff0,WIA871  ,Kingdom of the Netherlands,-61.1047,13.4698,2788.92,345.75,353.52000000000004,Kingdom of the Netherlands
abf32f,SWA3091 ,United States,-120.6407,36.3724,9867.9,135.0,814.536,United States
a95514,N700FJ  ,United States,-94.6473,31.2473,12496.8,112.87,938.7,United States
a8352b,NKS1760 ,United States,-79.7478,26.2829,4419.6,81.03,748.116,United States
4ab561,SAS40R  ,Sweden,9.6535,52.4682,76.2,92.58,205.77599999999998,Sweden
4ab562,SAS651  ,Sweden,9.8923,53.8821,1371.6,216.35,409.32,Sweden
e49512,AZU2810 ,Brazil,-46.6747,-22.356,5173.98,32.21,698.292,Brazil
4ab563,SAS189  ,Sweden,15.1146,57.9879,5494.02,218.36,441.648,Sweden
501c38,CTN375  ,Croatia,4.0439,41.5986,9517.38,73.7,864.432,Croatia
a82e57,UPS74   ,United States,108.1068,22.4421,9486.9,80.2,1022.4,United States
4ab565,SAS1260 ,Sweden,11.7384,55.9979,3489.96,94.92,496.33200000000005,Sweden
76cd02,SIA247  ,Singapore,140.9825,-35.6637,12496.8,117.57,1040.436,Singapore
76cd05,SIA216  ,Singapore,115.963,-31.7787,1493.52,333.53,486.18000000000006,Singapore
a71508,N5555C  ,United States,-82.869,34.6764,419.1,315.71,106.092,United States
8832ea,TLM218  ,Thailand,75.1568,19.7871,9448.8,254.19,625.536,Thailand
a60852,SWA2065 ,United States,-112.6011,40.7201,10058.4,90.66,957.5640000000001,United States
abf351,SWA456  ,United States,-112.0009,40.811,1440.18,336.89,316.11600000000004,United States
ab40e8,CRE824  ,United States,-78.0072,26.7216,8892.54,135.85,794.988,United States
abe00f,SWA4333 ,United States,-108.2414,38.2942,9753.6,230.99,803.2320000000001,United States
a15412,N185JL  ,United States,-104.5033,38.2832,1394.46,359.19,131.508,United States
ad3f9a,N9528W  ,United States,-97.41,29.7598,502.92,261.6,164.736,United States
a58542,LXJ455  ,United States,-73.1679,41.2061,1653.54,144.21,490.86,United States
aa8f47,N78MG   ,United States,-81.2197,35.1815,762.0,29.94,267.156,United States
ad201e,DAL2179 ,United States,-82.7923,33.5756,7010.4,88.68,885.492,United States
e4956f,GLO1527 ,Brazil,-41.993,-13.6839,10965.18,200.32,837.36,Brazil
ab40f8,DAL49   ,United States,-69.4339,48.0279,11582.4,216.93,755.244,United States
ada986,N98HM   ,United States,-97.3662,33.0487,708.66,74.81,268.668,United States
a788b5,N585CH  ,United States,-88.2531,40.1351,563.88,122.2,236.376,United States
abe030,SWA4739 ,United States,-104.7691,37.1503,10965.18,236.74,753.048,United States
341646,FIN08PL ,Spain,2.6726,48.6009,10675.62,202.55,733.968,Spain
a5986a,DHR42   ,United States,-94.4776,31.7134,11887.2,3.73,740.52,United States
a03438,GLF41   ,United States,-79.0703,31.2606,9448.8,195.61,557.64,United States
501c4a,CTN19H  ,Croatia,15.0795,46.5405,5257.8,125.3,714.7800000000001,Croatia
76cd0f,SIA235  ,Singapore,127.6845,-16.1844,11887.2,121.37,889.3439999999999,Singapore
a72833,KPO560  ,United States,-82.0438,32.4787,12519.66,355.37,802.692,United States
43c6f5,RRR2149 ,United Kingdom,-1.5624,51.7538,228.6,253.13,236.12400000000002,United Kingdom
8832cd,TLM212  ,Thailand,82.6653,20.5879,9753.6,281.14,747.468,Thailand
a4fbac,AAL2568 ,United States,-75.0892,39.6827,1927.86,357.79,480.024,United States
a72859,EJA560  ,United States,-80.9111,29.3273,7498.08,160.95,658.296,United States
a5bb17,AAL2571 ,United States,-87.9485,37.6557,10050.78,84.2,897.264,United States
8965f3,ETD800  ,United Arab Emirates,56.2816,26.6949,9067.8,46.34,1064.952,United Arab Emirates
acb0c4,917AZ   ,United States,-84.6096,33.3455,1066.8,257.91,185.616,United States
a5d51c,EJA475  ,United States,-120.2203,36.4134,11894.82,309.47,815.724,United States
c01dac,FLE2622 ,Canada,-101.6467,26.8376,11582.4,208.47,846.936,Canada
a6ee1c,N5459K  ,United States,-80.7486,28.3967,1524.0,339.94,124.2,United States
e4953a,AZU4056 ,Brazil,-53.8606,-13.4982,10972.8,326.62,844.956,Brazil
4078f9,NHZ736  ,United Kingdom,-1.3305,57.4101,1363.98,246.69,248.04000000000002,United Kingdom
a5986c,N46MY   ,United States,-81.6499,27.3117,1828.8,161.75,354.92400000000004,United States
ae03dc,CNV3333 ,United States,-22.6066,63.9313,434.34,357.61,222.444,United States
a535e4,N435CA  ,United States,-117.139,32.845,891.54,12.24,200.88,United States
44ccc6,BEL1CP  ,Belgium,-73.1005,43.9736,11582.4,203.24,727.5960000000001,Belgium
abf375,SWA1723 ,United States,-97.6113,30.014,807.72,296.16,348.696,United States
a6ee36,CBN546A ,United States,-89.1324,37.9767,1645.92,348.86,124.596,United States
a28707,N262GF  ,United States,-97.3176,29.5851,2362.2,335.41,240.336,United States
ab40fd,BRW124  ,United States,-93.5942,44.8304,784.86,44.65,213.48,United States
750256,MAS115  ,Malaysia,87.9824,21.9918,11277.6,164.43,855.5400000000001,Malaysia
ab9078,UAL2158 ,United States,-80.7727,32.3277,2026.92,260.42,445.14000000000004,United States
a57229,AAL767  ,United States,-115.124,43.2413,9761.22,311.33,715.176,United States
ae03f4,PAT641  ,United States,-76.6692,37.5554,2194.56,264.7,360.82800000000003,United States
a9e038,N73516  ,United States,-121.7082,37.2625,1577.34,132.47,148.14,United States
a788d3,DAL663  ,United States,-91.8883,35.4376,9753.6,284.52,694.44,United States
a63bc0,VTEO12  ,United States,-81.1354,33.291,5219.7,187.17,638.388,United States
a7283d,N560PP  ,United States,-82.5474,30.5002,7749.54,303.32,633.852,United States
478f43,SAS903  ,Norway,-74.2257,41.7929,2788.92,198.43,445.104,Norway
a4fbc8,N420BR  ,United States,-109.8971,39.095,12496.8,27.29,718.956,United States
a5bb0b,N469AA  ,United States,-97.0398,33.3892,960.12,238.06,185.508,United States
781ed4,CKK204  ,China,24.869,58.2935,10058.4,68.59,913.1039999999999,China
c01294,CFHAX   ,Canada,-123.3058,48.913,-60.96,173.1,231.336,Canada
48418a,KLM1782 ,Kingdom of the Netherlands,12.5982,52.2998,5882.64,274.04,657.252,Kingdom of the Netherlands
a0cab1,FDX3901 ,United States,-94.6852,41.3365,10668.0,82.2,955.2239999999999,United States
48418d,KLM42Y  ,Kingdom of the Netherlands,4.0781,51.9103,3307.08,32.47,651.96,Kingdom of the Netherlands
acaa77,AAL909  ,United States,-82.8415,37.9004,9753.6,249.93,798.5880000000001,United States
3cc24b,AWH55C  ,Germany,3.4986,42.0856,13106.4,234.38,731.34,Germany
3cc24d,AWH62C  ,Germany,1.0529,47.4332,12192.0,27.65,878.076,Germany
3cd590,DCS605  ,Germany,8.0205,44.3189,12192.0,21.09,772.1279999999999,Germany
a19ab1,AAY2206 ,United States,-83.1736,34.4024,11269.98,338.56,815.76,United States
c0128f,CFHAS   ,Canada,-123.522,49.002,-30.48,352.41,196.16400000000002,Canada
a882fc,N648AJ  ,United States,-113.6263,34.393,9380.22,252.28,802.98,United States
ac5a94,SWA659  ,United States,-109.731,34.0341,11277.6,71.53,888.444,United States
a477b6,N3870U  ,United States,-79.1929,34.7736,784.86,286.19,119.55600000000001,United States
a53720,EJM435  ,United States,-73.0282,40.1178,12192.0,225.31,716.328,United States
ab5fa5,N8319A  ,United States,-122.7247,48.6248,274.32,203.41,195.768,United States
a0345f,RPA4584 ,United States,-87.4153,35.8303,10668.0,44.61,767.4119999999999,United States
a0cac5,N150G   ,United States,-82.3507,28.5981,2743.2,138.76,359.604,United States
c01286,CFHAJ   ,Canada,-123.1788,49.1764,-121.92,277.83,149.544,Canada
3e288d,DIGOB   ,Germany,7.4437,50.8883,1318.26,273.81,445.464,Germany
e8032d,SKU1801 ,Chile,-40.9308,-20.6907,10972.8,205.14,801.9720000000001,Chile
ac390f,AAL2471 ,United States,-83.2376,34.1193,9753.6,235.31,797.292,United States
a4170c,N3627E  ,United States,-115.2717,35.7989,1600.2,346.76,64.692,United States
c0127e,CFHAB   ,Canada,-89.3204,49.3423,7620.0,5.66,413.17199999999997,Canada
a0dddc,N155MG  ,United States,-97.4431,30.5687,121.92,178.32,126.0,United States
461fa8,FIN1336 ,Finland,14.4872,57.983,11887.2,54.73,875.592,Finland
a1a404,N20455  ,United States,-97.0937,30.979,815.34,247.81,152.028,United States
a2bd04,N276CM  ,United States,-84.8822,30.2256,1943.1,295.02,275.904,United States
a01a1e,N1053X  ,United States,-94.8322,38.6686,998.22,3.3,192.924,United States
40799c,CFE9AJ  ,United Kingdom,1.3055,51.7819,2918.46,121.5,471.348,United Kingdom
a95580,N700KS  ,United States,-116.8984,34.9256,11102.34,50.62,922.4280000000001,United States
a727a7,N560HP  ,United States,-111.1755,37.5817,8534.4,227.13,492.732,United States
484186,TRA98N  ,Kingdom of the Netherlands,2.6157,41.598,2004.06,218.3,460.188,Kingdom of the Netherlands
a4ada2,N400LG  ,United States,-82.5433,27.9342,182.88,1.67,190.83599999999998,United States
a26d33,N25552  ,United States,-87.5317,41.4896,944.88,94.86,174.708,United States
406674,BAW597C ,United Kingdom,6.5407,47.5616,10972.8,292.14,751.788,United Kingdom
8881ab,VJC3908 ,Viet Nam,113.9473,22.9269,4191.0,352.13,568.368,Viet Nam
e480d1,TAM3440 ,Brazil,-42.8071,-18.9586,10668.0,37.41,871.956,Brazil
c81e2c,ANZ584  ,New Zealand,173.4074,-41.7647,10721.34,20.74,831.708,New Zealand
a3f756,N35491  ,United States,-86.73,35.7946,701.04,326.82,172.584,United States
484166,KLM1048 ,Kingdom of the Netherlands,-1.6382,52.5075,2232.66,124.72,513.72,Kingdom of the Netherlands
484165,KLM58K  ,Kingdom of the Netherlands,8.3841,56.6206,11582.4,202.73,718.8480000000001,Kingdom of the Netherlands
aadf22,N8WC    ,United States,-98.7738,38.6597,10363.2,262.94,602.748,United States
a4b4a6,GLF93   ,United States,-78.9963,32.2978,14935.2,271.51,770.6880000000001,United States
a95590,KOW700  ,United States,-96.4894,40.7333,13975.08,82.38,977.22,United States
4243fa,AZG237  ,United Kingdom,45.0993,41.5065,9753.6,276.34,821.772,United Kingdom
50848a,SEU7347 ,Ukraine,33.634,28.9651,7810.5,131.85,785.6279999999999,Ukraine
a01a2e,N1054C  ,United States,-89.5299,35.477,3276.6,92.73,350.42400000000004,United States
a094e2,FFL503  ,United States,-106.331,31.8916,12192.0,296.38,787.644,United States
7c29da,VOZ570  ,Australia,141.8069,-34.9816,11277.6,89.9,1046.3760000000002,Australia
48415e,KLM62R  ,Kingdom of the Netherlands,13.3065,49.8517,12192.0,306.87,777.852,Kingdom of the Netherlands
48548e,KLM1102 ,Kingdom of the Netherlands,1.6425,52.0889,9829.8,72.02,882.036,Kingdom of the Netherlands
a25a58,N25030  ,United States,-96.4885,28.0928,3322.32,44.63,203.00400000000002,United States
ab79de,AAL2139 ,United States,-91.4019,41.1421,10972.8,202.13,909.648,United States
a2c43e,ASA298  ,United States,-121.0259,47.5514,6781.8,91.47,794.772,United States
4a0442,KRP462  ,Romania,18.7592,44.3846,10119.36,63.84,928.4760000000001,Romania
a2b10d,UAL2368 ,United States,-97.3412,37.6239,10058.4,122.26,1009.656,United States
4bcda9,SXS6Z   ,Turkey,27.1266,38.3954,1150.62,350.01,426.888,Turkey
aacc07,EJA795  ,United States,-85.2772,35.9054,7947.66,353.86,588.6,United States
4bcda2,SXS4TE  ,Turkey,25.8801,39.2332,9707.88,132.79,916.056,Turkey
e075d3,LVGWS   ,Argentina,-58.5982,-34.4608,91.44,43.48,148.03199999999998,Argentina
a2b112,UAL445  ,United States,-79.9811,27.2066,7216.14,162.34,732.708,United States
4bcdb0,SXS2K   ,Turkey,20.4288,45.0033,11582.4,324.71,737.388,Turkey
484161,KLM72C  ,Kingdom of the Netherlands,4.5194,52.5903,746.76,20.68,492.912,Kingdom of the Netherlands
a88efb,N650ZB  ,United States,-94.1224,39.7642,9235.44,52.92,817.092,United States
a94236,NKS238  ,United States,-78.7849,23.4097,10660.38,149.66,843.336,United States
48414d,TRA54C  ,Kingdom of the Netherlands,-4.1576,40.5581,11582.4,26.08,880.452,Kingdom of the Netherlands
a224f9,UAL2070 ,United States,-87.4036,39.6005,11277.6,170.39,965.484,United States
89671b,ETD328  ,United Arab Emirates,54.6132,24.7011,3040.38,26.74,555.768,United Arab Emirates
ac1f1d,N880PC  ,United States,-109.7255,40.1232,13106.4,72.09,903.1320000000001,United States
a2d76a,SWA568  ,United States,-108.2361,38.3744,11277.6,63.96,906.9480000000001,United States
a83564,EJA628  ,United States,-93.7376,35.6984,4495.8,116.76,740.4480000000001,United States
a642fe,N502SR  ,United States,-119.8062,38.7681,4876.8,353.41,322.524,United States
ab1978,AAY1046 ,United States,-84.4323,33.4855,11277.6,179.29,901.98,United States
a84899,N63279  ,United States,-94.6919,38.8956,914.4,12.53,204.912,United States
a44aa2,FFT3273 ,United States,-81.488,33.1019,10378.44,199.89,762.192,United States
a5bb88,N469FA  ,United States,-75.8129,40.446,1036.32,82.07,228.132,United States
add16d,WUP945  ,United States,-98.2195,38.2706,12184.38,297.68,681.768,United States
a2b110,UAL795  ,United States,-111.8296,38.1485,10972.8,275.31,740.268,United States
4bcdb6,SXS8LZ  ,Turkey,27.6273,43.6073,10668.0,129.68,960.12,Turkey
4bcdb3,SXS7T   ,Turkey,33.1681,36.9463,8069.58,91.29,742.8240000000001,Turkey
a224fa,UAL518  ,United States,-87.3766,16.1758,10660.38,131.48,852.84,United States
c0256e,WEN3484 ,Canada,-123.1867,49.7832,6507.48,11.31,406.08,Canada
add15f,LRT99   ,United States,-80.0602,26.0136,1036.32,125.84,452.34000000000003,United States
a9a52f,OST20   ,United States,-97.0874,36.2565,792.48,180.63,168.552,United States
3cd542,DCS602  ,Germany,9.7444,49.1223,533.4,97.84,203.76000000000002,Germany
aaf968,DAL368  ,United States,-99.7981,32.133,10363.2,268.44,817.02,United States
aa7c95,N775LA  ,United States,-111.4194,33.135,640.08,52.74,165.204,United States
a081ca,UAL2058 ,United States,-101.0338,40.4469,10668.0,77.96,967.6440000000001,United States
7812df,CCA798  ,China,105.481,21.2414,10668.0,52.26,953.136,China
a1a447,N20472  ,United States,-80.5558,26.1196,685.8,284.88,122.652,United States
7812de,CCA796  ,China,81.6221,50.352,10668.0,99.81,945.3960000000001,China
70aa6f,HIM765  ,Nepal,84.2326,27.7398,6804.66,288.76,719.784,Nepal
484133,KLM1960 ,Kingdom of the Netherlands,15.252,47.988,11582.4,307.63,755.316,Kingdom of the Netherlands
484132,KLM38T  ,Kingdom of the Netherlands,4.723,52.4838,678.18,183.47,244.90800000000002,Kingdom of the Netherlands
ae5f0b,ROPER   ,United States,-97.1331,33.4635,1143.0,62.83,470.44800000000004,United States
a38d48,AAY1202 ,United States,-81.2804,30.6043,8945.88,180.0,585.216,United States
ace9d8,SCW4033 ,United States,-107.0524,44.7923,10363.2,296.86,651.816,United States
8a0967,LNI2780 ,Indonesia,104.8857,-0.3591,10058.4,158.86,806.184,Indonesia
a14d78,SKW3300 ,United States,-103.2403,31.5967,11277.6,100.64,772.5960000000001,United States
abb6b5,FDX5601 ,United States,139.628,34.2982,10058.4,59.28,1062.108,United States
ac1301,SWA4978 ,United States,-115.0325,33.9272,10972.8,286.67,891.216,United States
a0cac6,N150GA  ,United States,-99.5708,27.2853,11582.4,235.99,831.0960000000001,United States
a94214,N696MA  ,United States,-111.6493,40.128,1417.32,25.74,115.128,United States
aae645,N801HB  ,United States,-97.4215,39.2358,3406.14,63.73,322.2,United States
a344bf,N31CW   ,United States,-97.6565,35.63,1089.66,146.31,173.628,United States
a5bb7e,N469ER  ,United States,-89.8082,29.924,609.6,130.43,197.06400000000002,United States
a5bb7f,N469ES  ,United States,-95.7601,30.2319,1120.14,161.98,490.78800000000007,United States
a6e25c,N54245  ,United States,-82.038,28.7718,1143.0,126.8,321.516,United States
ab1992,N814PW  ,United States,-111.9749,39.9241,2727.96,206.57,107.676,United States
a5bb9d,LXJ469  ,United States,-78.9346,39.9326,12496.8,176.49,846.1080000000001,United States
896718,ABY695  ,United Arab Emirates,27.4401,42.8264,10988.04,280.67,710.46,United Arab Emirates
a6e257,N54240  ,United States,-118.1148,34.1902,3413.76,238.97,287.42400000000004,United States
a8dee0,UAL963  ,United States,-72.9486,45.7402,9753.6,191.47,791.784,United States
abff3c,RGY872  ,United States,-112.5463,40.9216,10363.2,1.59,735.5160000000001,United States
ad3f41,N9526B  ,United States,-89.9839,43.3938,1097.28,1.13,281.556,United States
a6ee8e,DAL459  ,United States,-99.7363,47.1731,10668.0,97.64,947.3760000000001,United States
a13a67,CXK437  ,United States,-118.0052,33.7433,1790.7,135.45,166.32000000000002,United States
a3940c,N33G    ,United States,-118.2258,49.7771,5684.52,306.38,558.936,United States
4bcda1,SXS5193 ,Turkey,30.475,44.6819,11887.2,65.22,79.56,Turkey
4ca708,RYR3909 ,Ireland,-4.7822,36.5381,4671.06,203.08,694.512,Ireland
484130,KLM74N  ,Kingdom of the Netherlands,5.5691,52.5819,3139.44,268.44,476.13599999999997,Kingdom of the Netherlands
a81b63,EJA621  ,United States,-120.4271,38.8688,11658.6,53.75,748.62,United States
4ca700,RYR3TB  ,Ireland,-3.368,55.3336,11582.4,233.85,740.8439999999999,Ireland
4ca701,RYR8VX  ,Ireland,5.268,50.5982,11582.4,302.9,743.328,Ireland
70aa75,RNA239  ,Nepal,76.9356,28.8388,11582.4,264.91,647.0640000000001,Nepal
70aa71,RNA415  ,Nepal,85.436,27.6979,3756.66,127.86,516.06,Nepal
ae1731,TURBO17 ,United States,-98.7795,34.3147,3520.44,242.78,218.66400000000002,United States
700025,KMF977  ,Afghanistan,55.466,26.7753,10363.2,272.02,631.908,Afghanistan
a451ce,TIGER7  ,United States,-118.2806,35.024,3413.76,39.69,452.44800000000004,United States
0201a2,RAM771T ,Morocco,1.8724,47.7565,8183.88,197.01,658.476,Morocco
a38160,N325F   ,United States,-107.9304,37.9584,2705.1,104.69,197.208,United States
a87d2f,VN1     ,United States,-85.5359,29.7498,7650.48,281.4,712.26,United States
a2b157,UAL365  ,United States,-110.1673,35.2608,10972.8,278.65,775.548,United States
a2b156,UAL784  ,United States,-102.2365,36.281,10972.8,340.96,726.84,United States
a82dbd,NKS948  ,United States,-83.4036,29.0536,6728.46,151.0,760.176,United States
aa7abe,UAL2217 ,United States,-107.8474,46.1141,9448.8,101.15,919.296,United States
aa477b,RPA3654 ,United States,-85.9211,42.7103,7391.4,256.17,751.464,United States
3c7dc5,UNI151  ,Germany,12.0281,62.5997,10957.56,245.98,819.1080000000001,Germany
aba40f,N8493F  ,United States,-93.5886,43.2841,944.88,124.62,189.036,United States
ab4126,EJA824  ,United States,-121.9166,36.8217,4892.04,347.26,613.296,United States
a38157,SCM25   ,United States,-82.1845,39.763,7223.76,63.02,804.24,United States
a23914,SKW3927 ,United States,-91.0882,40.3201,10218.42,332.3,625.428,United States
ac0aac,UAL1874 ,United States,-96.5221,40.9636,10058.4,76.75,888.552,United States
a03fae,EJM90   ,United States,-75.0886,40.3366,2773.68,45.88,598.536,United States
345250,ANE24ZN ,Spain,3.1058,39.497,3657.6,57.9,703.98,Spain
49d61e,BOH112  ,Czech Republic,-0.4429,38.2912,1409.7,55.62,511.632,Czech Republic
40792f,BAW588L ,United Kingdom,4.8806,48.2338,11902.44,104.4,908.244,United Kingdom
40792e,BAW315  ,United Kingdom,1.5991,50.1745,7924.8,335.14,722.556,United Kingdom
a2b153,UAL2357 ,United States,-91.2893,44.9337,10668.0,102.67,962.424,United States
4ca63a,EIN833  ,Ireland,11.2952,50.1943,9951.72,270.97,763.1279999999999,Ireland
a2b151,UAL2200 ,United States,-77.8829,42.1392,10972.8,289.75,816.624,United States
a75103,UAL804  ,United States,-95.3227,48.1101,11277.6,123.13,1006.3079999999999,United States
ae171f,ROVE40  ,United States,-96.5738,30.588,2598.42,80.58,418.644,United States
aa1a1c,N750AU  ,United States,-85.7383,32.6168,1973.58,257.29,193.644,United States
a7ad0d,JBU1527 ,United States,-81.0797,34.1529,10980.42,197.8,744.984,United States
a68ad4,VOI780  ,United States,-95.2123,21.0561,11277.6,59.47,922.3920000000002,United States
ab04f9,BLK70   ,United States,-85.8359,41.8209,11887.2,81.73,862.74,United States
49d630,OKELA   ,Czech Republic,11.0048,49.556,11567.16,231.51,693.288,Czech Republic
a26182,CXK394  ,United States,-97.8106,35.6609,1493.52,65.04,236.95199999999997,United States
4ca640,EIN69D  ,Ireland,3.8516,52.4759,11277.6,113.27,834.5880000000001,Ireland
48675f,PHKFV   ,Kingdom of the Netherlands,6.557,53.1094,213.36,221.46,148.248,Kingdom of the Netherlands
345249,VLG79XJ ,Spain,0.0339,39.7465,8534.4,9.76,753.552,Spain
aa1a26,ENY3812 ,United States,-81.2594,42.5238,10972.8,275.3,801.648,United States
407930,BAW490  ,United Kingdom,1.6078,44.4443,11894.82,171.87,759.528,United Kingdom
a70dfa,N55374  ,United States,-97.9845,35.8015,548.64,202.5,140.328,United States
89669a,ETD669  ,United Arab Emirates,51.7033,25.0327,1013.46,338.14,353.196,United Arab Emirates
aacad4,CKS263  ,United States,-0.6924,51.419,10668.0,100.6,936.432,United States
ae1754,SHINR81 ,United States,-98.0192,35.9929,2849.88,272.89,367.164,United States
a451c1,N378CM  ,United States,-82.3319,28.0272,83.82,224.6,187.27200000000002,United States
c0121e,WJA1847 ,Canada,-105.5974,51.4082,12192.0,297.38,761.22,Canada
0201c2,RAM833B ,Morocco,-0.0471,45.1583,11269.98,211.41,685.764,Morocco
0201c0,RAM951X ,Morocco,1.5591,40.9344,11277.6,227.94,818.244,Morocco
a2b135,UAL2401 ,United States,-86.3088,38.5113,10668.0,145.09,964.332,United States
a4177f,GTW363  ,United States,-93.0835,39.1662,6964.68,276.52,700.884,United States
a2b134,UAL560  ,United States,-78.741,36.3741,10668.0,35.41,1029.3120000000001,United States
a3813b,DAL1525 ,United States,-84.3961,31.7525,9326.88,176.62,879.3720000000001,United States
405f12,EZY704J ,United Kingdom,-1.5457,52.917,9349.74,330.08,891.072,United Kingdom
a3813a,ENY4232 ,United States,-83.2849,30.7167,10972.8,3.97,883.6560000000001,United States
e49fb5,AZU2337 ,Brazil,-43.0195,-15.8737,11887.2,11.61,818.676,Brazil
e49fb4,AZU6415 ,Brazil,-42.2051,-16.3413,11582.4,218.47,794.808,Brazil
ae1746,EXCEL46 ,United States,-100.2093,28.8644,3924.3,351.23,401.004,United States
a6f4d0,N54739  ,United States,-94.1588,36.1097,944.88,15.31,182.412,United States
a64489,N5026A  ,United States,-95.8092,32.0246,2346.96,254.14,352.33200000000005,United States
ae1748,TURBO21 ,United States,-98.8953,34.4332,3604.26,6.58,387.756,United States
a2615e,UAL1387 ,United States,-111.0304,33.0812,11582.4,284.29,825.5880000000001,United States
a2615d,CXK368  ,United States,-96.5834,33.2026,274.32,181.82,116.748,United States
abf1b5,EJA869  ,United States,-86.6373,34.9166,11887.2,178.19,995.004,United States
478df2,WIF6MK  ,Norway,5.741,60.5453,2362.2,259.78,459.18,Norway
0201b6,RAM750P ,Morocco,1.8877,48.5373,3345.18,56.07,729.9,Morocco
aa7aa6,SWA722  ,United States,-107.3141,33.1191,10972.8,189.87,821.484,United States
486741,KLM88U  ,Kingdom of the Netherlands,-1.8838,54.8064,3909.06,197.8,636.048,Kingdom of the Netherlands
4ca61b,RYR65VQ ,Ireland,-1.4604,41.81,11582.4,32.73,856.368,Ireland
486742,KLM1411 ,Kingdom of the Netherlands,2.9778,49.0278,1447.8,222.78,338.112,Kingdom of the Netherlands
4ca61c,RYR6DZ  ,Ireland,-6.3832,35.6082,10972.8,27.47,834.984,Ireland
ae1740,TURBO20 ,United States,-98.7856,34.4618,2933.7,267.86,496.692,United States
4ca61d,RYR6BM  ,Ireland,3.1704,39.5562,10668.0,252.46,823.536,Ireland
486740,KLM932  ,Kingdom of the Netherlands,-1.7443,54.8667,10149.84,147.07,776.7,Kingdom of the Netherlands
aa94aa,ENY3764 ,United States,-88.0424,41.3687,5303.52,195.04,770.904,United States
a3812f,N325DA  ,United States,-99.7823,41.0884,12496.8,87.17,1088.46,United States
c07eef,WJA1460 ,Canada,-112.5893,41.3906,10668.0,177.99,898.776,Canada
c07eee,WJA271  ,Canada,-120.6708,49.6815,9761.22,253.47,722.52,Canada
addd11,N99243  ,United States,-96.8033,33.3788,693.42,235.78,167.976,United States
a08f11,N135PH  ,United States,-114.1794,36.0901,944.88,87.63,224.28,United States
a26161,CXK373  ,United States,-97.1645,32.461,693.42,187.63,209.268,United States
4ca623,RYR85JM ,Ireland,11.8852,45.3661,2080.26,125.44,520.56,Ireland
ab4151,SKW4059 ,United States,-84.7104,43.062,6416.04,124.33,834.228,United States
407913,EXS12AB ,United Kingdom,-10.8769,50.1301,11277.6,29.11,894.5640000000001,United Kingdom
c085e0,WJA2882 ,Canada,-66.6366,30.8164,10668.0,183.95,751.86,Canada
ab4153,N824SM  ,United States,-96.561,29.6731,1424.94,186.77,298.404,United States
a51d46,,United States,-96.2686,32.7173,106.68,170.54,11.268,United States
ab4158,N824SS  ,United States,-91.569,43.1277,13716.0,89.16,1007.6039999999999,United States
a15fd3,EJA188  ,United States,-116.0651,32.6854,10408.92,86.4,825.768,United States
acb10a,DAL2049 ,United States,-73.9948,39.8348,3901.44,35.7,818.748,United States
406669,EZY35AC ,United Kingdom,10.8928,37.4715,7901.94,204.87,757.332,United Kingdom
7501fc,AXM14   ,Malaysia,88.8116,21.2127,10058.4,128.64,946.08,Malaysia
34520f,IBE0105 ,Spain,-47.6669,-22.1041,11582.4,212.25,878.112,Spain
896689,FDB1KS  ,United Arab Emirates,55.4468,25.151,2209.8,151.97,453.204,United Arab Emirates
c01e11,FLE620  ,Canada,-97.3642,49.6868,11277.6,103.41,950.0760000000001,Canada
ae5de6,R63105  ,United States,-122.4704,47.035,91.44,119.91,155.988,United States
ac7476,COL901  ,United States,-110.4214,50.9571,10972.8,278.55,722.8800000000001,United States
448466,ICL852  ,Belgium,33.8628,34.6685,10668.0,194.74,909.648,Belgium
40797c,BAW185  ,United Kingdom,-70.0722,45.4679,12184.38,224.13,776.6640000000001,United Kingdom
adca15,AAL321  ,United States,-83.8023,13.7092,11277.6,191.63,790.3439999999999,United States
44cd63,OOSKC   ,Belgium,4.4895,51.2434,533.4,51.56,229.356,Belgium
e48ce7,TAM3524 ,Brazil,-40.4509,-3.36,9761.22,265.74,798.552,Brazil
ac878c,EDV5135 ,United States,-86.1949,39.5898,2133.6,98.04,516.24,United States
89668b,ABY531  ,United Arab Emirates,77.8774,28.9113,10972.8,265.18,639.36,United Arab Emirates
781fc4,CAO1032 ,China,11.1842,53.1254,9448.8,35.0,920.196,China
a6a711,JIA5409 ,United States,-75.1301,40.3075,6537.96,227.01,559.512,United States
89668a,FDB1946 ,United Arab Emirates,55.4908,25.5591,3246.12,258.74,436.212,United Arab Emirates
345212,VLG73AE ,Spain,12.5484,55.214,9753.6,209.86,807.228,Spain
a4adca,RVJ400  ,United States,-81.1607,42.1652,10668.0,331.5,710.208,United States
a47905,N388AC  ,United States,-77.9745,33.9227,13716.0,7.53,1018.116,United States
a4b4c5,KAP78   ,United States,-72.2054,43.8699,1653.54,250.82,270.612,United States
896699,ETD573  ,United Arab Emirates,50.24,26.2866,1851.66,260.65,467.352,United Arab Emirates
a0a9f8,UCA4369 ,United States,-88.218,30.6595,205.74,324.22,253.404,United States
40796a,TOM9WL  ,United Kingdom,-0.7041,51.2744,9753.6,13.36,993.636,United Kingdom
a77721,JIA5358 ,United States,-90.8326,44.4674,9601.2,292.33,740.808,United States
4d00c9,LGL857W ,Luxembourg,10.5372,49.8161,7010.4,89.52,661.176,Luxembourg
a5e7be,N48RG   ,United States,-86.5813,34.5811,906.78,185.92,197.352,United States
400ff4,TOM2EW  ,United Kingdom,-3.8472,44.8025,10972.8,14.97,939.3480000000001,United Kingdom
a3d10f,DAL616  ,United States,-67.382,34.017,10972.8,306.7,762.3000000000001,United States
345207,VLG33PG ,Spain,1.0332,45.2579,10980.42,352.66,870.1560000000001,Spain
a2b17a,,United States,-77.4559,25.1788,10972.8,356.62,910.908,United States
a584bc,AAL2407 ,United States,-108.2192,37.8975,10355.58,261.23,728.964,United States
86e036,TZP23   ,Japan,-118.4598,33.9439,464.82,264.51,329.32800000000003,Japan
a033c3,N112BJ  ,United States,-81.7436,26.8647,6705.6,129.47,815.724,United States
345205,VLG17ET ,Spain,3.3706,41.3566,9837.42,68.31,847.044,Spain
aa2d14,SKW9915 ,United States,-85.8325,39.0637,8542.02,4.7,655.956,United States
ad2af2,DAL2574 ,United States,-84.1031,36.2371,10066.02,139.28,948.1320000000001,United States
4ca660,SAS1635 ,Ireland,10.5972,53.4261,10668.0,192.37,820.98,Ireland
a5d4b5,N475LP  ,United States,-113.2252,33.2507,1630.68,100.78,118.76400000000001,United States
7501e8,XAX507  ,Malaysia,102.3979,2.685,2979.42,247.29,518.004,Malaysia
8880dc,VJC190  ,Viet Nam,106.056,19.6162,9791.7,334.67,844.1640000000001,Viet Nam
a727e8,N560LD  ,United States,-86.3893,30.8386,12192.0,272.41,661.752,United States
a49a82,EJA396  ,United States,-86.632,33.6171,845.82,260.46,234.75599999999997,United States
896665,FDB252  ,United Arab Emirates,55.6002,25.5786,3322.32,258.88,441.648,United Arab Emirates
a0f91d,AAL3175 ,United States,-113.6946,34.3775,10668.0,71.65,835.1279999999999,United States
a0a9c6,N1417T  ,United States,-84.0775,30.4409,1493.52,86.37,233.82000000000002,United States
ac11eb,N877SD  ,United States,-109.9552,36.5527,10363.2,24.66,723.456,United States
a4fd3d,N420SP  ,United States,-96.9155,33.5289,1074.42,326.06,116.10000000000001,United States
a51d5f,N429DF  ,United States,-120.9734,38.5835,2225.04,131.86,382.968,United States
ae4ae3,C2711   ,United States,-81.0183,25.8224,2019.3,250.77,253.04400000000004,United States
8880e6,HVN972  ,Viet Nam,75.5802,20.3187,10332.72,74.84,1055.304,Viet Nam
3b77e4,CTM005  ,France,20.7389,47.9685,11590.02,194.01,826.488,France
8880e3,HVN38   ,Viet Nam,80.6774,26.5222,11277.6,116.74,1074.24,Viet Nam
89665d,ABY105  ,United Arab Emirates,53.1077,25.5247,7924.8,282.67,717.552,United Arab Emirates
8880e2,HVN34   ,Viet Nam,76.3578,28.6955,12496.8,127.19,1050.84,Viet Nam
841520,JAL11   ,Japan,-103.1734,32.2643,9753.6,264.11,884.376,Japan
a3d130,N345PK  ,United States,-86.5378,40.2366,731.52,280.22,229.572,United States
a3f792,N355C   ,United States,-114.2277,34.7151,7010.4,57.74,350.42400000000004,United States
a3f798,N355CF  ,United States,-111.6099,33.3927,518.16,333.13,155.70000000000002,United States
a7c70d,N60YA   ,United States,-84.3038,33.869,312.42,21.4,147.204,United States
896678,ETD598  ,United Arab Emirates,35.3347,31.9314,3733.8,89.25,568.62,United Arab Emirates
400fe0,EZY82FZ ,United Kingdom,-6.9283,40.5886,11887.2,192.29,809.352,United Kingdom
700017,AFG715  ,Afghanistan,37.4517,39.8335,10386.06,264.16,655.308,Afghanistan
ad945a,AAL2058 ,United States,-81.3601,29.8861,7871.46,357.06,938.3399999999999,United States
c01e28,ACA134  ,Canada,-82.5146,45.843,9456.42,126.06,893.484,Canada
ad2aed,AAL2009 ,United States,-97.8278,35.6619,10363.2,223.95,859.212,United States
781fda,CBJ648  ,China,106.3659,21.3965,4823.46,59.4,694.944,China
700007,AFG415  ,Afghanistan,48.3181,26.0604,10363.2,234.43,719.4960000000001,Afghanistan
a56acc,NWX448  ,United States,-96.5312,32.7027,556.26,185.77,165.67200000000003,United States
a451db,DAL665  ,United States,-107.8691,34.494,10363.2,273.39,782.928,United States
407959,EZY78RH ,United Kingdom,-16.8607,29.6438,11247.12,189.59,845.208,United Kingdom
a727ce,SLH560  ,United States,-85.2189,30.9313,12496.8,133.7,868.464,United States
a3816b,KII1914 ,United States,-119.4454,39.3691,3505.2,320.96,567.504,United States
ac748a,SCX342  ,United States,-83.2772,29.6429,10972.8,329.85,807.444,United States
c01e1a,FLE601  ,Canada,-94.6643,49.6147,10972.8,288.74,760.788,Canada
ae5def,C2016   ,United States,-76.7722,35.9122,1287.78,228.69,325.44000000000005,United States
a1c9a6,N214PC  ,United States,-79.7033,40.3491,998.22,280.43,306.93600000000004,United States
a0e607,AAL2792 ,United States,-81.0764,30.574,10370.82,183.45,706.8960000000001,United States
ad2af4,AVA003  ,United States,-79.1746,24.1467,9441.18,146.87,840.384,United States
a166ef,N19MK   ,United States,-82.3027,28.0124,10668.0,157.06,798.3720000000001,United States
a8d489,UAL343  ,United States,-89.629,41.8591,8267.7,262.53,797.58,United States
a1c9fd,N214SQ  ,United States,-92.591,43.8832,1394.46,265.82,228.42000000000002,United States
8965d3,FDB1932 ,United Arab Emirates,53.6472,26.5753,8732.52,150.85,824.94,United Arab Emirates
e4814b,GLO2155 ,Brazil,-46.1759,-23.8355,3200.4,267.0,495.18000000000006,Brazil
8832b9,TLM210  ,Thailand,86.9096,19.1535,11582.4,238.48,786.456,Thailand
781429,GCR7438 ,China,108.2392,22.3128,8107.68,142.39,916.452,China
c2b3d7,CFC3680 ,Canada,-74.1685,71.9151,10363.2,188.49,790.2,Canada
abeb7c,SWA4957 ,United States,-92.7934,34.005,11879.58,65.87,819.864,United States
a033df,N112CM  ,United States,-83.4448,30.2721,11231.88,342.34,732.708,United States
a1afec,MXY745  ,United States,-76.7109,37.1197,6720.84,231.93,531.648,United States
a9f461,AAL1064 ,United States,-78.444,36.2273,10629.9,46.22,984.9960000000001,United States
8965d4,FDB906  ,United Arab Emirates,51.5065,26.6427,11887.2,109.81,978.336,United Arab Emirates
a5cf19,UAL2649 ,United States,-91.2091,40.6673,11071.86,70.89,848.6640000000001,United States
a22669,MXY206  ,United States,-104.62,38.8576,10363.2,254.19,754.524,United States
a32c19,N303ST  ,United States,-97.7557,35.5222,899.16,258.27,100.26,United States
8965cf,FDB1114 ,United Arab Emirates,50.9234,27.0188,11277.6,131.75,945.72,United Arab Emirates
8965ce,FDB7WA  ,United Arab Emirates,56.0734,24.9725,3017.52,299.56,427.968,United Arab Emirates
c06c8c,GPCT    ,Canada,-123.7418,49.3155,2956.56,298.17,325.62,Canada
15205e,SVR571  ,Russian Federation,88.1332,55.4962,10668.0,97.98,826.5960000000001,Russian Federation
a40fac,N3607U  ,United States,-98.556,40.3728,2141.22,105.52,172.98,United States
ad2b92,N948HC  ,United States,-80.4717,28.2381,952.5,135.97,309.096,United States
a9f471,TIV740  ,United States,-84.5695,31.8979,13106.4,263.81,756.3240000000001,United States
49c384,XBASF   ,Czech Republic,-100.2407,25.8657,335.28,311.99,24.912,Czech Republic
02a181,TAR850  ,Tunisia,5.0804,45.8284,815.34,175.08,280.692,Tunisia
a1a3a9,JBU1255 ,United States,-80.6183,15.0904,10066.02,170.64,865.296,United States
a03fff,AAL1737 ,United States,-82.2548,30.3503,8526.78,104.55,803.592,United States
a56c19,AAL1966 ,United States,-107.4738,35.7638,10370.82,258.53,772.92,United States
a7d9a3,N6048Z  ,United States,-97.0469,32.7136,160.02,180.0,124.092,United States
a99d87,ASA1333 ,United States,-122.3095,46.7213,6385.56,180.0,761.184,United States
a7a17b,DAL305  ,United States,-77.7891,35.3748,10363.2,217.76,623.0880000000001,United States
a57f42,SWA1221 ,United States,-108.1057,32.409,11887.2,105.87,826.02,United States
a3a978,N335MC  ,United States,-88.0727,41.5981,419.1,32.99,125.85600000000001,United States
aa59a5,AAL3197 ,United States,-80.0026,26.7098,472.44,242.12,253.512,United States
15206f,SVR1871 ,Russian Federation,31.1171,31.5741,10660.38,174.97,886.8240000000001,Russian Federation
a8d465,UAL1729 ,United States,-117.8213,33.9933,2468.88,262.73,541.44,United States
4d00d7,LGL4601 ,Luxembourg,0.2456,51.4393,1059.18,262.74,380.88,Luxembourg
a4791d,N388BB  ,United States,-93.3437,32.8007,12192.0,325.93,697.572,United States
a6b9c1,VOI7710 ,United States,-118.9042,35.0815,11582.4,315.34,890.532,United States
a87196,NKS17   ,United States,-80.7296,23.7122,11894.82,184.64,756.252,United States
8965b3,FDB1482 ,United Arab Emirates,87.1348,16.7405,10363.2,283.64,840.42,United Arab Emirates
4d00ca,LGL35EK ,Luxembourg,8.8443,52.6219,7010.4,41.61,686.0880000000001,Luxembourg
8965b8,,United Arab Emirates,93.3845,22.4608,11887.2,82.16,990.8280000000001,United Arab Emirates
a789bc,DAL1378 ,United States,-83.9982,33.3412,10058.4,167.02,923.652,United States
8965b6,FDB1450 ,United Arab Emirates,52.2037,26.5558,11887.2,110.11,942.7320000000001,United Arab Emirates
abf29f,SWA986  ,United States,-79.2305,40.0809,12192.0,300.53,802.008,United States
a3dcc2,AAL2801 ,United States,-109.5015,32.6334,10500.36,105.84,854.748,United States
a64fd8,N5057H  ,United States,-93.6991,41.7818,1394.46,346.72,169.344,United States
a39fb7,UAL2617 ,United States,-90.8424,31.9994,10972.8,242.77,781.092,United States
c06079,CGKNW   ,Canada,-96.4801,50.7978,5219.7,222.02,428.796,Canada
8965c1,FDB76E  ,United Arab Emirates,55.5363,25.0748,1249.68,121.98,412.632,United Arab Emirates
a56c24,ATN3330 ,United States,-99.7057,34.3212,11277.6,137.68,979.3079999999999,United States
a02cf1,RPA4483 ,United States,-72.0398,42.8461,8709.66,275.69,653.292,United States
8965ac,ADY249  ,United Arab Emirates,55.8454,23.5476,6339.84,315.11,711.1080000000001,United Arab Emirates
4d00f4,LGL767P ,Luxembourg,-6.5938,43.1305,11887.2,220.63,756.504,Luxembourg
a789b4,JIA5489 ,United States,-81.2191,29.1575,2522.22,328.32,409.104,United States
4d00f2,LGL37LM ,Luxembourg,-2.2832,41.963,10325.1,216.24,704.916,Luxembourg
a0a9fe,N1419D  ,United States,-81.2886,29.3146,1516.38,290.9,109.044,United States
ae5275,,United States,-82.2525,34.2438,891.54,279.87,216.18,United States
a1afba,FFL1223 ,United States,-94.6831,34.1427,2964.18,189.37,386.676,United States
a046fe,N117JB  ,United States,-92.4124,39.3887,1104.9,350.91,187.56,United States
a35949,JBU1868 ,United States,-75.2127,38.5784,11117.58,9.41,1019.3399999999999,United States
a5cf1b,UAL1359 ,United States,-75.4445,40.296,8770.62,230.03,642.852,United States
8965c4,FDB2RG  ,United Arab Emirates,55.4064,25.2295,22.86,301.33,249.336,United Arab Emirates
a8d46a,UAL1964 ,United States,-88.2904,28.7169,8534.4,282.34,667.332,United States
a669e2,N512LL  ,United States,-97.4694,31.2359,10988.04,202.11,777.6,United States
a39fb1,UAL1053 ,United States,-109.7558,36.1552,11277.6,48.14,885.276,United States
4d00da,LGL8367 ,Luxembourg,6.6199,47.4655,6507.48,175.37,596.4480000000001,Luxembourg
e4818a,TAM8195 ,Brazil,-61.2893,11.0639,10668.0,139.49,920.808,Brazil
a941b2,N696HC  ,United States,-98.8413,41.0178,13106.4,258.24,790.74,United States
ab17ba,VWA109  ,United States,-111.7878,33.4449,640.08,232.62,167.796,United States
7c045e,JST983  ,Australia,135.6368,-34.6675,10660.38,80.32,1035.18,Australia
a74a5a,SWA2430 ,United States,-95.6752,39.1738,9235.44,262.72,687.06,United States
a50a96,N424BB  ,United States,-73.72,40.6792,1965.96,219.47,203.94,United States
a9a4c2,NKS335  ,United States,-83.6289,14.5441,10050.78,191.31,840.456,United States
4bce0b,SXS9085 ,Turkey,29.5382,38.6721,11582.4,257.53,737.8199999999999,Turkey
a403c6,DAL2437 ,United States,-93.0516,44.9965,2415.54,335.72,477.432,United States
4852f5,KLM1246 ,Kingdom of the Netherlands,8.0132,54.0157,9753.6,225.2,741.204,Kingdom of the Netherlands
a8e76a,FFT3735 ,United States,-81.6066,34.9591,11277.6,356.52,916.56,United States
aa348b,N757FD  ,United States,-93.5126,44.7042,1127.76,184.27,124.41600000000001,United States
a954f1,N700DZ  ,United States,-112.2469,40.5693,2499.36,92.97,428.40000000000003,United States
abb726,KSU54   ,United States,-94.8915,38.8454,365.76,180.0,135.18,United States
e4819c,TAM3585 ,Brazil,-48.9988,-26.9236,10965.18,213.83,831.6,Brazil
c08677,PBR525  ,Canada,-104.9846,36.7103,13106.4,311.26,662.724,Canada
ab4d1b,N827Z   ,United States,-79.7521,26.0636,1242.06,266.63,346.932,United States
a2bccd,ASI455  ,United States,-112.0688,33.6905,464.82,85.76,150.40800000000002,United States
a1a3cc,JBU1865 ,United States,-60.4699,11.5706,10066.02,158.96,877.032,United States
15201d,AFL2141 ,Russian Federation,37.4233,55.9657,541.02,281.73,100.26,Russian Federation
ac37c9,N8869Y  ,United States,-80.2135,33.1098,449.58,228.52,170.568,United States
a1ec62,N223CK  ,United States,-82.5598,33.5336,800.1,276.91,123.12000000000002,United States
a8d455,N6680M  ,United States,-95.9181,29.835,281.94,315.0,144.036,United States
a7b444,LXJ596  ,United States,-81.1451,31.7824,13716.0,25.24,929.52,United States
a9ed3f,N739HX  ,United States,-84.397,41.9169,1402.08,349.94,116.604,United States
ab3a07,N822TW  ,United States,-88.2918,43.4061,1386.84,357.53,215.028,United States
a7c779,N600CH  ,United States,-110.044,39.4874,11887.2,85.16,921.8879999999999,United States
a81abe,JBU2365 ,United States,-86.7065,21.0558,1493.52,155.97,486.648,United States
152025,AFL1870 ,Russian Federation,39.7037,55.6083,7658.1,275.29,100.44,Russian Federation
a273f5,UAL1297 ,United States,-100.8655,36.9649,12192.0,313.08,704.952,United States
a45f64,DAL993  ,United States,-83.9626,33.8465,2514.6,178.09,555.9119999999999,United States
a1e020,N22RA   ,United States,-86.2254,33.3662,9144.0,250.12,533.7,United States
a3efa2,UAL2265 ,United States,-86.4078,41.7426,10180.32,93.1,890.2800000000001,United States
a2d6e8,N282RH  ,United States,-83.8409,32.126,12496.8,161.67,936.468,United States
e4949a,TAM8169 ,Brazil,-46.6324,-23.3453,2065.02,217.12,334.476,Brazil
888200,VJC979  ,Viet Nam,125.7464,33.4841,10363.2,191.28,776.16,Viet Nam
c06c7e,CGPCF   ,Canada,-120.6693,49.7079,6088.38,252.04,426.384,Canada
ac872f,PKW669  ,United States,-94.8024,43.9733,11544.3,237.93,708.0840000000001,United States
a4ea9d,N416CA  ,United States,-96.8916,32.68,434.34,140.42,180.216,United States
78147a,CSN342  ,China,43.9694,55.4368,10668.0,195.52,172.98,China
a57f04,UAL2159 ,United States,-99.1903,40.1384,10652.76,90.67,951.984,United States
a45316,AAL2373 ,United States,-89.2933,33.0793,10972.8,295.14,697.6080000000001,United States
89407a,GFA281  ,Bahrain,75.6167,14.0489,8534.4,295.15,836.784,Bahrain
a7b46e,N596HP  ,United States,-81.1651,32.2634,1371.6,20.68,194.00400000000002,United States
a286fe,LXJ262  ,United States,-64.9367,19.158,9677.4,122.3,887.328,United States
a33339,EDV5315 ,United States,-73.5544,40.8098,3230.88,4.72,607.6800000000001,United States
a2e9fd,SWA3254 ,United States,-113.9087,33.428,7620.0,103.43,717.84,United States
a86a66,QXE2078 ,United States,-122.8115,38.3744,6888.48,166.92,728.208,United States
4bce06,SXS4BK  ,Turkey,13.1248,48.817,10972.8,308.96,709.776,Turkey
a32c3e,AAL3084 ,United States,-64.3292,17.8181,9418.32,116.03,882.1080000000001,United States
ae77a0,VADER91 ,United States,-75.1836,39.8826,304.8,257.04,214.74,United States
c06c91,CGPCY   ,Canada,-123.1774,49.1866,-182.88,279.83,238.716,Canada
a4795a,DAL1113 ,United States,-100.9294,40.7405,10370.82,257.23,712.116,United States
a153de,EDV4925 ,United States,-77.3122,36.6074,10675.62,18.34,1094.5800000000002,United States
a7ad7c,JIA5381 ,United States,-74.8589,39.9076,1257.3,338.85,333.612,United States
152050,SVR2719 ,Russian Federation,87.1391,52.873,10363.2,250.47,764.424,Russian Federation
ab04bb,EJA809  ,United States,-111.9033,39.6536,6896.1,34.34,814.176,United States
780d9f,CES220  ,China,81.579,57.161,10058.4,120.16,884.6279999999999,China
a6090b,N48823  ,United States,-117.5877,33.8941,251.46,187.35,115.776,United States
aa1a57,N750DC  ,United States,-84.758,32.6494,2712.72,87.27,389.376,United States
a20028,EJA228  ,United States,-80.1392,42.5887,10363.2,281.38,872.784,United States
15203c,AFL212  ,Russian Federation,43.9387,55.4327,10668.0,336.25,101.16000000000001,Russian Federation
e0b308,LVKLH   ,Argentina,-78.4959,31.9097,13106.4,195.42,724.284,Argentina
a7ad84,DAL1338 ,United States,-84.214,32.6679,10363.2,349.1,812.8800000000001,United States
a9da02,N734BB  ,United States,-121.1999,44.079,1043.94,178.64,155.628,United States
a33328,AAL118  ,United States,-86.6013,42.3262,10058.4,85.41,878.832,United States
ad3da8,SCA52   ,United States,-112.2422,33.8242,1234.44,251.36,162.216,United States
a1affd,N208CR  ,United States,-99.4625,27.5552,53.34,181.35,157.464,United States
a2000d,EDV5440 ,United States,-84.0435,33.4023,1737.36,326.65,427.896,United States
c06c84,CGPCL   ,Canada,-119.8697,49.8073,5585.46,258.02,312.372,Canada
e48189,TAM8194 ,Brazil,-60.2898,9.5923,9753.6,308.77,881.2800000000001,Brazil
a4794e,DAL2397 ,United States,-77.8898,38.6278,10972.8,231.25,721.944,United States
c0868a,PVL2589 ,Canada,-66.0652,45.1925,7315.2,277.73,523.296,Canada
ab9ab3,JRE847  ,United States,-87.8937,42.0978,297.18,338.29,215.28,United States
e4a025,PSJCN   ,Brazil,-46.0238,-22.695,7421.88,24.55,730.944,Brazil
a3e911,FFT2995 ,United States,-97.8226,34.2377,11597.64,321.93,726.876,United States
39a182,PVR62R  ,France,0.0306,48.0402,5791.2,60.85,680.6880000000001,France
a80146,N61490  ,United States,-92.5233,38.6879,1798.32,267.85,296.53200000000004,United States
aa5b9d,N767AV  ,United States,-112.2742,33.3792,548.64,306.51,292.608,United States
a3e917,LXJ351  ,United States,-79.324,36.6931,10363.2,219.32,675.1080000000001,United States
a621f8,N49447  ,United States,-97.0318,34.087,1005.84,353.8,171.39600000000002,United States
ab7b8c,UAL1296 ,United States,-73.0646,41.8511,4587.24,252.14,585.684,United States
aceb61,SWA3190 ,United States,-93.8364,39.7776,8839.2,70.53,872.172,United States
a52911,RPA4684 ,United States,-79.5214,40.0289,9753.6,262.45,775.296,United States
acb5fc,N918SJ  ,United States,-104.9388,31.8433,11277.6,95.79,917.712,United States
c0669e,WJA473  ,Canada,-122.2575,49.025,266.7,265.8,328.68,Canada
899088,EVA025  ,Taiwan,136.508,36.8197,11582.4,236.47,757.6560000000001,Taiwan
abd254,SWA140  ,United States,-89.6741,29.0874,11277.6,103.29,966.708,United States
a3e90c,TSU3810 ,United States,-106.3451,31.1275,4213.86,172.17,557.1,United States
ad2573,SWA4637 ,United States,-85.8978,37.6579,10058.4,29.48,733.932,United States
a7f451,N611VA  ,United States,-94.5429,38.5629,1333.5,149.64,300.492,United States
899080,EVA017  ,Taiwan,138.699,37.9633,10363.2,243.43,699.876,Taiwan
040187,ETH575  ,Ethiopia,-68.8804,46.9269,11277.6,66.86,1027.1879999999999,Ethiopia
899082,EVA654  ,Taiwan,-91.8606,43.2769,10058.4,121.61,978.6239999999999,Taiwan
ac058a,DAL1890 ,United States,-77.6427,28.3206,10363.2,177.24,691.5960000000001,United States
a7a4e6,ASA10   ,United States,-102.2547,44.537,11277.6,101.33,951.9480000000001,United States
4d0102,CLX7954 ,Luxembourg,86.0283,20.166,11887.2,110.77,950.7239999999999,Luxembourg
4d0101,CLX4Y   ,Luxembourg,18.1533,42.2292,10668.0,128.77,928.7280000000001,Luxembourg
4d0106,CLX4484 ,Luxembourg,43.0103,41.6529,11277.6,99.92,988.9559999999999,Luxembourg
4d0105,CLX6684 ,Luxembourg,-98.9389,20.1235,4884.42,230.35,533.988,Luxembourg
ade8fa,AAL1667 ,United States,-104.3932,37.4604,10058.4,135.08,980.856,United States
4d0109,CLX2584 ,Luxembourg,33.6109,30.1516,10668.0,161.77,1006.1640000000001,Luxembourg
a79141,N587PU  ,United States,-111.7861,33.4243,624.84,65.06,175.644,United States
89907b,EVA066  ,Taiwan,78.4033,28.9849,11277.6,117.92,1119.276,Taiwan
a12c23,DAL273  ,United States,-71.4751,41.6832,10035.54,220.75,618.5160000000001,United States
a874e1,JBU310  ,United States,-76.6386,36.0809,10683.24,355.94,995.148,United States
ad1258,CXK330  ,United States,-117.4421,33.8507,731.52,8.22,168.40800000000002,United States
a7f445,UPS109  ,United States,-171.55,57.7987,10668.0,68.86,893.52,United States
a24c05,FFL808  ,United States,-82.0059,27.7761,8481.06,342.7,442.26,United States
899097,EVA061  ,Taiwan,100.8001,13.8404,815.34,195.54,359.46,Taiwan
ad0b5e,EDG94   ,United States,-85.5015,41.7163,12245.34,95.05,925.884,United States
a24c02,EJM247  ,United States,-74.8893,40.8191,2263.14,107.43,568.764,United States
a0e9de,N158WC  ,United States,-118.4534,34.1606,2560.32,340.48,371.376,United States
adc2a7,,United States,-94.7404,39.2747,754.38,209.99,318.6,United States
a07ffc,N131MA  ,United States,-106.8188,35.131,1836.42,223.47,196.488,United States
a349a6,N3103V  ,United States,-87.8959,42.1018,274.32,344.48,103.788,United States
abd26b,SWA3296 ,United States,-84.1112,33.6764,2232.66,236.01,390.888,United States
a13f1c,N18JA   ,United States,-89.0188,41.7806,1973.58,272.66,159.444,United States
a20fa4,CXK646  ,United States,-99.0973,28.4762,1287.78,357.66,181.656,United States
a80162,ASA73   ,United States,-150.2689,61.0933,1653.54,289.42,373.104,United States
a2791e,MXY845  ,United States,-77.0489,39.0743,10363.2,218.75,721.944,United States
a51601,DAL225  ,United States,-66.9131,48.8199,11582.4,201.11,740.484,United States
040169,ETH849  ,Ethiopia,28.8278,-25.0566,9174.48,191.01,766.008,Ethiopia
869210,ANA12   ,Japan,-104.5492,50.0518,10058.4,122.91,1019.196,Japan
a6c15f,VJA534  ,United States,-106.7995,38.9935,13114.02,273.39,751.392,United States
a7e148,N607AH  ,United States,-92.6154,38.8355,7330.44,95.77,571.464,United States
a7f475,WMU61   ,United States,-85.2657,42.2951,647.7,164.7,203.544,United States
a9ddb0,AAL57   ,United States,-73.7656,47.2476,10363.2,207.02,831.5640000000001,United States
a79d9a,N590CA  ,United States,-111.8167,34.066,3360.42,210.33,542.8439999999999,United States
89905b,TTW216  ,Taiwan,133.1945,32.2863,11262.36,66.3,1045.728,Taiwan
a3cf1d,N3444Q  ,United States,-81.1261,34.2954,3992.88,180.34,311.148,United States
a64924,DAL389  ,United States,-94.8054,52.0029,10363.2,324.66,874.08,United States
a491f1,DAL2411 ,United States,-85.4151,32.8293,11277.6,50.95,858.456,United States
04016a,ETH414  ,Ethiopia,35.3059,32.0189,1973.58,288.99,546.444,Ethiopia
a52946,N43100  ,United States,-88.9231,37.6685,883.92,320.74,301.392,United States
a67197,N514PG  ,United States,-85.8467,32.2156,1188.72,5.19,225.0,United States
c0404e,WJA2708 ,Canada,-81.2782,25.5762,10668.0,163.22,769.86,Canada
ad0b7f,N94HA   ,United States,-88.9837,35.1556,12192.0,224.91,876.0960000000001,United States
a92125,N688CD  ,United States,-91.013,38.6045,304.8,286.6,200.988,United States
a43ca8,EJA372  ,United States,-81.3513,40.8758,12192.0,272.44,784.116,United States
8940d1,DHX188  ,Bahrain,35.7972,30.8321,8602.98,196.5,847.944,Bahrain
89902f,EVA031  ,Taiwan,140.6862,38.7318,10972.8,244.72,741.456,Taiwan
a1a986,ENY3406 ,United States,-99.1248,28.5706,9448.8,16.55,838.512,United States
4bcd85,SXS065  ,Turkey,5.5539,58.4411,12496.8,117.57,848.2320000000001,Turkey
a0001d,N1BB    ,United States,-83.3969,16.2199,12496.8,155.43,881.784,United States
4bcd84,SXS81J  ,Turkey,27.3929,38.0506,1630.68,299.49,406.368,Turkey
a13349,N177BB  ,United States,-83.7095,27.6168,12192.0,281.11,711.5400000000001,United States
a7f40f,SKW5004 ,United States,-122.2895,45.3006,7315.2,334.61,647.8199999999999,United States
8940d3,GFA277  ,Bahrain,71.1552,19.6532,9753.6,287.57,773.136,Bahrain
89902d,TTW603  ,Taiwan,121.1992,25.0596,137.16,49.3,244.26,Taiwan
a5a10a,AAL2138 ,United States,-113.8452,36.6095,5890.26,250.42,646.704,United States
a25329,N249TT  ,United States,-99.6385,29.2142,739.14,268.44,272.34000000000003,United States
a61ad7,N4927D  ,United States,-80.9815,35.7584,647.7,179.38,170.388,United States
8940ca,GFA512  ,Bahrain,52.7178,26.2258,7612.38,113.1,835.56,Bahrain
4075b3,VIR73Q  ,United Kingdom,-81.8259,39.3814,12192.0,177.51,936.1440000000001,United Kingdom
a887e0,NKS1745 ,United States,-82.689,29.6334,10058.4,0.23,924.156,United States
0d0874,XAPBP   ,Mexico,-102.7175,32.4759,8138.16,324.34,629.0640000000001,Mexico
a00c80,DAL3123 ,United States,-107.3683,38.6697,10660.38,130.0,962.2440000000001,United States
a8c4a0,N664RV  ,United States,-117.0244,33.7327,411.48,243.43,190.512,United States
a13f8f,N18NR   ,United States,-120.2821,35.6745,1554.48,282.84,366.624,United States
34260e,IBE04ZV ,Spain,-3.5751,40.5799,929.64,180.0,225.936,Spain
a2796f,FDX3806 ,United States,-121.9887,37.6065,1127.76,267.82,389.196,United States
a0d6fb,SKW5939 ,United States,-101.8906,39.5845,10271.76,95.69,915.696,United States
a5a11a,ASA618  ,United States,-106.7981,44.7484,10668.0,109.64,975.3120000000001,United States
a36c17,N32BG   ,United States,-82.2986,31.8239,12192.0,155.28,876.744,United States
4ca4f8,RYR83VG ,Ireland,9.5322,40.5587,8046.72,203.36,681.876,Ireland
a2af2a,AAY162  ,United States,-81.2506,31.5927,11269.98,24.83,983.5559999999999,United States
a1200d,UCA4988 ,United States,-97.2421,37.4003,2819.4,328.83,443.7,United States
040159,ETH3685 ,Ethiopia,77.1122,13.1617,9753.6,265.18,903.276,Ethiopia
a79104,N587MH  ,United States,-88.297,42.1033,601.98,3.28,226.332,United States
4ca4f2,RYR76XH ,Ireland,0.7786,46.6173,7437.12,207.7,713.268,Ireland
a00c94,N102EP  ,United States,-115.0926,35.7894,2042.16,347.12,332.46,United States
a70778,GJS4584 ,United States,-85.0532,35.1265,2476.5,86.13,549.432,United States
ab4732,AAL176  ,United States,-117.6569,45.0138,11277.6,124.78,1025.9640000000002,United States
89900d,EVA067  ,Taiwan,11.0295,49.3405,10363.2,294.86,832.752,Taiwan
4d0112,CLX976  ,Luxembourg,15.8513,46.831,9753.6,296.11,833.22,Luxembourg
a887fd,PDT5835 ,United States,-69.89,43.9776,7680.96,225.0,557.856,United States
4d0110,CLX9984 ,Luxembourg,115.3102,41.2538,9174.48,288.87,698.6880000000001,Luxembourg
a86df1,N642PC  ,United States,-106.2696,31.7655,2651.76,94.21,302.688,United States
a79d78,ASA1    ,United States,-117.366,47.5899,9753.6,261.99,731.268,United States
a6c120,AAL2118 ,United States,-107.4562,32.2507,10058.4,106.16,871.56,United States
a2c93f,EDV5338 ,United States,-73.6927,40.7244,723.9,209.97,237.312,United States
a61ade,N4927L  ,United States,-96.6234,32.3154,312.42,286.05,140.688,United States
040126,ETH741  ,Ethiopia,-8.1414,41.3924,4251.96,85.34,730.26,Ethiopia
a78a52,AAL3322 ,United States,-114.351,35.8494,3771.9,307.71,557.136,United States
a0bcb2,AAL2002 ,United States,-97.0546,32.9375,259.08,180.0,253.728,United States
a216c4,EDG35   ,United States,-80.4215,33.0569,11750.04,26.7,1080.036,United States
8940b5,DHX798  ,Bahrain,21.7579,39.1862,9753.6,307.4,801.936,Bahrain
a0bcb7,CNS5289 ,United States,-82.4358,29.2477,4876.8,320.44,442.00800000000004,United States
780204,CPA253  ,China,21.3086,46.3415,10972.8,295.77,771.1560000000001,China
ad37a8,N95044  ,United States,-95.6512,29.6607,327.66,175.24,223.02,United States
780201,CPA101  ,China,119.341,12.3572,10058.4,153.38,884.556,China
484a91,ZXP01   ,Kingdom of the Netherlands,4.5958,51.9299,502.92,319.55,148.464,Kingdom of the Netherlands
a2c92b,AAY1394 ,United States,-82.788,27.8447,5661.66,0.72,733.464,United States
a2af23,,United States,-104.9979,34.718,9144.0,92.71,821.34,United States
400e13,EZY46JF ,United Kingdom,-1.0091,51.5171,4411.98,135.62,603.7560000000001,United Kingdom
a0bcd0,N147BF  ,United States,-112.1107,41.1957,1546.86,277.29,160.56,United States
89901b,CAL031  ,Taiwan,141.4263,37.8715,10972.8,229.86,741.276,Taiwan
89901a,CAL007  ,Taiwan,134.4084,35.7727,10972.8,234.56,725.112,Taiwan
49d3d4,TVS7M5  ,Czech Republic,53.9992,25.6129,7627.62,287.35,714.024,Czech Republic
a80d4a,N618JM  ,United States,-75.4913,38.8836,1013.46,8.04,172.07999999999998,United States
ac4d18,,United States,-90.1481,38.5273,746.76,147.72,208.07999999999998,United States
49d3d3,TVP7305 ,Czech Republic,9.1913,44.7857,10972.8,47.37,823.1039999999999,Czech Republic
4d010b,ICV5094 ,Luxembourg,-161.4361,59.6045,11277.6,72.29,931.248,Luxembourg
899038,EVA009  ,Taiwan,136.6581,36.8899,10363.2,236.47,717.5880000000001,Taiwan
899037,EVA075  ,Taiwan,8.0083,51.9324,10347.96,294.47,769.1039999999999,Taiwan
c05f93,ROU1883 ,Canada,-79.107,35.7046,10668.0,38.08,1032.912,Canada
8940bb,DHX752  ,Bahrain,22.336,38.4458,10370.82,302.8,793.1880000000001,Bahrain
8940ba,DHX712  ,Bahrain,30.0029,39.678,9342.12,336.39,786.204,Bahrain
aad7bd,WMU79   ,United States,-85.251,42.3301,647.7,122.62,219.888,United States
a5031a,AAL2240 ,United States,-95.6648,35.4483,9753.6,267.37,765.684,United States
ac0519,SWA106  ,United States,-106.013,35.6522,11277.6,89.67,963.072,United States
a37f8d,JBU961  ,United States,-81.2753,31.3658,10934.7,180.44,727.8480000000001,United States
7502db,MXD206  ,Malaysia,81.9328,25.7464,10058.4,123.26,1036.584,Malaysia
ab951a,N8452R  ,United States,-83.8422,43.4339,335.28,311.63,111.492,United States
a696bb,N5232K  ,United States,-88.4059,42.43,929.64,329.84,158.508,United States
406f7b,BAW135  ,United Kingdom,2.1498,51.0626,8046.72,113.92,913.6800000000001,United Kingdom
0d081c,VOI7924 ,Mexico,-95.2444,29.8929,1508.76,129.53,494.64000000000004,Mexico
a50332,N422BM  ,United States,-98.5301,35.7433,3131.82,258.89,307.656,United States
a48004,N38968  ,United States,-91.7698,39.3652,1630.68,17.39,192.132,United States
a323f2,AAH553  ,United States,-157.9345,21.3088,91.44,51.63,226.764,United States
a6dfbf,JIA5443 ,United States,-86.8148,41.8077,3642.36,350.44,557.784,United States
ac5eb4,SWA3340 ,United States,-109.0121,37.8157,10972.8,254.68,722.0160000000001,United States
48648f,PHUZI   ,Kingdom of the Netherlands,-1.396,43.1873,12496.8,206.38,762.804,Kingdom of the Netherlands
48ad85,LOT2PH  ,Poland,21.839,47.3067,10972.8,345.01,759.204,Poland
ac1846,FDX6013 ,United States,114.272,20.9994,7559.04,355.57,863.748,United States
48ad83,LOT7PC  ,Poland,20.8929,52.3391,2301.24,266.25,452.84400000000005,Poland
a50337,N422BS  ,United States,-80.6836,28.2257,2148.84,341.08,274.104,United States
48ad84,LOT5KW  ,Poland,20.7844,52.1255,1889.76,294.35,471.63599999999997,Poland
aa1439,N749CP  ,United States,-115.9812,33.989,6659.88,82.47,749.124,United States
a75634,DAL2032 ,United States,-101.3794,37.6032,10058.4,109.28,992.8079999999999,United States
aa141e,ENY3522 ,United States,-88.1136,44.3952,1501.14,163.45,409.608,United States
346184,VLG2QV  ,Spain,-0.5496,39.2984,5311.14,195.56,711.288,Spain
a5b3a7,AAL2722 ,United States,-113.5457,32.8598,9753.6,250.32,891.0,United States
407667,EZY85UZ ,United Kingdom,2.3726,48.6761,9448.8,142.63,768.9960000000001,United Kingdom
a68ff6,N5217D  ,United States,-96.5565,32.9296,518.16,120.29,216.61200000000002,United States
76cce1,SIA33   ,Singapore,121.5621,14.3498,12192.0,207.68,893.0160000000001,Singapore
346183,VLG6UT  ,Spain,-4.4415,36.6338,259.08,311.35,246.708,Spain
a00084,N1FE    ,United States,-4.2524,55.3436,12184.38,312.39,920.268,United States
76cce4,SIA24   ,Singapore,-120.4702,48.3001,12496.8,92.51,1015.884,Singapore
76cce5,SIA23   ,Singapore,90.6548,21.2779,12496.8,124.08,912.276,Singapore
0d082c,FAM3616 ,Mexico,-96.6715,19.3732,6400.8,92.56,580.248,Mexico
a7693e,N577JM  ,United States,-97.6079,30.9391,10363.2,201.8,877.644,United States
507c71,QNT444  ,Uzbekistan,6.3036,52.5065,10675.62,82.18,912.24,Uzbekistan
ab3edd,ASH6309 ,United States,-106.3165,31.861,1463.04,231.02,262.04400000000004,United States
40631a,EZY18JL ,United Kingdom,3.0949,52.3677,11894.82,70.7,890.892,United Kingdom
a6496b,GJS4529 ,United States,-87.5823,41.988,1790.7,270.26,411.156,United States
781fff,CSN5080 ,China,101.8542,3.2585,4945.38,31.45,670.8240000000001,China
009382,ZSSFT   ,South Africa,27.9605,-25.6294,2072.64,311.8,211.176,South Africa
a2c992,SKW3736 ,United States,-122.9309,44.0624,10668.0,178.79,879.9119999999999,United States
400cd8,EZY627N ,United Kingdom,-3.7471,55.5126,3688.08,330.21,588.9960000000001,United Kingdom
406f79,BAW293  ,United Kingdom,-2.2014,53.3388,8016.24,295.32,878.976,United Kingdom
a3866a,UPS118  ,United States,113.7702,22.7131,396.24,153.43,265.03200000000004,United States
406f77,BAW26E  ,United Kingdom,-88.7324,41.2284,12184.38,210.13,985.032,United Kingdom
486494,KLM40J  ,Kingdom of the Netherlands,4.0848,52.4969,2110.74,111.68,506.232,Kingdom of the Netherlands
aab202,AAL281  ,United States,-106.7052,35.0239,9144.0,282.3,843.48,United States
a6dfaa,DAL361  ,United States,-106.3552,41.1797,10347.96,251.37,701.6039999999999,United States
a31cf7,,United States,-83.9116,40.5913,944.88,351.06,166.86,United States
a2668b,MXY541  ,United States,-80.7767,27.9458,8092.44,340.25,844.1640000000001,United States
a683a8,JBU987  ,United States,-77.3536,38.7152,9753.6,224.29,737.352,United States
ae08bb,KATT84  ,United States,-88.0694,30.5972,236.22,131.92,243.93600000000004,United States
a7563a,DAL170  ,United States,-149.7851,57.7817,11887.2,90.88,968.7239999999999,United States
5140cc,LOL300  ,Georgia,44.8217,40.9905,9890.76,167.48,914.4,Georgia
7813bd,CSN8070 ,China,75.7834,31.0162,11277.6,111.24,1053.108,China
a323c8,KOW301  ,United States,-89.9782,29.4764,14325.6,117.67,1028.88,United States
407657,ULR85A  ,United Kingdom,-2.2205,57.3587,906.78,249.33,225.648,United Kingdom
a49314,EJA394  ,United States,-114.0163,36.1527,12496.8,85.83,815.184,United States
acaeaf,N916TS  ,United States,-118.4086,33.8272,685.8,220.66,190.44,United States
a00055,N1DH    ,United States,-83.3496,28.5837,11887.2,181.89,787.536,United States
a36c45,N32DC   ,United States,-80.3795,32.4562,4899.66,211.98,395.17199999999997,United States
a24014,ENY3896 ,United States,-97.2222,33.1365,5364.48,16.75,616.968,United States
a3732b,N321MS  ,United States,-75.8802,42.2751,5341.62,105.39,781.776,United States
a86f44,N64217  ,United States,-111.7506,33.4474,579.12,52.59,118.908,United States
c04c36,WJA115  ,Canada,-117.6683,50.5205,9753.6,252.05,696.96,Canada
7502c2,MXD162  ,Malaysia,90.5894,23.6066,1623.06,313.42,428.40000000000003,Malaysia
486484,KLM40E  ,Kingdom of the Netherlands,11.4098,51.719,11582.4,285.5,720.72,Kingdom of the Netherlands
34615a,AEA024  ,Spain,-54.0784,-22.0407,10668.0,43.96,933.8760000000001,Spain
a4f668,N419JS  ,United States,-84.7025,42.9233,1394.46,265.28,224.856,United States
008080,LNK103E ,South Africa,28.5789,-25.8507,4701.54,254.94,627.1560000000001,South Africa
4ca4ef,RYR75QA ,Ireland,1.1591,52.1778,4450.08,276.61,563.0400000000001,Ireland
a7a60e,JIA5157 ,United States,-94.4533,34.0274,9654.54,249.54,794.6279999999999,United States
a5acc1,LXJ465  ,United States,-2.7394,53.3667,2362.2,298.56,499.716,United States
a6e6d4,N544AM  ,United States,-110.9592,31.747,1463.04,356.16,248.72400000000002,United States
acaec8,AAL2309 ,United States,-88.7692,37.2831,9753.6,237.13,859.932,United States
a826c4,WMU26   ,United States,-85.4484,42.3286,1066.8,161.46,308.62800000000004,United States
7800a9,CSN305  ,China,120.8627,14.7428,9448.8,146.5,939.4920000000001,China
a1e3ae,N2202Q  ,United States,-88.6201,41.7454,1661.16,151.77,199.692,United States
15069e,SSF142  ,Russian Federation,23.5464,59.6095,10058.4,72.71,847.62,Russian Federation
a959b4,EJA701  ,United States,-81.9242,39.4471,13106.4,287.37,818.892,United States
a3730e,N321LN  ,United States,-104.4565,39.5682,2179.32,1.67,190.83599999999998,United States
ae08b7,KATT41  ,United States,-88.7742,30.3134,3604.26,255.47,413.244,United States
a336e3,AAL1638 ,United States,-96.0504,34.3984,10058.4,36.04,815.328,United States
5140c6,IGT1189 ,Georgia,83.1618,25.7,10363.2,303.22,692.928,Georgia
a4095b,N3595Z  ,United States,-97.3356,33.2718,533.4,313.32,89.10000000000001,United States
a1a98d,AAY3050 ,United States,-83.9638,35.8384,457.2,224.39,246.204,United States
a85c01,FFT4937 ,United States,-80.7621,37.1727,10058.4,336.05,871.3800000000001,United States
a336f0,EDV5262 ,United States,-83.9751,40.6421,9448.8,63.61,800.1,United States
a5b3ad,ASA429  ,United States,-121.5304,45.4048,10668.0,165.23,907.8480000000001,United States
a336dc,AAY5    ,United States,-115.0155,36.139,2133.6,82.85,505.83599999999996,United States
ad2523,N946TH  ,United States,-86.1034,38.1424,883.92,356.55,215.208,United States
a336df,AAL2367 ,United States,-86.6659,28.3035,10668.0,108.15,1046.592,United States
aba8ff,SCX8713 ,United States,-108.0278,38.4476,12192.0,239.36,781.3439999999999,United States
ad385f,AAL2773 ,United States,-70.8577,42.4947,883.92,301.1,387.18,United States
a3bc11,N34MJ   ,United States,-100.3339,42.5698,6705.6,295.78,421.596,United States
a06e0b,DAL2339 ,United States,-80.2523,25.8049,152.4,267.16,261.468,United States
abe52d,AMX521  ,United States,-95.5709,20.6393,10972.8,258.8,743.832,United States
acf207,AAL1056 ,United States,-82.7793,40.4445,10668.0,63.33,866.34,United States
a8aaff,FFT4315 ,United States,-94.0815,34.9713,9753.6,275.31,760.716,United States
346147,IBE04FE ,Spain,1.8997,41.1258,3307.08,254.03,545.148,Spain
346146,IBE0102 ,Spain,-55.2639,-33.0838,9951.72,49.79,1050.0120000000002,Spain
acc8e1,CXK569  ,United States,-118.3202,33.6776,1112.52,273.01,211.428,United States
a01eae,N10694  ,United States,-89.3583,34.932,2438.4,99.27,356.54400000000004,United States
15063b,RFE9732 ,Russian Federation,55.8237,26.6775,12222.48,353.53,920.736,Russian Federation
a08844,N133VU  ,United States,-96.6086,40.642,1196.34,14.04,267.264,United States
7502b2,MAS197  ,Malaysia,91.9022,22.3629,8770.62,149.37,923.3280000000001,Malaysia
a50f40,SWA2017 ,United States,-121.0112,38.3731,5273.04,123.81,715.536,United States
a0be05,EDV4962 ,United States,-75.7246,38.1199,10363.2,214.33,601.02,United States
ac65dc,SWA1472 ,United States,-76.6619,39.1637,152.4,324.14,271.908,United States
ad7ece,AAL3108 ,United States,-94.6287,30.0662,11277.6,101.86,946.188,United States
abde5b,GTI045  ,United States,-59.4715,8.9674,10058.4,153.13,946.6920000000001,United States
ae08e2,OCEAN   ,United States,-118.7628,34.8419,1531.62,122.01,401.83200000000005,United States
34745a,AEA89LY ,Spain,6.806,46.6863,9814.56,230.96,782.1,Spain
a24082,SKW3685 ,United States,-114.9968,43.8115,10668.0,118.05,961.0920000000001,United States
ac055e,N874BU  ,United States,-84.3495,39.0845,304.8,322.59,39.636,United States
a01ec9,N107AV  ,United States,-76.0085,37.7928,12184.38,214.31,762.3000000000001,United States
40768c,EZY51AG ,United Kingdom,0.709,50.0174,11277.6,140.69,765.936,United Kingdom
ac5efa,SWA3093 ,United States,-80.4052,35.005,11582.4,209.94,745.884,United States
5140e1,CMS591  ,Georgia,11.4483,45.6411,11887.2,91.26,844.704,Georgia
40768b,EZY78CF ,United Kingdom,30.6199,30.8028,10965.18,316.62,693.036,United Kingdom
407698,VIR103M ,United Kingdom,-75.7671,45.9208,12192.0,235.0,852.3720000000001,United Kingdom
0d0804,AMX676  ,Mexico,-98.5726,19.6058,6560.82,79.85,714.924,Mexico
0d0805,AMX793  ,Mexico,-107.5541,36.066,11277.6,175.32,839.916,Mexico
407699,VIR91U  ,United Kingdom,-78.4178,46.2286,12192.0,219.61,906.3000000000001,United Kingdom
a3cf4f,UAL315  ,United States,-80.2573,26.2522,2948.94,14.17,597.852,United States
ac65fb,SWA366  ,United States,-97.6198,35.5646,1264.92,98.25,503.38800000000003,United States
a2f0ba,N289PL  ,United States,-93.7807,37.0003,1043.94,62.19,305.676,United States
34744c,VLG1TR  ,Spain,2.6651,41.3714,5935.98,61.14,725.292,Spain
abd230,SWA2361 ,United States,-96.2719,41.2763,10972.8,263.03,686.6279999999999,United States
4409c0,EJU62XC ,Austria,7.7881,45.1812,7863.84,123.81,742.212,Austria
ac9b57,N911KV  ,United States,-82.0355,29.0476,388.62,205.2,139.176,United States
347459,GRL940  ,Spain,7.1515,53.3521,11887.2,45.32,935.0280000000001,Spain
a310cf,EDV5252 ,United States,-93.9769,31.9629,10668.0,38.56,805.212,United States
a24c99,UAL1279 ,United States,-77.3983,39.1724,3055.62,64.86,566.676,United States
40767a,TOM7LE  ,United Kingdom,-9.5589,36.9471,10363.2,22.01,864.936,United Kingdom
a97aee,N71NP   ,United States,-117.8596,34.6536,4198.62,262.6,618.1560000000001,United States
407685,HLE88   ,United Kingdom,0.3032,52.2712,655.32,230.12,190.656,United Kingdom
a4dc25,N412GA  ,United States,-83.1959,32.5322,6096.0,263.93,437.688,United States
48ad0c,LOT6PD  ,Poland,20.9726,49.809,10972.8,353.27,790.704,Poland
a4dc24,00000000,United States,-88.7044,44.6478,7315.2,284.04,450.54,United States
3950cf,AFR73KY ,France,1.1292,46.4202,11262.36,357.52,897.228,France
48ad0b,LOT6ER  ,Poland,18.1784,47.9803,10668.0,32.85,839.916,Poland
a67ca0,N517ND  ,United States,-81.1595,29.2748,937.26,8.4,164.736,United States
c05f09,JZA869  ,Canada,-76.5588,42.7311,9144.0,211.02,672.0840000000001,Canada
3c1aeb,KLM22X  ,Germany,-0.6478,51.3848,6858.0,39.55,799.812,Germany
48ad19,LOT3LF  ,Poland,9.509,45.7825,5105.4,225.56,669.204,Poland
a5bfc9,KFS65   ,United States,-84.3624,40.3393,4579.62,354.39,625.248,United States
a49345,N394SR  ,United States,-80.3074,35.3741,906.78,96.42,447.3,United States
a6f9b3,DAL367  ,United States,-95.1049,39.4029,10675.62,82.46,973.332,United States
aceb1b,N931TT  ,United States,-113.4558,37.2001,6073.14,236.92,437.652,United States
ac9b67,N911LL  ,United States,-102.7335,32.7272,1744.98,273.24,196.632,United States
7800eb,CSG2532 ,China,0.229,51.8214,1821.18,126.22,360.432,China
a310bb,AAY269  ,United States,-80.1227,26.0657,121.92,270.45,235.22400000000002,United States
a443d3,JTZ374  ,United States,-87.4158,35.8484,3352.8,63.1,560.736,United States
a1f838,N226KM  ,United States,-88.4034,42.5871,1478.28,143.37,270.036,United States
ab2056,CXK360  ,United States,-121.5371,38.3909,1371.6,105.45,146.01600000000002,United States
c04af4,JZA7995 ,Canada,-73.5995,45.4436,2217.42,222.68,486.252,Canada
a86f9b,N6424P  ,United States,-93.3019,37.3743,1645.92,41.59,220.392,United States
a1e500,N221CX  ,United States,-100.8188,37.7206,12496.8,102.18,816.5880000000001,United States
a7f3e4,EJA611  ,United States,-106.5676,31.7979,3825.24,303.08,532.692,United States
a038fd,N113SW  ,United States,-93.4837,44.2235,1584.96,208.0,165.708,United States
a670da,N514FT  ,United States,-94.2206,39.4212,3566.16,207.83,638.712,United States
c051e6,ACA1002 ,Canada,-73.9202,43.4041,11582.4,173.2,798.264,Canada
48ad02,LOT4PY  ,Poland,20.6548,52.2423,1059.18,26.15,344.556,Poland
a99686,SKW4245 ,United States,-93.547,45.4704,3390.9,158.79,629.712,United States
abe3e6,SWA2650 ,United States,-84.126,40.0655,11277.6,44.17,813.312,United States
a05b35,AZY426  ,United States,-80.034,26.0589,487.68,302.51,223.992,United States
ad1cf5,JCM944  ,United States,-79.0521,27.1128,11582.4,146.31,721.152,United States
c051e2,ACA956  ,Canada,-81.1605,32.7049,11887.2,10.99,962.136,Canada
a97029,SKW6447 ,United States,-97.27,32.7791,3139.44,285.64,528.876,United States
a37ea4,AAL2842 ,United States,-79.3605,25.473,6781.8,111.98,900.684,United States
a4e38f,LXJ414  ,United States,-80.9651,32.1127,12496.8,25.51,946.0079999999999,United States
ab80f4,DAL127  ,United States,-72.3419,41.0445,5273.04,251.63,493.70399999999995,United States
a7302f,AAL2062 ,United States,-77.7556,34.2422,10058.4,11.91,1076.976,United States
acaf82,N9161T  ,United States,-97.1736,33.6869,457.2,283.16,146.448,United States
ac4c8a,SWA1411 ,United States,-97.5588,38.9925,11277.6,92.08,1019.268,United States
a0c51a,N149LA  ,United States,-111.7296,33.4386,998.22,227.96,152.1,United States
a145d2,EJA181  ,United States,-117.129,34.3495,13708.38,110.29,902.376,United States
34620b,IBE0962 ,Spain,1.7613,47.4161,11277.6,210.96,712.728,Spain
a17b16,DAL773  ,United States,-98.972,38.7539,11590.02,260.42,723.0960000000001,United States
508404,SQY516  ,Ukraine,34.0268,35.5923,11582.4,358.57,742.8960000000001,Ukraine
3a3cad,VT594   ,France,-149.2244,-17.3456,3154.68,63.3,342.072,France
750404,MXD191  ,Malaysia,106.3757,-5.5518,10058.4,144.69,871.488,Malaysia
a4a808,N4B     ,United States,-90.3227,38.7303,259.08,301.95,203.00400000000002,United States
a6d3f2,VJA539  ,United States,-102.239,40.2697,13716.0,79.2,938.916,United States
750400,MXD242  ,Malaysia,78.909,12.9997,7505.7,99.72,811.728,Malaysia
ac536c,SWA3370 ,United States,-88.9104,36.4187,10477.5,327.07,657.5400000000001,United States
a9e62a,N737ML  ,United States,-97.8437,29.8747,266.7,269.14,124.092,United States
a9cc21,N730MC  ,United States,-85.5651,33.2684,1950.72,265.24,245.304,United States
a9e62f,N737MR  ,United States,-95.6483,31.7164,967.74,142.92,304.092,United States
a4805b,N3899Q  ,United States,-80.6284,35.3381,617.22,287.53,147.6,United States
a038e5,FFL1531 ,United States,-75.523,37.9597,12496.8,34.52,1058.7600000000002,United States
ad6c92,N964S   ,United States,-104.4017,39.7752,2110.74,316.79,251.56799999999998,United States
c051ec,NOJ605  ,Canada,-64.9777,31.6474,10668.0,139.39,890.4960000000001,Canada
a98f79,JRE715  ,United States,-81.7025,41.3997,2186.94,51.34,332.028,United States
a158c9,AAL3208 ,United States,-90.4685,30.1786,10043.16,129.0,977.04,United States
a70801,N552MW  ,United States,-104.9861,44.6658,13114.02,287.31,777.888,United States
346204,IBE07VP ,Spain,-1.8364,49.1943,10363.2,10.1,908.568,Spain
a21839,ENY3805 ,United States,-100.3998,26.1368,9753.6,210.53,802.008,United States
a21833,RPA5685 ,United States,-81.2245,42.5595,10058.4,85.61,871.1279999999999,United States
ad10e9,ASA390  ,United States,-114.7725,34.5488,10058.4,48.54,847.5840000000001,United States
aa60bb,ENY3361 ,United States,-88.2094,42.2351,2133.6,130.41,491.36400000000003,United States
aa73ec,N7728G  ,United States,-111.773,40.0179,2468.88,226.42,158.508,United States
aa1368,UAL1946 ,United States,-109.7587,37.9064,10668.0,72.89,937.872,United States
76cda4,SIA351  ,Singapore,73.968,26.6627,11277.6,118.81,1080.036,Singapore
76cda1,SIA303  ,Singapore,76.9957,26.2482,11887.2,118.17,1067.184,Singapore
4b82ab,EM415   ,Turkey,28.8107,41.0118,243.84,17.45,135.9,Turkey
a2181c,N234HS  ,United States,-92.3131,35.7466,7825.74,351.87,445.24800000000005,United States
ad6040,DAL2279 ,United States,-77.6222,37.9154,10058.4,41.11,1022.5079999999999,United States
ab2098,KSU16   ,United States,-97.3479,38.6214,1135.38,88.85,185.22000000000003,United States
0a8040,GGT60   ,Bahamas,-79.8136,27.6349,10408.92,125.73,764.2800000000001,Bahamas
aa6cfa,CKS218  ,United States,-154.8613,61.2716,8534.4,268.24,844.92,United States
a63687,N5PD    ,United States,-90.0531,29.5375,12192.0,293.01,734.4,United States
406f3b,TOM142  ,United Kingdom,-88.5067,35.3992,11582.4,193.13,1019.304,United Kingdom
780da0,CES554  ,China,84.8742,56.1739,10058.4,119.45,903.924,China
aca37f,N913TF  ,United States,-92.7677,32.5354,12496.8,47.14,735.192,United States
a97c23,N710AX  ,United States,-81.7517,26.1323,190.5,314.59,184.644,United States
a79ccc,N59TW   ,United States,-90.7621,42.3613,716.28,43.64,220.068,United States
a44520,UAL2326 ,United States,-88.7222,28.789,10972.8,282.37,709.092,United States
76cdb0,SIA287  ,Singapore,108.695,-7.698,11277.6,148.06,910.116,Singapore
adbc90,N9841W  ,United States,-117.7154,33.815,1539.24,190.78,158.364,United States
a9e610,N737LK  ,United States,-81.1307,33.9722,1996.44,344.13,182.91600000000003,United States
ab58b2,DAL2102 ,United States,-111.8025,38.4614,10363.2,220.39,814.572,United States
a43e38,N37242  ,United States,-116.8626,33.6205,4373.88,78.01,276.408,United States
c064d8,ACA1338 ,Canada,-79.3514,41.8653,9342.12,155.53,885.1320000000001,Canada
a31216,UAL1365 ,United States,-78.568,36.0622,1592.58,235.69,381.168,United States
76cdb9,SIA323  ,Singapore,87.6845,23.1397,11887.2,123.12,979.5960000000001,Singapore
76cdb6,SIA27   ,Singapore,-126.4733,49.128,10363.2,283.54,822.924,Singapore
49d543,OKVPL   ,Czech Republic,-8.6837,41.2564,281.94,345.26,181.944,Czech Republic
a05b78,DAL1181 ,United States,-81.0914,30.3331,10363.2,182.81,717.5880000000001,United States
a1f884,ENY4029 ,United States,-91.8135,34.9201,10058.4,63.43,799.236,United States
394a07,AFR4U   ,France,-67.2969,43.4404,10363.2,239.62,622.548,France
a24baf,TRF70   ,United States,-96.2579,32.743,510.54,16.7,193.356,United States
a252a7,ENY4178 ,United States,-76.5142,39.1194,5494.02,80.01,833.0400000000001,United States
a05b76,N122DL  ,United States,-98.3578,30.5636,495.3,182.69,157.608,United States
a6dff9,GJS4594 ,United States,-85.3284,41.0625,7010.4,128.03,895.8240000000001,United States
406f2d,SRD936  ,United Kingdom,-4.5598,53.45,281.94,196.56,142.992,United Kingdom
ac4090,N889PG  ,United States,-158.2992,20.9766,9875.52,115.76,1056.924,United States
76cdaf,SIA338  ,Singapore,22.8596,45.7858,13106.4,292.91,832.428,Singapore
acf0d8,ASA493  ,United States,-122.6461,47.8126,3985.26,149.01,654.5880000000001,United States
a4d040,NAC720  ,United States,-160.7254,63.7492,9144.0,292.31,780.696,United States
aa86fb,CKS242  ,United States,125.9881,33.9264,9753.6,192.93,860.796,United States
c05dcf,CGJNQ   ,Canada,-120.7056,56.0539,1158.24,104.36,238.968,Canada
a97c2d,N710BG  ,United States,-82.6269,41.5132,11574.78,292.79,855.7560000000001,United States
394a13,AFR648  ,France,12.5219,43.0295,9448.8,130.42,934.0920000000001,France
4ca564,RYR56JZ ,Ireland,-1.3079,51.6922,6530.34,244.0,671.724,Ireland
a706ea,ASA699  ,United States,-117.7928,33.8362,876.3,160.92,311.58,United States
0d06de,SLI1632 ,Mexico,-99.6032,19.3787,7924.8,276.77,785.16,Mexico
76cdba,SIA327  ,Singapore,79.2346,26.7065,11887.2,128.44,1066.428,Singapore
4ca569,RYR495B ,Ireland,6.7468,47.2995,10363.2,352.06,804.06,Ireland
347501,IBS1574 ,Spain,-8.3191,36.2364,10363.2,39.82,899.424,Spain
acf0e0,DAL2703 ,United States,-85.9273,42.8918,10660.38,108.51,880.812,United States
a3b063,LXJ337  ,United States,-87.508,38.8531,12496.8,166.21,940.14,United States
aa73d1,N7727Q  ,United States,-96.2349,33.5796,876.3,256.94,237.63600000000002,United States
aa265e,NDU753  ,United States,-111.5555,33.1442,1310.64,159.74,165.816,United States
ac181d,DAL2399 ,United States,-85.5299,42.0282,7612.38,93.63,790.524,United States
a44502,DAL2247 ,United States,-87.5497,42.0795,1196.34,144.6,447.588,United States
a385a2,N326LP  ,United States,-118.6523,34.3575,1767.84,275.98,195.51600000000002,United States
a25ee5,CXK215  ,United States,-96.0667,29.3233,670.56,227.32,193.96800000000002,United States
a6c0b8,EJA534  ,United States,-76.909,36.1012,13106.4,202.36,666.864,United States
aa3994,AAL2802 ,United States,-97.1491,32.4034,4351.02,194.74,735.3720000000001,United States
a61c83,TG71    ,United States,-105.1275,39.929,1996.44,9.06,129.384,United States
a6368a,N5PG    ,United States,-4.9275,50.1165,13106.4,316.04,936.504,United States
a7f3ab,NKS1246 ,United States,-81.35,33.4436,10355.58,197.46,759.1320000000001,United States
a2fe21,ENY3520 ,United States,-73.5081,41.8083,10363.2,238.83,701.316,United States
aa6ccb,AAL60   ,United States,-113.8115,42.658,11277.6,126.33,1059.768,United States
a7f3ae,JIA5331 ,United States,-80.8341,34.7138,6096.0,194.59,602.8199999999999,United States
a959df,SKW225X ,United States,-96.0708,33.6366,5966.46,219.46,705.204,United States
49d563,TVS1XX  ,Czech Republic,12.578,49.294,8031.48,173.03,854.532,Czech Republic
a37ec4,AAL339  ,United States,-84.346,19.9076,10668.0,219.15,745.092,United States
aad833,N79805  ,United States,-98.1914,29.9097,1554.48,97.92,215.028,United States
7814b7,CSN3068 ,China,85.8213,27.4074,6918.96,128.55,757.8000000000001,China
ad1e05,SWA807  ,United States,-91.6915,37.3235,11582.4,252.99,753.3720000000001,United States
a85c3e,JBU751  ,United States,-86.256,21.6708,5516.88,221.17,587.988,United States
a79cf2,N59VJ   ,United States,-122.8809,46.1363,5486.4,359.13,488.98800000000006,United States
a25ebe,CXK302  ,United States,-95.3012,30.4897,739.14,350.34,176.57999999999998,United States
ac0504,SKW5736 ,United States,-122.0951,37.7659,2331.72,73.28,527.904,United States
a9df25,N735RR  ,United States,-97.2263,33.0705,297.18,179.01,107.424,United States
a61c8a,N493PH  ,United States,-95.3811,29.6618,129.54,152.43,188.028,United States
aad82a,N7980W  ,United States,-96.0958,30.2967,807.72,0.0,148.176,United States
a07579,DAL2209 ,United States,-88.4013,35.5764,10668.0,143.79,993.852,United States
a13efc,N18GU   ,United States,-87.7315,41.7705,289.56,313.31,221.4,United States
7814c4,CSZ865  ,China,113.8354,22.593,662.94,153.0,326.34000000000003,China
aa1f5a,SKW6234 ,United States,-102.2857,43.7189,10972.8,270.15,701.892,United States
8881f1,VJC178  ,Viet Nam,105.5905,21.1676,1219.2,344.13,406.26,Viet Nam
8881f0,VJC883  ,Viet Nam,73.2535,19.2159,2781.3,88.57,446.472,Viet Nam
ac793f,AAL1672 ,United States,-93.4441,42.7781,11590.02,282.81,735.012,United States
ab2c0c,DAL796  ,United States,-106.2501,35.0745,12192.0,266.45,807.1560000000001,United States
ab2c0b,AAY2849 ,United States,-81.2735,30.4556,8496.3,177.28,546.9480000000001,United States
a4a874,N4FH    ,United States,-97.4045,31.3748,1752.6,201.8,309.168,United States
400d5a,BAW700W ,United Kingdom,9.1973,50.0713,11292.84,105.47,826.308,United Kingdom
aacfbe,EJA796  ,United States,-74.3095,40.9356,868.68,64.21,429.91200000000003,United States
a2fe7b,N292SC  ,United States,-118.4074,33.7284,1173.48,194.77,174.312,United States
780217,CPA3247 ,China,106.2072,21.9235,5661.66,171.57,593.4960000000001,China
a2a2bb,N269ZR  ,United States,-113.6544,35.2726,7117.08,320.44,814.284,United States
8966ea,CGS701  ,United Arab Emirates,73.047,19.0913,868.68,269.35,325.98,United Arab Emirates
899000,CAL051  ,Taiwan,121.0849,13.4417,11285.22,154.86,898.092,Taiwan
a6ce36,ASA717  ,United States,-121.7112,44.3568,10363.2,284.9,684.1800000000001,United States
a80e20,VN2     ,United States,-85.5084,29.7502,8077.2,278.97,819.36,United States
acc939,N9229P  ,United States,-77.8868,36.7275,2072.64,214.24,266.58,United States
a0628f,AAL3299 ,United States,-103.7873,30.3812,9753.6,230.63,840.852,United States
a4454e,N3742J  ,United States,-111.9197,32.9838,1341.12,359.17,127.8,United States
acaf0b,EDV4994 ,United States,-76.6829,38.0856,10058.4,38.98,1036.332,United States
a70848,EJA552  ,United States,-80.1047,27.5451,8534.4,159.66,703.1880000000001,United States
ad36a8,SWA1119 ,United States,-105.8824,31.5076,6621.78,124.07,766.908,United States
ac5f42,SWA312  ,United States,-96.4402,32.5285,2644.14,326.31,454.068,United States
781555,CHH752  ,China,90.9547,53.9263,11887.2,125.4,927.036,China
8940a3,GFA145  ,Bahrain,54.2867,24.6965,9136.38,306.81,735.624,Bahrain
406de8,SRG199  ,United Kingdom,-4.4099,55.8843,243.84,229.09,110.268,United Kingdom
a43e5b,UAL1966 ,United States,-86.9586,38.0032,10668.0,46.49,804.3480000000001,United States
a54b45,N440GT  ,United States,-91.1876,30.4747,6408.42,95.37,435.276,United States
a5521c,ASA734  ,United States,-117.3098,44.5807,12192.0,314.68,692.784,United States
ab93a5,AAL829  ,United States,-98.5554,19.9458,8519.16,258.08,753.336,United States
a372c8,N321HT  ,United States,-90.3135,30.019,1752.6,273.18,300.492,United States
ac6622,SWA3677 ,United States,-122.1633,47.6007,2514.6,119.53,544.8960000000001,United States
acc920,N9228Z  ,United States,-114.3183,34.6381,10675.62,58.67,698.148,United States
899018,CAL003  ,Taiwan,137.0666,37.1012,10363.2,236.84,721.1880000000001,Taiwan
78021b,CPA2032 ,China,85.7706,18.8295,11887.2,39.79,952.0559999999999,China
ad7f11,PGR1969 ,United States,-106.2856,34.4605,10972.8,280.34,732.312,United States
78021c,CPA006  ,China,117.0551,21.8316,10668.0,68.67,1008.036,China
a372d4,N321JE  ,United States,-83.5437,42.2213,441.96,330.02,111.16799999999999,United States
a4dbc6,N412CF  ,United States,-97.2164,33.3937,525.78,9.39,238.392,United States
899014,CAL5522 ,Taiwan,45.5444,41.2398,10058.4,108.93,953.4960000000001,Taiwan
899013,CAL063  ,Taiwan,107.4817,22.5523,10393.68,259.06,790.3439999999999,Taiwan
040230,SKK022  ,Ethiopia,-15.9798,12.5202,5334.0,323.74,629.352,Ethiopia
a42b32,DAL2652 ,United States,-77.8925,39.6813,11567.16,247.52,721.5840000000001,United States
a42b37,CYT36   ,United States,-85.5669,32.2413,8229.6,61.96,449.06399999999996,United States
abf6a4,SKW6499 ,United States,-111.4371,32.4276,3642.36,126.58,652.644,United States
a4320b,N37GC   ,United States,-96.8459,32.9905,243.84,160.39,171.036,United States
040231,SKK054  ,Ethiopia,-19.8137,14.6936,11582.4,269.23,685.296,Ethiopia
ae0944,WAYLN35 ,United States,-119.8816,34.7509,4069.08,86.25,425.016,United States
a44548,DAL379  ,United States,-78.9552,35.4321,10668.0,37.52,1046.088,United States
a385da,AAY1200 ,United States,-81.4461,29.2728,5181.6,355.19,773.136,United States
a43e60,UAL372  ,United States,-94.2535,36.2877,10668.0,111.08,1004.2920000000001,United States
a7ee35,N61UP   ,United States,-75.1699,39.9974,464.82,210.18,209.952,United States
780232,CPA095  ,China,113.7407,23.1235,8793.48,195.46,778.212,China
394a0c,AFR963  ,France,9.2391,46.9736,10363.2,284.35,814.356,France
780233,CPA3084 ,China,-133.3311,60.319,10668.0,109.39,1087.704,China
a3387f,N30639  ,United States,-87.6812,44.1453,365.76,258.47,92.628,United States
394a0e,AFR647  ,France,5.642,46.8923,10972.8,322.36,858.276,France
ac5310,ASH4010 ,United States,-80.984,32.0349,929.64,45.0,356.184,United States
c0173f,ACA104  ,Canada,-112.6931,48.2975,10058.4,98.43,997.884,Canada
75044c,MAS21   ,Malaysia,79.0743,25.225,12496.8,118.75,1062.576,Malaysia
a4dbe3,N412DK  ,United States,-117.1232,32.8097,175.26,295.5,133.38,United States
8966bc,ETD425  ,United Arab Emirates,75.7685,13.54,10363.2,280.39,883.08,United Arab Emirates
75044d,MAS3    ,Malaysia,73.3522,27.9646,11887.2,118.12,1068.804,Malaysia
abf6ae,DAL570  ,United States,-86.2558,35.5289,10058.4,149.98,1003.1760000000002,United States
78022e,CPA865  ,China,136.9467,34.7013,10363.2,221.57,745.1640000000001,China
a768fd,LXJ577  ,United States,-73.2615,42.2912,1691.64,61.34,474.912,United States
a2c8fe,N279M   ,United States,-94.9975,33.3243,5783.58,81.38,618.12,United States
a6ce57,N538C   ,United States,-94.7838,33.1826,2529.84,359.27,146.304,United States
ae4fae,SHWK404 ,United States,-117.227,32.705,83.82,244.38,149.94,United States
a6e85e,N544SF  ,United States,-111.9267,40.8496,1287.78,306.35,121.86000000000001,United States
a1cb56,N2144V  ,United States,-95.6373,29.6343,243.84,181.7,187.128,United States
a18e8c,N2NQ    ,United States,-95.5214,32.6742,2103.12,358.79,350.1,United States
8966d3,ETD58B  ,United Arab Emirates,4.4652,52.3963,1089.66,22.68,537.9480000000001,United Arab Emirates
a9707e,HER707  ,United States,-87.2273,34.1391,12192.0,240.92,830.7,United States
a372ae,N321GS  ,United States,-82.0048,26.8074,3543.3,354.81,286.38,United States
a622bc,ASA459  ,United States,-122.319,47.3501,502.92,0.42,253.728,United States
ab2003,N816DT  ,United States,-96.1842,31.6804,7924.8,341.57,409.968,United States
a74ecc,DAL8    ,United States,-121.1578,36.1323,11887.2,118.38,888.336,United States
ab2c3a,EJA819  ,United States,-81.427,33.2425,13106.4,199.54,819.468,United States
c05db1,CGJMM   ,Canada,-73.3024,43.3943,7620.0,4.39,629.676,Canada
8966cf,ETD7KP  ,United Arab Emirates,57.3685,23.2397,9304.02,117.91,949.4280000000001,United Arab Emirates
abdcb5,ASH6251 ,United States,-93.7499,31.1374,8496.3,227.36,795.5640000000001,United States
a5523e,N442CA  ,United States,-96.9518,31.8562,1280.16,242.45,192.168,United States
a44533,DAL1112 ,United States,-97.0426,31.2691,11277.6,97.75,919.5840000000001,United States
a48ba6,EJA392  ,United States,-82.5786,29.6644,12192.0,353.67,806.832,United States
a6bb18,ILU26U  ,United States,-88.281,40.3219,1127.76,178.67,159.3,United States
78023e,CPA880  ,China,122.316,25.3817,9448.8,49.99,1039.788,China
395d68,BGA138Y ,France,-1.5579,47.2054,449.58,219.74,199.90800000000002,France
aac3c1,N793GA  ,United States,-88.786,36.7747,13106.4,290.03,865.332,United States
395d67,BGA413H ,France,7.6553,53.0592,10020.3,49.11,803.52,France
a67231,VOI1742 ,United States,-113.264,34.9257,9144.0,306.4,805.284,United States
a8a07a,N655NA  ,United States,-84.9275,38.1471,716.28,173.16,186.51600000000002,United States
040211,ETH722  ,Ethiopia,30.7783,37.0508,10972.8,354.33,768.636,Ethiopia
ac4c44,SWA2013 ,United States,-108.6164,34.9981,9966.96,254.39,819.144,United States
a528d6,SWA1094 ,United States,-79.8536,41.4634,11887.2,100.08,910.404,United States
a920f4,PDT5826 ,United States,-73.9115,39.981,5311.14,73.84,825.264,United States
ab599b,DAL133  ,United States,-83.3574,42.188,304.8,28.81,253.62,United States
ac5331,ASH4068 ,United States,-87.0737,38.0174,9753.6,232.89,868.6080000000001,United States
ac5f5f,ASA656  ,United States,-122.0587,38.788,7757.16,354.06,822.9960000000001,United States
ae56c6,G20606  ,United States,-83.4532,34.2626,1097.28,42.38,200.556,United States
ac6658,N89869  ,United States,-97.4557,33.2985,975.36,54.46,191.16,United States
abefdd,SWA1045 ,United States,-84.3634,30.6333,11597.64,314.12,768.816,United States
a85072,N635BK  ,United States,-79.7954,36.0363,883.92,282.59,178.38,United States
781591,CHH7986 ,China,37.4068,55.9727,106.68,254.53,305.53200000000004,China
8966b2,VYU124  ,United Arab Emirates,56.6617,24.9214,5044.44,303.07,519.336,United Arab Emirates
abf6d7,FDX5928 ,United States,136.4201,33.8252,8587.74,82.06,1045.296,United States
750452,AXM38   ,Malaysia,77.7232,9.8861,8389.62,107.4,811.26,Malaysia
a2f270,OXF4461 ,United States,-111.6769,33.4683,800.1,120.84,144.50400000000002,United States
a4f5a0,ASA219  ,United States,-113.4498,47.3477,10972.8,275.03,717.624,United States
ab3358,N8201B  ,United States,-123.4738,39.4848,1889.76,318.12,288.54,United States
8966ad,ABY027  ,United Arab Emirates,52.0789,25.3933,2697.48,292.28,454.32,United Arab Emirates
8966af,ABY198  ,United Arab Emirates,50.9696,26.8227,11894.82,113.04,955.9440000000001,United Arab Emirates
c04b8c,CGCPV   ,Canada,-124.2494,49.2705,274.32,298.92,222.156,Canada
3c70b8,KAY53   ,Germany,10.0769,44.844,10637.52,297.52,745.524,Germany
a55e35,N445LL  ,United States,-83.445,32.499,9144.0,357.39,569.16,United States
a97075,VXP348  ,United States,-77.7786,33.3762,11277.6,8.5,1028.016,United States
8966aa,ETD5PZ  ,United Arab Emirates,56.7123,23.5491,9448.8,117.68,936.9,United Arab Emirates
a06db0,N12698  ,United States,-102.844,33.0989,1264.92,268.55,146.34,United States
a01412,FDX5960 ,United States,113.9499,22.8946,4206.24,1.11,576.072,United States
a4eeb0,N417FT  ,United States,-98.2065,30.7542,579.12,3.33,191.088,United States
acc961,DAL2007 ,United States,-77.1806,42.9998,10058.4,103.05,885.888,United States
78158f,CHH759  ,China,113.7461,22.9312,4312.92,331.33,698.6880000000001,China
ac6668,SWA4050 ,United States,-91.9465,34.5065,10972.8,199.68,946.0440000000001,United States
a4eeb4,LXJ417  ,United States,-80.0729,26.6817,91.44,272.68,198.39600000000002,United States
a087d3,N133RF  ,United States,-84.0644,33.7061,2004.06,357.69,229.824,United States
abdcbe,SWA2091 ,United States,-88.9314,36.1679,10751.82,325.48,604.62,United States
a55e2a,LTA445  ,United States,-85.0773,32.166,1356.36,191.41,215.388,United States
750447,MXD705  ,Malaysia,51.0487,22.4918,10972.8,274.53,679.968,Malaysia
aca309,AAL1304 ,United States,-101.9296,31.4779,8534.4,241.03,887.004,United States
a6981a,DAL1422 ,United States,-77.5256,34.526,10668.0,19.15,1072.404,United States
760a07,SIF766  ,Pakistan,57.968,26.5872,10363.2,266.26,681.12,Pakistan
8966c4,ETD3MB  ,United Arab Emirates,-67.0246,48.4091,11582.4,201.85,756.252,United Arab Emirates
0a8020,FSS118  ,Bahamas,-79.2583,25.9883,2766.06,124.94,329.83200000000005,Bahamas
ab3361,N8201L  ,United States,-96.8937,32.4515,579.12,357.02,178.02,United States
acb636,AAL2674 ,United States,-81.104,35.2685,1866.9,260.61,465.516,United States
ac4c67,SWA4174 ,United States,-99.597,39.4601,10363.2,250.79,737.388,United States
06e010,RWD701  ,Rwanda,3.1545,49.2009,2209.8,216.42,421.164,Rwanda
a768c2,DAL450  ,United States,-115.6661,34.1554,10088.88,273.93,891.072,United States
a7b8a1,JIA5017 ,United States,-90.5145,32.4683,8229.6,95.39,887.328,United States
a44585,UAL1228 ,United States,-110.1938,37.1001,10058.4,75.66,927.108,United States
3c70c2,GEC8224 ,Germany,-89.4123,41.4282,9753.6,206.37,971.532,Germany
acaf78,N9161H  ,United States,-83.3634,34.2401,1097.28,334.08,148.248,United States
ae4ff1,BT700   ,United States,-117.1089,32.5524,228.6,90.0,142.596,United States
a648d2,N504AF  ,United States,-96.4327,32.9599,693.42,330.4,187.452,United States
394a65,BGA331F ,France,8.4441,52.2093,9441.18,212.63,666.3240000000001,France
aac3f4,JBU251  ,United States,-81.761,27.7243,6103.62,194.51,547.1279999999999,United States
abdce1,SWA1921 ,United States,-83.3515,33.9171,12496.8,57.92,913.644,United States
3cccf5,UNI110  ,Germany,-3.3847,52.3431,9837.42,12.11,909.1800000000001,Germany
ac5349,SWA799  ,United States,-100.215,34.5126,10972.8,323.75,723.42,United States
a9e670,N737QF  ,United States,-118.4758,34.2043,426.72,178.89,190.8,United States
a55e3c,N445LT  ,United States,-95.5532,38.1918,10165.08,73.28,823.788,United States
ade95f,N996EP  ,United States,-88.7347,39.3159,2697.48,8.07,263.73600000000005,United States
ae56e1,20633   ,United States,-93.0707,44.946,419.1,164.29,61.56000000000001,United States
a5b50b,EJA467  ,United States,-81.3922,26.812,2209.8,180.0,470.412,United States
a1e58f,RPA5672 ,United States,-75.9269,39.7615,6027.42,230.8,583.1279999999999,United States
a7081a,DAL1910 ,United States,-89.6678,21.8336,11277.6,176.63,849.672,United States
a515d2,N427C   ,United States,-86.9303,32.1804,9448.8,140.37,699.768,United States
ad731a,N966GV  ,United States,-121.7326,37.2694,845.82,139.62,211.536,United States
a55218,AAL2575 ,United States,-103.9478,36.3854,9753.6,253.06,807.3000000000001,United States
84b3eb,APJ877  ,Japan,137.3821,35.1062,11170.92,266.48,603.036,Japan
8966a8,ETD147  ,United Arab Emirates,7.5675,45.7793,6705.6,276.24,715.392,United Arab Emirates
acb650,N918VT  ,United States,-118.8952,34.2454,1371.6,67.62,136.188,United States
8966a6,ETD7MA  ,United Arab Emirates,8.3766,47.5992,1219.2,141.78,299.376,United Arab Emirates
ad1ce5,N944K   ,United States,-73.7607,41.6887,883.92,242.5,304.848,United States
4074e2,BAW6NC  ,United Kingdom,-13.2965,55.5231,12192.0,297.1,886.248,United Kingdom
750420,MXD165  ,Malaysia,91.1231,23.3122,6370.32,148.21,790.956,Malaysia
a4455e,UAL1449 ,United States,-74.1258,40.7001,289.56,251.57,245.988,United States
48adb9,LOT5CN  ,Poland,8.0276,47.6929,9448.8,220.47,796.068,Poland
a0275c,AAL234  ,United States,-97.5078,42.5555,10660.38,91.15,926.1719999999999,United States
a8abe6,QXE2088 ,United States,-118.6679,33.9773,2392.68,333.43,550.764,United States
ae2024,01372277,United States,-84.7936,38.2257,723.9,242.16,186.40800000000002,United States
a7db66,N605SD  ,United States,-96.5705,43.3621,891.54,172.87,164.232,United States
a074bc,N1287E  ,United States,-117.8538,33.6771,251.46,41.07,171.972,United States
a6bb6d,N53289  ,United States,-88.8341,43.1523,1676.4,13.12,195.876,United States
86ef28,ANA844  ,Japan,122.3063,20.802,10058.4,49.01,954.3960000000001,Japan
a5a278,EJA462  ,United States,-88.323,42.4619,9753.6,324.07,697.572,United States
4cafc0,RYR82MB ,Ireland,-6.9106,39.6888,10873.74,66.44,917.2800000000001,Ireland
48ada9,LOT9006 ,Poland,19.0246,50.4762,906.78,269.6,266.688,Poland
ab839d,AAL3023 ,United States,-78.7971,39.2836,12176.76,249.67,815.6880000000001,United States
48ada7,LOT646  ,Poland,20.9389,52.0827,3048.0,294.34,426.852,Poland
009e21,LNK676C ,South Africa,18.8084,-33.8498,1203.96,270.0,433.368,South Africa
48ada4,LOT440  ,Poland,20.7115,51.5633,5113.02,23.11,632.268,Poland
48ada2,LOT7VA  ,Poland,8.4852,47.8783,3169.92,208.57,472.392,Poland
48ada3,LOT2YC  ,Poland,19.7065,52.3755,5433.06,91.6,663.264,Poland
48ada0,LOT4JH  ,Poland,20.8204,50.3824,10972.8,354.93,818.0640000000001,Poland
4cafcc,SAS22A  ,Ireland,14.1748,58.6647,9044.94,231.41,668.124,Ireland
abc058,SWA4308 ,United States,-95.1231,39.1981,11277.6,73.85,925.4879999999999,United States
c03a5a,WJA1540 ,Canada,-95.1148,30.0239,762.0,214.04,337.464,Canada
a1474c,N1814E  ,United States,-117.0907,33.6269,792.48,26.38,254.268,United States
0c21b7,CMP228  ,Panama,-86.035,41.2423,6705.6,308.17,638.352,Panama
4cafd8,SAS1497 ,Ireland,11.0866,56.9258,10972.8,227.39,752.328,Ireland
0c21b6,CMP123  ,Panama,-81.9672,13.1722,10668.0,156.3,829.26,Panama
a742ec,SWA2762 ,United States,-121.7468,37.1952,1539.24,318.41,373.896,United States
0c21b9,CMP317  ,Panama,-83.0679,15.1588,11277.6,152.49,854.028,Panama
4cafd7,SAS2657 ,Ireland,12.3128,49.7598,8244.84,169.58,839.8439999999999,Ireland
4cafd0,RYR4423 ,Ireland,11.2444,50.3194,10972.8,249.46,781.2,Ireland
a18da7,N2DL    ,United States,-93.2955,43.0529,1280.16,1.23,346.392,United States
44d1a6,JAF4EH  ,Belgium,-0.0214,46.468,10972.8,21.56,902.0880000000001,Belgium
4ba9cf,THY173  ,Turkey,86.4082,19.2685,10972.8,300.03,821.4480000000001,Turkey
a3d722,JAS681  ,United States,-107.2961,37.3004,12192.0,248.09,868.356,United States
a92e73,CNS143  ,United States,-71.863,42.2555,1706.88,39.21,480.456,United States
44d1a5,JAF3NJ  ,Belgium,2.4526,49.9018,4290.06,23.62,693.3240000000001,Belgium
a7e270,NDU607  ,United States,-111.7853,33.0534,1203.96,81.67,153.46800000000002,United States
a92e72,PDT5947 ,United States,-75.4853,40.4782,3162.3,123.37,545.508,United States
89916b,CAL023  ,Taiwan,135.0623,35.8389,11582.4,236.69,704.736,Taiwan
ab4817,N826KS  ,United States,-111.7004,33.7506,1676.4,105.87,196.38,United States
89916d,CAL061  ,Taiwan,108.9258,22.091,10393.68,309.96,865.044,Taiwan
89916c,CAL073  ,Taiwan,103.0389,21.1113,10972.8,263.75,799.272,Taiwan
a9221f,N688ND  ,United States,-113.0906,33.3124,1760.22,267.97,261.288,United States
3474c8,DAH2700 ,Spain,-64.0154,47.0661,12192.0,265.81,709.3439999999999,Spain
781603,CES2082 ,China,100.425,13.3523,10668.0,13.4,887.184,China
a982ab,BRW147  ,United States,-93.4533,44.8369,426.72,189.64,99.57600000000001,United States
71c015,JNA132  ,Republic of Korea,117.4453,7.9025,9448.8,35.52,851.0400000000001,Republic of Korea
a9e5ae,N737GM  ,United States,-122.0972,39.8319,2217.42,340.22,175.176,United States
4ba9e9,THY119  ,Turkey,32.7276,29.1961,10972.8,308.41,730.332,Turkey
0c21a3,CMP720  ,Panama,-84.0488,11.5683,10972.8,303.2,845.4960000000001,Panama
44d1b3,JAF3JE  ,Belgium,29.8639,40.068,5684.52,315.36,622.044,Belgium
06a376,QTR842  ,Qatar,52.7565,25.0609,7170.42,111.86,929.916,Qatar
06a373,QTR815  ,Qatar,108.2715,18.9346,9144.0,230.63,867.204,Qatar
a087e6,YEL16   ,United States,-124.2986,48.6618,12839.7,324.64,617.6880000000001,United States
71c010,KAL094  ,Republic of Korea,-79.876,45.1722,9144.0,323.47,871.2,Republic of Korea
a6c27f,N5346M  ,United States,-92.8845,31.8034,12192.0,225.94,873.612,United States
717c74,KNE643  ,Saudi Arabia,17.513,45.6495,10980.42,336.16,801.828,Saudi Arabia
502d0d,ASL29N  ,Latvia,1.492,38.9221,10972.8,69.12,769.068,Latvia
a8fb2f,N678TX  ,United States,-98.2982,32.5281,1287.78,352.17,299.124,United States
a63713,N5UU    ,United States,-97.9054,37.6761,5669.28,286.15,426.096,United States
a51735,N427SE  ,United States,-94.6942,37.8613,6339.84,83.78,376.308,United States
71c008,KAL901  ,Republic of Korea,3.6085,49.4469,3901.44,257.14,549.0,Republic of Korea
adb0b4,AAL717  ,United States,-102.7837,34.4799,9144.0,294.75,783.072,United States
502d29,BTI2YH  ,Latvia,12.1896,54.0075,12192.0,230.98,779.508,Latvia
4cafb4,RYR443P ,Ireland,-6.6744,42.7435,11887.2,202.85,767.736,Ireland
c01901,CFJME   ,Canada,-106.6309,52.1681,762.0,279.87,172.944,Canada
abc07b,SWA2891 ,United States,-98.939,40.9016,11582.4,265.51,685.512,United States
4076cc,BAW680  ,United Kingdom,-0.3367,51.3027,4038.6,121.43,586.008,United Kingdom
a074fa,N12887  ,United States,-86.5258,33.2665,1066.8,93.88,219.02400000000003,United States
4076cd,SHT19T  ,United Kingdom,-1.7515,52.4967,8580.12,147.99,716.328,United Kingdom
a742c2,AAL2216 ,United States,-102.915,36.6187,10058.4,129.02,979.668,United States
a5b55a,AJI9908 ,United States,-100.7092,32.3389,9723.12,258.47,759.852,United States
a5fbdc,ASA1028 ,United States,-157.7317,21.1866,1981.2,117.77,592.308,United States
406fdb,EZY73TP ,United Kingdom,0.6014,51.2973,11292.84,316.96,843.84,United Kingdom
a31de4,N30KK   ,United States,-88.3353,38.8849,13106.4,287.39,675.36,United States
a17ad3,CSI195  ,United States,-95.5025,29.7038,5486.4,208.33,511.27200000000005,United States
a5c895,AAL1218 ,United States,-94.9328,36.0332,10355.58,263.64,752.832,United States
a23a25,CXK667  ,United States,-95.8949,29.6706,533.4,1.93,164.91600000000003,United States
a2b759,SWA801  ,United States,-98.4856,29.6617,10668.0,118.41,926.4600000000002,United States
06a391,QTR8273 ,Qatar,1.8538,38.7764,10058.4,294.97,890.712,Qatar
a9f8e4,N7412E  ,United States,-81.4138,33.8996,1219.2,70.41,231.984,United States
a9f8e8,N7412J  ,United States,-117.6175,33.9778,335.28,44.49,147.996,United States
a982a9,BRW145  ,United States,-93.4686,45.1103,1082.04,8.38,241.488,United States
a98ef0,715DE   ,United States,-77.1017,39.9465,12192.0,247.7,668.592,United States
a324b0,SKW3695 ,United States,-114.9465,36.1994,10668.0,55.35,794.736,United States
a36d34,N32NS   ,United States,-81.8048,31.5958,6522.72,321.38,400.572,United States
a05afb,N12189  ,United States,-94.17,35.9855,655.32,234.04,116.67599999999999,United States
a5b577,N467V   ,United States,-84.4424,38.2217,350.52,26.31,188.028,United States
040031,ETH506  ,Ethiopia,-40.7038,-22.4508,10972.8,254.16,868.248,Ethiopia
44d1a1,JAF76K  ,Belgium,0.3271,47.0627,10363.2,27.25,902.0160000000001,Belgium
a13473,N177P   ,United States,-83.6627,29.7953,2301.24,129.21,298.8,United States
a6bb31,N5327J  ,United States,-104.6832,39.4812,2346.96,100.26,197.604,United States
ad0088,JSX401  ,United States,-115.0837,34.779,9448.8,91.2,792.828,United States
a324a9,N301SR  ,United States,-87.1284,38.2701,8580.12,227.55,853.3800000000001,United States
781642,CCA846  ,China,90.8531,53.9855,12496.8,125.28,946.0079999999999,China
a24d40,N2476X  ,United States,-88.4257,44.6492,518.16,47.32,193.96800000000002,United States
a6ce90,JIA5348 ,United States,-86.7832,34.6018,289.56,0.89,238.93200000000002,United States
a6c248,UAL1469 ,United States,-82.547,28.0312,10668.0,150.32,822.816,United States
781641,CCA842  ,China,87.6829,53.6429,11887.2,108.96,963.432,China
89912d,EVA693  ,Taiwan,-97.075,32.7924,1264.92,198.04,424.62,Taiwan
a6ce7d,DAL384  ,United States,-119.6459,47.743,8458.2,276.65,639.5400000000001,United States
0d075f,AMX175  ,Mexico,-114.7874,31.3363,11277.6,123.62,796.176,Mexico
a7db41,EJA605  ,United States,-79.0594,42.7861,2141.22,41.89,507.52799999999996,United States
a02792,EJA109  ,United States,-95.9178,42.1071,12496.8,124.58,1063.908,United States
a29aa8,N267TA  ,United States,-114.5327,48.6456,7261.86,332.39,499.5,United States
a18de0,N2FT    ,United States,-89.1999,42.7609,3284.22,126.18,367.092,United States
a1ddbb,JBU224  ,United States,-85.1446,37.7403,10050.78,95.89,919.764,United States
aa13cd,N74882  ,United States,-98.8273,29.336,510.54,335.06,175.644,United States
a6e89f,AAL1753 ,United States,-80.1241,26.0657,114.3,270.42,255.6,United States
a6e89b,DAL629  ,United States,-87.7728,36.9503,10363.2,312.52,696.024,United States
a7ee5a,N61WA   ,United States,-81.6861,35.7904,784.86,330.81,235.476,United States
a23a02,UAL2257 ,United States,-104.6298,33.3136,10972.8,193.02,838.296,United States
a862ac,N6398S  ,United States,-91.6428,30.5002,2529.84,271.75,242.71200000000002,United States
89913f,EVA049  ,Taiwan,137.1395,37.33,10965.18,242.28,740.592,Taiwan
781652,CES756  ,China,55.3143,25.4102,1592.58,47.74,520.488,China
ab4866,DAL837  ,United States,-104.1703,32.162,10363.2,263.8,823.392,United States
89913e,EVA072  ,Taiwan,85.7123,25.7019,11269.98,115.2,1039.752,Taiwan
c004ea,WJA812  ,Canada,-94.4057,50.1161,11277.6,89.05,889.092,Canada
a7e20a,JBU1144 ,United States,-74.4229,41.0097,11285.22,15.02,993.2760000000001,United States
75049f,AXM585  ,Malaysia,120.5569,13.5476,7353.3,205.27,845.856,Malaysia
502d5c,BTI8PU  ,Latvia,10.9477,46.0943,10972.8,231.92,738.7560000000001,Latvia
ac05b3,FDX5183 ,United States,-121.5153,39.6017,9304.02,216.87,907.488,United States
4caff6,RYR11RQ ,Ireland,8.3723,52.9323,1440.18,21.25,500.76,Ireland
4caff7,RYR60DR ,Ireland,11.5035,55.6697,11277.6,60.53,899.784,Ireland
a7db1b,N605PD  ,United States,-73.3762,40.6265,365.76,69.96,167.57999999999998,United States
4caff8,RYR9MZ  ,Ireland,22.5635,63.8065,11277.6,24.19,858.7800000000001,Ireland
406fb6,GRDDM   ,United Kingdom,-0.5854,53.9218,3352.8,158.47,217.008,United Kingdom
009e06,SAA366  ,South Africa,20.8272,-32.6115,11277.6,48.43,918.3240000000001,South Africa
ac18cd,N879LP  ,United States,-85.6362,38.257,396.24,65.15,193.89600000000002,United States
a3b124,EDV5258 ,United States,-94.6717,40.0845,7071.36,10.66,701.028,United States
01024d,MSC3025 ,Egypt,20.565,45.5468,10980.42,332.2,766.296,Egypt
0d0707,AMX484  ,Mexico,-111.5839,32.7301,11582.4,339.5,862.056,Mexico
407796,EZY32ZT ,United Kingdom,-0.3109,50.7758,11140.44,147.73,724.968,United Kingdom
407799,BAW193  ,United Kingdom,-3.9144,55.3588,10972.8,320.19,925.7399999999999,United Kingdom
3007ef,DLA8C   ,Italy,9.008,49.9271,1882.14,286.45,405.504,Italy
a697db,ASA1388 ,United States,-121.1527,42.9645,11887.2,170.94,870.192,United States
aa75db,N773TF  ,United States,-80.48,26.6642,944.88,201.88,243.50400000000002,United States
a54aaa,AAL2112 ,United States,-118.5091,33.8079,1501.14,185.08,502.02,United States
a0b1ea,DAL1049 ,United States,-112.0646,40.8399,2004.06,309.47,407.84400000000005,United States
010262,MSR754  ,Egypt,28.7021,33.7121,11285.22,117.52,998.1719999999999,Egypt
a1216f,N172JM  ,United States,-85.6603,38.3779,1150.62,282.31,104.256,United States
ac66aa,SWA2123 ,United States,-88.5222,32.9932,11582.4,261.89,774.468,United States
c0673a,GLR302  ,Canada,-70.8629,47.0431,4297.68,242.7,452.268,Canada
40777c,EXS82PX ,United Kingdom,-1.9942,48.7404,11582.4,33.81,965.1600000000001,United Kingdom
c0540c,WJA2821 ,Canada,-78.3985,30.3485,11277.6,4.18,1015.7399999999999,Canada
010255,,Egypt,31.625,28.9887,10355.58,349.44,747.9,Egypt
ac5fd6,FDX38   ,United States,-3.513,49.6396,11277.6,96.15,881.0640000000001,United States
34629a,IBB85LY ,Spain,-4.4818,37.1181,4533.9,80.41,666.792,Spain
a0fa70,SKW3868 ,United States,-89.0033,44.8086,8534.4,276.32,722.988,United States
a79dc4,DAL791  ,United States,-111.6039,33.7757,4053.84,237.29,572.292,United States
ac4ca8,SWA2428 ,United States,-111.8458,33.3979,1844.04,168.04,446.76,United States
a29aff,SWA439  ,United States,-86.7939,41.7633,8587.74,93.04,803.052,United States
c05416,WJA2452 ,Canada,-100.6573,28.4213,10972.8,206.57,832.392,Canada
a4943f,UAL593  ,United States,-75.5344,39.7386,5859.78,42.95,880.5960000000001,United States
a75757,N572RJ  ,United States,-84.0353,42.2819,1402.08,174.2,238.284,United States
71c076,KAL389  ,Republic of Korea,122.1539,24.613,10363.2,203.86,805.932,Republic of Korea
a4943e,UAL2396 ,United States,-83.9565,42.9664,10363.2,276.49,803.34,United States
a684b5,AAL1265 ,United States,-86.5396,21.3199,3162.3,213.63,458.17199999999997,United States
71c075,KAL503  ,Republic of Korea,0.9738,51.7055,4975.86,263.75,544.032,Republic of Korea
a4dd65,AAL2828 ,United States,-99.7675,35.3107,10675.62,87.78,956.3399999999999,United States
484b90,KLM10X  ,Kingdom of the Netherlands,4.7263,52.5468,678.18,172.06,308.52000000000004,Kingdom of the Netherlands
a2415a,N2441D  ,United States,-88.1756,43.2037,1645.92,359.41,179.64,United States
ab9657,N846CB  ,United States,-108.0693,45.8109,11079.48,89.79,1007.4960000000001,United States
a2a44d,N27BS   ,United States,-83.1312,39.9474,579.12,4.6,161.64,United States
aa88fb,RPA3570 ,United States,-74.0479,40.6209,1615.44,39.91,531.144,United States
abdf3f,RPA4527 ,United States,-76.1898,36.905,91.44,218.21,221.544,United States
a60a1c,VAR489  ,United States,-112.6362,33.3303,556.26,261.35,258.516,United States
acc9c3,ERU923  ,United States,-81.3595,29.4857,1684.02,248.2,69.804,United States
a3bd81,EDV5521 ,United States,-84.6451,31.7908,4251.96,308.69,559.944,United States
a1d1d0,SWA697  ,United States,-118.6428,34.2,3406.14,11.45,597.0960000000001,United States
010242,MSR782  ,Egypt,24.5849,37.9834,10668.0,140.3,921.924,Egypt
71c069,TWB105  ,Republic of Korea,102.1383,14.6274,9121.14,253.41,817.416,Republic of Korea
ad99d3,N9759H  ,United States,-98.92,29.1881,1036.32,22.41,228.384,United States
010244,MSR758  ,Egypt,27.4694,35.091,10668.0,141.96,928.8000000000001,Egypt
40643d,EZY53YE ,United Kingdom,-0.1648,50.5633,9448.8,137.51,778.6080000000001,United Kingdom
a707d8,N552LE  ,United States,-121.0902,44.1707,1112.52,54.66,124.884,United States
010243,MSR786  ,Egypt,25.9678,36.6297,10660.38,141.09,937.6920000000001,Egypt
a36d83,N32RW   ,United States,-97.1034,32.9589,3139.44,270.0,179.64,United States
ae591a,SWIFT21 ,United States,-116.3063,33.6108,2857.5,81.84,443.41200000000003,United States
a12180,N172KD  ,United States,-86.5821,34.9972,609.6,11.83,198.684,United States
8478ab,NCA235  ,Japan,119.4839,20.6321,10972.8,225.27,842.0400000000001,Japan
71c061,JJA2142 ,Republic of Korea,121.0231,15.011,10363.2,0.12,872.2800000000001,Republic of Korea
a75746,EJA572  ,United States,-81.4864,40.465,5631.18,178.17,754.1640000000001,United States
a98408,FFT2970 ,United States,-88.8289,36.5059,11277.6,43.88,804.24,United States
39aded,FHLPN   ,France,0.4955,43.4982,10355.58,64.17,905.328,France
406442,EZY29CG ,United Kingdom,-4.0722,43.0106,11277.6,183.76,734.976,United Kingdom
ac53b2,SWA244  ,United States,-109.2439,34.9027,10233.66,249.31,817.6320000000001,United States
406444,EZY942U ,United Kingdom,-4.0737,55.8764,1722.12,336.06,506.592,United Kingdom
7503db,,Malaysia,76.5948,9.986,1783.08,304.4,412.992,Malaysia
a23a50,CXK501  ,United States,-95.7031,29.5333,670.56,156.34,179.964,United States
407777,CFE33Q  ,United Kingdom,1.1957,51.5004,2103.12,261.45,361.44000000000005,United Kingdom
aa75c6,SKW4688 ,United States,-100.3565,44.0527,10660.38,45.52,864.36,United States
a5addf,ISU45   ,United States,-87.2192,39.5267,1074.42,64.38,201.27599999999998,United States
346291,AEA176  ,Spain,-71.286,-6.5423,10050.78,58.02,965.052,Spain
aa5bb2,N767BR  ,United States,-91.8141,35.3472,1905.0,242.21,309.81600000000003,United States
406440,EZY21NE ,United Kingdom,8.0175,50.0548,11285.22,107.61,814.14,United Kingdom
3964e4,TVF4806 ,France,-3.2494,37.7314,11887.2,266.82,701.136,France
010276,RSX3113 ,Egypt,25.8272,38.1355,10980.42,334.75,755.568,Egypt
780dfc,CCA166  ,China,113.7277,23.5496,11917.68,339.93,863.6039999999999,China
a3b13f,EJA337  ,United States,-82.8594,35.0334,6705.6,239.52,642.5640000000001,United States
ad2635,N9463B  ,United States,-117.5572,33.9587,1623.06,160.86,237.204,United States
48ae86,LOT149  ,Poland,21.8292,48.8279,10668.0,172.03,828.432,Poland
a2679a,AAY41   ,United States,-84.5955,38.0452,335.28,221.56,240.084,United States
ac1988,UAL2389 ,United States,-90.8622,38.5319,10972.8,222.05,865.44,United States
48ae82,LOT6ED  ,Poland,9.1813,50.3193,3093.72,221.02,490.968,Poland
48ae83,LOT4YJ  ,Poland,21.1312,52.2559,1150.62,0.51,413.028,Poland
48ae80,LOT238  ,Poland,14.1537,52.166,11887.2,84.2,824.652,Poland
01026b,SVI4416 ,Egypt,55.1135,24.3731,2202.18,253.61,492.26400000000007,Egypt
a85d1b,SKW5876 ,United States,-104.0817,39.6694,9753.6,258.27,592.056,United States
71c090,JJA2606 ,Republic of Korea,117.1251,7.4957,8839.2,40.81,841.6800000000001,Republic of Korea
01025f,RSX3317 ,Egypt,29.3128,41.7318,10972.8,343.87,726.804,Egypt
a1e4ce,N221AX  ,United States,-111.5704,32.9189,1005.84,75.55,185.508,United States
a2a42b,N27AH   ,United States,-86.5296,39.1948,1005.84,169.14,186.696,United States
aa6ed1,AAL2624 ,United States,-76.6913,36.8108,10668.0,41.05,1065.888,United States
a2fde3,N292LA  ,United States,-80.2209,26.2054,830.58,357.71,138.996,United States
3964f1,TVF23FB ,France,-7.4058,38.8029,11887.2,193.19,819.828,France
010271,MSC427  ,Egypt,31.8811,29.6813,5768.34,146.58,776.6640000000001,Egypt
a4dd6c,N412VC  ,United States,-119.1227,34.2489,91.44,333.65,221.148,United States
3951c2,AFR6728 ,France,115.2772,40.4468,5410.2,94.05,787.212,France
a11a79,N170PG  ,United States,-98.1908,30.712,792.48,74.79,197.676,United States
3964f2,FPO444  ,France,1.183,44.3526,10972.8,352.89,852.9119999999999,France
a6377a,N5YX    ,United States,-106.8586,31.9937,1790.7,174.96,126.43199999999999,United States
ad99f9,ASA1414 ,United States,-111.8287,28.5472,10668.0,133.11,872.64,United States
a12160,N172HX  ,United States,-89.565,42.5521,1402.08,49.76,126.144,United States
a324ce,AAL2159 ,United States,-111.9861,33.4311,464.82,89.35,324.108,United States
abf96c,SWA1582 ,United States,-118.3655,38.3842,11277.6,80.52,854.316,United States
71c087,JJA2401 ,Republic of Korea,104.7511,20.8666,10972.8,231.08,754.6320000000001,Republic of Korea
a5adf1,UAL2165 ,United States,-92.4445,40.2409,10058.4,67.04,802.512,United States
a47a03,GPD388  ,United States,-77.5642,38.5703,8534.4,220.02,316.8,United States
a12164,N172JA  ,United States,-97.4334,32.9149,434.34,93.69,172.584,United States
49d2ee,TVS52A  ,Czech Republic,0.3022,40.0544,10668.0,227.11,819.036,Czech Republic
71c085,KAL752  ,Republic of Korea,134.8256,35.981,10965.18,268.18,700.416,Republic of Korea
abd30f,FDX5262 ,United States,135.0113,34.2322,3390.9,169.92,645.192,United States
a05c09,N122KH  ,United States,-87.8839,41.3382,4419.6,184.58,626.112,United States
01020a,MSR776  ,Egypt,25.6793,36.912,10675.62,140.94,949.284,Egypt
ade9ea,N996LC  ,United States,-80.2073,27.6394,1249.68,113.76,542.304,United States
abf995,SWA3088 ,United States,-87.4406,40.3801,10721.34,170.47,984.0239999999999,United States
abd336,GTI563  ,United States,-109.8403,38.5343,9448.8,65.77,974.8079999999999,United States
ab967b,DAL539  ,United States,-117.1872,43.878,10972.8,293.74,689.94,United States
a707a3,JBU144  ,United States,-78.6028,29.8424,10675.62,7.03,1074.816,United States
a8028a,JIA5552 ,United States,-87.4466,30.9382,10058.4,99.3,985.248,United States
a00ca4,FDX6075 ,United States,130.9671,33.6379,9753.6,254.48,657.36,United States
a5fd07,N485V   ,United States,-86.5267,35.9089,541.02,3.49,152.136,United States
aa88d2,AAL2580 ,United States,-94.5548,38.5576,5021.58,169.47,881.568,United States
ac066b,AAL2880 ,United States,-103.7539,38.1677,10972.8,248.63,731.8439999999999,United States
a61d00,UAL1668 ,United States,-115.8185,34.1271,10972.8,285.8,877.644,United States
ad99fc,AAL2359 ,United States,-79.137,37.162,10866.12,222.01,727.812,United States
06a30b,QTR8489 ,Qatar,15.0732,56.3317,10058.4,150.34,920.7,Qatar
aab364,EJA789  ,United States,-86.8896,36.1735,129.54,15.12,212.94,United States
ad398c,N951NB  ,United States,-82.7692,40.9396,12496.8,61.56,886.6800000000001,United States
71c025,KAL678  ,Republic of Korea,103.9518,12.4537,11277.6,47.02,893.6640000000001,Republic of Korea
a01fe8,N107NG  ,United States,-88.113,44.4928,228.6,240.52,146.77200000000002,United States
a06f3f,127RW   ,United States,-76.4426,39.8004,2133.6,241.13,329.904,United States
71c027,KAL460  ,Republic of Korea,116.8073,21.6475,11887.2,61.82,972.72,Republic of Korea
abc012,SWA2080 ,United States,-91.4171,41.044,9448.8,87.66,861.9119999999999,United States
a7e276,NKS2022 ,United States,-83.0202,41.7446,3390.9,309.27,485.64000000000004,United States
a75707,LFA326  ,United States,-81.527,28.4895,922.02,34.9,194.22000000000003,United States
a35a92,DAL1281 ,United States,-81.2217,25.1732,6416.04,44.59,910.152,United States
a2eafe,N28745  ,United States,-97.2478,33.5744,975.36,220.94,203.508,United States
010207,MSR779  ,Egypt,22.029,38.8436,10972.8,320.21,749.556,Egypt
ac53f8,SWA2292 ,United States,-81.7637,38.3507,11887.2,93.94,917.0640000000001,United States
a23a96,CXK670  ,United States,-111.8595,33.2279,739.14,64.0,168.984,United States
ae2007,G72248  ,United States,-107.6009,32.2745,1722.12,260.89,198.828,United States
a23a94,CXK505  ,United States,-96.3925,30.7196,1280.16,332.86,166.5,United States
a23a93,CXK545  ,United States,-89.3842,35.2527,1432.56,42.63,158.57999999999998,United States
ae5998,GRIT24  ,United States,10.3535,49.1591,655.32,250.87,192.096,United States
a0fa8b,EJA162  ,United States,-74.5625,41.0564,1043.94,82.08,510.4800000000001,United States
ad60b7,JBU2878 ,United States,-86.2719,42.6344,10066.02,88.14,856.08,United States
ab20e6,AAY2851 ,United States,-82.374,36.3132,8001.0,355.74,722.4119999999999,United States
a3615d,EJM317  ,United States,-104.8467,39.4687,2293.62,0.0,261.144,United States
4b8ed2,TCCVR   ,Turkey,29.8038,40.9348,6553.2,273.53,781.1640000000001,Turkey
ab20e7,DAL307  ,United States,-89.5946,41.2826,10363.2,244.26,861.444,United States
a47a4e,N388PG  ,United States,-97.0298,32.6947,312.42,1.29,164.88,United States
a48141,N39JJ   ,United States,-95.4761,30.5051,640.08,24.86,167.364,United States
a8fb79,N678WW  ,United States,-112.7171,33.4314,1584.96,96.98,182.844,United States
e48854,GLO1625 ,Brazil,-46.6507,-23.2665,1798.32,229.35,432.072,Brazil
040088,ETH8804 ,Ethiopia,77.4405,28.367,2712.72,103.51,443.808,Ethiopia
a3b110,AAY384  ,United States,-90.0622,34.6031,11894.82,9.14,757.836,United States
ab704f,N836TB  ,United States,-112.3423,40.4124,2842.26,352.74,190.44,United States
399a88,AGH02A  ,France,7.3999,43.5889,2430.78,122.87,324.144,France
7503b1,AXM375  ,Malaysia,104.6927,0.8881,10363.2,306.73,919.692,Malaysia
a697cd,N524AC  ,United States,-96.9366,41.607,13106.4,258.25,809.6039999999999,United States
a431be,N37DA   ,United States,-87.3785,36.0896,3931.92,67.53,324.684,United States
abe690,N866QS  ,United States,-83.6018,27.5975,13106.4,281.45,718.056,United States
a08948,N1334P  ,United States,-81.2607,31.4521,1996.44,20.38,207.432,United States
04008b,ETH3746 ,Ethiopia,75.5726,20.0548,11277.6,74.94,1004.9760000000001,Ethiopia
868034,JAL34   ,Japan,120.7692,22.0813,10058.4,56.11,1006.236,Japan
3e2649,PAV672  ,Germany,3.2576,44.8397,11887.2,233.97,654.9480000000001,Germany
4792d3,NOZ7EU  ,Norway,14.9492,66.7595,11582.4,206.68,795.924,Norway
a6373f,N5WN    ,United States,-81.6329,27.3232,4884.42,156.69,613.044,United States
484b32,KLC1094 ,Kingdom of the Netherlands,-3.4454,51.4282,1402.08,296.57,414.108,Kingdom of the Netherlands
71c043,KAL8250 ,Republic of Korea,-77.604,48.6521,9753.6,327.61,905.796,Republic of Korea
a8c796,JBU393  ,United States,-97.3416,41.6094,10965.18,253.31,728.892,United States
a97d85,RGY710  ,United States,-113.0049,38.8072,11582.4,198.52,757.836,United States
485207,KLM48D  ,Kingdom of the Netherlands,-2.8385,53.7293,11871.96,113.87,846.576,Kingdom of the Netherlands
a01ffb,N107PA  ,United States,-94.6885,31.9198,3108.96,269.57,244.476,United States
424293,AHY007  ,United Kingdom,26.5807,44.2584,11574.78,299.29,749.592,United Kingdom
a19648,N201FS  ,United States,-112.2875,33.5418,426.72,21.67,145.476,United States
485209,TRA3E   ,Kingdom of the Netherlands,13.6888,50.097,5349.24,276.81,593.136,Kingdom of the Netherlands
346350,VOE4VJ  ,Spain,11.1889,43.6876,2903.22,141.43,537.696,Spain
a146ce,SWA2077 ,United States,-89.508,40.9778,5958.84,59.97,699.48,United States
abd1e3,SWA3143 ,United States,-83.3666,38.6043,12192.0,260.25,798.624,United States
4b1a23,EZS12PU ,Switzerland,1.2092,50.5546,10698.48,316.76,808.3800000000001,Switzerland
a801de,FFT3286 ,United States,-94.8468,39.2928,10668.0,94.97,1005.696,United States
75050c,RMY1935 ,Malaysia,114.9666,5.7783,9052.56,253.46,852.012,Malaysia
a7e1d3,LXJ607  ,United States,-116.5047,35.1545,13426.44,49.54,793.476,United States
4792a6,NOZ191  ,Norway,8.064,60.0237,7620.0,63.05,743.76,Norway
ad0adb,N94AM   ,United States,-105.0258,40.1629,2247.9,89.6,262.98,United States
485206,KLM1766 ,Kingdom of the Netherlands,5.21,52.5939,2133.6,263.86,467.53200000000004,Kingdom of the Netherlands
a29c0b,N2675F  ,United States,-91.1628,30.5202,45.72,60.34,153.432,United States
ac5488,DAL398  ,United States,-86.9704,21.6067,3931.92,9.08,680.796,United States
a1f94c,SWA2647 ,United States,-91.7209,30.031,6667.5,82.68,799.1640000000001,United States
48ae25,LOT45   ,Poland,19.0494,52.0405,6911.34,266.63,818.136,Poland
a266bf,N254EA  ,United States,-112.9091,33.3873,1630.68,123.92,129.45600000000002,United States
48ae22,LOT6671 ,Poland,46.635,41.0694,11269.98,97.58,954.72,Poland
48ae21,LOT15K  ,Poland,12.87,54.6246,11574.78,320.98,829.548,Poland
a3e9c5,DAL2951 ,United States,-80.6494,36.7565,10972.8,225.59,759.6,United States
a4a918,N4MX    ,United States,-78.1533,25.0159,13716.0,116.17,965.736,United States
a9d44c,AAL1443 ,United States,-82.4362,26.9339,11277.6,154.21,795.9960000000001,United States
a8b476,PDT6047 ,United States,-75.1384,40.0102,1851.66,114.91,430.848,United States
a05c59,AAL2116 ,United States,-76.3582,39.4819,7025.64,230.03,642.852,United States
06a2e4,QTR030  ,Qatar,31.1584,44.1042,11879.58,97.77,41.112,Qatar
a0b321,N144SE  ,United States,-116.9546,33.9123,2842.26,83.51,229.284,United States
06a2e5,QTR45X  ,Qatar,17.2734,36.3855,11574.78,288.87,767.2320000000001,Qatar
06a2e3,QTR8835 ,Qatar,17.9249,45.773,10668.0,108.85,962.856,Qatar
a45922,N38BZ   ,United States,-70.9181,42.5885,274.32,191.07,86.796,United States
a13ffa,N18SY   ,United States,-88.0394,43.0962,495.3,137.23,201.816,United States
a84a55,QXE2449 ,United States,-121.601,38.711,-22.86,180.81,263.016,United States
a026fc,AMX455  ,United States,-81.6078,35.203,11887.2,57.33,950.4,United States
485e49,LIFELN3 ,Kingdom of the Netherlands,5.6925,51.6566,99.06,183.9,81.68400000000001,Kingdom of the Netherlands
a2195d,SWA606  ,United States,-122.1763,37.6754,220.98,311.83,308.232,United States
a2062f,N23AH   ,United States,-84.6626,30.6468,403.86,132.99,298.764,United States
a60a9b,LXJ489  ,United States,-82.1785,27.336,11871.96,282.01,649.476,United States
a3d6a6,N3465G  ,United States,-98.3656,30.3284,2194.56,31.51,297.612,United States
ad7471,SWA2213 ,United States,-96.3635,29.0489,5920.74,40.9,695.8439999999999,United States
750520,RMY382  ,Malaysia,101.6084,2.8306,2278.38,182.46,474.55199999999996,Malaysia
a8fadf,EJA678  ,United States,-89.8684,32.9233,12192.0,300.78,676.836,United States
a0899d,N13364  ,United States,-88.8018,42.3547,1668.78,78.49,204.12,United States
a8ad4e,UAL1912 ,United States,-113.9757,36.4397,10668.0,69.68,853.1640000000001,United States
a13fd5,N18RL   ,United States,-89.5468,35.2555,5760.72,236.04,328.212,United States
06a2f7,QTR982  ,Qatar,53.3277,24.7916,7810.5,105.2,932.688,Qatar
a399b9,EDV5352 ,United States,-84.9843,32.7089,3208.02,356.38,469.476,United States
06a2f8,QTR838  ,Qatar,56.7021,25.0511,11879.58,101.82,1057.7160000000001,Qatar
a06310,FDX6024 ,United States,113.5496,23.0876,1272.54,245.1,457.38,United States
4b1a2e,EZS49NC ,Switzerland,-3.9858,44.325,10972.8,28.66,949.788,Switzerland
06a2f6,QTR2G   ,Qatar,13.2174,36.3263,10972.8,279.11,830.916,Qatar
4b1a2f,EZS73NB ,Switzerland,17.4139,47.2477,9616.44,77.44,834.84,Switzerland
06a2f2,QTR60X  ,Qatar,15.16,50.1109,11574.78,295.21,804.456,Qatar
a769a3,JIA5091 ,United States,-88.1129,30.9847,9136.38,275.19,715.968,United States
a1961b,N201DX  ,United States,-105.0635,38.3646,2164.08,132.15,237.312,United States
a6c1fe,N5342Y  ,United States,-80.4597,26.4541,518.16,284.66,124.41600000000001,United States
a73199,N5626Y  ,United States,-78.0305,37.0886,6096.0,157.69,502.452,United States
48ae02,LOT4    ,Poland,20.946,52.1717,45.72,114.59,240.336,Poland
a4efa4,N417RM  ,United States,-96.0265,28.3153,12496.8,51.4,810.432,United States
48ae00,LOT6543 ,Poland,-83.1724,32.3052,12184.38,182.98,892.008,Poland
3532ca,DUMBO60 ,Spain,-2.1144,39.7785,6697.98,290.0,514.404,Spain
a399af,N331BR  ,United States,-97.7428,34.7926,5181.6,63.2,595.512,United States
4b1a37,EZS82EG ,Switzerland,10.1157,54.693,11285.22,27.46,851.544,Switzerland
a026e1,RPA4806 ,United States,-91.6651,41.2674,7848.6,280.68,699.228,United States
a37fa0,N32403  ,United States,-88.8375,42.3115,579.12,123.88,156.168,United States
882da2,KMI801  ,Thailand,105.004,-2.5978,9753.6,338.68,825.048,Thailand
a69939,EJA524  ,United States,-86.5639,35.0398,13106.4,169.6,892.512,United States
add793,AAL2993 ,United States,-80.2731,28.6832,8534.4,146.23,759.708,United States
a4f6a3,NTW419  ,United States,-102.7803,38.4913,13106.4,237.4,780.3720000000001,United States
a84a81,N633SR  ,United States,-84.3341,31.3331,2590.8,147.51,368.892,United States
a55f31,SWA2504 ,United States,-101.6219,33.7674,1546.86,292.19,456.04800000000006,United States
4b1a1e,EZS1215 ,Switzerland,14.7033,45.6646,11277.6,134.02,844.776,Switzerland
adaa50,N98RP   ,United States,-76.2482,37.4095,12192.0,198.2,711.576,United States
a20621,UAL142  ,United States,-111.9815,42.6531,11887.2,114.02,1082.736,United States
4b1a1f,EZS18WC ,Switzerland,-8.6313,41.0611,1036.32,348.01,427.896,Switzerland
7815a2,CSC3994 ,China,101.3747,12.0852,9753.6,337.16,854.0640000000001,China
7815a1,CES710  ,China,89.6223,54.4692,11277.6,124.31,952.884,China
a7e1cd,FFT1111 ,United States,-78.6863,35.3698,5402.58,173.08,630.576,United States
3b75f5,MAE42   ,France,0.3831,45.8496,1455.42,59.08,392.904,France
3b75f8,MAF32   ,France,0.1099,45.9505,1562.1,217.48,380.41200000000003,France
06a2fd,QTR99P  ,Qatar,29.0373,42.7861,11269.98,114.84,1044.9,Qatar
3b75f2,MAF31   ,France,-0.0038,45.8414,1097.28,226.65,364.212,France
ad6d9e,N96418  ,United States,-93.8489,45.1396,678.18,191.18,162.36,United States
347646,IBB99YW ,Spain,-8.1479,34.1242,11582.4,40.98,858.5640000000001,Spain
502ccd,BTI762  ,Latvia,-0.2339,47.8278,10972.8,38.93,966.636,Latvia
347641,VOE1SD  ,Spain,6.3749,47.5677,6621.78,2.2,724.6800000000001,Spain
a84a1a,JIA5058 ,United States,-75.597,39.8577,3139.44,276.67,462.41999999999996,United States
502ccf,BTI1P9  ,Latvia,15.1409,55.6653,8061.96,259.78,688.752,Latvia
a05c7a,N122PW  ,United States,-85.6314,42.1818,762.0,142.28,175.572,United States
ab8f0d,DAL9962 ,United States,-90.5951,30.7623,11887.2,71.68,889.5960000000001,United States
4b1a66,EZS16XA ,Switzerland,9.0182,43.8087,10058.4,136.43,787.284,Switzerland
a8c759,FFT4239 ,United States,-84.6486,39.1362,1112.52,358.09,444.744,United States
a2afeb,SWA345  ,United States,-118.7453,35.448,11582.4,350.11,862.884,United States
a373b7,AAL1308 ,United States,-102.2103,31.1845,10972.8,281.34,763.092,United States
a85119,JBU2549 ,United States,-71.1206,20.4095,8831.58,135.63,836.856,United States
502ce5,BTI15M  ,Latvia,12.6909,59.9865,4770.12,270.94,453.81600000000003,Latvia
40773b,TOM841  ,United Kingdom,25.4113,36.95,10972.8,322.35,736.776,United Kingdom
a0bf90,UAL287  ,United States,-98.1299,43.9697,10972.8,273.4,717.984,United States
a4462e,DAL1996 ,United States,-78.4275,27.5163,10668.0,123.22,878.904,United States
502ce7,BTI3FT  ,Latvia,-1.9498,43.1745,9144.0,31.64,935.4600000000002,Latvia
a7daa6,TWY605  ,United States,-110.9976,30.1098,11277.6,122.88,835.812,United States
a0d99a,N154FT  ,United States,-97.4518,32.6323,975.36,254.74,168.912,United States
a91ab1,NDU686  ,United States,-111.6735,33.3305,548.64,176.24,141.048,United States
a7daa8,N605JP  ,United States,-90.293,34.0342,11582.4,297.58,704.124,United States
c05efd,JZA365  ,Canada,-120.7299,56.2433,541.02,224.63,203.00400000000002,Canada
49d421,TVS1VN  ,Czech Republic,6.4095,58.0462,6743.7,156.86,692.8199999999999,Czech Republic
a59a71,N460JP  ,United States,-120.558,38.033,1043.94,109.98,411.876,United States
0d05ab,XAXAX   ,Mexico,-99.1984,19.1425,7391.4,62.67,617.076,Mexico
a791c0,AAL1215 ,United States,-99.5198,29.3643,9753.6,231.01,812.484,United States
a7daa1,N605JG  ,United States,-121.0793,44.1582,9448.8,165.65,649.98,United States
a9975d,N717PK  ,United States,-80.9372,28.5203,708.66,270.0,155.556,United States
a86433,N64PM   ,United States,-84.8506,22.7556,10561.32,233.0,667.836,United States
c05ef7,JZA66   ,Canada,-75.524,45.3436,3596.64,116.87,462.99600000000004,Canada
49d41e,TVP7321 ,Czech Republic,-3.9753,45.6843,10972.8,51.08,964.0079999999999,Czech Republic
ab3fc4,AAL127  ,United States,-105.2292,34.6698,9753.6,282.24,847.116,United States
adbd8e,N98485  ,United States,-121.7632,37.2675,853.44,136.4,161.136,United States
a120d0,N172CC  ,United States,-97.1759,33.6705,533.4,7.35,173.66400000000002,United States
502cc8,AFR32SH ,Latvia,8.713,57.3877,10972.8,202.44,713.304,Latvia
a4ca6a,ASA606  ,United States,-112.3512,35.0011,8008.62,169.89,833.364,United States
502cc7,BTI1X9  ,Latvia,21.2393,57.9886,9144.0,312.38,774.7560000000001,Latvia
a92ddf,UAL50   ,United States,-69.6443,43.981,11582.4,256.11,717.336,United States
a9d40b,N732SB  ,United States,-105.5852,41.0874,7620.0,62.09,601.452,United States
a4ca6d,VAR408  ,United States,-112.718,33.4042,556.26,41.5,192.852,United States
a24cf6,N2474T  ,United States,-77.9385,38.3715,1005.84,262.71,160.56,United States
a05c8f,EJA122  ,United States,-120.3912,39.7689,12496.8,35.21,893.052,United States
a61159,N490NW  ,United States,-158.0411,21.3625,365.76,16.93,178.092,United States
a6246e,UAL1308 ,United States,-100.881,40.1492,10675.62,87.65,991.656,United States
a4dd8e,N412WM  ,United States,-85.2457,34.8828,891.54,352.87,149.328,United States
a8c75f,LXJ665  ,United States,-107.4201,40.0511,14325.6,273.45,831.204,United States
76cee8,SIA318  ,Singapore,13.8342,49.356,10972.8,298.3,738.288,Singapore
a98445,JBU2834 ,United States,-78.0871,35.0597,11285.22,37.67,1036.476,United States
407739,TOM29K  ,United Kingdom,-4.8037,48.1772,10972.8,23.99,938.52,United Kingdom
a18f9c,N2ZM    ,United States,-96.22,30.4305,670.56,264.6,275.32800000000003,United States
a96a1f,N70541  ,United States,-97.2213,37.7419,571.5,181.76,120.42000000000002,United States
7815c9,CDG8062 ,China,104.0689,3.6978,9144.0,8.56,870.876,China
a3b186,AAL2232 ,United States,-102.8538,34.9388,10668.0,111.94,976.356,United States
a120ba,N172BF  ,United States,-88.0979,41.4455,1196.34,125.77,212.292,United States
a9d413,SKW4889 ,United States,-87.9147,42.2488,2987.04,20.08,469.29600000000005,United States
a84a17,NKS1630 ,United States,-88.0934,16.3555,10363.2,345.51,843.5880000000001,United States
407731,EXS49JG ,United Kingdom,-6.1375,43.9176,10972.8,16.3,864.432,United Kingdom
a29c38,N2676R  ,United States,-96.9,37.9939,1905.0,166.97,230.00400000000002,United States
a6c1d0,N5341M  ,United States,-116.5057,46.3191,6423.66,277.55,465.192,United States
a1df4e,N22GR   ,United States,-121.7015,37.3774,7193.28,308.81,679.716,United States
ac5fad,DAL2236 ,United States,-103.0571,42.155,10675.62,83.02,990.756,United States
c052ca,WJA2674 ,Canada,-81.8436,29.8955,10972.8,132.69,876.816,Canada
a013e8,DAL1648 ,United States,-85.17,42.4511,7764.78,271.65,833.76,United States
a86463,N64RK   ,United States,-111.9811,33.0717,1310.64,222.15,237.312,United States
76cef0,SIA335  ,Singapore,83.2507,19.088,10668.0,134.07,969.1920000000001,Singapore
acff02,N9365H  ,United States,-81.9583,33.7088,1706.88,17.19,188.028,United States
a2b6c7,EJA274  ,United States,-74.3179,40.9806,4922.52,265.21,620.748,United States
a120a1,CNS19   ,United States,-81.7411,26.6855,601.98,227.93,281.916,United States
acc9b2,DAL2167 ,United States,-99.5486,45.8722,9753.6,276.22,700.488,United States
478090,,Norway,14.232,67.3145,800.1,177.92,255.74400000000003,Norway
a146f9,UAL1954 ,United States,-111.4178,41.6401,10058.4,82.55,986.184,United States
a33978,N307BM  ,United States,-86.2192,43.159,335.28,12.99,123.552,United States
47807f,NOR242  ,Norway,5.2125,60.304,228.6,133.67,112.644,Norway
a814f1,N62LU   ,United States,-85.4561,37.7405,1036.32,163.46,195.12,United States
a0634c,RPA4389 ,United States,-79.3563,40.9575,9448.8,61.54,878.4,United States
a5f162,EDV5447 ,United States,-73.6359,41.1633,1356.36,146.01,486.936,United States
3cc086,SCR137  ,Germany,9.697,45.6518,6621.78,271.72,678.1320000000001,Germany
a7445d,N5678B  ,United States,-116.7726,32.9008,1965.96,57.88,94.03200000000001,United States
abf949,SWA1313 ,United States,-121.6445,37.1219,1851.66,307.5,371.15999999999997,United States
461e1c,FIN4PC  ,Finland,-3.589,56.2719,2621.28,215.56,471.276,Finland
aa276a,RPA3615 ,United States,-105.8671,31.8572,3581.4,272.64,522.828,United States
461e1d,FIN9LK  ,Finland,23.2775,60.3682,5173.98,76.42,725.904,Finland
461e1e,FIN4DU  ,Finland,21.6047,66.5291,11582.4,344.71,821.736,Finland
a61173,EDV5186 ,United States,-75.8561,38.8722,8641.08,36.13,1096.092,United States
a17c65,SKW3440 ,United States,-122.0156,36.569,9608.82,143.28,709.308,United States
507c55,UZB601  ,Uzbekistan,39.7101,55.6078,1684.02,23.48,599.6880000000001,Uzbekistan
4ca41e,IRL283  ,Ireland,-3.1105,53.4407,8534.4,298.24,481.428,Ireland
a399e4,DAL1015 ,United States,-122.0073,47.6616,3779.52,222.16,554.616,United States
a05c6d,N122PH  ,United States,-81.4071,30.7189,12496.8,357.42,904.6800000000001,United States
c052d7,WJA2976 ,Canada,-80.2964,22.8813,11277.6,202.85,753.624,Canada
a72a4f,N5607Z  ,United States,-89.2881,42.0396,1036.32,129.04,176.436,United States
47808e,WIF5K   ,Norway,4.8316,61.103,4267.2,192.88,398.952,Norway
a0b333,SKW4758 ,United States,-106.8531,36.6721,9448.8,33.23,770.508,United States
47808b,WIF2EY  ,Norway,14.1854,67.0025,2834.64,19.81,513.7560000000001,Norway
a18342,N197MC  ,United States,-88.2159,41.4359,883.92,332.18,150.768,United States
47808c,WIF27A  ,Norway,12.9997,66.3891,5791.2,24.26,473.29200000000003,Norway
a399de,DAL2770 ,United States,-83.9432,29.7569,8884.92,151.64,873.3960000000001,United States
aaac0c,N787RP  ,United States,-112.0426,33.696,716.28,80.75,161.352,United States
a636dc,N5SP    ,United States,-97.7017,33.2428,845.82,125.97,258.588,United States
aa1ffc,RPA3418 ,United States,-79.9988,43.4394,10058.4,65.38,853.5960000000001,United States
a44683,N375BM  ,United States,-94.6345,45.1053,1607.82,127.49,340.776,United States
a69988,N524TW  ,United States,-122.4141,47.5811,1325.88,260.18,293.22,United States
aac4a4,N793RC  ,United States,-83.576,27.2248,7894.32,118.32,948.7800000000001,United States
7bc007,LHA4385 ,China,8.5223,52.3401,10972.8,220.5,818.388,China
899128,CAL075  ,Taiwan,107.5212,22.5597,11003.28,259.06,780.9119999999999,Taiwan
a42020,DAL2999 ,United States,-87.0264,37.9475,8839.2,171.3,979.8480000000001,United States
899121,EVA633  ,Taiwan,-126.6851,48.7378,9144.0,286.98,830.736,Taiwan
a9c194,N728DE  ,United States,-111.4813,32.7961,2225.04,179.13,244.476,United States
899123,EVA647  ,Taiwan,-90.5744,44.4574,10363.2,309.66,760.212,Taiwan
a54c60,UAL347  ,United States,-118.7445,39.7628,7650.48,72.31,810.612,United States
a6863b,N5197R  ,United States,-119.762,39.1887,1539.24,185.57,152.568,United States
a70988,N5522S  ,United States,-96.8121,32.983,556.26,329.57,171.828,United States
a6863d,N5197T  ,United States,-89.341,43.1505,274.32,181.06,100.00800000000001,United States
a4200d,DAL1701 ,United States,-94.9221,41.4887,10972.8,195.15,920.988,United States
aa763f,AAL1533 ,United States,-103.1689,34.6545,10363.2,300.23,739.476,United States
a67f81,DAL683  ,United States,-107.0337,34.988,9761.22,252.51,819.432,United States
4075df,EZY62AL ,United Kingdom,-3.4055,48.0756,10363.2,38.03,971.0280000000001,United Kingdom
a1d368,JBU2577 ,United States,-94.144,42.2078,10972.8,256.52,746.568,United States
ac4d36,ERU892  ,United States,-81.1031,29.1531,327.66,202.02,177.804,United States
a43f7d,FFT2817 ,United States,-115.8187,33.5873,7406.64,235.61,839.376,United States
a360b7,JBU126  ,United States,-74.9028,38.9924,9646.92,37.55,1090.908,United States
0101ba,MSR768  ,Egypt,28.3487,33.9402,11887.2,123.96,971.316,Egypt
899137,EVA665  ,Taiwan,121.1836,25.1583,1638.3,240.28,586.44,Taiwan
aa39fd,RPA3534 ,United States,-79.6411,41.1722,8968.74,281.05,801.9720000000001,United States
a2b6ff,SKW3953 ,United States,-122.8094,45.6822,1767.84,329.82,512.028,United States
0101bc,MSR906  ,Egypt,51.0758,26.5216,10363.2,289.78,722.304,Egypt
899139,EVA095  ,Taiwan,105.7168,18.8837,10363.2,284.89,871.956,Taiwan
899133,EVA668  ,Taiwan,-87.7364,36.8364,10668.0,128.75,1047.3120000000001,Taiwan
780f95,CSH868  ,China,116.13,6.3627,4053.84,2.08,611.568,China
0101bd,MSR760  ,Egypt,28.2951,34.4794,11887.2,153.59,911.8800000000001,Egypt
ad6d03,SWA1578 ,United States,-108.9246,32.3805,11277.6,100.7,848.124,United States
461e15,FIN89W  ,Finland,25.1133,60.3693,1889.76,333.99,430.704,Finland
899134,EVA6537 ,Taiwan,114.2997,21.9883,2240.28,283.76,568.224,Taiwan
aa630b,LRC665  ,United States,-83.3769,28.1708,10988.04,199.27,723.96,United States
4850e6,KLM627  ,Kingdom of the Netherlands,-82.425,37.2115,12192.0,176.34,900.036,Kingdom of the Netherlands
a2f33a,N29B    ,United States,-84.3964,31.0086,11277.6,180.12,881.568,United States
c078bf,WJA2040 ,Canada,-114.6869,38.8967,10668.0,146.34,898.884,Canada
abf7c5,EJA870  ,United States,-75.7438,38.0979,12192.0,214.43,714.024,United States
ab4770,N826D   ,United States,-81.8868,30.6529,1249.68,218.41,330.876,United States
c05eb7,ACA782  ,Canada,-103.1265,40.473,9441.18,71.53,941.148,Canada
a4e3e4,N414KG  ,United States,-113.153,33.1389,2537.46,294.27,310.824,United States
aafa0d,VXP280  ,United States,-85.062,36.952,8656.32,233.77,824.184,United States
c05ee1,ACA584  ,Canada,-75.5944,41.0171,4137.66,110.12,678.492,Canada
781684,CES244  ,China,87.4344,55.3197,11277.6,122.56,936.072,China
aac4c4,SKW5532 ,United States,-81.2971,38.2749,10073.64,101.42,916.3800000000001,United States
a42002,N365MR  ,United States,-81.4877,28.3033,8458.2,306.52,718.956,United States
a1836c,AAY2690 ,United States,-84.5866,32.9459,11277.6,176.36,903.744,United States
a31f93,N300CQ  ,United States,-82.7321,27.3958,3009.9,262.91,419.904,United States
ac9aa2,N911CP  ,United States,-90.2772,38.5934,411.48,145.27,169.02,United States
a3133c,ASA142  ,United States,-122.9292,48.1258,5753.1,148.32,659.4119999999999,United States
a253dd,N2490Y  ,United States,-88.275,42.7882,1402.08,16.75,199.22400000000002,United States
acb741,N91834  ,United States,-117.3502,34.0016,998.22,240.0,151.848,United States
899105,CAL5895 ,Taiwan,113.4252,23.0725,952.5,256.78,502.236,Taiwan
aa6303,AMX668  ,United States,-113.103,31.228,10972.8,309.12,907.056,United States
ad1db5,N944TH  ,United States,-115.3636,35.6581,1905.0,225.57,132.264,United States
a42c43,CXK367  ,United States,-80.2609,35.6717,1706.88,340.02,151.74,United States
ac04c3,SKW5259 ,United States,-118.7291,33.8156,2506.98,175.79,529.236,United States
a85cad,JIA5316 ,United States,-97.0299,32.8847,251.46,178.27,307.584,United States
a5c990,N472LP  ,United States,-112.398,33.2357,1257.3,19.86,141.768,United States
a92f0e,N691GL  ,United States,-96.5873,33.2099,259.08,182.06,205.704,United States
750594,MAS140  ,Malaysia,111.1537,-4.8863,11582.4,319.88,908.208,Malaysia
c01860,JZA7742 ,Canada,-106.6492,52.0655,2346.96,86.44,476.892,Canada
e47fa8,GLO1548 ,Brazil,-42.3381,-18.3784,11277.6,34.33,870.192,Brazil
a6c311,ASA9661 ,United States,-149.4841,65.1761,10972.8,4.98,853.272,United States
497cde,GOLDN61 ,Portugal,-8.9921,39.0978,1927.86,194.74,473.00399999999996,Portugal
aaaaae,ENY3828 ,United States,-93.0849,37.7266,6316.98,28.21,662.0400000000001,United States
4075c1,UBT792  ,United Kingdom,25.1026,43.0128,12192.0,282.6,789.444,United Kingdom
a0ac92,UCA4276 ,United States,-98.2883,19.323,5052.06,178.44,611.388,United States
4075c2,UBT892  ,United Kingdom,75.9906,30.9465,10965.18,291.32,733.572,United Kingdom
899116,CAL709  ,Taiwan,120.7406,15.0782,4792.98,151.68,620.64,Taiwan
a0506c,N1193J  ,United States,-95.775,39.0271,1584.96,41.04,265.176,United States
0101df,MSR982  ,Egypt,-72.4525,41.4947,10668.0,40.66,1125.504,Egypt
a98fb8,N715ME  ,United States,-96.1075,42.5382,11673.84,128.9,813.924,United States
a6bc31,SKW4663 ,United States,-102.7111,43.6691,11269.98,26.68,845.64,United States
a4463e,DAL511  ,United States,-83.7643,37.6631,6979.92,343.83,651.744,United States
e80920,CCAAO   ,Chile,-70.939,-33.4663,2727.96,261.38,395.244,Chile
ac3a38,SWA2669 ,United States,-112.1949,35.6906,10988.04,101.0,882.9720000000001,United States
0101a4,PER206  ,Egypt,32.924,29.0593,9745.98,308.5,728.856,Egypt
a2680f,N254TM  ,United States,-84.3804,37.4032,3124.2,332.9,353.664,United States
4ba9c8,THY53   ,Turkey,87.3715,23.2793,10363.2,301.9,756.9720000000001,Turkey
a74fb8,N570PK  ,United States,-96.2397,33.3258,1866.9,266.55,461.98800000000006,United States
c0407b,ROU1931 ,Canada,-96.9204,50.6387,10980.42,281.69,758.376,Canada
ad1dd4,WUP944  ,United States,-110.8198,35.1627,11620.5,251.82,789.48,United States
4ba9c1,THY370  ,Turkey,43.4734,40.1055,11887.2,86.0,956.1239999999999,Turkey
750552,MAS7070 ,Malaysia,98.1347,14.238,10972.8,332.85,897.012,Malaysia
a62fd1,SWA1839 ,United States,-98.9888,32.1754,8580.12,91.03,820.5840000000001,United States
add734,JBU387  ,United States,-100.1629,38.0913,10370.82,249.15,749.124,United States
a360ee,N317BC  ,United States,-85.9487,34.7977,6705.6,282.61,415.62,United States
3b75fa,MAE41   ,France,0.3846,45.8533,1508.76,55.96,420.192,France
ab213e,SLH816  ,United States,-84.4113,30.6418,12496.8,132.59,779.868,United States
a218b6,N234PW  ,United States,-96.3503,36.1974,1325.88,311.52,237.456,United States
a8516e,N635MM  ,United States,-108.5868,37.8108,3688.08,344.05,215.71200000000002,United States
4ba9d3,THY62Y  ,Turkey,47.4623,40.7214,10058.4,110.1,905.22,Turkey
405bfb,BAW168  ,United Kingdom,3.5329,51.3981,12192.0,304.63,778.788,United Kingdom
a74fa2,JIA5304 ,United States,-88.5952,34.4894,9448.8,78.07,868.8240000000001,United States
3461cd,ECNCL   ,Spain,17.0682,48.1154,5539.74,249.85,585.9,Spain
46bc54,AEE597  ,Greece,26.9514,36.9655,2087.88,348.16,351.972,Greece
46bc55,AEE226  ,Greece,27.1181,36.7596,213.36,327.99,209.66400000000002,Greece
06a2b7,QTR61P  ,Qatar,26.2102,43.7111,10668.0,115.29,1001.5920000000001,Qatar
3461cf,VOE7349 ,Spain,7.2138,50.5947,11887.2,191.59,737.316,Spain
46bc52,AEE155  ,Greece,24.4266,40.761,1775.46,224.12,340.524,Greece
c05ea2,ACA292  ,Canada,-116.9316,49.3626,10066.02,85.64,900.828,Canada
06a2b8,VOZ022  ,Qatar,56.0501,23.8688,10066.02,117.55,1008.936,Qatar
06a2b6,QTR74N  ,Qatar,138.5502,-35.5744,11277.6,105.0,1073.664,Qatar
06a2b4,QTR719  ,Qatar,-96.3938,65.2405,10972.8,232.93,863.424,Qatar
06a2b2,VOZ002  ,Qatar,136.0038,-34.8321,10972.8,93.85,1102.572,Qatar
a1c05d,UCA4909 ,United States,-87.3572,34.1092,6454.14,196.43,785.8439999999999,United States
a4eff1,UPS5847 ,United States,-89.0454,42.215,419.1,243.23,230.256,United States
ab214d,SCX632  ,United States,-86.7679,37.0785,9197.34,356.3,688.536,United States
46bc4b,AEE7MT  ,Greece,23.8648,37.8403,632.46,36.25,344.484,Greece
a26801,SKW4116 ,United States,-86.6905,36.1896,1219.2,269.26,431.568,United States
abe4db,SWA1193 ,United States,-104.4785,39.9078,3589.02,224.6,561.816,United States
a74fd8,N570QS  ,United States,-80.213,32.5875,11582.4,215.02,642.24,United States
a756a0,N572JA  ,United States,-88.4902,41.7227,899.16,176.04,187.488,United States
a480c4,N39DJ   ,United States,-76.6507,36.8721,13106.4,207.61,591.444,United States
4075fd,BAW560F ,United Kingdom,11.4838,42.3361,4030.98,120.99,633.024,United Kingdom
4075fe,BAW781C ,United Kingdom,13.7601,58.3786,11590.02,234.84,758.916,United Kingdom
0101b2,NIA161  ,Egypt,32.6247,29.7236,6751.32,98.15,862.488,Egypt
06a2c6,QTR5M   ,Qatar,52.9037,24.8958,6766.56,105.02,914.652,Qatar
06a2c7,QTR14G  ,Qatar,21.5743,45.6865,9753.6,300.29,815.0400000000001,Qatar
ad11c1,N941KA  ,United States,-89.1908,41.1163,4160.52,60.15,606.456,United States
c078b2,TSC186  ,Canada,-76.2029,36.671,11887.2,151.0,798.3000000000001,Canada
ad876e,DAL1063 ,United States,-87.7759,38.2513,8229.6,178.08,941.3280000000001,United States
a55f6c,RPA4516 ,United States,-75.3337,43.0586,8534.4,272.23,759.888,United States
750548,XAX601  ,Malaysia,75.3236,32.2049,11887.2,147.99,17.46,Malaysia
a503bf,N422HC  ,United States,-121.1266,44.2054,5181.6,110.67,556.2,United States
a55b7a,SWA3373 ,United States,-112.9347,33.0567,12496.8,69.53,842.112,United States
abf66c,AAL229  ,United States,-97.0508,32.9079,114.3,180.0,183.348,United States
aac363,N793CG  ,United States,-104.5186,36.3823,13106.4,269.33,790.8480000000001,United States
a67b75,JIA5442 ,United States,-77.0322,38.7963,388.62,354.64,238.104,United States
ae4f5b,FFAB123 ,United States,-117.324,32.8287,45.72,225.0,201.67200000000003,United States
40749b,BAW1B   ,United Kingdom,-63.6091,49.972,12192.0,224.59,733.356,United Kingdom
a86bd0,N64134  ,United States,-96.327,32.3005,914.4,154.2,187.20000000000002,United States
a02418,N108TC  ,United States,-80.2516,26.3297,426.72,296.57,157.356,United States
abdc56,SWA3355 ,United States,-84.0877,33.0624,11582.4,347.06,819.0,United States
a992b0,N716DP  ,United States,-96.6932,32.7149,335.28,256.63,192.27599999999998,United States
4ba8e3,TKJ6NV  ,Turkey,23.2526,44.973,11277.6,121.86,915.804,Turkey
4caea0,RYR48RF ,Ireland,14.6446,50.2003,1272.54,275.1,416.484,Ireland
e48799,TAM4673 ,Brazil,-46.5634,-23.2697,4259.58,119.53,559.8000000000001,Brazil
a67b81,ASA1306 ,United States,-120.8067,39.5826,10668.0,176.6,844.1279999999999,United States
a67b84,,United States,-112.5995,33.19,1043.94,69.26,203.976,United States
4b8e46,PGT543N ,Turkey,29.768,41.1129,1661.16,216.98,403.38,Turkey
ad1c69,N944EA  ,United States,-103.3638,40.078,7315.2,267.92,407.7,United States
008e57,ZUMNT   ,South Africa,27.9873,-25.9334,0.0,50.01,149.86800000000002,South Africa
a15739,N186CS  ,United States,-121.292,38.5121,419.1,171.71,192.78,United States
a097cb,N13715  ,United States,-88.2249,41.8669,518.16,178.19,176.04,United States
ad1c67,DAL1424 ,United States,-90.2118,30.095,1226.82,22.21,436.068,United States
ac0f9b,VWA317  ,United States,-112.142,33.93,2118.36,124.46,307.692,United States
a44270,N3738R  ,United States,-91.1881,30.1539,784.86,62.93,280.8,United States
a227a7,,United States,-63.6948,21.0769,11879.58,169.53,866.34,United States
ae06e4,FOXX079 ,United States,-76.3945,38.4237,2834.64,21.69,536.148,United States
a765ec,JIA5306 ,United States,-82.3737,34.6142,8503.92,235.72,753.048,United States
ac1698,SWA534  ,United States,-97.7608,30.0667,906.78,167.15,433.11600000000004,United States
a07dc9,UAL219  ,United States,-105.8657,38.9271,9745.98,252.55,815.364,United States
a9a863,N7MNA   ,United States,-74.0668,39.7967,7010.4,39.22,1039.8600000000001,United States
aa735a,SWA3147 ,United States,-84.5829,33.6709,2324.1,282.69,421.452,United States
ab9387,,United States,-77.3204,49.7372,10972.8,218.3,863.676,United States
a8cec7,FFT1203 ,United States,-76.1785,37.5884,10355.58,207.73,613.008,United States
a43b85,DAL2262 ,United States,-111.4965,39.3202,10363.2,229.35,776.196,United States
a752ea,JBU471  ,United States,-74.1937,40.346,6118.86,187.4,633.0960000000001,United States
aa10ba,SKW4942 ,United States,-89.4705,41.2077,7673.34,61.57,739.1880000000001,United States
ad83f3,LYM300  ,United States,-83.6112,37.5228,9166.86,243.5,693.252,United States
a5628c,SCW4955 ,United States,-89.3704,35.8442,6987.54,31.31,680.652,United States
0b4167,TGMAW   ,Guatemala,-90.7324,13.9622,586.74,179.29,298.188,Guatemala
4ba8c3,TKJ5AR  ,Turkey,33.4265,35.2099,960.12,313.52,406.11600000000004,Turkey
0b415b,TGSKG   ,Guatemala,-90.5009,14.5703,1981.2,205.41,246.02400000000003,Guatemala
ad70ba,SWA1773 ,United States,-84.8452,33.5281,11582.4,253.52,757.116,United States
abf67f,ES800   ,United States,-121.2133,38.5053,998.22,74.13,196.38,United States
abdc78,SWA1644 ,United States,-75.1939,39.8809,266.7,254.85,255.16799999999998,United States
a1db9d,N219GX  ,United States,-78.9232,30.0266,13106.4,195.24,725.58,United States
a79b80,EJM5    ,United States,-76.9016,42.4262,10431.78,87.63,941.616,United States
406156,BHL43L  ,United Kingdom,-0.6227,57.2471,1059.18,87.43,289.188,United Kingdom
a752e9,N571JA  ,United States,-88.4729,41.6877,891.54,173.72,203.076,United States
abdc91,ASH6367 ,United States,-86.7005,37.4902,9753.6,239.46,812.808,United States
abdc92,ASH3989 ,United States,-89.5948,36.633,10363.2,227.9,828.72,United States
a6827d,N5187J  ,United States,-90.8591,33.6618,45.72,278.66,196.704,United States
a44257,UAL688  ,United States,-111.0107,41.0891,6972.3,73.46,852.012,United States
acfc56,DAL1826 ,United States,-100.0067,35.4226,10363.2,223.16,858.204,United States
a097ac,N13709  ,United States,-116.8383,32.8346,1554.48,39.21,181.656,United States
a45586,DAL2768 ,United States,-66.5898,19.189,10668.0,142.04,855.036,United States
aa7f8d,CKS252  ,United States,-88.6246,43.342,9753.6,327.66,765.036,United States
ad7cec,N9685G  ,United States,-88.2259,43.0402,312.42,281.5,111.492,United States
406d8e,EZY62HF ,United Kingdom,10.1575,50.7193,11269.98,95.85,835.884,United Kingdom
0d09a5,SLI1855 ,Mexico,-96.1828,19.2023,1158.24,333.17,356.976,Mexico
c001e5,ASP821  ,Canada,-116.0649,50.8293,9144.0,254.78,783.072,Canada
a885f4,UAL399  ,United States,-84.5236,42.287,10058.4,91.52,839.2320000000001,United States
4ba8d4,TKJ7BZ  ,Turkey,30.0115,40.7217,4053.84,353.91,419.076,Turkey
406d92,EZY36VK ,United Kingdom,23.7174,36.0219,10965.18,328.62,739.728,United Kingdom
adccd0,KPO989  ,United States,-80.3363,33.0311,12199.62,217.54,635.292,United States
a4556d,EDV5405 ,United States,-83.3892,42.1951,304.8,28.83,230.43600000000004,United States
a4423b,UAL564  ,United States,-78.5013,40.9786,9761.22,279.02,826.956,United States
a7eb2f,N6091F  ,United States,-94.7002,30.1764,632.46,102.83,191.844,United States
ae565e,SNTNL54 ,United States,-85.1209,32.1662,434.34,214.23,217.296,United States
aa733b,SWA3949 ,United States,-82.8247,28.6487,7315.2,350.97,802.5840000000001,United States
4ba8d2,TKJ21N  ,Turkey,37.9584,40.2464,10058.4,61.59,875.916,Turkey
407fc2,WUK96PM ,United Kingdom,-3.6858,45.1727,10972.8,14.85,954.1440000000001,United Kingdom
a62bc5,N497TC  ,United States,-117.7953,33.5133,1920.24,320.68,225.036,United States
a9a819,N721JP  ,United States,-83.1829,32.0111,2316.48,139.11,365.004,United States
781742,CSN5036 ,China,102.2938,3.8082,7147.56,27.21,741.312,China
a81e38,FFT90   ,United States,-83.9589,27.2513,11887.2,32.47,965.8800000000001,United States
a0baa1,SKW5687 ,United States,-88.8434,41.1793,4610.1,42.36,596.484,United States
a227ce,N238SF  ,United States,-117.886,33.8219,1676.4,17.24,224.928,United States
a7fe27,FFT3347 ,United States,-73.1326,40.0347,10355.58,224.88,635.148,United States
407faf,TOM6EY  ,United Kingdom,-3.9861,49.5039,10363.2,11.93,940.752,United Kingdom
a68e4c,SKW6208 ,United States,-113.4502,33.1253,10668.0,99.02,791.316,United States
ad369c,N950WA  ,United States,-85.5452,35.2279,8839.2,164.66,770.076,United States
a1574e,DAL980  ,United States,-81.9012,30.2471,11277.6,342.34,909.612,United States
407fad,TOM8BA  ,United Kingdom,-9.4853,46.8066,11277.6,359.51,866.772,United Kingdom
407fae,TOM2TJ  ,United Kingdom,-2.8282,48.1342,10972.8,32.07,924.4440000000001,United Kingdom
407fac,TOM5PC  ,United Kingdom,-6.9524,44.7819,10972.8,22.72,901.512,United Kingdom
a01129,N103PL  ,United States,-97.0475,32.5594,662.94,190.03,276.48,United States
a9d07b,N731TR  ,United States,-121.3959,42.3913,11277.6,154.65,821.808,United States
4caee7,RYR26BG ,Ireland,4.5551,50.4895,609.6,246.18,293.54400000000004,Ireland
a4a54c,N399MA  ,United States,-112.0187,40.6292,1615.44,335.93,208.90800000000002,United States
4caee8,RYR300A ,Ireland,-0.191,51.509,10972.8,272.12,752.436,Ireland
aa1cda,N7503R  ,United States,-83.6944,33.7296,1097.28,343.3,135.36,United States
a512bb,N426JK  ,United States,-74.6733,40.4033,381.0,352.53,113.94,United States
a06aba,RPA4690 ,United States,-77.5087,35.7998,8229.6,15.26,1005.9480000000001,United States
a3e5fa,DAL2482 ,United States,-117.2267,47.937,10980.42,276.81,718.092,United States
aa6c50,UAL363  ,United States,-104.0088,35.5633,9144.0,254.31,842.544,United States
aa9990,ENY3669 ,United States,-101.8065,33.8229,1577.34,237.72,374.58,United States
76bd44,TGW25   ,Singapore,109.7369,-3.4094,12192.0,310.53,957.6,Singapore
76bd43,TGW897  ,Singapore,121.1677,25.2653,2354.58,306.2,504.90000000000003,Singapore
a191a3,N20WE   ,United States,-103.8599,38.637,8077.2,107.21,519.5880000000001,United States
ac50fa,FDX8    ,United States,4.2971,45.6509,10972.8,107.78,921.8879999999999,United States
ad237f,AAL1711 ,United States,-97.4698,31.8467,10972.8,218.53,871.1640000000001,United States
ad237c,ASA433  ,United States,-110.5855,32.5215,10972.8,284.43,847.152,United States
a37d02,N32384  ,United States,-111.6902,32.9767,1943.1,136.42,158.508,United States
a4ebe2,N416RA  ,United States,-99.5054,38.4825,4251.96,241.17,314.964,United States
a512d6,KEN6565 ,United States,-122.3346,47.566,220.98,329.2,224.244,United States
a26412,EJA253  ,United States,-114.4525,36.1825,6629.4,85.99,714.7800000000001,United States
a83839,FFT153  ,United States,-84.3023,31.2822,9448.8,167.85,871.416,United States
a8d5a4,UAL2182 ,United States,-86.214,41.9559,9784.08,93.92,839.052,United States
abd063,RPA5639 ,United States,-85.6485,43.1606,9806.94,271.83,696.708,United States
abdc9b,SWA3945 ,United States,-105.7795,38.9493,7612.38,50.49,780.1560000000001,United States
a3d2e5,UAL2386 ,United States,-108.9568,39.5013,10363.2,260.51,730.404,United States
a227e9,N238TH  ,United States,-88.9499,42.0949,891.54,130.71,210.132,United States
a0e7f4,AAL2430 ,United States,-99.9849,32.505,9403.08,265.69,837.612,United States
a4ebd9,EJA416  ,United States,-119.2365,34.2133,853.44,118.72,308.34000000000003,United States
ab08b4,N81TH   ,United States,-88.8005,37.5252,1463.04,17.67,262.404,United States
ad83fc,SVL41   ,United States,-83.0975,28.2586,13106.4,9.11,795.276,United States
a071c2,DAL2298 ,United States,-82.8065,30.1089,10058.4,14.63,953.208,United States
ad2384,DAL3052 ,United States,-83.8561,34.0729,3467.1,220.2,516.456,United States
a39723,EDV5161 ,United States,-92.9515,44.6782,3032.76,133.06,580.464,United States
aba800,VENUS03 ,United States,-92.1738,30.6668,4168.14,240.79,591.984,United States
a13d1c,N1791E  ,United States,-117.3145,32.7772,4236.72,90.0,255.564,United States
4caed0,CGI116  ,Ireland,-6.3656,53.0593,952.5,34.99,158.256,Ireland
a097e9,UAL425  ,United States,-84.5799,33.5758,2621.28,205.54,511.092,United States
aa23b3,RPA3715 ,United States,-77.8403,41.1152,7604.76,210.2,692.136,United States
aa7f5e,AAL95   ,United States,-71.6121,41.5609,6118.86,219.97,582.3720000000001,United States
a50bea,N424QS  ,United States,-103.2958,26.0378,12496.8,60.38,824.436,United States
a5d87a,THY6048 ,United States,-67.5061,44.6797,10058.4,48.11,1134.432,United States
aa8651,N77766  ,United States,-95.9106,34.7881,228.6,322.43,30.384,United States
a81e4f,N622GP  ,United States,-86.6921,36.0906,236.22,5.4,137.66400000000002,United States
a03765,AAL307  ,United States,-105.893,39.6464,10043.16,75.21,950.0760000000001,United States
3004c2,NOS9026 ,Italy,9.8613,44.8234,7010.4,165.83,748.764,Italy
a27737,SWA984  ,United States,-91.6307,29.2235,12192.0,271.71,742.968,United States
aa7f4e,UAL1040 ,United States,-68.5062,32.4097,10058.4,168.16,749.34,United States
c05d3c,JZA635  ,Canada,-73.3846,43.4484,8839.2,356.17,831.5640000000001,Canada
a632cd,N499PA  ,United States,-111.2069,32.6697,11582.4,283.48,826.524,United States
a6956b,N523PU  ,United States,-93.4978,45.2372,1043.94,188.34,140.4,United States
aa7f58,N776AG  ,United States,-73.9194,41.2062,3931.92,73.83,711.5400000000001,United States
4caeca,RYR9439 ,Ireland,7.0976,47.9309,11277.6,122.25,878.112,Ireland
a81205,SKW4772 ,United States,-98.3674,40.7597,10058.4,81.99,890.244,United States
c05d56,JZA958  ,Canada,-76.362,44.5932,11277.6,68.22,923.4,Canada
a44291,DAL1777 ,United States,-80.16,27.4209,10972.8,132.16,871.92,United States
a68e7c,AAL2408 ,United States,-92.829,39.5216,9745.98,261.46,760.356,United States
4caed8,EIN7EG  ,Ireland,-5.4088,51.6641,10058.4,98.76,790.776,Ireland
aab09a,SWA2792 ,United States,-99.7651,30.6125,10972.8,283.76,755.0640000000001,United States
a4ebea,PRD41   ,United States,-76.5534,38.6308,8397.24,39.74,1042.884,United States
a467f1,N383RL  ,United States,-82.4151,34.5283,7620.0,40.42,557.028,United States
aa0b10,RPA3693 ,United States,-86.7542,42.9299,6850.38,87.56,695.124,United States
a2ad53,N27150  ,United States,-96.6466,30.3108,2164.08,60.71,174.132,United States
a4b7d2,ISU2    ,United States,-87.2883,39.3241,1036.32,128.07,195.22799999999998,United States
a4b7d3,AAL2382 ,United States,-100.7419,32.549,10370.82,262.89,778.248,United States
a1f4e5,N225PM  ,United States,-83.9452,35.8742,5074.92,278.64,443.952,United States
a4b7d7,ASA430  ,United States,-117.1907,44.3585,10668.0,125.74,960.6239999999999,United States
a13d95,N1794W  ,United States,-96.1219,41.2019,396.24,128.53,127.836,United States
a1e1b1,ASA963  ,United States,-120.1822,32.7542,8008.62,220.94,887.508,United States
7c5684,MEDIC79 ,Australia,103.7445,1.1653,1478.28,15.35,391.788,Australia
39bdab,AFR97CH ,France,-6.9786,42.0744,11277.6,210.8,774.036,France
0b4105,TGTLT   ,Guatemala,-89.9973,14.9031,3108.96,252.67,304.596,Guatemala
39bdae,AFR15GL ,France,-0.1341,51.3307,2438.4,265.21,399.56399999999996,France
39bdaf,AFR31HY ,France,6.7961,49.7051,10972.8,264.89,686.124,France
aa98cd,JRE782  ,United States,-86.8831,38.5185,13716.0,141.0,788.76,United States
7802be,CSZ305  ,China,108.4329,19.1248,10363.2,230.77,781.8480000000001,China
ac76a7,AAL1289 ,United States,-73.6303,40.7714,739.14,235.82,299.988,United States
a347f9,N310MW  ,United States,-80.8581,32.1864,2011.68,193.56,323.856,United States
aa7ec2,UAL1249 ,United States,-95.2834,29.9776,38.1,269.61,274.104,United States
a36a19,AAL2716 ,United States,-117.8638,33.6837,-7.62,207.81,265.932,United States
a3cd58,DAL646  ,United States,-93.6701,32.1145,10370.82,214.2,859.8960000000001,United States
a1f4cd,ENY3438 ,United States,-88.2988,41.7235,3040.38,55.15,609.3000000000001,United States
ab9302,CXK105  ,United States,-86.4777,35.7922,1074.42,185.42,215.784,United States
adcd9d,N989LR  ,United States,-79.9145,27.0659,1897.38,207.99,434.124,United States
a2644a,SKW3714 ,United States,-119.3648,35.0842,10668.0,155.83,791.676,United States
a62d26,N4975F  ,United States,-117.2465,33.0084,1463.04,227.42,93.06,United States
a37d3d,XSR324  ,United States,-104.5202,37.4114,11430.0,122.6,890.316,United States
a49d22,DAL2564 ,United States,-80.2943,35.3981,10972.8,201.85,736.308,United States
39bda2,AFR47SQ ,France,14.6418,57.2864,10972.8,216.4,770.832,France
8991a4,CAL5640 ,Taiwan,17.4906,48.0192,10668.0,116.21,943.3800000000001,Taiwan
39bda3,AFR81XH ,France,3.2463,50.3659,7353.3,27.72,903.7800000000001,France
c06403,WJA2408 ,Canada,-113.1881,48.6255,10066.02,165.64,1045.6920000000002,Canada
a0cdf3,AAL2449 ,United States,-81.0219,32.8783,10363.2,179.44,761.22,United States
aae960,AAL2158 ,United States,-80.9543,35.0723,1074.42,355.84,306.396,United States
39bda6,AFR63TL ,France,12.0175,50.523,10972.8,249.01,749.808,France
39bda8,AFR56SQ ,France,1.1752,49.8506,6629.4,145.74,723.7800000000001,France
a347e5,N310MA  ,United States,-90.1822,38.3001,800.1,57.19,167.472,United States
ab9f54,UAL1733 ,United States,-87.6335,40.509,8473.44,174.19,951.264,United States
4caefc,ITY112  ,Ireland,4.713,52.3749,167.64,183.21,198.46800000000002,Ireland
4ca2c9,EIN709  ,Ireland,-8.0889,37.4734,10965.18,355.07,797.4720000000001,Ireland
a56dcf,UAL1089 ,United States,-97.4801,26.9636,10668.0,2.01,846.864,United States
39bda0,AFR48LF ,France,-1.1891,44.4086,10972.8,22.68,917.316,France
4caeff,ITY2050 ,Ireland,9.3139,45.204,906.78,338.91,416.84400000000005,Ireland
4caefa,ITY1701 ,Ireland,13.036,40.5998,11887.2,153.67,810.036,Ireland
4ca2c0,RYR48PD ,Ireland,1.6243,52.0538,3977.64,284.31,569.556,Ireland
ab096e,CXK1030 ,United States,-96.7777,32.3077,1592.58,284.93,143.748,United States
ab8c1c,N843ML  ,United States,-82.3871,31.5838,6705.6,329.15,664.452,United States
a1dab3,JBU223  ,United States,-89.6677,39.2637,9745.98,256.46,782.928,United States
4ca2ab,RYR87EN ,Ireland,-4.9663,40.977,11277.6,154.21,791.856,Ireland
a00a60,WARBEVR5,United States,-117.2092,33.7292,647.7,163.11,261.288,United States
a14452,SWA2063 ,United States,-96.8619,32.8617,121.92,135.55,275.004,United States
a13121,N176TA  ,United States,-158.1804,21.3773,845.82,275.04,126.43199999999999,United States
a24a13,AUB123  ,United States,-85.4385,32.5085,762.0,355.86,128.12400000000002,United States
a0379c,N113CT  ,United States,-96.4024,30.8698,1592.58,102.03,231.012,United States
ac6fcd,N900GL  ,United States,-71.6257,42.6717,708.66,27.9,284.976,United States
39bdb3,AFR13RX ,France,3.6058,47.7575,8229.6,134.81,788.364,France
ae6919,DERBY21 ,United States,-85.9878,38.1472,746.76,177.86,396.612,United States
abb9df,SWA3107 ,United States,-94.8745,36.0217,11277.6,91.99,958.068,United States
a837a7,UAL1916 ,United States,-86.6083,20.0387,10058.4,147.14,890.748,United States
4932a2,NJE829D ,Portugal,10.2471,43.3163,9144.0,318.8,790.092,Portugal
39bdb5,AFR29JM ,France,15.0867,48.3456,7475.22,287.01,683.676,France
39bdb7,AFR1185 ,France,5.9385,45.1432,11582.4,325.49,755.136,France
ad1c05,N944AA  ,United States,-97.218,33.2152,335.28,181.91,111.16799999999999,United States
39bdb9,AFR1440 ,France,4.1904,51.993,2948.94,24.08,630.9,France
a01151,N103RA  ,United States,-112.7226,33.462,457.2,125.88,214.848,United States
a9e2f5,N736SR  ,United States,-102.2522,32.1916,2377.44,259.47,293.868,United States
abef2f,SWA2752 ,United States,-81.514,28.5893,2148.84,244.67,424.152,United States
a19dff,RPA5793 ,United States,-76.8243,39.1275,9753.6,225.11,682.272,United States
c00da8,FLE804  ,Canada,-117.6701,50.0386,9448.8,69.75,738.288,Canada
485b45,KLM623  ,Kingdom of the Netherlands,-79.8688,44.9089,11384.28,206.06,944.2440000000001,Kingdom of the Netherlands
39bda9,AFR32UR ,France,-0.0124,50.803,6911.34,137.12,672.264,France
a3cd6b,DAL924  ,United States,-78.6175,26.9565,7840.98,141.05,807.264,United States
a837a5,UAL1862 ,United States,-79.5496,28.195,10363.2,124.13,861.408,United States
e90281,CXOBC   ,Uruguay,-46.2314,-22.7711,14325.6,22.75,809.316,Uruguay
86e496,JAL7    ,Japan,-73.4362,44.3409,10965.18,307.32,901.224,Japan
7504fe,AXM128  ,Malaysia,113.7273,22.791,891.54,153.17,356.976,Malaysia
a837a3,UAL2204 ,United States,-83.0409,29.2359,8001.0,324.29,802.836,United States
a15795,EDV5418 ,United States,-82.3194,35.4014,7315.2,225.35,650.8800000000001,United States
ab3cd4,N823JM  ,United States,-71.4022,42.2186,495.3,352.47,226.044,United States
aa98a4,ASA824  ,United States,-125.4672,48.4748,8221.98,107.08,718.812,United States
ad1c16,DAL82   ,United States,-89.5161,35.0837,3672.84,98.62,580.6800000000001,United States
a24a82,FDX247  ,United States,-83.3565,41.412,10972.8,225.74,915.444,United States
aa1e08,ATN540  ,United States,-80.0365,28.1491,2324.1,281.8,425.7,United States
a37150,N32043  ,United States,-91.6684,41.8788,480.06,352.45,155.052,United States
ad3629,N950RL  ,United States,-83.2803,31.3306,8930.64,156.76,900.9720000000001,United States
a9dbd8,N734VX  ,United States,-117.1524,32.8237,906.78,20.68,194.00400000000002,United States
ad3624,N950RF  ,United States,-84.4709,32.4693,5143.5,358.95,301.932,United States
ac0f4d,SWA210  ,United States,-86.1781,39.6874,1645.92,39.2,401.472,United States
86dd4c,JAL77   ,Japan,136.9776,32.1384,12184.38,215.27,744.048,Japan
0b413c,TGJUR   ,Guatemala,-90.7184,14.3585,2232.66,327.8,177.264,Guatemala
a9dbd1,N734VQ  ,United States,-81.612,28.7138,975.36,251.85,118.87200000000001,United States
aae989,N802CM  ,United States,-93.2345,37.2189,464.82,290.27,128.34,United States
a44dff,RCANE59 ,United States,-92.6249,44.6016,1051.56,344.05,188.748,United States
a40797,AAL1276 ,United States,-95.5738,33.2647,8282.94,67.52,905.904,United States
ac6fed,FFL695  ,United States,-83.2011,37.8212,13106.4,251.1,720.36,United States
a2b45b,UAL1685 ,United States,-81.3376,39.4432,11582.4,298.75,823.86,United States
aab001,UAL853  ,United States,135.6527,36.4033,10972.8,235.65,715.572,United States
a441ab,UAL1480 ,United States,-80.7827,33.3213,10972.8,193.9,732.6,United States
3b7567,CTM023  ,France,2.0859,49.2285,5486.4,17.54,786.636,France
407464,BAW468  ,United Kingdom,-3.3937,46.6366,11887.2,190.38,739.944,United Kingdom
a25179,N249AL  ,United States,-88.7444,41.0495,12496.8,297.31,762.876,United States
a79b92,N59FG   ,United States,-118.8476,34.3806,1638.3,49.66,306.144,United States
406d78,BAW35   ,United Kingdom,13.3855,42.759,11277.6,127.23,930.4559999999999,United Kingdom
ad8fbd,N973KT  ,United States,-96.5413,29.9892,6484.62,280.19,690.5880000000001,United States
ae4f28,LS31    ,United States,-117.1183,32.5611,-53.34,315.0,2.628,United States
a49d5d,LXJ397  ,United States,-102.0172,33.2275,13106.4,321.82,695.052,United States
405a49,BAW859  ,United Kingdom,12.4144,50.1855,8839.2,276.36,736.056,United Kingdom
acfc00,AAL3310 ,United States,-84.7885,41.1752,5974.08,45.87,603.792,United States
406d79,BAW97A  ,United Kingdom,-23.7726,61.4886,10972.8,282.83,875.6279999999999,United Kingdom
a441b5,N3733D  ,United States,-90.4304,38.956,266.7,180.0,162.972,United States
ab9345,JRE845  ,United States,-94.9662,35.628,10187.94,37.69,617.904,United States
a12a9d,UAL1621 ,United States,-118.4695,33.925,548.64,235.83,432.0,United States
a441b8,N3733G  ,United States,-97.8533,30.881,975.36,17.98,221.976,United States
aa739e,UAL1832 ,United States,-99.0097,40.766,10058.4,78.92,983.196,United States
a4077d,DAL2427 ,United States,-95.8412,36.4516,10355.58,285.97,706.968,United States
0acabf,AVA194  ,Colombia,-82.4735,27.721,1150.62,311.13,349.12800000000004,Colombia
adcca5,DAL3060 ,United States,-81.8387,35.1465,8260.08,33.37,909.1800000000001,United States
a24a65,N247EA  ,United States,-111.7023,32.3571,1935.48,312.88,176.904,United States
acc6d1,AAL1535 ,United States,-81.8709,39.5837,8869.68,1.91,831.9960000000001,United States
a01180,SKW5514 ,United States,-104.2858,39.8038,3291.84,98.31,666.3240000000001,United States
adcca0,AAL3258 ,United States,-92.2471,29.5333,11277.6,106.22,954.756,United States
a3cd0f,WGN185  ,United States,-88.6106,48.2335,11582.4,328.14,852.5880000000001,United States
a4ed07,N41619  ,United States,-93.6422,42.0948,1463.04,120.8,224.244,United States
adcca7,N989AV  ,United States,-76.1744,38.5541,4495.8,43.58,529.236,United States
a8d5db,EDV5278 ,United States,-78.0724,25.7938,10058.4,144.35,797.652,United States
ac5cd7,AAL1414 ,United States,-106.8439,38.257,9448.8,50.08,799.3439999999999,United States
0acac0,AVA203  ,Colombia,-79.8948,26.1793,10668.0,160.74,769.032,Colombia
a9dbb7,N734UP  ,United States,-96.0844,30.2929,358.14,268.83,181.548,United States
ac0f6c,SWA1402 ,United States,-104.2028,38.6419,9014.46,166.1,917.676,United States
ae695f,RCH598  ,United States,-85.7191,38.1518,228.6,344.74,211.176,United States
a9a873,NDU721  ,United States,-111.5622,32.9376,1447.8,341.57,163.98,United States
ac76f2,DAL1145 ,United States,-78.1849,36.5969,11277.6,34.35,1027.368,United States
ab8024,N840D   ,United States,-84.2426,37.2799,3802.38,234.96,348.336,United States
a52731,N431DS  ,United States,-102.0078,34.0822,1920.24,355.63,243.324,United States
a24a75,N247ES  ,United States,-95.655,29.4567,502.92,82.34,222.372,United States
a31abd,N3BD    ,United States,-89.2421,41.1322,899.16,245.68,211.356,United States
a8bbe1,N662CH  ,United States,-165.8937,58.8971,13106.4,71.46,984.4920000000001,United States
a9dbc5,N734VC  ,United States,-86.9185,36.2458,518.16,165.34,204.84,United States
485b08,PHAWB   ,Kingdom of the Netherlands,7.7573,52.1592,365.76,201.12,87.372,Kingdom of the Netherlands
ac1675,SWA1585 ,United States,-115.123,36.1092,10972.8,298.28,828.612,United States
a93257,SKW4440 ,United States,-84.5179,42.9644,5806.44,124.57,766.98,United States
a12a7c,UAL1739 ,United States,-81.4242,28.5574,2621.28,180.3,350.028,United States
ab8c6d,EJA843  ,United States,-105.3363,39.7572,12496.8,75.81,989.532,United States
86e452,JAL58   ,Japan,-122.5254,37.76,3352.8,139.99,587.592,Japan
abef79,SWA160  ,United States,-82.6325,30.6427,8808.72,142.26,880.524,United States
a12a7f,UAL1439 ,United States,-120.7004,38.0532,8397.24,79.08,792.1800000000001,United States
acad53,DAL1059 ,United States,-98.4421,41.3887,10363.2,227.24,771.9119999999999,United States
a2519f,MXY701  ,United States,-77.9315,35.1717,10058.4,34.14,1105.416,United States
717cfb,KNE662  ,Saudi Arabia,16.6637,35.5479,10675.62,98.21,959.904,Saudi Arabia
4caf29,RYR1UW  ,Ireland,17.0942,44.6305,10058.4,130.55,894.492,Ireland
a8c439,PDT5985 ,United States,-81.0366,34.988,1562.1,126.71,390.42,United States
abf4cf,N87JK   ,United States,-89.0735,29.2646,13716.0,122.25,919.728,United States
4ba956,THY39J  ,Turkey,2.049,41.2487,830.58,176.34,319.212,Turkey
4ba955,THY11   ,Turkey,24.5733,45.876,9753.6,323.46,783.792,Turkey
ab313c,DAL569  ,United States,-87.1816,34.5867,10058.4,102.84,949.752,United States
a09961,EDV4933 ,United States,-82.0308,43.9315,9151.62,282.25,837.684,United States
a6cad3,JIA5028 ,United States,-77.0338,38.8514,91.44,322.75,223.344,United States
ad843b,N970G   ,United States,-83.1728,36.9685,8229.6,41.27,463.24800000000005,United States
a19f29,SWA1298 ,United States,-110.2571,30.1985,11887.2,152.44,808.488,United States
a4f488,N4182T  ,United States,-80.5501,27.8866,556.26,250.35,55.080000000000005,United States
4ba94c,THY5MH  ,Turkey,30.0982,38.4633,9425.94,159.57,875.484,Turkey
008df8,SFR304  ,South Africa,18.6209,-34.0283,800.1,164.9,362.556,South Africa
4ba94e,THY5    ,Turkey,-12.4685,55.6988,9753.6,283.17,861.624,Turkey
ac4a44,AAL1376 ,United States,-96.7069,34.1148,9448.8,14.1,775.26,United States
a6cacb,DAL328  ,United States,-122.104,47.2423,4236.72,172.71,730.044,United States
c05bd6,ACA103  ,Canada,-102.6923,51.8221,9753.6,279.87,778.248,Canada
a73a47,JBU536  ,United States,-75.2941,38.2816,10675.62,19.41,1070.136,United States
c00e6c,FLE630  ,Canada,-79.9757,44.1109,3505.2,275.38,513.432,Canada
a97a37,N71FF   ,United States,-119.3745,34.2645,1043.94,23.43,181.656,United States
a023a5,AAL3085 ,United States,-117.8596,33.6904,38.1,208.22,258.516,United States
a1094c,EDV5096 ,United States,-79.1421,41.7301,9448.8,91.19,889.1640000000001,United States
a561fd,GTI8091 ,United States,7.2841,50.6041,5753.1,313.5,799.092,United States
4b3302,RGAIG   ,Switzerland,6.041,46.2842,922.02,223.53,204.372,Switzerland
a20f1a,UCA4878 ,United States,-95.266,29.9776,144.78,270.41,259.272,United States
a441ef,UAL2071 ,United States,-106.7243,42.985,9753.6,252.02,737.964,United States
c05bcb,ACA1198 ,Canada,-80.6735,37.3332,9753.6,187.58,786.5640000000001,Canada
aac1e5,N79201  ,United States,-118.0327,34.0561,396.24,213.87,162.828,United States
a3717f,N3206E  ,United States,-89.5068,43.1103,426.72,287.77,151.704,United States
4caf1f,ITY2097 ,Ireland,11.8201,42.2477,2735.58,129.92,606.0960000000001,Ireland
a3ba9b,N3397R  ,United States,-104.5285,39.2829,2529.84,179.08,229.68,United States
ab3d9a,SKW4055 ,United States,-85.8155,43.0639,8054.34,83.79,821.556,United States
a6e4e8,AAL1470 ,United States,-110.0322,32.8252,7421.88,106.58,850.212,United States
a0730c,N128ST  ,United States,-119.9526,33.7577,3169.92,265.6,313.92,United States
347309,AEA64EB ,Spain,-2.8416,41.2088,5303.52,234.35,540.1800000000001,Spain
aa6ade,AAL2132 ,United States,-80.9334,24.6118,9616.44,237.38,690.48,United States
a8d76b,UAL928  ,United States,-83.4159,46.9238,11582.4,202.06,917.208,United States
add445,ENRGY90 ,United States,-106.6496,32.0451,3223.26,105.64,480.81600000000003,United States
a9940c,VNT716  ,United States,-82.0421,27.9467,10972.8,336.43,856.728,United States
347302,BCS9237 ,Spain,20.6268,41.7116,9753.6,279.71,691.452,Spain
a8bd1b,QXE2270 ,United States,-117.8652,33.6816,-15.24,207.61,227.80800000000002,United States
abe1d1,N865EC  ,United States,-98.7547,35.9567,12192.0,304.2,691.92,United States
c00e9d,ACA1366 ,Canada,-80.9671,42.6516,10972.8,225.26,873.468,Canada
ad7d80,N9689Q  ,United States,-81.7029,32.1505,1493.52,272.23,142.704,United States
a50192,RPA4354 ,United States,-87.7442,42.0027,891.54,269.68,335.232,United States
ab448d,N825MM  ,United States,-71.2543,42.6067,525.78,261.21,181.764,United States
aa6ae3,N770VA  ,United States,-95.539,29.379,716.28,166.08,223.236,United States
acb468,PDT6048 ,United States,-75.1336,39.8929,579.12,254.38,226.90800000000002,United States
7816b3,CHH728  ,China,83.3334,46.2285,11910.06,92.39,976.8600000000001,China
acad6f,N916EX  ,United States,-119.7491,35.8746,1386.84,231.23,144.9,United States
1506aa,RA67242 ,Russian Federation,55.4351,24.8256,1318.26,184.5,330.65999999999997,Russian Federation
aca134,N9125V  ,United States,-89.4725,43.2128,1684.02,100.8,286.596,United States
acad6d,SKW4674 ,United States,-103.9609,41.7759,8839.2,12.25,750.492,United States
c062f5,NOJ68   ,Canada,-83.1906,42.7897,4396.74,69.09,664.1640000000001,Canada
a09947,DAL1532 ,United States,-97.258,30.2512,8183.88,279.65,728.892,United States
a10931,AAL886  ,United States,-83.4586,27.9753,10378.44,215.85,708.3000000000001,United States
4072f5,SXN80Z  ,United Kingdom,6.1792,48.0018,11887.2,105.46,847.404,United Kingdom
7816b5,CCA912  ,China,22.0886,60.0916,9692.64,86.06,917.0640000000001,China
a5890d,N456GS  ,United States,-86.195,33.2105,13106.4,327.37,752.112,United States
acc76b,AAL1662 ,United States,-93.5328,37.3674,9144.0,274.02,712.908,United States
4caf16,SAS1874 ,Ireland,5.6372,58.9004,160.02,180.0,225.936,Ireland
adba0a,ASA37   ,United States,-95.5945,34.0207,10668.0,129.23,963.468,United States
4caf13,SAS695  ,Ireland,15.9165,49.7338,9966.96,153.86,895.356,Ireland
4caf14,SAS89L  ,Ireland,10.1051,50.9278,9448.8,188.15,836.2800000000001,Ireland
008dee,SFR465  ,South Africa,19.3561,-34.1807,6111.24,103.15,781.668,South Africa
ab2a99,N8188W  ,United States,-96.0451,32.2232,1584.96,116.16,235.22400000000002,United States
a01ca4,AMF8019 ,United States,-117.0233,33.7255,1066.8,332.17,261.79200000000003,United States
51408c,TGZ774  ,Georgia,44.2237,41.4425,4808.22,87.98,631.908,Georgia
a43adf,N3717R  ,United States,-123.2419,39.0154,1341.12,325.01,226.07999999999998,United States
a441d6,DAL372  ,United States,-117.0472,46.7016,11582.4,260.41,689.328,United States
e41234,PSCRI   ,Brazil,-47.2605,-22.7828,1371.6,146.4,311.256,Brazil
acb46d,ASA24   ,United States,-102.8341,38.255,10668.0,77.06,917.8199999999999,United States
a31c16,N3QZ    ,United States,-96.2032,32.0289,1737.36,347.91,185.616,United States
8990e8,CAL837  ,Taiwan,101.6707,14.464,7818.12,247.61,773.136,Taiwan
a1e302,SWA1189 ,United States,-98.1051,32.6489,9753.6,264.52,736.776,United States
a46942,N3833T  ,United States,-87.0017,38.3254,6873.24,168.35,495.432,United States
a06010,AAL2208 ,United States,-81.0206,32.6891,10370.82,179.45,766.764,United States
a704c7,N551SW  ,United States,-88.3337,41.5477,13106.4,266.5,820.116,United States
a5277d,GTI8812 ,United States,-157.7978,59.7962,12527.28,64.36,971.64,United States
ae54eb,SH217   ,United States,-86.8191,31.4415,2354.58,18.75,213.192,United States
a396b3,N330KC  ,United States,-115.1255,34.7796,10355.58,271.32,963.288,United States
8990dd,EVA015  ,Taiwan,136.5071,36.8161,10972.8,236.47,717.5880000000001,Taiwan
aa0a1a,ASI586  ,United States,-112.2703,33.7732,1005.84,100.3,165.636,United States
7c4319,JTE7404 ,Australia,152.887,-28.1734,5821.68,201.87,616.644,Australia
a8d71c,QXE2199 ,United States,-122.0344,46.9227,5882.64,140.19,795.5640000000001,United States
8990df,EVA027  ,Taiwan,135.8598,36.3834,9753.6,240.22,723.3480000000001,Taiwan
a8bd16,EJA662  ,United States,-73.662,41.766,3505.2,206.65,528.408,United States
c01533,ASP511  ,Canada,-118.5993,50.3251,12192.0,251.51,630.7560000000001,Canada
c05ba9,WJA2860 ,Canada,-79.951,25.2466,10668.0,146.99,819.3240000000001,Canada
adba2f,N984BX  ,United States,-81.588,27.3215,13098.78,339.2,808.308,United States
acad88,MTN8106 ,United States,-61.0986,14.5573,5806.44,132.97,407.52000000000004,United States
4ca331,AW276   ,Ireland,-6.364,53.1587,525.78,147.53,48.312,Ireland
a023e9,N108RF  ,United States,-95.3131,31.5171,1615.44,102.12,255.708,United States
a06c5e,N1260K  ,United States,-97.2404,37.7497,746.76,2.79,228.06,United States
8990f4,CAL057  ,Taiwan,121.5144,12.815,11224.26,145.56,900.504,Taiwan
ae54dd,RN203   ,United States,-87.6421,30.3888,213.36,273.61,352.584,United States
ad846f,JBU289  ,United States,-74.2262,40.3283,4038.6,238.59,618.408,United States
a010af,N103JP  ,United States,-80.5286,27.2589,388.62,168.5,213.552,United States
3ce594,ECA3GA  ,Germany,-9.0925,38.8624,571.5,202.42,320.54400000000004,Germany
a143c6,SWA1209 ,United States,-93.1037,40.113,11277.6,73.68,903.0960000000001,United States
abe1eb,FDX3647 ,United States,-91.0654,39.9412,11887.2,94.97,940.6440000000001,United States
adc10b,N9857G  ,United States,-93.4366,37.1391,868.68,19.62,198.576,United States
aa0a0a,NKS3950 ,United States,-83.6281,41.2289,7345.68,198.62,928.2600000000001,United States
44083c,EJU4006 ,Austria,10.1371,46.4131,8526.78,135.37,809.316,Austria
a0d655,N153LG  ,United States,-81.755,25.8393,617.22,348.28,255.34800000000004,United States
a681a3,BSM35   ,United States,-96.1585,34.0264,1135.38,289.54,182.77200000000002,United States
a010c0,N103KF  ,United States,-111.8862,40.4525,2133.6,181.99,213.12,United States
8990ec,CAL062  ,Taiwan,89.5097,24.2574,12496.8,102.77,996.9480000000001,Taiwan
76bccd,TGW121  ,Singapore,113.699,21.5509,12192.0,190.88,824.148,Singapore
a8d701,N669PV  ,United States,-76.4491,42.5289,10591.8,85.72,967.608,United States
8990c9,SJX011  ,Taiwan,133.3237,35.208,11582.4,233.22,714.492,Taiwan
76bcce,TGW61   ,Singapore,83.5622,18.8011,12496.8,134.14,872.2800000000001,Singapore
a26fbe,EJM256  ,United States,-80.8173,43.2897,6103.62,62.2,730.692,United States
a68dfc,N521PT  ,United States,-86.8887,36.6944,1958.34,344.36,96.156,United States
aa7dd6,RPA3621 ,United States,-73.8892,45.1913,2171.7,286.93,489.78000000000003,United States
4ba976,TKJ4KC  ,Turkey,28.6436,40.7809,4914.9,271.79,592.92,Turkey
a6e4bb,N543TA  ,United States,-82.1003,31.3186,12192.0,156.73,764.0640000000001,United States
ac0f03,SWA3635 ,United States,-123.0755,37.6331,8115.3,220.71,840.456,United States
a5c4e2,ASA515  ,United States,-122.2428,47.0679,1584.96,264.61,394.38,United States
aa6aa1,SKW4943 ,United States,-83.7429,42.9433,350.52,358.01,213.12,United States
a5279e,N431JA  ,United States,-79.5906,34.3339,8709.66,16.92,1043.424,United States
49d327,TVS4FH  ,Czech Republic,-6.6838,37.5034,10363.2,50.43,912.924,Czech Republic
a55af8,N444RH  ,United States,-118.319,33.8212,152.4,62.92,183.06,United States
424b58,MWAFA   ,United Kingdom,-81.0174,29.1969,228.6,244.71,186.40800000000002,United Kingdom
a4ed84,N4165U  ,United States,-66.238,18.4808,304.8,271.0,213.012,United States
3deb83,CHX90   ,Germany,8.6601,50.5788,365.76,214.38,85.284,Germany
a837f7,N629D   ,United States,-98.2153,38.1205,1828.8,311.07,267.768,United States
aacf19,JBU1380 ,United States,-85.635,21.5731,10363.2,230.18,725.832,United States
7803be,CES6018 ,China,101.134,16.4311,11894.82,40.31,913.212,China
717ccc,KNE210  ,Saudi Arabia,55.2973,25.2909,876.3,283.05,418.24800000000005,Saudi Arabia
3938b7,FGOFX   ,France,2.2495,44.2108,9753.6,292.17,853.956,France
a276a5,N258QS  ,United States,-129.0839,51.7326,11887.2,133.56,884.2320000000001,United States
8990d4,EVA011  ,Taiwan,135.5213,36.2849,10363.2,235.91,733.5,Taiwan
aa7dad,AAL3099 ,United States,-90.4677,43.1899,11125.2,135.24,957.3120000000001,United States
a036f9,N1127L  ,United States,-97.4731,35.2595,464.82,185.57,76.284,United States
a4ed8a,N41650  ,United States,-112.0144,41.4306,1950.72,170.36,199.116,United States
a32f12,N304KC  ,United States,-98.5199,41.2712,12192.0,277.39,705.924,United States
a18c31,N19913  ,United States,-97.5751,30.4046,236.22,308.54,139.716,United States
a3c15d,DAL1938 ,United States,-78.8888,27.0569,8534.4,136.93,856.944,United States
a08663,AAL1996 ,United States,-118.7199,34.9416,9745.98,299.6,907.3800000000001,United States
a87428,ASA725  ,United States,-123.2318,41.9795,11887.2,178.62,842.904,United States
ab4fae,DAL405  ,United States,-93.9163,42.5945,10668.0,93.49,972.252,United States
a73a1c,GJS4507 ,United States,-77.948,38.1946,10363.2,222.0,700.272,United States
a48a8f,DAL2858 ,United States,-83.5144,41.5254,6278.88,205.87,823.3199999999999,United States
a5c4de,AAL1526 ,United States,-113.4422,33.5539,10363.2,302.26,867.312,United States
a3719c,N32069  ,United States,-82.5249,34.5269,784.86,94.64,206.244,United States
a0c362,N1484X  ,United States,-80.6769,35.4353,579.12,203.75,202.32000000000002,United States
aa7f46,UAL1699 ,United States,-98.9799,38.1398,10058.4,109.22,978.7320000000001,United States
a899af,WUP653  ,United States,-83.7577,36.536,7010.4,137.65,849.492,United States
a263dc,ENY4165 ,United States,-111.9394,33.4335,937.26,87.27,389.376,United States
a1dc60,EJA219  ,United States,-82.545,27.9752,373.38,317.79,322.524,United States
4d23f8,RYR41WU ,Malta,4.8335,55.5932,10058.4,100.07,953.64,Malta
a8391b,EJA629  ,United States,-108.4736,38.8508,9448.8,69.27,904.968,United States
a32342,N301CG  ,United States,-81.5631,26.4306,396.24,25.91,144.108,United States
a4430c,N374EA  ,United States,-90.5721,38.7549,403.86,289.09,152.856,United States
a539fb,LXJ436  ,United States,-104.8066,40.1316,9090.66,271.52,698.436,United States
c816ec,ZKHJI   ,New Zealand,173.9877,-41.5444,213.36,10.78,79.2,New Zealand
a9a901,DAL329  ,United States,-107.512,34.7801,11582.4,262.93,752.076,United States
a4b96d,SKW3274 ,United States,-122.2251,37.7281,5021.58,312.95,733.8240000000001,United States
aa7f2b,UAL2018 ,United States,-109.6968,38.2971,10058.4,98.5,977.472,United States
a31c45,N3SW    ,United States,-97.363,30.2673,11582.4,280.06,466.452,United States
a32f77,N304PD  ,United States,-110.9767,32.1158,922.02,88.92,98.172,United States
a526e2,AAL2500 ,United States,-96.392,32.6964,4709.16,89.23,827.928,United States
a3dffe,DAL2499 ,United States,-89.5622,22.0706,11597.64,353.97,793.332,United States
a9591e,JRE701  ,United States,-72.7586,40.3217,13716.0,225.0,495.0,United States
4d23fa,RYR5443 ,Malta,0.1644,38.6547,11277.6,236.63,824.94,Malta
a9819b,AAL3290 ,United States,-76.9207,39.8631,5349.24,187.17,608.508,United States
4d23fc,RYR7XB  ,Malta,13.3147,41.185,11887.2,162.49,800.1,Malta
49d357,ISR749  ,Czech Republic,34.85,32.0109,228.6,257.43,314.964,Czech Republic
a263e3,AAY1384 ,United States,-83.0013,27.783,2758.44,151.58,564.336,United States
a62cc3,N4972M  ,United States,-115.7312,35.8822,3124.2,318.75,320.22,United States
a20338,OXF8988 ,United States,-111.3895,32.8076,2232.66,264.88,249.15599999999998,United States
aa7f25,UAL1852 ,United States,-115.0344,40.832,10058.4,40.34,838.26,United States
aa7f24,UAL2295 ,United States,-80.4824,34.4104,10972.8,188.76,742.032,United States
aa7f23,UAL1339 ,United States,-100.4515,37.7605,10058.4,126.23,1021.6440000000001,United States
a5d95d,N47615  ,United States,-97.5515,32.9014,975.36,83.66,201.24,United States
a83953,SKW5490 ,United States,-99.5523,35.7697,10218.42,302.43,656.1,United States
a31c31,N3SA    ,United States,-83.2691,27.5373,6096.0,281.65,302.54400000000004,United States
c01519,RS121   ,Canada,-93.2963,41.4234,1760.22,317.76,407.73600000000005,Canada
a779eb,DAL429  ,United States,-93.6051,45.1931,10668.0,106.01,940.248,United States
4caf82,SAS49M  ,Ireland,7.1516,53.4074,9517.38,240.82,725.4720000000001,Ireland
a396e3,N330MA  ,United States,-109.9629,33.9539,8229.6,67.69,468.432,United States
a81f1f,QXE2344 ,United States,-123.3203,44.2849,10668.0,178.35,835.5960000000001,United States
a19340,N200NS  ,United States,-80.049,25.9243,541.02,271.03,309.348,United States
44082c,AUA15G  ,Austria,15.2511,47.9697,4960.62,63.37,689.94,Austria
a3d3d8,N346CP  ,United States,-117.4186,33.2021,1066.8,286.42,216.252,United States
44082b,AUA296  ,Austria,14.2454,48.9474,9677.4,118.02,816.0840000000001,Austria
a5d965,SWA425  ,United States,-92.8248,40.7623,11887.2,98.74,963.108,United States
a1a6f3,N2050E  ,United States,-111.6723,40.1483,1310.64,315.0,149.292,United States
44082a,AUA249  ,Austria,11.5327,50.3856,9753.6,290.43,758.8800000000001,Austria
424b12,VSB06   ,United Kingdom,-0.8618,51.218,1242.06,203.81,275.29200000000003,United Kingdom
400b00,EFW8CQ  ,United Kingdom,-6.3459,45.3189,10972.8,34.62,922.6440000000001,United Kingdom
a57666,LXJ451  ,United States,-111.3611,34.3132,8602.98,32.74,770.58,United States
0d08eb,,Mexico,-99.2334,19.5016,3688.08,179.56,485.24399999999997,Mexico
a19343,AAL2398 ,United States,-95.8376,43.9475,10363.2,294.11,716.2560000000001,United States
ab3d39,AAL1415 ,United States,-107.2667,38.1775,10363.2,303.73,703.692,United States
a8aa87,AAL2187 ,United States,-97.3752,26.1411,10378.44,180.12,850.068,United States
49d365,TVS4BD  ,Czech Republic,9.7423,45.8219,11277.6,222.59,777.276,Czech Republic
440828,AUA277  ,Austria,11.6339,50.9672,9136.38,315.45,667.908,Austria
440826,AUA29R  ,Austria,8.7606,53.0463,91.44,88.03,214.95600000000002,Austria
449e05,AAB99G  ,Belgium,27.2698,36.2294,12192.0,299.41,701.568,Belgium
440824,AUA166D ,Austria,12.5885,49.4032,11277.6,108.58,894.888,Austria
a21679,UAL435  ,United States,-112.6546,41.4548,10058.4,84.53,1010.2320000000001,United States
440823,AUA12L  ,Austria,12.8445,47.9464,9753.6,264.17,783.7560000000001,Austria
407eb5,DHK058  ,United Kingdom,4.8466,50.7085,10668.0,102.89,946.152,United Kingdom
440822,AUA66H  ,Austria,20.9589,51.7954,3726.18,4.2,480.96,Austria
4d23df,VIV1001 ,Malta,-99.1218,19.4068,2362.2,59.29,286.488,Malta
440821,AUA155  ,Austria,6.4322,46.2636,3474.72,329.17,534.852,Austria
440820,AUA108  ,Austria,12.4281,47.4599,7040.88,76.43,710.6039999999999,Austria
a20347,RPA5601 ,United States,-82.1841,40.9444,9448.8,71.04,838.116,United States
8a0a84,TNU168  ,Indonesia,114.5634,21.2126,9753.6,151.32,852.84,Indonesia
ab3d41,DAL312  ,United States,-106.0093,41.8428,10363.2,246.56,758.952,United States
47a3b0,NOZ414  ,Norway,9.0725,61.073,9753.6,318.71,830.7,Norway
ab3d40,AA2917  ,United States,-84.4559,33.5024,11887.2,159.71,902.376,United States
c00e14,ACA964  ,Canada,-80.5611,35.9367,10363.2,184.32,835.776,Canada
a4ece1,N41606  ,United States,-95.698,30.25,731.52,315.82,183.348,United States
a779db,N581CK  ,United States,-83.9212,42.3878,1767.84,216.71,263.34000000000003,United States
a0869a,N133CT  ,United States,-89.4499,15.2312,3390.9,59.04,313.164,United States
a143e9,SWA2755 ,United States,-112.5561,33.0974,9753.6,253.89,807.696,United States
4caf94,SAS2535 ,Ireland,0.1708,51.6487,8587.74,303.24,790.524,Ireland
44081d,AUA297W ,Austria,4.5215,50.9607,411.48,194.28,210.204,Austria
a34978,JBU1310 ,United States,-77.9168,35.2399,10668.0,37.84,1071.72,United States
ab3d46,ASI515  ,United States,-112.115,33.6858,541.02,84.49,154.44,United States
a1e30b,CXK616  ,United States,-74.4193,40.6174,655.32,239.45,131.184,United States
c0509f,WEN3445 ,Canada,-128.4427,53.8765,4663.44,32.45,452.124,Canada
a1dc2a,ENY3459 ,United States,-95.3185,33.1996,10363.2,217.07,863.424,United States
3912a2,FGEVC   ,France,7.3153,47.6235,975.36,279.02,236.268,France
c01505,ACA331  ,Canada,-109.9357,52.7028,10744.2,268.07,770.868,Canada
4caf7e,SAS506  ,Ireland,7.8216,54.3287,11887.2,58.86,913.14,Ireland
a19357,EDV5357 ,United States,-73.8807,40.8934,1600.2,34.88,521.46,United States
aa7f08,UAL1849 ,United States,-110.9473,39.4965,9448.8,89.09,937.2239999999999,United States
aa7f06,UAL2340 ,United States,-122.1218,38.467,6576.06,356.8,728.964,United States
c05056,ACA100  ,Canada,-80.0115,43.5577,3025.14,70.21,470.412,Canada
a9946d,TCN716  ,United States,-111.0347,41.3678,8092.44,76.67,835.524,United States
ab3106,N820BT  ,United States,-98.256,32.5847,1165.86,219.01,238.32000000000002,United States
aa7f01,UAL2601 ,United States,-94.562,36.3832,10668.0,110.71,989.964,United States
40123f,BAW869  ,United Kingdom,18.1736,47.5522,8115.3,291.59,734.94,United Kingdom
c05054,ACA1331 ,Canada,-75.5889,38.2576,10972.8,204.46,653.112,Canada
aa7f09,UAL2050 ,United States,-78.4496,42.2866,9753.6,288.15,838.08,United States
4a1eae,AWG136H ,Romania,26.6974,45.8631,8229.6,20.82,786.636,Romania
ae67b8,,United States,-81.6896,30.6272,6073.14,319.47,689.616,United States
45ac54,SAS687  ,Denmark,8.796,45.4361,853.44,308.99,400.32,Denmark
a1e399,N22014  ,United States,-97.8682,26.7991,1554.48,162.68,211.464,United States
ac27cf,SWA4661 ,United States,-82.6554,28.8195,10500.36,337.61,865.332,United States
c0637c,WJA2932 ,Canada,-91.3185,38.7664,10363.2,229.13,817.992,Canada
a8c489,QXE2107 ,United States,-118.1603,33.4989,7071.36,320.49,794.6279999999999,United States
ac27f0,SWA1979 ,United States,-106.0208,36.3732,10972.8,311.53,715.032,United States
c05044,ACA997  ,Canada,-120.6367,42.07,10972.8,349.23,803.0880000000001,Canada
a8c484,EJA664  ,United States,-101.8739,45.1056,12192.0,283.85,688.572,United States
401240,EFW45L  ,United Kingdom,0.3121,47.476,8839.2,190.85,727.884,United Kingdom
c0636a,PTR2293 ,Canada,-76.8344,44.3237,7620.0,71.25,633.672,Canada
ac0dd9,AAL3264 ,United States,-97.5237,39.6233,11277.6,81.03,986.22,United States
ad34b9,DAL2192 ,United States,-83.5553,42.6172,4069.08,307.26,651.5640000000001,United States
ab3129,LYM3101 ,United States,-112.1789,33.4499,990.6,126.74,337.428,United States
a8bd77,WUP662  ,United States,-81.653,28.7601,13716.0,4.22,729.828,United States
3484d3,IBE03DZ ,Spain,-11.0923,43.08,10363.2,287.41,718.1279999999999,Spain
a383f3,JBU1039 ,United States,-97.5657,30.1393,1150.62,179.03,438.984,United States
a2f016,GXA6122 ,United States,-96.7777,26.9039,11879.58,12.59,798.876,United States
45ac32,SAS4043 ,Denmark,8.9391,59.9158,9593.58,241.7,683.6039999999999,Denmark
45ac33,SAS016  ,Denmark,20.1352,63.7647,11285.22,18.16,843.9480000000001,Denmark
a944ec,N697CC  ,United States,-114.0766,34.6123,10058.4,67.08,912.888,United States
aa249c,N75255  ,United States,-82.5789,28.7065,1539.24,212.87,143.316,United States
c0506b,ACA785  ,Canada,-103.1962,37.001,10972.8,249.83,735.9119999999999,Canada
ab3133,DAL627  ,United States,-85.5154,23.6808,10972.8,182.62,771.228,United States
a2035d,N229KM  ,United States,-128.4231,55.7781,13106.4,331.05,757.6560000000001,United States
aa0a92,N746TW  ,United States,-111.9969,40.6422,1402.08,161.57,140.544,United States
c000eb,WJA1    ,Canada,-22.3655,65.6003,10965.18,298.27,891.576,Canada
a396fd,DAL2597 ,United States,-76.6508,43.3768,10660.38,36.3,935.316,United States
a3ccb7,FFT2954 ,United States,-80.7305,34.0255,11269.98,38.0,923.58,United States
c05067,ACA101  ,Canada,-88.532,48.8983,10972.8,302.57,791.172,Canada
ab5797,N83SF   ,United States,-88.4737,43.945,800.1,272.17,146.412,United States
aa0a89,N746TM  ,United States,-97.5948,35.7786,2552.7,262.76,220.284,United States
a44334,FFT1243 ,United States,-82.3721,30.2097,11338.56,189.55,758.736,United States
0acb0d,NSE8711 ,Colombia,-73.9843,5.1245,6088.38,288.43,544.644,Colombia
a8bd6a,UAL135  ,United States,-73.5905,43.4369,9022.08,183.81,723.888,United States
c05060,ACA999  ,Canada,-92.5451,36.9787,10363.2,221.92,876.06,Canada
acc72d,N922SE  ,United States,-97.0773,37.677,419.1,184.61,115.2,United States
4072a5,TOM9VB  ,United Kingdom,-7.6365,38.7719,10972.8,29.34,888.0840000000001,United Kingdom
a9f777,NKS1156 ,United States,-95.0412,30.6412,5234.94,29.29,715.572,United States
a7190b,N5567J  ,United States,-91.9039,30.2545,1135.38,278.18,286.272,United States
a50cb7,RPA4592 ,United States,-84.1346,40.001,9723.12,49.07,794.268,United States
a98d7e,UAL1895 ,United States,-106.1495,31.7974,10972.8,279.33,788.2560000000001,United States
a85a87,ROK73   ,United States,-111.8611,33.3503,670.56,45.97,154.548,United States
ae67c7,,United States,-120.0038,48.0654,10058.4,101.91,861.228,United States
a44f77,EJM377  ,United States,-90.4229,41.1552,7010.4,97.72,730.764,United States
ad34aa,N950AC  ,United States,-116.9536,33.0352,662.94,6.07,175.068,United States
a03816,RPA4371 ,United States,-76.5725,39.2743,3131.82,213.63,471.52799999999996,United States
c06589,BOE726  ,Canada,-123.4278,47.772,12496.8,108.05,950.5440000000001,Canada
a8d6de,NKS1501 ,United States,-80.1837,25.7386,609.6,299.02,290.15999999999997,United States
c05e8e,JZA840  ,Canada,-123.5645,48.4146,6751.32,175.26,761.94,Canada
abd135,SWA975  ,United States,-96.8518,33.3322,1127.76,162.26,486.144,United States
e4999d,TAM8040 ,Brazil,-55.0646,-20.2903,10683.24,118.61,812.196,Brazil
a6df8c,N542C   ,United States,-86.8934,30.3619,10271.76,90.0,288.90000000000003,United States
ad1d73,N944QS  ,United States,-111.5308,34.4561,12496.8,170.94,776.4119999999999,United States
ae5774,PAT249  ,United States,-85.5116,31.9957,5326.38,13.97,406.512,United States
ae5772,PAT922  ,United States,-81.4726,35.4923,6096.0,223.69,343.188,United States
adcdcc,AAL3195 ,United States,-80.9611,35.1514,586.74,356.3,257.976,United States
abdd6d,SWA2149 ,United States,-90.3105,36.1006,11887.2,98.0,944.4600000000002,United States
a5c694,UAL656  ,United States,-106.618,35.0443,1531.62,90.4,262.98,United States
a7ff6a,UPS67   ,United States,-164.9617,59.0547,10058.4,72.29,919.548,United States
a7f330,N611HM  ,United States,-119.4333,37.3957,4655.82,158.91,416.84400000000005,United States
0c6040,BWA234  ,Trinidad and Tobago,-59.912,13.0964,3048.0,300.21,482.184,Trinidad and Tobago
a8c3bd,GTI8804 ,United States,-102.8214,34.4702,11590.02,225.18,843.3720000000001,United States
aa6d9a,ENY3846 ,United States,-89.3939,40.7164,7444.74,36.63,701.532,United States
ac51e8,EJA893  ,United States,-75.3741,40.0388,4069.08,35.52,819.1800000000001,United States
a1a810,N2058K  ,United States,-84.8075,33.3436,2781.3,253.5,208.62,United States
a81f7b,UPS1934 ,United States,-138.4627,57.6795,11582.4,296.25,749.556,United States
ae07eb,PITT58  ,United States,-87.842,39.3494,2971.8,94.25,549.72,United States
ae07ec,TEDDY55 ,United States,-78.3733,31.3221,10675.62,8.05,1058.652,United States
abf79c,BRW170  ,United States,-93.5809,44.7798,662.94,55.16,230.148,United States
a4438b,N374KC  ,United States,-88.2079,35.9182,1920.24,248.07,307.44000000000005,United States
abca65,N859SP  ,United States,-88.5192,44.0287,922.02,68.3,195.33599999999998,United States
a9a97f,RPA3592 ,United States,-73.9929,44.409,7703.82,341.21,845.1,United States
a7f31d,N611GT  ,United States,-101.1365,32.4558,9753.6,264.78,650.916,United States
a7ff72,SKW5654 ,United States,-118.6665,33.7803,2735.58,78.29,520.1279999999999,United States
a3e809,N3506T  ,United States,-90.0085,30.0517,213.36,175.6,193.176,United States
45c86d,FLI109  ,Denmark,5.4849,60.694,11590.02,283.35,826.092,Denmark
a67050,JIA5647 ,United States,-78.0934,39.0957,4541.52,108.14,684.036,United States
a8bcdd,NKS3012 ,United States,-69.9082,42.4648,6057.9,351.2,811.476,United States
c0656f,WJA81   ,Canada,-121.2543,53.0428,11879.58,102.6,1001.9879999999999,Canada
a81f83,SKW4771 ,United States,-121.498,37.9021,5753.1,73.99,637.776,United States
45c86a,FLI111  ,Denmark,10.2204,60.5568,7467.6,323.99,812.736,Denmark
aab169,SWA786  ,United States,-85.5378,32.1929,6149.34,323.77,601.56,United States
a81f86,N622V   ,United States,-71.4779,41.9371,403.86,236.53,130.96800000000002,United States
abf78f,AAL2829 ,United States,-73.6712,40.5721,1988.82,38.55,594.36,United States
a19ec6,N203SP  ,United States,-104.8264,38.8492,3192.78,221.89,241.30800000000002,United States
aab168,N7886   ,United States,-115.1594,36.0944,632.46,25.27,329.72400000000005,United States
ab5901,N830GS  ,United States,-112.4667,31.0788,13716.0,123.75,946.656,United States
c05272,CGFFT   ,Canada,-81.856,27.3331,3810.0,313.6,588.168,Canada
c05271,ASP595  ,Canada,-112.2768,37.3989,13106.4,355.69,715.032,Canada
780513,CUH3526 ,China,107.9642,22.6596,8107.68,142.4,904.572,China
a8c3a2,FFT1466 ,United States,-115.8356,35.5232,4427.22,48.31,657.1800000000001,United States
0a80cd,BHS237  ,Bahamas,-79.1536,26.85,4907.28,318.12,674.1,Bahamas
ab8180,SCX175  ,United States,-82.9843,28.0018,8229.6,158.17,762.0840000000001,United States
a085a4,UAL2375 ,United States,-107.3706,41.135,10668.0,108.57,1011.9960000000001,United States
ac048d,SWA2581 ,United States,-83.3296,28.9374,6957.06,150.91,788.436,United States
a93326,LFA549  ,United States,-81.277,28.8055,655.32,331.39,139.248,United States
a6d36d,N539SA  ,United States,-157.9757,21.1364,1097.28,340.2,295.23600000000005,United States
a98cbc,AAL2754 ,United States,-85.0061,35.6548,6096.0,280.83,610.92,United States
a14502,EDV5241 ,United States,-75.6377,40.5263,2880.36,230.96,441.108,United States
406279,CFE69ZN ,United Kingdom,-0.9722,52.9193,11277.6,138.49,796.392,United Kingdom
a8e9fd,UAL2150 ,United States,-110.0653,35.2531,10363.2,252.38,820.008,United States
a9a95b,N721XL  ,United States,-95.5926,30.5953,11620.5,52.9,752.292,United States
ad247d,N946LS  ,United States,-157.8943,21.3381,350.52,47.44,123.228,United States
a9331e,N692L   ,United States,-81.8252,27.2383,11468.1,302.11,745.5960000000001,United States
a94661,VN3     ,United States,-86.1762,30.157,2796.54,322.61,692.316,United States
a43c7a,DAL1408 ,United States,-96.8236,29.8268,9883.14,274.72,787.932,United States
a07ebb,N13081  ,United States,-71.1397,42.7073,487.68,295.87,135.828,United States
aa11d3,SRY1402 ,United States,-150.9195,60.2537,5173.98,26.89,732.9960000000001,United States
ab09b4,DAL741  ,United States,-93.9069,38.7682,10058.4,109.58,994.6440000000001,United States
ac049e,ASH6147 ,United States,-98.3133,35.1331,9144.0,314.01,685.008,United States
503e44,RAM614A ,Lithuania,-3.7214,41.2075,11582.4,26.57,882.072,Lithuania
c05214,,Canada,-112.8375,54.1046,5105.4,23.49,432.144,Canada
c05213,KNT514  ,Canada,-80.1585,27.6794,10515.6,161.02,677.6279999999999,Canada
a25e57,CXK238  ,United States,-96.1231,30.3521,175.26,156.41,143.496,United States
aab198,N7887N  ,United States,-106.7925,35.3247,2072.64,260.99,153.756,United States
a25e58,CXK216  ,United States,-96.6276,34.0041,1295.4,358.98,207.46800000000002,United States
4cadbd,RYR74GZ ,Ireland,8.4066,50.1234,11887.2,109.55,929.5920000000001,Ireland
4cadbe,RYR96FU ,Ireland,-8.327,52.9117,2324.1,245.46,468.252,Ireland
a49e0f,N397P   ,United States,-106.813,34.5758,2034.54,9.46,247.824,United States
aae9a3,DAL2901 ,United States,-87.6099,37.7729,10363.2,322.13,696.816,United States
4cadba,RYR2RR  ,Ireland,3.0147,47.7089,11277.6,156.84,781.5960000000001,Ireland
4cadbb,RYR5YY  ,Ireland,17.2099,48.1719,68.58,133.86,197.784,Ireland
4cadbc,RYR1JU  ,Ireland,23.3859,66.6273,7376.16,82.16,719.748,Ireland
c04b34,GLR2720 ,Canada,-104.1011,51.562,7315.2,292.12,491.79600000000005,Canada
a9a91a,AAL2228 ,United States,-112.9439,33.2777,3962.4,88.08,607.788,United States
a6df68,CLY769  ,United States,71.5283,18.5358,12496.8,116.61,1062.6480000000001,United States
a68f76,N5213R  ,United States,-122.9774,38.3413,1028.7,245.32,150.804,United States
a6f96b,N549AR  ,United States,-77.9921,35.8296,556.26,227.99,301.608,United States
4cadc8,ITY630  ,Ireland,-75.5157,48.9661,12192.0,218.3,830.7,Ireland
c05218,ROU1673 ,Canada,-79.8494,39.998,10668.0,9.66,894.24,Canada
a8262e,N624MB  ,United States,-84.0377,12.5025,13716.0,191.73,747.144,United States
4cadc1,RYR32DR ,Ireland,13.287,35.8958,7338.06,276.32,722.988,Ireland
74482c,RJA108  ,Jordan,26.4505,36.1209,11277.6,114.12,969.912,Jordan
c04b1f,        ,Canada,-74.2991,47.4244,6400.8,104.09,464.00399999999996,Canada
4cadc3,RYR80XZ ,Ireland,15.8356,42.7728,11582.4,17.59,870.3720000000001,Ireland
74482a,RJA130  ,Jordan,34.7588,32.135,7117.08,101.13,902.196,Jordan
4cadc4,RYR50SA ,Ireland,0.2137,53.1353,9951.72,100.55,900.468,Ireland
74483a,RJA041  ,Jordan,30.0687,39.6742,10058.4,350.86,757.836,Jordan
4cade0,RYR49EF ,Ireland,13.6782,41.2704,11277.6,140.31,820.692,Ireland
a75fda,N57411  ,United States,-89.4762,37.6122,1066.8,181.1,192.636,United States
4cade2,RYR48FA ,Ireland,23.3751,65.6577,9182.1,223.29,791.316,Ireland
4408df,AUA99R  ,Austria,16.4801,48.3506,1607.82,164.02,383.364,Austria
4408de,AUA557T ,Austria,12.5631,43.1225,7520.94,214.73,793.224,Austria
a7ec07,N6097M  ,United States,-80.2337,25.9859,243.84,91.67,190.83599999999998,United States
aca1da,ASA208  ,United States,-100.1628,37.4502,10363.2,253.82,744.3720000000001,United States
a7ec01,N6097F  ,United States,-96.4185,32.974,990.6,91.59,200.088,United States
4cadca,ITY610  ,Ireland,-13.2838,56.1691,11582.4,311.82,872.208,Ireland
3a3a20,NTR922  ,France,-149.6132,-17.5003,777.24,307.48,350.06399999999996,France
a5d98a,N476Y   ,United States,-104.9185,40.2205,2278.38,229.16,288.864,United States
a7ff30,N614SF  ,United States,-83.3024,31.4614,3962.4,221.63,446.004,United States
a8d6c7,N669MM  ,United States,-89.6182,43.34,1219.2,88.54,218.592,United States
aca1dd,AAL1911 ,United States,-113.9888,35.9193,9753.6,276.41,812.556,United States
4cadd9,SAS1507 ,Ireland,2.2778,51.7363,9425.94,270.67,631.5840000000001,Ireland
a6f95b,CBN549A ,United States,-89.4951,37.6703,1158.24,333.08,135.0,United States
a24b24,N247MS  ,United States,-90.4646,34.1137,7924.8,297.22,360.324,United States
a2ae12,JRE272  ,United States,-96.4413,38.306,13708.38,90.58,909.3960000000001,United States
0b4080,TGVOY   ,Guatemala,-90.5297,14.5765,1409.7,14.62,44.028000000000006,Guatemala
a25e35,CXK190  ,United States,-94.3599,38.9381,731.52,85.82,152.28,United States
a6c007,N534HQ  ,United States,-105.08,39.5216,1767.84,195.95,94.392,United States
a2650f,N2530V  ,United States,-95.577,41.1307,2941.32,159.83,290.016,United States
a7ec34,N6098X  ,United States,-89.3214,29.4631,5242.56,1.86,285.372,United States
a1a849,N20597  ,United States,-76.0132,40.166,1013.46,154.74,182.268,United States
a19ecf,SKW5525 ,United States,-87.8016,42.1534,2110.74,40.63,480.708,United States
aa6113,AAL2609 ,United States,-116.5612,33.9229,1402.08,24.76,473.148,United States
86951c,ANA11   ,Japan,-92.3466,46.9007,9753.6,314.81,777.888,Japan
a753cf,TRF541  ,United States,-95.7165,30.4067,708.66,2.08,101.916,United States
71c210,KAL602  ,Republic of Korea,120.7634,20.8546,11269.98,0.11,937.116,Republic of Korea
040247,SKK014  ,Ethiopia,-14.7707,13.8644,11582.4,345.03,774.468,Ethiopia
a00b2c,TWY47   ,United States,-111.1942,36.1372,12199.62,255.45,803.592,United States
0c6060,BWA480  ,Trinidad and Tobago,-79.8992,26.0641,1272.54,270.35,303.732,Trinidad and Tobago
a20eac,CXK357  ,United States,-97.1575,32.2415,822.96,160.63,178.632,United States
ad7f04,EJA969  ,United States,-97.5185,41.6722,13106.4,245.04,710.892,United States
4cada3,RYR40VD ,Ireland,7.7436,51.1887,11277.6,108.92,834.012,Ireland
040241,ETH501  ,Ethiopia,-58.9358,44.8986,10058.4,69.43,1085.976,Ethiopia
4cada4,RYR95TZ ,Ireland,10.8551,46.3361,7101.84,139.56,856.548,Ireland
a6cc54,VOI3001 ,United States,-111.8258,28.9319,10347.96,319.46,809.136,United States
aa6d51,CPT8577 ,United States,-96.816,46.9409,441.96,182.0,159.372,United States
0c6064,BWA612  ,Trinidad and Tobago,-79.1982,43.2097,3611.88,309.16,501.55199999999996,Trinidad and Tobago
48ac80,LOT5PX  ,Poland,11.703,52.4821,10363.2,272.93,687.9960000000001,Poland
abd19e,SWA2705 ,United States,-89.7412,32.2463,10972.8,247.87,781.704,United States
4408ff,BCS516  ,Austria,55.1328,24.9126,487.68,301.2,307.44000000000005,Austria
744827,RJA114  ,Jordan,27.2386,39.4907,11277.6,131.94,931.1039999999999,Jordan
744826,RJA118  ,Jordan,32.1765,33.8013,11277.6,127.81,951.696,Jordan
a7ec24,N6098F  ,United States,-74.5233,40.7102,891.54,254.88,141.948,United States
744825,RJA144  ,Jordan,25.6231,43.348,11285.22,154.38,903.744,Jordan
346083,AEA1047 ,Spain,11.8024,41.714,3810.0,16.67,626.364,Spain
a20ed1,CXK126  ,United States,-104.4588,38.7217,2522.22,189.87,216.18,United States
a06bd3,AAL3061 ,United States,-110.7965,35.5332,10668.0,97.46,898.416,United States
744821,RJA142  ,Jordan,29.7559,37.3051,10058.4,145.47,908.244,Jordan
a500e9,N421SC  ,United States,-101.9751,31.3955,12496.8,101.51,918.5400000000001,United States
aba91b,UAL222  ,United States,-91.7973,31.5329,11574.78,245.59,793.1880000000001,United States
c0654c,GLR8984 ,Canada,-123.8561,53.9657,5410.2,273.62,322.884,Canada
c0654b,,Canada,-122.2099,47.5009,76.2,0.0,0.0,Canada
aa7426,UAL1502 ,United States,-88.1549,42.2009,2849.88,129.3,567.216,United States
a7f308,LXJ611  ,United States,-79.8404,26.8949,4290.06,76.25,817.956,United States
a7f302,FFT1949 ,United States,-98.1268,35.7193,9151.62,274.1,777.96,United States
ab3f49,SKW4680 ,United States,-118.3824,33.9374,0.0,262.8,177.33599999999998,United States
a6cc45,AAL1955 ,United States,-80.4653,27.158,4853.94,340.51,766.152,United States
a7f304,N611FT  ,United States,-80.6943,28.3272,350.52,111.35,218.736,United States
a86cae,PDT6015 ,United States,-79.9269,36.556,4930.14,195.64,625.032,United States
a06bcc,UPS5837 ,United States,-85.8811,37.8988,1463.04,67.55,484.956,United States
a94626,EJA697  ,United States,-85.6741,43.1843,9144.0,266.91,823.5,United States
406222,CFE6CP  ,United Kingdom,0.5711,51.4878,1516.38,273.1,376.524,United Kingdom
a37e6c,AAY1952 ,United States,-93.8047,43.5336,11277.6,140.32,960.12,United States
a3bb1e,N34BR   ,United States,-80.0126,32.8914,1882.14,201.87,293.364,United States
3c7a48,CFG114  ,Germany,-82.704,48.1528,11582.4,212.95,915.9119999999999,Germany
3c7a49,CFG016  ,Germany,-66.4525,50.1225,12192.0,217.34,717.48,Germany
4cadfd,RYR70DC ,Ireland,30.3652,39.4486,11582.4,331.18,737.712,Ireland
a588f9,LXJ456  ,United States,-81.4761,31.0101,13533.12,8.21,894.42,United States
a43bc6,FFT1305 ,United States,-75.9842,40.0083,10355.58,236.4,629.208,United States
4cadff,RYR2FF  ,Ireland,12.2682,42.0129,1455.42,253.47,423.072,Ireland
4408c9,EZS16FY ,Austria,-8.446,39.6309,7391.4,232.36,603.432,Austria
40753d,TOM8CE  ,United Kingdom,-8.5683,37.8507,10972.8,32.26,884.772,United Kingdom
4cadfb,ITY759  ,Ireland,12.1737,41.9409,685.8,162.9,327.45599999999996,Ireland
ad97a7,EJA975  ,United States,-97.2948,38.8613,12496.8,104.2,936.072,United States
ac1720,SWA2535 ,United States,-116.5177,36.3776,8001.0,315.34,893.124,United States
a36b50,JBU579  ,United States,-80.3649,28.1951,10363.2,158.79,737.028,United States
3cf774,BTX3C   ,Germany,9.6192,50.5843,9608.82,23.45,777.204,Germany
a37e80,EDV5323 ,United States,-75.5766,39.9773,7924.8,230.55,609.192,United States
c00eb0,ACA1261 ,Canada,-82.0569,32.9979,11887.2,355.79,883.944,Canada
a3bb2c,N34CE   ,United States,-120.3716,46.3014,5798.82,67.28,407.592,United States
a50e66,N425CB  ,United States,-93.9153,39.0667,1303.02,64.5,223.668,United States
aba7ad,N850DK  ,United States,-100.1927,35.0288,9144.0,325.36,400.716,United States
3c7a51,CFG3844 ,Germany,-66.0301,19.558,10706.1,240.47,849.24,Germany
aa395b,SKW6476 ,United States,-100.6582,39.7326,10972.8,247.03,740.2320000000001,United States
ab9418,N845TC  ,United States,-96.968,31.8045,441.96,56.89,152.568,United States
aa7fe4,CPT8680 ,United States,-158.3136,21.3466,1470.66,143.44,0.216,United States
0d094c,VIV700  ,Mexico,-81.9535,28.0601,4091.94,65.86,724.536,Mexico
3c7a54,CFG2368 ,Germany,44.485,41.4378,11277.6,99.63,941.1120000000001,Germany
a25e7f,CXK257  ,United States,-96.3336,33.1853,510.54,268.03,161.208,United States
abdd09,SWA661  ,United States,-114.6624,41.1471,10370.82,354.33,731.4119999999999,United States
34604b,ANE92WD ,Spain,0.6894,41.1367,9448.8,260.45,815.076,Spain
e4991f,PRJKE   ,Brazil,-40.8624,-22.0667,731.52,100.11,242.676,Brazil
a2a213,SKW3680 ,United States,-84.7886,33.708,3604.26,287.96,498.41999999999996,United States
a588fd,N456GA  ,United States,2.6821,43.7603,12496.8,175.1,888.5160000000001,United States
a75507,N5714C  ,United States,-97.0091,33.245,693.42,216.34,278.17199999999997,United States
a455c7,FFT4889 ,United States,-77.8489,39.5238,10972.8,250.32,753.336,United States
44a826,JAF3PC  ,Belgium,9.893,49.8376,11582.4,295.43,711.612,Belgium
a36b2d,JBU2276 ,United States,-80.2464,26.5568,4107.18,354.61,729.216,United States
a63544,N5AF    ,United States,-83.5206,33.9546,12192.0,155.43,739.224,United States
ae5719,CNV4491 ,United States,-101.137,33.4679,11582.4,288.82,780.696,United States
a88841,N649SG  ,United States,-86.073,28.1295,13106.4,287.29,616.8240000000001,United States
a3c235,NDU341  ,United States,-111.5792,33.0372,1280.16,95.71,111.672,United States
ac77d3,AAL2743 ,United States,-81.4774,32.6591,9448.8,30.87,938.5559999999999,United States
407537,BAW746  ,United Kingdom,1.7558,49.1215,11894.82,139.87,833.2560000000001,United Kingdom
a24b40,AAY546  ,United States,-112.6151,36.6666,9875.52,64.79,874.044,United States
ab44ae,AAY512  ,United States,-82.8874,28.559,10668.0,150.07,861.192,United States
ac64a6,SKW4612 ,United States,-84.9371,34.1095,3848.1,141.68,642.0960000000001,United States
50801f,ADB7062 ,Ukraine,-107.1753,42.0114,10347.96,301.27,595.8720000000001,Ukraine
407536,SHT3H   ,United Kingdom,-0.7083,51.8237,3360.42,134.67,460.9800000000001,United Kingdom
44d068,BEL3JZ  ,Belgium,11.0112,51.9478,10142.22,254.52,749.4480000000001,Belgium
a86e1d,QXE2095 ,United States,-122.7456,44.226,8069.58,4.03,737.0640000000001,United States
aaaa07,N7866N  ,United States,-104.4056,38.8511,2133.6,104.31,187.30800000000002,United States
c04b05,N       ,Canada,-123.9133,49.4673,-190.5,0.0,0.0,Canada
a3852d,LXJ326  ,United States,-77.191,35.2163,12192.0,202.52,657.612,United States
a1589d,SKW3487 ,United States,-122.6674,45.0089,3695.7,4.17,508.78800000000007,United States
a52898,UAL2138 ,United States,-90.6718,36.4855,11452.86,4.95,708.264,United States
a3e88d,N351AJ  ,United States,-85.0287,37.384,12192.0,248.5,712.5840000000001,United States
3c7a4a,CFG2363 ,Germany,98.3585,15.0174,8679.18,265.6,72.432,Germany
a20eee,CXK235  ,United States,-96.2709,32.9304,1432.56,129.16,231.696,United States
a562aa,UAL1848 ,United States,-86.5454,36.201,10660.38,159.05,973.6920000000001,United States
a24b39,ENY3752 ,United States,-81.1784,35.2187,3421.38,207.86,511.16400000000004,United States
ac1747,SWA2798 ,United States,-108.1031,36.0853,9753.6,248.02,786.852,United States
a68ecb,N521Y   ,United States,-106.8555,40.5002,2560.32,332.64,237.74400000000003,United States
4cade4,RYR24RG ,Ireland,9.8237,45.1776,11582.4,38.39,808.1279999999999,Ireland
a825a6,FFT4347 ,United States,-74.402,40.7804,5318.76,245.2,538.5960000000001,United States
4cade5,RYR54WK ,Ireland,-1.6731,50.8082,754.38,255.35,292.896,Ireland
a31bc3,N3MR    ,United States,-92.1349,38.9813,13098.78,260.11,808.3800000000001,United States
a3c246,DAL1444 ,United States,-81.7993,35.8361,10972.8,225.19,777.888,United States
a50e88,N425DL  ,United States,-78.5278,35.9733,518.16,21.34,127.26,United States
a9206b,N6876J  ,United States,-111.7479,40.2633,2667.0,55.39,159.768,United States
346047,VLG7894 ,Spain,11.3636,39.6892,11277.6,111.89,844.308,Spain
abca00,AAL1730 ,United States,-85.9785,21.9747,6774.18,206.14,668.4119999999999,United States
a718e0,N5566A  ,United States,-82.5484,29.1777,1805.94,313.45,242.35199999999998,United States
4caded,ITY801  ,Ireland,12.0172,42.034,1333.5,70.05,488.592,Ireland
4cadee,ITY063  ,Ireland,1.068,41.3105,11590.02,90.0,851.904,Ireland
4cadef,RYR61JJ ,Ireland,24.0522,45.0433,7612.38,109.76,810.7560000000001,Ireland
a25e5d,CXK228  ,United States,-86.1073,39.6121,434.34,177.88,150.12,United States
aba7d6,N850FA  ,United States,-98.0446,29.6431,434.34,0.43,248.184,United States
a00b91,UCA4302 ,United States,-91.789,31.5519,9144.0,244.11,771.984,United States
a5d8ec,N476RS  ,United States,-82.4155,27.2076,2743.2,142.36,521.568,United States
a348ee,N310XR  ,United States,-91.2576,30.5429,2529.84,90.93,340.812,United States
4cadf4,RYR5XQ  ,Ireland,-5.894,36.6984,10972.8,8.09,828.684,Ireland
4cadf5,RYR9769 ,Ireland,16.9736,51.0666,1150.62,175.43,325.152,Ireland
a8881e,QXE2271 ,United States,-118.4165,51.3647,10226.04,34.52,676.548,United States
4cadf7,RYR61GE ,Ireland,20.2268,52.1192,4792.98,184.02,686.916,Ireland
c028cd,WJA4147 ,Canada,-81.3093,43.1511,2552.7,313.43,476.85600000000005,Canada
a80c9a,N618BL  ,United States,-80.5135,25.9117,480.06,37.11,267.04800000000006,United States
acb4a3,CAP327  ,United States,-112.3605,33.4289,784.86,34.44,157.176,United States
a37279,EPI385  ,United States,-80.9461,28.9769,556.26,244.36,154.07999999999998,United States
ab2ac4,N81894  ,United States,-98.1752,32.2483,853.44,23.96,182.412,United States
4ba919,THY7GE  ,Turkey,31.4212,37.2393,9197.34,336.33,802.764,Turkey
ab57fc,KPO83   ,United States,-83.9728,41.4527,13106.4,273.37,849.672,United States
4ba914,THY20T  ,Turkey,28.6703,41.1813,1150.62,269.27,433.404,Turkey
4ba913,THY5EB  ,Turkey,22.254,41.3996,9753.6,286.78,769.86,Turkey
a442f3,DAL790  ,United States,-83.0236,36.0109,9753.6,187.46,870.408,United States
aabd56,SKW5333 ,United States,-103.2397,35.9149,10058.4,153.34,961.5960000000001,United States
4ba910,THY5TX  ,Turkey,7.3121,50.8079,1432.56,97.65,500.79600000000005,Turkey
a5b39d,N467AA  ,United States,-97.1029,33.4899,883.92,272.01,211.248,United States
ae07d5,ELVIS51 ,United States,-89.8732,34.968,1165.86,185.36,515.268,United States
4ba90f,THY5YL  ,Turkey,26.2966,42.5901,10972.8,288.1,691.668,Turkey
4ba90b,THY1HE  ,Turkey,5.2557,40.0902,11590.02,73.62,847.404,Turkey
4ba90d,THY9AU  ,Turkey,26.1125,44.1962,9753.6,340.64,759.708,Turkey
ad97e9,N975TH  ,United States,-95.7359,29.6602,1021.08,274.86,174.708,United States
abe40a,SWA2235 ,United States,-105.6722,38.0591,10660.38,64.33,902.052,United States
ac042c,N8732U  ,United States,-95.738,35.3112,822.96,244.76,143.316,United States
71c275,KAL038  ,Republic of Korea,-87.9653,42.5717,5097.78,354.56,625.1039999999999,Republic of Korea
aa2607,JRE753  ,United States,-79.8604,25.8174,1859.28,153.91,501.084,United States
e47f4f,GLO1484 ,Brazil,-47.8292,-20.1324,11582.4,355.72,819.0,Brazil
ab44de,N825QT  ,United States,-84.8336,34.6403,11277.6,161.26,893.736,United States
a037b2,DAL2970 ,United States,-94.7768,42.8509,9989.82,203.35,841.176,United States
a37265,DAL735  ,United States,-110.5088,35.294,10668.0,83.71,896.22,United States
ac0448,SWA5050 ,United States,-83.1605,31.4384,10668.0,154.45,841.6080000000001,United States
aa99b2,AJI9537 ,United States,-100.558,25.2038,10378.44,135.0,924.552,United States
a037b9,DAL492  ,United States,-110.8048,33.332,10363.2,252.08,848.6279999999999,United States
ae5722,HYTEK68 ,United States,-107.473,35.7555,3101.34,310.58,441.324,United States
48d961,PLF106  ,Poland,29.1431,35.4922,12199.62,306.53,693.7560000000001,Poland
40756f,EZY81YZ ,United Kingdom,12.2155,41.7952,373.38,250.74,325.656,United Kingdom
40756d,EZY37AV ,United Kingdom,20.8326,41.4111,10972.8,318.85,759.96,United Kingdom
a93393,EJA692  ,United States,-81.1661,30.8385,12496.8,13.61,905.112,United States
a3725a,DAL1512 ,United States,-84.6899,33.5856,2804.16,202.02,543.384,United States
ab2ae0,AAL1424 ,United States,-82.7148,29.614,11285.22,155.16,851.004,United States
ae571a,CNV4460 ,United States,-120.2508,43.5936,11277.6,163.22,891.72,United States
4ba91a,THY664  ,Turkey,16.5714,38.8658,11887.2,76.46,933.4079999999999,Turkey
40756c,EZY2957 ,United Kingdom,16.5715,68.2545,11269.98,29.0,817.3800000000001,United Kingdom
a2fbec,UAL1008 ,United States,-114.0647,38.9409,10972.8,252.68,752.724,United States
a36b5d,N3195X  ,United States,-82.1742,30.031,1554.48,175.53,332.53200000000004,United States
a98ceb,N714WP  ,United States,-96.8603,33.5245,1920.24,219.06,164.592,United States
abdd64,SKW5433 ,United States,-114.6811,33.589,10668.0,95.97,765.3240000000001,United States
3cdd32,LHB2    ,Germany,8.9171,47.3538,3101.34,45.66,567.072,Germany
a1e2f8,N220WC  ,United States,-117.9008,34.052,952.5,292.35,214.27200000000002,United States
407573,EZY32NL ,United Kingdom,-1.2339,53.4239,7117.08,109.24,747.36,United Kingdom
ae5752,THETA27 ,United States,-106.4559,31.9628,9456.42,93.73,512.244,United States
ad1d51,PHM106  ,United States,-90.1145,29.3728,1447.8,116.9,286.56,United States
a2fbf1,UAL311  ,United States,-108.4877,37.1564,11582.4,248.92,736.3800000000001,United States
adcdc9,NKS164  ,United States,-80.1504,25.8905,3977.64,141.73,636.9119999999999,United States
ac64cf,UAL1191 ,United States,-113.1604,36.6792,11269.98,70.22,875.808,United States
ab2add,N819AT  ,United States,-97.0837,32.3038,678.18,355.19,176.57999999999998,United States
abdd4a,SWA3243 ,United States,-104.297,35.4306,11887.2,75.06,883.6560000000001,United States
a36b73,JBU2330 ,United States,-82.415,31.3307,11277.6,27.58,931.932,United States
40622f,EZY45CE ,United Kingdom,-2.1339,49.6903,11277.6,197.95,696.96,United Kingdom
abe42c,SWA1197 ,United States,-71.7297,41.552,2468.88,40.31,592.5960000000001,United States
a2659a,UAL877  ,United States,139.7008,38.3563,10363.2,243.98,692.424,United States
ac51b2,AAL1349 ,United States,-94.5943,31.2888,10668.0,39.98,853.1640000000001,United States
0d0934,VIV5003 ,Mexico,-112.6499,29.983,11582.4,315.97,852.66,Mexico
a455f7,N379HP  ,United States,-80.5569,27.4199,2346.96,310.96,223.16400000000002,United States
a24b98,N247SH  ,United States,-77.6041,38.4775,1287.78,18.17,385.95599999999996,United States
e49956,GLO7658 ,Brazil,-47.1349,-26.7261,11582.4,226.83,820.1880000000001,Brazil
a50e46,VAR425  ,United States,-112.6867,33.4082,335.28,180.0,187.056,United States
a335fa,DAL922  ,United States,-126.2109,50.2652,11574.78,322.01,719.1,United States
ad97dd,SKW5033 ,United States,-103.5481,38.8574,7924.8,312.23,595.224,United States
0d0939,VIV2043 ,Mexico,-87.6618,22.0965,7620.0,147.68,710.0640000000001,Mexico
a9335a,NKS323  ,United States,-118.5206,34.4364,1744.98,212.59,536.364,United States
a993f5,N716SP  ,United States,-92.6937,41.3983,1668.78,287.72,139.96800000000002,United States
aab141,N78846  ,United States,-84.2216,42.3535,1043.94,68.43,171.252,United States
a1e2cf,N220UM  ,United States,-81.4966,30.7454,8534.4,158.78,373.5,United States
ad243d,N946JC  ,United States,-99.4734,29.553,1600.2,34.02,178.74,United States
3423c3,IBE06LL ,Spain,4.5555,39.9662,10668.0,262.44,844.452,Spain
400be5,EFW65WL ,United Kingdom,-7.2865,44.3127,11582.4,26.41,899.46,United Kingdom
a25e9b,CXK398  ,United States,-95.4631,30.3466,289.56,94.09,181.944,United States
a993ea,SCA16   ,United States,-112.1986,34.0456,1714.5,201.8,229.392,United States
406230,CFE343  ,United Kingdom,0.8872,51.476,1973.58,273.68,374.868,United Kingdom
e47f43,PPJSC   ,Brazil,-47.0653,-22.1807,8534.4,287.68,536.508,Brazil
406231,CFE86NH ,United Kingdom,6.3534,50.384,7825.74,107.25,824.184,United Kingdom
a25278,SKW4981 ,United States,-106.2817,37.4612,10668.0,62.32,893.0160000000001,United States
abe450,SWA1155 ,United States,-98.3233,29.8334,11277.6,124.27,907.668,United States
a9dce9,UAL1990 ,United States,-113.5201,33.0464,11277.6,99.31,790.092,United States
aaaa64,SWA2379 ,United States,-120.4755,36.0842,10675.62,140.89,739.8720000000001,United States
a2b562,,United States,-88.5017,12.939,9753.6,309.93,888.7320000000001,United States
acfd2c,AAL2499 ,United States,-81.7489,32.5138,10363.2,200.72,764.316,United States
ad2445,JBU2824 ,United States,-101.8849,36.9272,10668.0,80.7,940.2120000000001,United States
aab146,SWA2950 ,United States,-117.6532,34.7089,9448.8,87.7,785.8800000000001,United States
71c285,KAL277  ,Republic of Korea,-106.4606,42.225,10058.4,138.06,1030.788,Republic of Korea
ad7e6f,JBU108  ,United States,-91.3504,32.2856,10668.0,106.91,967.8600000000001,United States
c050ae,ACA991  ,Canada,-88.6575,34.2836,10363.2,213.37,915.84,Canada
c01694,PHX432  ,Canada,-79.2121,43.7316,5791.2,52.95,482.61600000000004,Canada
3424d2,VLG21UU ,Spain,2.2749,41.3641,822.96,246.41,319.284,Spain
ae0882,JEDI10  ,United States,-87.9005,30.4908,1196.34,142.71,507.456,United States
ac5e8d,SWA2158 ,United States,-112.1387,35.8989,9753.6,354.48,788.904,United States
a7f2c1,LFA472  ,United States,-81.4107,29.2885,975.36,175.6,265.608,United States
4cae00,RYR25VH ,Ireland,-6.0507,41.3835,10972.8,26.67,916.02,Ireland
a74262,N567R   ,United States,-82.5829,31.3153,2743.2,171.45,324.0,United States
c050c5,ACA341  ,Canada,-120.8289,49.8313,9189.72,248.94,793.8000000000001,Canada
ab3275,SKW3875 ,United States,-83.3903,42.1937,320.04,29.69,243.03600000000003,United States
a4f59c,AAL2358 ,United States,-80.2273,40.623,11262.36,99.46,889.956,United States
7817b4,CSN659  ,China,137.5184,34.0823,9448.8,75.0,1094.796,China
a8ab3c,JBU234  ,United States,-79.3263,25.8809,9136.38,289.1,758.484,United States
c063cc,CWA929  ,Canada,-114.07,53.6158,3550.92,317.73,302.868,Canada
a4e291,,United States,-118.491,34.2161,274.32,345.58,133.848,United States
c0033f,CFBFY   ,Canada,-122.704,49.2124,-175.26,0.0,0.0,Canada
ae4ee4,SHARK71 ,United States,-104.3187,38.8444,2819.4,10.22,114.804,United States
ae4ee5,SHARK72 ,United States,-104.498,38.6534,2567.94,103.03,254.73600000000002,United States
ac6596,SWA4198 ,United States,-114.7931,36.1335,3672.84,105.71,567.5400000000001,United States
ae4ee2,SHARK69 ,United States,-104.23,38.8018,2697.48,245.8,180.72000000000003,United States
e484f9,GLO2019 ,Brazil,-40.5968,-19.1067,11582.4,208.76,800.676,Brazil
4cae11,ITY247  ,Ireland,9.0558,45.5484,3307.08,158.33,591.876,Ireland
ae4ee1,SHARK68 ,United States,-104.7456,38.6874,1958.34,141.81,209.70000000000002,United States
a81efa,N622PK  ,United States,-106.9524,35.2666,4678.68,326.5,308.7,United States
a6cbdd,EJA537  ,United States,-91.5652,28.9235,13106.4,278.96,689.94,United States
ac4b72,SWA284  ,United States,-85.9028,31.7365,11277.6,134.84,963.8280000000001,United States
a05a25,UAL2743 ,United States,-99.4546,40.9332,11277.6,69.42,937.6920000000001,United States
ae4edc,SHARK52 ,United States,-104.888,39.4395,2537.46,333.89,210.384,United States
abe2d9,EJA865  ,United States,-105.1231,39.3621,12496.8,137.54,976.572,United States
0aca68,AVA9427 ,Colombia,-74.9312,5.228,5692.14,143.86,612.3240000000001,Colombia
aa72f5,SWA2745 ,United States,-90.9086,35.0034,8465.82,253.15,741.1320000000001,United States
adc238,JBU1101 ,United States,-118.3835,33.9373,15.24,262.97,272.44800000000004,United States
a7f2e3,N611EK  ,United States,-97.3077,33.2489,998.22,307.72,175.572,United States
ac02ea,EJA873  ,United States,-80.468,40.5395,5189.22,354.14,653.4720000000001,United States
ad857e,AAL2945 ,United States,-81.0116,34.2055,7879.08,184.26,748.404,United States
ad22e1,UAL2091 ,United States,-91.3866,42.5273,8633.46,90.0,838.944,United States
a98219,DAL724  ,United States,-93.6201,37.679,11582.4,311.01,677.376,United States
a01db9,BPX273  ,United States,-81.0215,29.1799,304.8,335.85,117.72000000000001,United States
ae089d,BOXER95 ,United States,-96.3121,30.4163,518.16,259.59,348.372,United States
aca22e,DAL198  ,United States,-86.3958,23.0339,10218.42,12.14,924.4440000000001,United States
aa1e99,JRE751  ,United States,-81.6076,26.3825,4914.9,348.69,509.94000000000005,United States
ae0895,CARNAL11,United States,-101.5292,31.1232,4518.66,96.95,520.524,United States
a93eec,N695SU  ,United States,-97.6755,30.7156,335.28,189.46,214.056,United States
0aca2f,KRE2151 ,Colombia,-74.2633,4.7806,3116.58,127.33,323.74800000000005,Colombia
ae088e,ROVE15  ,United States,-98.2042,31.3536,4709.16,72.93,517.284,United States
a9a8db,N721SH  ,United States,-85.8545,34.1335,3314.7,106.05,408.56399999999996,United States
aa1e94,N751JM  ,United States,-121.9843,37.1704,830.58,146.11,149.472,United States
a97b40,N71RW   ,United States,-83.4906,35.1339,2750.82,357.53,257.652,United States
adbb39,AAL1244 ,United States,-94.1207,33.5936,10058.4,70.81,890.2800000000001,United States
ac4b95,SWA2029 ,United States,-118.0814,45.7518,11887.2,265.17,704.4119999999999,United States
407512,TOM035  ,United Kingdom,0.0244,51.1777,990.6,258.03,285.876,United Kingdom
a25dce,CXK478  ,United States,-97.1992,33.2978,617.22,181.36,155.628,United States
a1a7dd,CXK422  ,United States,-97.2923,31.6963,670.56,130.53,168.12,United States
a05a49,UCA4930 ,United States,-72.9268,42.5812,5958.84,55.37,814.752,United States
0d07f0,AMX609  ,Mexico,-97.062,26.3361,11582.4,214.61,828.1080000000001,Mexico
a1dd2d,RPA5624 ,United States,-86.6296,42.6335,7345.68,109.45,728.676,United States
4d22a0,SAA222  ,Malta,-41.3272,-22.7467,12192.0,264.65,874.26,Malta
a21765,N234AJ  ,United States,-81.0617,33.3534,1584.96,118.16,298.296,United States
a17a38,N1946G  ,United States,-79.1644,33.781,5242.56,39.45,501.3,United States
a88869,N649TX  ,United States,-95.4676,30.3367,320.04,53.13,259.272,United States
a25de9,N2512X  ,United States,-81.5593,27.9911,868.68,157.89,319.824,United States
a8ab05,LXJ658  ,United States,-13.9067,52.9228,13716.0,97.19,991.2239999999999,United States
a5bef8,N47CE   ,United States,-88.6829,33.2182,9448.8,124.8,717.192,United States
acb59c,AAL2683 ,United States,-88.9436,33.4733,10972.8,256.16,789.66,United States
a81eca,N622MM  ,United States,-97.1859,30.5627,2727.96,85.31,226.692,United States
adce8b,N989WD  ,United States,-97.1914,37.7942,990.6,181.19,177.84,United States
a682b5,N51885  ,United States,-112.3055,33.4575,723.9,181.75,181.584,United States
7804c7,CSG2505 ,China,-96.8416,47.6884,10058.4,139.2,1000.5840000000001,China
a4ee82,DAL57   ,United States,-111.8892,42.5035,9319.26,187.29,933.552,United States
a12ac3,BOE923  ,United States,-122.8189,47.6764,5326.38,294.19,560.376,United States
a4ee99,N417EV  ,United States,-89.717,30.1448,2583.18,84.58,215.784,United States
a251a1,N249CA  ,United States,-79.4974,40.4153,7924.8,248.79,603.936,United States
a0aa2b,AAL2050 ,United States,-99.3897,32.5417,8930.64,266.03,829.836,United States
4cae56,RYR14DC ,Ireland,12.66,41.7812,3779.52,293.51,622.044,Ireland
4cae57,RYR775N ,Ireland,14.5169,48.3644,11582.4,225.0,853.8480000000001,Ireland
a562e8,SWA3164 ,United States,-112.1,33.3769,5265.42,279.78,665.2800000000001,United States
4d22b0,RYR81NZ ,Malta,10.9792,50.3676,10980.42,287.75,783.648,Malta
4cae58,RYR1657 ,Ireland,-8.2088,51.6427,2872.74,136.19,502.992,Ireland
4cae53,RYR76VW ,Ireland,6.413,52.5134,11125.2,255.86,742.932,Ireland
4cae54,RYR92JV ,Ireland,6.2194,50.2241,10972.8,302.99,761.796,Ireland
4cae55,RYR2886 ,Ireland,14.8312,56.3492,11277.6,92.06,876.5640000000001,Ireland
406e10,VIR21K  ,United Kingdom,-7.5102,56.0301,11582.4,306.2,915.696,United Kingdom
4ba890,THY6102 ,Turkey,30.8823,34.711,11277.6,178.02,911.736,Turkey
4ba892,THY6270 ,Turkey,46.0154,40.9641,10599.42,131.56,960.336,Turkey
a695ea,AAL1927 ,United States,-80.9606,35.1458,624.84,355.63,267.48,United States
a0aa30,N142AT  ,United States,-97.0397,30.4852,952.5,15.05,228.204,United States
acfbfd,ASA428  ,United States,-111.389,32.3058,10668.0,158.91,807.9119999999999,United States
4b3e5a,HBXPY   ,Switzerland,9.4281,47.4625,982.98,223.96,144.072,Switzerland
acae9c,N916SY  ,United States,-108.7313,32.7323,5791.2,44.34,341.82,United States
a9f838,N741WC  ,United States,-95.295,29.6301,15.24,42.71,196.596,United States
a407b6,N359RC  ,United States,-83.1871,42.5426,365.76,267.68,137.16,United States
3e0a3e,BPO322  ,Germany,6.8388,50.7022,388.62,74.52,124.92000000000002,Germany
a33743,SKW3792 ,United States,-92.048,43.1967,8229.6,145.88,881.46,United States
a7feb1,N614MD  ,United States,-94.8844,29.6344,3185.16,79.63,308.772,United States
a838e2,NKS3206 ,United States,-91.9013,36.7855,10668.0,133.23,973.4760000000001,United States
a838e5,JIA5098 ,United States,-79.2853,26.2297,8839.2,122.19,862.2,United States
a92bb8,LFA547  ,United States,-81.1809,28.7666,281.94,350.04,139.14,United States
7817fe,CXA838  ,China,104.0259,0.8802,10668.0,352.45,874.296,China
a37da1,ENY3420 ,United States,-77.963,24.9295,10668.0,114.48,866.916,United States
a12aa4,UAL567  ,United States,-80.3856,40.6901,2171.7,125.19,530.2800000000001,United States
a12aa5,UAL1499 ,United States,-96.6168,30.325,5707.38,94.2,833.796,United States
a682e3,JIA5628 ,United States,-76.2351,39.6124,3886.2,221.28,544.6080000000001,United States
8991e4,SJX001  ,Taiwan,135.0832,36.0767,12192.0,235.38,726.9119999999999,Taiwan
aa6bc0,UAL829  ,United States,157.2281,-27.5625,11887.2,228.67,776.8439999999999,United States
a958c5,N701FC  ,United States,-98.2872,44.9262,5958.84,165.68,456.80400000000003,United States
a8886d,UAL947  ,United States,-76.8976,42.3125,9144.0,210.73,786.42,United States
a9f800,N741TX  ,United States,-102.7132,31.1878,10363.2,282.51,504.61199999999997,United States
a79bdb,TFF959  ,United States,-63.9858,20.1859,11430.0,184.5,873.144,United States
ab57b0,N83TF   ,United States,-78.0119,27.1148,9532.62,307.23,532.6560000000001,United States
ac1701,SWA1440 ,United States,-83.5548,27.8694,8930.64,87.48,1051.092,United States
300782,AUA51K  ,Italy,11.2354,44.5546,167.64,116.93,257.58,Italy
ac1704,N8784T  ,United States,-76.1551,36.2781,685.8,72.78,193.89600000000002,United States
aa1219,AAL2926 ,United States,-105.2065,35.0742,11277.6,74.47,913.032,United States
a12aa0,UAL2009 ,United States,-89.9974,41.0252,9288.78,66.66,808.812,United States
300780,DLA9MM  ,Italy,8.1995,45.3299,4625.34,219.91,649.476,Italy
a12aa1,UAL1873 ,United States,-91.0331,37.9507,10668.0,86.17,942.912,United States
a93eb8,EJA695  ,United States,-81.4554,26.6864,5638.8,89.12,842.76,United States
a62265,N4948A  ,United States,-117.9044,34.2548,1463.04,90.0,250.02,United States
ad727a,ASA1492 ,United States,-104.7358,39.47,3048.0,34.95,442.872,United States
ad727d,,United States,-113.4407,29.6544,11277.6,134.64,832.8960000000001,United States
ab3da7,SCX754  ,United States,-81.0801,26.764,7414.26,320.53,760.464,United States
a958d2,FFT3665 ,United States,-105.2275,39.8504,4945.38,271.4,605.772,United States
a0bd47,CXK421  ,United States,-80.5778,35.6227,883.92,191.42,187.056,United States
4cae32,EIN13J  ,Ireland,-66.5797,45.925,10355.58,234.65,601.74,Ireland
a61b78,N493CJ  ,United States,-115.6106,36.0101,5791.2,246.74,689.4,United States
3939e4,TJT1518 ,France,1.3773,43.6185,419.1,144.89,228.636,France
a514c5,N42632  ,United States,-112.6036,34.0464,1920.24,290.09,264.24,United States
4ca243,RYR7LV  ,Ireland,17.9471,50.6744,9006.84,106.33,750.744,Ireland
a9d27c,NTW732  ,United States,-86.3739,30.9418,13106.4,277.94,723.672,United States
503e82,ETD22M  ,Lithuania,54.9035,24.406,1607.82,198.14,452.124,Lithuania
0d07b1,XAUTD   ,Mexico,-115.3912,31.6307,10066.02,126.57,634.14,Mexico
a3244f,AAL2771 ,United States,-79.3396,34.7432,5219.7,111.15,816.1560000000001,United States
406cd1,EZY87CV ,United Kingdom,1.734,49.2887,11285.22,143.6,727.1279999999999,United Kingdom
a20471,SWA3187 ,United States,-99.3482,35.5675,12192.0,316.16,711.252,United States
a9d287,N732AP  ,United States,-81.2374,34.3505,5974.08,354.53,446.50800000000004,United States
aba80b,N850HD  ,United States,-95.552,39.0144,1394.46,125.67,282.67199999999997,United States
aa37ce,AAL3289 ,United States,-91.1222,30.4692,12192.0,299.24,727.992,United States
abd096,KOW860  ,United States,-79.4856,25.8612,12656.82,294.26,784.152,United States
a384f2,DAL973  ,United States,-79.496,37.6198,8534.4,227.64,739.368,United States
ab450c,N825SP  ,United States,-85.4039,37.5216,8534.4,332.68,379.368,United States
4cae80,ITY608  ,Ireland,-70.4005,46.8762,12192.0,211.65,765.828,Ireland
407fea,WUK7DF  ,United Kingdom,-0.1058,51.9321,1264.92,226.64,275.112,United Kingdom
4cae6d,RYR34RX ,Ireland,13.6099,53.6672,10965.18,179.75,844.524,Ireland
a2178d,N234BZ  ,United States,-106.8122,38.2012,11269.98,75.66,927.108,United States
acf07b,N9327Y  ,United States,-97.3644,32.8422,243.84,171.87,144.036,United States
ac5e23,SWA1881 ,United States,-100.0629,39.6003,11277.6,80.95,965.8079999999999,United States
a2addf,UCA4315 ,United States,-86.7831,34.6018,274.32,0.86,248.184,United States
a1d129,N216PZ  ,United States,-98.3578,30.5675,457.2,184.88,152.424,United States
a79d09,N59WG   ,United States,-115.2193,34.7037,10668.0,83.97,722.592,United States
407ff4,WUK7ZY  ,United Kingdom,23.2115,40.0945,10675.62,143.49,887.112,United Kingdom
a69754,N5236Y  ,United States,-85.016,35.0511,266.7,206.84,172.26000000000002,United States
0d07c3,XAMAX   ,Mexico,-87.6891,16.1911,10972.8,337.42,786.24,Mexico
a43106,N36968  ,United States,-78.0296,34.9885,1744.98,1.36,313.092,United States
4cae98,RYR9351 ,Ireland,22.4617,38.5704,10972.8,311.82,755.46,Ireland
4cae99,RYR5CJ  ,Ireland,12.7919,39.1897,11582.4,347.79,858.3480000000001,Ireland
4cae92,RYR133B ,Ireland,-0.8395,38.6183,3093.72,197.42,562.8960000000001,Ireland
4073a1,EZY21PW ,United Kingdom,-3.9235,45.0932,11887.2,183.4,749.52,United Kingdom
4cae94,RYR5307 ,Ireland,-5.9539,53.4024,1257.3,288.24,349.056,Ireland
503e6a,VJC282  ,Lithuania,106.6824,19.1578,6972.3,8.46,818.244,Lithuania
4cae90,RYR25NA ,Ireland,-2.6084,55.3654,7459.98,130.45,693.648,Ireland
ab8ba5,WWI84   ,United States,-81.2199,34.6983,2720.34,57.81,549.288,United States
a18165,LJY855  ,United States,-86.2767,45.6102,12192.0,281.38,835.02,United States
4ca244,RYR69RB ,Ireland,7.6527,45.2462,982.98,2.37,313.272,Ireland
4cae7d,SEJ087  ,Ireland,88.8809,21.1532,11277.6,127.75,871.272,Ireland
a42a15,XSR368  ,United States,-91.9438,34.3193,13716.0,66.27,786.96,United States
a25dee,CXK118  ,United States,-93.1433,44.6328,906.78,87.57,218.736,United States
a25def,CXK447  ,United States,-93.6238,45.1321,967.74,356.04,241.34400000000002,United States
4d22ab,KMM466  ,Malta,5.4727,45.7306,11231.88,325.7,818.2800000000001,Malta
a2c7f2,N279AG  ,United States,-97.5622,29.8993,670.56,265.79,302.688,United States
a7b7c5,DAL334  ,United States,-105.6085,39.0219,10363.2,251.03,752.004,United States
4cae67,RYR619N ,Ireland,-3.5595,40.5651,784.86,180.4,266.688,Ireland
a06154,N1231B  ,United States,-96.0982,46.6984,1790.7,110.87,358.74,United States
a0aa48,N142BS  ,United States,-95.6715,29.8024,129.54,71.05,131.184,United States
300738,DLA9VL  ,Italy,12.2446,47.9381,4846.32,147.44,674.568,Italy
4cae66,RYR37HF ,Ireland,1.7817,43.7309,11582.4,59.2,864.5400000000001,Ireland
407fcb,BAW664  ,United Kingdom,13.6047,46.456,10668.0,127.09,961.2,United Kingdom
4cae60,RYR3368 ,Ireland,3.0972,48.8519,11582.4,68.24,929.2320000000001,Ireland
4d22b8,RYR44KK ,Malta,3.036,39.6738,1043.94,246.42,398.088,Malta
a69760,SCX3017 ,United States,-85.4342,38.6821,4297.68,58.73,645.7320000000001,United States
4d22b2,RYR32CU ,Malta,15.2285,40.0712,10972.8,8.41,861.192,Malta
a32449,AAY2775 ,United States,-81.3392,40.9871,975.36,227.53,296.244,United States
a4dab6,UAL1783 ,United States,-107.9057,38.9832,10058.4,69.2,881.568,United States
ae68b4,        ,United States,-81.0472,33.8544,6103.62,238.85,486.90000000000003,United States
4ca214,EIN65A  ,Ireland,8.7163,50.0709,662.94,249.9,323.42400000000004,Ireland
a55d5e,CXK136  ,United States,-121.5036,38.4011,1127.76,229.73,174.78,United States
503e9c,SZN310  ,Lithuania,-14.3122,13.8739,9144.0,280.96,769.644,Lithuania
4cae4a,RYR6HG  ,Ireland,24.0607,38.0457,1280.16,37.22,425.592,Ireland
4cae4b,RYR76QY ,Ireland,2.8978,41.7565,11277.6,233.18,818.964,Ireland
4cae4c,RYR9913 ,Ireland,14.7236,52.8493,10668.0,26.27,790.992,Ireland
a12ae4,UAL2107 ,United States,-76.6671,38.7277,10058.4,37.36,1004.184,United States
4ba88f,THY6118 ,Turkey,38.8603,39.9378,11887.2,92.03,941.4,Turkey
c02966,WJA2940 ,Canada,-74.5251,44.0525,9906.0,214.12,756.1080000000001,Canada
a3d4ed,AAL1321 ,United States,-79.6931,33.2117,10972.8,215.14,627.3720000000001,United States
4cae6b,RYR28DY ,Ireland,15.5872,46.7385,12496.8,123.56,891.1800000000001,Ireland
a44416,EJA374  ,United States,-73.0475,42.733,10005.06,99.52,839.4119999999999,United States
a5b42f,LXJ467  ,United States,-82.1936,26.4139,12801.6,114.49,1005.3000000000001,United States
a1d105,ENY4199 ,United States,-100.3287,44.8013,9144.0,286.27,713.8439999999999,United States
a7ed05,N61GK   ,United States,-105.7164,34.3748,13716.0,282.93,720.1800000000001,United States
ac5e47,SWA564  ,United States,-80.0584,25.6727,929.64,312.04,329.148,United States
a0b145,GXA199  ,United States,-83.3681,37.5275,7444.74,335.95,699.696,United States
a20467,N229WC  ,United States,-117.6518,33.4014,1211.58,135.0,141.444,United States
4cae75,SAS811  ,Ireland,4.3247,54.1964,11574.78,212.25,694.152,Ireland
ae080b,RHINO50 ,United States,-84.0422,39.7697,1744.98,92.54,417.096,United States
44093e,EJU98RK ,Austria,9.8677,43.2089,9738.36,130.29,813.3480000000001,Austria
ab453e,WUP825  ,United States,-80.7411,29.2159,7315.2,161.73,395.892,United States
a5a106,N46198  ,United States,-98.1015,32.8489,1325.88,339.59,169.95600000000002,United States
39ac18,SAMU26  ,France,4.7932,44.2563,586.74,6.9,292.896,France
adc0fb,N98561  ,United States,-84.5776,39.5338,754.38,348.41,147.45600000000002,United States
a33766,AAL350Q ,United States,-83.3464,28.2683,12496.8,14.29,900.144,United States
a2ea00,N287WR  ,United States,-97.0127,30.4498,6400.8,52.39,458.208,United States
4ca280,EIN3LK  ,Ireland,10.2254,49.1504,6918.96,131.73,756.864,Ireland
3d5f48,DFIII   ,Germany,11.914,48.6871,3025.14,247.69,468.432,Germany
ae4eb1,,United States,-87.6437,42.9231,1234.44,69.86,451.728,United States
a7a59f,JBU94   ,United States,-80.1526,33.0972,10652.76,46.15,1042.632,United States
ab321b,AAY1056 ,United States,-82.3343,30.5342,11582.4,186.07,787.8240000000001,United States
a18195,N19650  ,United States,-88.2522,41.8784,335.28,8.88,119.952,United States
3cefbd,SCR187  ,Germany,2.9703,39.6534,1150.62,238.47,382.428,Germany
3b7ffb,BZAC21  ,France,4.7904,43.6498,144.78,25.99,164.844,France
aabbc9,AAL785  ,United States,-81.9668,41.44,12192.0,176.41,946.368,United States
aba84a,N850KS  ,United States,-96.7104,31.0198,2194.56,79.34,290.232,United States
acc857,CXK347  ,United States,-117.591,33.9541,693.42,127.37,128.16,United States
3472cc,IBE0581 ,Spain,-3.3151,40.4483,3657.6,7.54,536.148,Spain
ad8514,EJA970  ,United States,-80.8409,40.4629,7117.08,281.07,685.008,United States
a31d9c,N30GN   ,United States,-107.2816,38.0456,13106.4,274.23,727.956,United States
342582,VLG2VW  ,Spain,-0.7543,44.7104,1965.96,120.7,551.376,Spain
c001ed,ASP489  ,Canada,-65.5812,46.1477,5044.44,108.64,648.9,Canada
ad2eca,KAP68   ,United States,-73.7522,40.6487,182.88,210.1,147.708,United States
a9e57c,N737EM  ,United States,-106.3714,35.355,3406.14,108.15,237.78,United States
ab92c4,DAL2240 ,United States,-86.577,33.3275,10668.0,178.16,924.6239999999999,United States
ab3e82,N8231G  ,United States,-119.2675,34.2652,1104.9,288.18,261.216,United States
e497e6,,Brazil,-46.6218,-20.9145,11277.6,186.81,828.1080000000001,Brazil
a3248c,N301RM  ,United States,-84.4641,40.1476,792.48,273.04,244.8,United States
4ca27c,RYR4WL  ,Ireland,-5.6769,36.7711,11277.6,204.55,753.336,Ireland
a086b4,DAL2185 ,United States,-108.2649,39.5284,10660.38,59.28,881.0640000000001,United States
a32495,N301RW  ,United States,-117.2832,33.1434,312.42,339.36,152.388,United States
a647a2,EJM503  ,United States,-82.0905,34.3074,11582.4,165.4,734.904,United States
a099a7,RPA4686 ,United States,-81.841,38.1866,10363.2,250.2,787.356,United States
4cae9b,RYR42QA ,Ireland,3.8541,50.4822,8481.06,219.59,749.808,Ireland
4cae9c,RYR78FN ,Ireland,19.9045,50.0943,609.6,258.26,291.312,Ireland
3c4667,ATV016D ,Germany,13.293,47.9073,7620.0,81.85,626.76,Germany
c00f07,CFFRY   ,Canada,-59.8534,13.7538,3672.84,330.42,315.18,Canada
acc85c,CXK286  ,United States,-88.4165,41.9465,899.16,272.44,174.24,United States
49d283,KNE299  ,Czech Republic,28.7038,41.4573,845.82,178.77,346.392,Czech Republic
4cae9e,RYR79ZH ,Ireland,11.9129,42.1644,11582.4,308.7,787.86,Ireland
ae4ed9,SHARK40 ,United States,-104.3541,39.0764,2857.5,5.96,124.776,United States
abeeea,SWA1807 ,United States,-104.0124,39.4411,5113.02,272.83,524.772,United States
4cae9a,RYR9RV  ,Ireland,22.8129,40.7708,1592.58,138.22,419.72400000000005,Ireland
a48aca,LXJ392  ,United States,-98.1182,29.7563,3139.44,221.56,633.672,United States
a5ad00,N465JK  ,United States,-114.8757,35.4796,10668.0,26.82,751.212,United States
ae4ed6,SHARK47 ,United States,-104.8225,39.0076,2179.32,75.68,179.676,United States
a491ac,PJC94   ,United States,-100.3777,36.9962,12192.0,255.74,684.1080000000001,United States
3472c4,VLG3PV  ,Spain,-2.9628,37.6279,8404.86,50.35,786.528,Spain
ad853e,N970SJ  ,United States,-80.0734,26.6816,83.82,269.48,205.596,United States
ad35bf,AVL110  ,United States,-77.6372,38.2608,1036.32,255.49,162.61200000000002,United States
a57742,EJA451  ,United States,-119.6464,34.2838,3314.7,83.21,658.368,United States
4ca256,RYR35AF ,Ireland,-6.8754,42.0585,10363.2,16.03,878.652,Ireland
39ac48,SAMU42  ,France,4.7321,45.6661,708.66,237.12,180.828,France
4cae8e,SAS121  ,Ireland,15.9828,58.1277,11224.26,212.49,761.904,Ireland
4cae8f,RYR97AE ,Ireland,-5.9194,38.0513,10972.8,32.49,882.648,Ireland
49d287,SEJ879  ,Czech Republic,75.3551,25.675,10972.8,200.44,737.208,Czech Republic
a01f13,DAL1770 ,United States,-78.302,37.8571,10972.8,217.24,737.4960000000001,United States
ad6b0f,AAL2798 ,United States,-112.8401,36.9063,10073.64,156.4,897.336,United States
aba891,AAL2308 ,United States,-115.6164,35.6142,11277.6,48.2,844.668,United States
a55d31,AAL2079 ,United States,-117.583,33.9893,3307.08,281.38,572.4,United States
ac6572,N8980P  ,United States,-84.7001,42.9268,1760.22,88.93,296.388,United States
ad35e0,AAL2822 ,United States,-80.9248,35.0918,967.74,356.92,344.952,United States
a384f8,DAL2958 ,United States,-84.1276,41.7942,10972.8,294.62,804.672,United States
ac6573,SWA2847 ,United States,-94.0381,29.8297,10972.8,269.02,757.5840000000001,United States
acae3c,N916PB  ,United States,-104.9122,39.5942,2278.38,226.53,196.488,United States
0d07a8,VOI5612 ,Mexico,-101.5692,24.9724,11582.4,240.0,718.56,Mexico
ac5e6e,SWA500  ,United States,-104.6805,39.9017,2057.4,62.81,381.024,United States
a3d4c6,DAL1043 ,United States,-95.2995,29.9935,91.44,270.0,233.35199999999998,United States
a07fa6,RPA4418 ,United States,-82.348,35.3358,3040.38,221.14,447.588,United States
8418b4,JAL16   ,Japan,-122.0194,37.5335,10668.0,139.92,885.888,Japan
a1ca5f,SWA2465 ,United States,-121.0688,35.5411,8839.2,143.82,743.436,United States
c0517e,WJA2267 ,Canada,-86.7212,23.3571,10972.8,337.66,774.864,Canada
4cae9f,RYR7833 ,Ireland,13.8465,49.8215,11582.4,213.3,839.8439999999999,Ireland
a8ab73,N658LG  ,United States,-112.1523,34.7767,2971.8,11.1,201.96,United States
7817a2,,China,118.8104,24.1562,10386.06,229.07,811.368,China
0aca03,LEGACY2 ,Colombia,-74.4925,4.9679,3855.72,184.06,549.576,Colombia
a9bbec,TCN726  ,United States,-88.8017,41.5485,13106.4,270.13,840.816,United States
a12457,N173AE  ,United States,-81.7449,37.1147,9144.0,208.2,552.672,United States
adfc98,VANDY40 ,United States,-97.629,38.8513,693.42,276.53,244.188,United States
49d04d,TVS1XY  ,Czech Republic,9.4048,50.2864,10972.8,277.34,782.388,Czech Republic
71c353,JNA006  ,Republic of Korea,104.1444,12.6295,11277.6,47.07,870.12,Republic of Korea
868340,JAL55   ,Japan,-90.8628,45.6098,9753.6,322.45,777.888,Japan
a7d276,DAL2163 ,United States,-72.8771,42.2728,2240.28,98.13,550.008,United States
a327dc,N302MJ  ,United States,-96.0254,36.11,883.92,94.36,390.06,United States
a2f4a0,N29RH   ,United States,-95.2357,32.3342,190.5,31.53,191.196,United States
a47d11,DAL578  ,United States,-90.0288,27.8364,10668.0,177.1,914.22,United States
a30daf,VJA296  ,United States,-79.4462,36.7488,12192.0,211.62,667.6560000000001,United States
aa78b2,ENY3353 ,United States,-83.4015,40.011,4274.82,271.08,590.904,United States
a7e58d,CXK339  ,United States,-81.842,35.5431,1394.46,211.83,189.648,United States
a17dfc,N1956V  ,United States,-96.7841,44.1569,1226.82,175.75,224.71200000000002,United States
a3772d,EJA322  ,United States,-80.6764,33.729,6332.22,188.73,646.452,United States
406b6d,CFE908  ,United Kingdom,-4.2647,55.7123,6644.64,181.68,694.8000000000001,United Kingdom
a1244d,UAL1383 ,United States,-112.2674,33.1097,10972.8,306.51,877.86,United States
471843,JSD227  ,Hungary,4.7428,50.8002,12184.38,301.06,739.404,Hungary
a30dc5,SWA597  ,United States,-118.241,33.9685,1013.46,262.67,392.112,United States
adfc78,BOXED54 ,United States,-97.49,37.3514,3558.54,227.03,480.92400000000004,United States
adacfd,AAL2025 ,United States,-77.457,35.7221,10043.16,218.08,576.468,United States
71c347,KAL036  ,Republic of Korea,-86.9839,36.5985,7924.8,316.01,741.312,Republic of Korea
a47d05,DAL2903 ,United States,-108.0341,41.5252,11887.2,95.44,997.1640000000001,United States
a54db1,OXF9610 ,United States,-111.2441,33.0538,1905.0,11.23,247.356,United States
a9c2de,SKW6254 ,United States,-118.476,33.9082,4434.84,56.26,643.6080000000001,United States
a0176a,NI05BK  ,United States,-119.218,35.1103,10965.18,327.48,926.8199999999999,United States
780630,HLF9884 ,China,24.8562,58.0452,10668.0,59.18,892.836,China
458846,BBB32   ,Denmark,-2.5952,57.3284,9685.02,106.46,679.752,Denmark
a11d3c,DAL531  ,United States,-100.6985,35.5088,10972.8,272.49,767.4480000000001,United States
c82aa5,TFX12   ,New Zealand,140.8717,-36.4677,9144.0,295.46,818.46,New Zealand
ad7813,N967VS  ,United States,-104.201,39.1387,2887.98,95.64,301.5,United States
406b5a,EFW7EL  ,United Kingdom,2.982,39.6897,1028.7,205.3,411.732,United Kingdom
7110fa,FAD508  ,Saudi Arabia,53.7703,25.5265,10363.2,284.77,704.808,Saudi Arabia
a447a9,COL375  ,United States,-81.027,24.7203,2263.14,145.74,519.84,United States
a37738,ENY3874 ,United States,-78.2126,29.8009,10363.2,170.94,611.388,United States
adf068,AAL2930 ,United States,-109.959,36.6073,10058.4,84.49,906.12,United States
a9d5df,UAL154  ,United States,-157.9235,21.108,1546.86,251.23,494.892,United States
a4ba02,RPA4467 ,United States,-82.8774,34.9428,8671.56,224.21,759.6,United States
a3a102,N333AP  ,United States,-84.5638,33.3386,480.06,126.98,187.77599999999998,United States
a0ade2,AAL2805 ,United States,-97.1544,32.7371,2308.86,262.7,451.836,United States
a9125f,DAL1094 ,United States,-81.2293,28.7258,11277.6,346.24,934.3079999999999,United States
406b4a,VIR385E ,United Kingdom,15.7083,43.6438,12192.0,307.15,834.1560000000001,United Kingdom
a972ee,GTI346  ,United States,-104.9232,36.8194,10058.4,144.31,1044.3600000000001,United States
486073,KLM601  ,Kingdom of the Netherlands,-111.6504,40.7629,12192.0,204.56,900.0,Kingdom of the Netherlands
486072,KLM879  ,Kingdom of the Netherlands,73.1314,17.4006,11887.2,121.86,979.02,Kingdom of the Netherlands
a1242d,UAL1751 ,United States,-90.6303,14.5418,2453.64,187.79,396.288,United States
a0c7f2,N15BC   ,United States,-95.253,30.3203,274.32,284.17,189.108,United States
a05dfe,N12234  ,United States,-121.662,37.2078,853.44,74.98,157.248,United States
71c362,AAR221  ,Republic of Korea,-80.6492,48.6095,10972.8,324.36,861.3720000000001,Republic of Korea
a04acc,N118K   ,United States,-111.9033,33.6292,396.24,224.27,206.928,United States
a2a77b,N270LE  ,United States,-71.1005,42.1785,4808.22,141.98,646.488,United States
704020,MMA390  ,Myanmar,100.7629,13.6989,68.58,194.47,237.16799999999998,Myanmar
a6626c,N510LC  ,United States,-81.4551,28.4621,83.82,356.05,53.82,United States
ab1203,AAL2255 ,United States,-80.9549,34.9992,1508.76,27.74,322.23600000000005,United States
ab6ba6,LYM3802 ,United States,-96.8094,32.6974,3733.8,82.31,609.228,United States
a7cb53,DAL506  ,United States,-111.9605,41.3791,10058.4,130.74,1021.6800000000001,United States
a78263,N583PS  ,United States,-89.2632,39.5853,11894.82,18.78,788.292,United States
a23148,N240PD  ,United States,-95.9492,41.217,792.48,297.53,148.284,United States
a8fe5d,NKS992  ,United States,-81.7646,31.9504,10370.82,199.32,755.568,United States
a47d4c,LXJ389  ,United States,-107.6671,38.8465,13716.0,244.19,693.288,United States
ab385e,AAL1511 ,United States,-82.3571,35.3713,10248.9,225.76,788.436,United States
34839a,ECOLS   ,Spain,-6.0286,36.897,838.2,22.66,230.796,Spain
503d26,SZN406  ,Lithuania,-16.5833,16.7134,10988.04,203.78,767.0160000000001,Lithuania
aab5ab,FLC79   ,United States,-87.039,32.959,4175.76,21.9,387.252,United States
a10a7b,N1661H  ,United States,-84.7937,31.4618,1188.72,252.0,155.77200000000002,United States
71bc23,AIH248  ,Republic of Korea,-87.8854,41.0116,8983.98,178.64,1015.1640000000001,Republic of Korea
71c308,AAR521  ,Republic of Korea,9.2281,49.9492,11582.4,292.13,771.7320000000001,Republic of Korea
a66289,KFB510  ,United States,-98.0586,40.5559,13106.4,76.84,968.0760000000001,United States
a9d5e7,UAL1978 ,United States,-93.206,38.962,11277.6,98.18,937.368,United States
a8f236,N676CB  ,United States,-76.1523,36.2596,167.64,292.83,114.552,United States
a3776f,AAL2099 ,United States,-70.948,19.7464,9616.44,327.96,876.1320000000001,United States
adf06d,DAL1391 ,United States,-76.8387,39.9497,8389.62,276.86,744.264,United States
a8f235,EDV5055 ,United States,-83.7678,40.2905,9448.8,40.1,828.036,United States
71c300,TWB154  ,Republic of Korea,120.368,16.6984,10668.0,347.78,848.916,Republic of Korea
a1c1c7,RP5697  ,United States,-73.1381,43.2788,10363.2,257.07,744.876,United States
ac08f5,AMX451  ,United States,-95.9114,20.3056,11277.6,71.12,910.116,United States
4cacb6,SAS609  ,Ireland,9.5399,50.8287,11887.2,197.02,759.24,Ireland
4d2320,SWU1951 ,Malta,11.3728,46.5416,5814.06,204.74,650.484,Malta
4cacb1,FPO756  ,Ireland,5.0727,43.5365,762.0,133.69,171.61200000000002,Ireland
aaeb0e,UAL1478 ,United States,-97.9403,32.6929,10050.78,145.89,921.528,United States
a2579f,N250BH  ,United States,-87.3617,33.492,6393.18,271.15,553.86,United States
a314d9,SKW4119 ,United States,-114.4539,33.4714,9441.18,91.53,765.144,United States
06a03d,QTR21Y  ,Qatar,53.8485,24.6616,9357.36,105.38,998.784,Qatar
ab72b3,DAL1998 ,United States,-103.8635,29.9911,10972.8,218.42,834.444,United States
71c339,JJA2104 ,Republic of Korea,121.0469,15.1688,5387.34,355.94,679.536,Republic of Korea
a9e8e0,N738BD  ,United States,-93.2098,45.1594,419.1,180.0,112.968,United States
a8fe57,NDU679  ,United States,-111.6689,33.1991,868.68,358.94,200.052,United States
ac3e3a,SWA860  ,United States,-117.5758,34.055,274.32,270.36,292.608,United States
a6ab8a,NASA529 ,United States,-76.3335,37.0917,160.02,250.59,206.17200000000003,United States
a9e8ce,ASA1336 ,United States,-111.6271,32.7208,10668.0,151.22,815.58,United States
aaa2b0,SWA562  ,United States,-87.3963,34.7135,7315.2,347.66,667.332,United States
aab5cb,N79BF   ,United States,-112.0811,33.6285,2430.78,244.5,490.392,United States
a8eb21,FFT2746 ,United States,-96.0284,37.0149,10058.4,115.93,974.052,United States
a91225,CXK1063 ,United States,-81.0151,32.2106,944.88,90.0,262.98,United States
a6ab95,N529NM  ,United States,-104.5364,39.8018,12192.0,324.08,672.3720000000001,United States
a8aef3,JBU1425 ,United States,-81.5466,32.1642,10972.8,194.38,753.264,United States
ab3895,N822DA  ,United States,-97.1025,37.9377,7620.0,5.09,355.14000000000004,United States
4d2304,RYR16ZZ ,Malta,12.605,49.5484,10058.4,17.38,762.66,Malta
a9e8f5,N738C   ,United States,-112.2196,33.6457,883.92,199.18,270.612,United States
ac3e65,N8883Y  ,United States,-104.3433,40.6458,3139.44,294.6,169.056,United States
800b05,BDA102  ,India,77.6186,13.2077,1257.3,90.45,233.35199999999998,India
a0f149,N16W    ,United States,-85.9171,39.911,11277.6,85.26,895.716,United States
a1d4bc,ENY4097 ,United States,-97.7074,26.9487,4747.26,196.03,684.072,United States
a80595,FFT3315 ,United States,-120.109,37.0523,10210.8,334.45,884.7,United States
a9cecf,AAL51   ,United States,-96.3776,33.3592,3505.2,229.44,575.316,United States
a1c1a0,ASA867  ,United States,-121.3204,38.5586,9753.6,232.66,815.292,United States
e49c04,TAM4597 ,Brazil,-48.0404,-5.5266,10668.0,177.47,880.56,Brazil
a7de93,EDV5099 ,United States,-77.1836,41.684,8229.6,104.3,892.512,United States
e49c05,TAM3213 ,Brazil,-46.6229,-23.2413,3048.0,270.25,418.572,Brazil
a25793,N250AW  ,United States,-118.6368,36.5617,5242.56,107.12,484.452,United States
a1c1a5,N212HF  ,United States,-93.4781,44.0614,3467.1,4.05,577.404,United States
aafe70,N8071Y  ,United States,-107.1354,32.656,2560.32,330.61,184.932,United States
a1bac2,AAY2978 ,United States,-81.7063,31.7352,10972.8,196.7,754.092,United States
aa4c87,UAL1649 ,United States,-107.9288,36.1558,10972.8,315.8,751.752,United States
a91e6e,NKS2893 ,United States,-77.9564,34.577,11285.22,1.78,1013.5440000000001,United States
a35109,JBU1496 ,United States,-81.2537,25.2971,5029.2,39.86,774.432,United States
a291b6,N265BN  ,United States,-89.4379,34.895,3337.56,317.58,348.696,United States
06a063,QTR42X  ,Qatar,15.4461,49.1338,10668.0,107.45,951.2280000000001,Qatar
4b8c4b,TRK4    ,Turkey,33.6037,35.9513,5394.96,169.6,779.544,Turkey
aceeb5,N932SP  ,United States,-157.8648,21.2959,1851.66,281.54,268.416,United States
a2444d,N245TT  ,United States,-72.7551,43.2192,7688.58,238.87,655.56,United States
ab85eb,N8410C  ,United States,-85.4579,31.3713,548.64,347.28,117.72000000000001,United States
a59143,EJA458  ,United States,-111.5191,35.4712,9159.24,267.08,799.236,United States
39ceb2,TVF59LE ,France,22.2701,38.7425,10972.8,314.1,747.864,France
ad5cc2,N960GF  ,United States,-84.2996,33.9151,1470.66,236.56,235.26,United States
ac4ffb,SWA4287 ,United States,-94.8874,40.8839,11887.2,83.46,943.236,United States
3c56ed,EWG78U  ,Germany,26.1738,35.4842,10972.8,340.1,734.652,Germany
3420cc,IBE06PA ,Spain,1.9601,43.9806,10965.18,53.57,870.0840000000001,Spain
39ceb7,TVF19SC ,France,-3.0229,45.3639,12192.0,33.75,906.5880000000001,France
a8b746,N6605F  ,United States,-86.9205,40.2074,1325.88,266.99,140.94,United States
4d234b,RYR383V ,Malta,10.8759,49.7999,11277.6,226.74,778.248,Malta
4cacdf,RYR2045 ,Ireland,1.4838,46.4938,11277.6,190.21,720.72,Ireland
aca6d6,N914PK  ,United States,-81.816,34.5112,1272.54,289.77,301.104,United States
c03d67,HRT242  ,Canada,-82.0491,28.0932,3352.8,204.92,549.36,Canada
a7f7cd,N612SS  ,United States,-96.823,34.4559,975.36,237.06,275.868,United States
47c98d,IGO48H  ,Norway,21.0764,40.3724,11277.6,139.98,935.9280000000001,Norway
4d2350,RYR12LH ,Malta,-7.5525,40.7989,11277.6,216.02,771.624,Malta
39cea9,TVF7378 ,France,4.7055,43.36,6446.52,278.52,700.3800000000001,France
aaa342,ENY4203 ,United States,-87.5869,42.1385,3985.26,93.75,651.456,United States
7448a4,RJA154  ,Jordan,32.693,33.4536,11277.6,128.62,931.608,Jordan
3c56ea,EWG9F   ,Germany,9.0746,50.2287,10058.4,185.47,757.224,Germany
a72127,N559DB  ,United States,-112.0609,41.735,2529.84,251.18,172.188,United States
ad5cb1,N960FP  ,United States,-85.7348,30.9726,8839.2,109.36,726.3000000000001,United States
aca6c0,AAL1616 ,United States,-87.0719,37.1366,11887.2,108.04,944.6760000000002,United States
46d0a3,SEH841  ,Greece,20.5014,43.1441,11894.82,148.11,883.404,Greece
4d2366,ANE61JN ,Malta,-4.4535,36.6423,182.88,310.6,221.976,Malta
abbc52,SWA2869 ,United States,-99.6212,31.0001,11277.6,100.06,912.24,United States
4d2368,RYR818V ,Malta,-3.9397,43.1972,11277.6,185.99,728.1,Malta
a12fb5,WMU22   ,United States,-85.2206,42.3161,685.8,121.31,210.27599999999998,United States
4d235a,VIV2263 ,Malta,-98.3543,26.0445,11277.6,107.0,912.1320000000001,Malta
4d235b,VJT731  ,Malta,13.2525,46.9181,14325.6,306.67,858.96,Malta
47a31a,NOZ328  ,Norway,16.7585,68.4593,11277.6,24.85,859.284,Norway
a9741d,AAL3052 ,United States,-80.0879,26.0658,304.8,270.48,222.264,United States
a301f3,EDV5084 ,United States,-82.1483,34.9049,9448.8,54.81,944.9280000000001,United States
800b63,AXB2024 ,India,82.0636,17.1216,8420.1,243.86,781.884,India
800b62,AXB1040 ,India,80.253,27.0437,5074.92,116.2,771.9480000000001,India
abb007,DAL107  ,United States,-74.1017,41.1695,6096.0,183.16,604.6560000000001,United States
ac8009,SWA3122 ,United States,-100.5836,37.1898,12192.0,290.1,705.9960000000001,United States
39ceaa,TVF7908 ,France,0.2192,48.9321,9890.76,272.65,721.1880000000001,France
39ceac,TVF56VG ,France,3.9104,47.1745,10287.0,343.9,834.66,France
4d234c,RYR219K ,Malta,18.17,40.7627,9494.52,104.34,919.476,Malta
39ceaf,TVF67QR ,France,8.2382,44.3444,11894.82,135.0,845.964,France
4d234e,RYR4919 ,Malta,-9.1231,38.9013,4373.88,48.58,671.796,Malta
c03109,SUT1791 ,Canada,-114.0002,51.1441,1958.34,47.76,217.656,Canada
c82aff,TFX36   ,New Zealand,142.423,-36.9349,9144.0,291.36,803.376,New Zealand
a8540b,PDT5876 ,United States,-75.3171,39.8487,830.58,249.48,353.952,United States
a96109,JIA5153 ,United States,-77.1402,38.7731,1295.4,123.75,510.04800000000006,United States
4d2336,KMM514  ,Malta,14.1129,44.8094,10972.8,25.94,838.224,Malta
ab10bd,N8119Y  ,United States,-95.892,32.5775,1287.78,299.36,271.98,United States
aca6f6,EJA914  ,United States,-85.7963,40.964,13106.4,267.98,735.696,United States
e4a400,PRZSI   ,Brazil,-40.3364,-20.431,45.72,25.77,119.26800000000001,Brazil
a59167,SCU51   ,United States,-96.2495,36.0891,1440.18,127.29,253.728,United States
a89aba,N65331  ,United States,-89.6643,30.1326,853.44,264.59,176.72400000000002,United States
aaa34c,,United States,-108.4864,45.7937,1181.1,294.73,154.944,United States
a301e4,N293P   ,United States,-85.3766,32.0041,8648.7,323.19,680.0400000000001,United States
a2e1ce,AAY371  ,United States,-105.2145,37.9299,10972.8,268.96,714.9960000000001,United States
a77ae0,DAL2208 ,United States,-109.209,35.2164,9753.6,226.33,844.884,United States
a1c1f0,EJM3    ,United States,-77.052,35.4966,12496.8,25.68,1076.832,United States
a3b49a,N338M   ,United States,-81.9388,39.2348,12192.0,205.66,842.436,United States
a5f46e,ASA1007 ,United States,-157.6295,20.965,3429.0,305.7,526.8240000000001,United States
800b2b,IGO6001 ,India,78.0077,9.5333,8846.82,212.99,761.796,India
a24493,SWA2770 ,United States,-100.1403,35.9845,11582.4,262.18,734.6880000000001,United States
4d231c,RAM679Q ,Malta,-4.2626,41.6423,10675.62,184.82,726.696,Malta
3985a1,AFR6224 ,France,3.0392,47.2069,10332.72,158.56,770.0400000000001,France
a804e2,N61588  ,United States,-80.6861,25.8347,670.56,6.79,156.67200000000003,United States
4d2331,EAU22H  ,Malta,4.9505,46.2936,13716.0,333.54,926.784,Malta
3985a7,AFR6225 ,France,7.2328,43.6686,190.5,55.7,289.188,France
aa9b42,SWA2312 ,United States,-116.9417,36.7388,11506.2,325.22,834.336,United States
a3a187,LXJ333  ,United States,-80.0387,26.1579,1508.76,188.24,413.568,United States
4cace0,RYR7328 ,Ireland,-8.2838,50.913,11582.4,193.84,774.3960000000001,Ireland
a0f189,N16YP   ,United States,-66.0326,18.4355,152.4,89.51,214.848,United States
39cea5,TVF8071 ,France,14.1298,36.7514,11582.4,304.04,757.6560000000001,France
48e958,LOT5YB  ,Poland,19.5776,51.5046,6629.4,71.91,787.14,Poland
a9d718,N733KG  ,United States,-74.4457,40.9274,944.88,312.59,155.988,United States
4d2346,RYR7889 ,Malta,0.1938,51.7527,9753.6,34.82,963.288,Malta
a6aac2,JIA5203 ,United States,-86.8967,41.8803,3383.28,299.39,588.7800000000001,United States
a817fc,VJA620  ,United States,-80.8124,27.2073,5791.2,341.24,713.916,United States
a4c170,RPA4721 ,United States,-72.8357,40.8912,3634.74,216.17,426.744,United States
70aebe,HIM363  ,Nepal,73.0114,28.5186,10980.42,266.87,645.444,Nepal
a301d8,ENY3832 ,United States,-79.3669,26.1509,7010.4,79.54,928.4760000000001,United States
a1c1e2,N212KS  ,United States,-102.0724,37.7877,5806.44,91.25,509.436,United States
39cea0,TVF3233 ,France,-7.629,39.0175,11582.4,32.49,858.492,France
ad5ccc,XSR960  ,United States,-83.5181,36.4497,13106.4,209.28,874.764,United States
a7ddd6,N606DB  ,United States,-106.7751,35.1607,1851.66,293.75,151.74,United States
acdc40,DAL1979 ,United States,-78.2416,27.4071,10668.0,123.48,852.66,United States
aaf0d3,N804BA  ,United States,-120.7128,39.2729,3360.42,62.14,293.256,United States
af4f2f,SHWK412 ,United States,-117.461,32.6149,-15.24,358.09,55.583999999999996,United States
ac30c0,DAL1226 ,United States,-96.7353,45.7455,10363.2,287.13,748.08,United States
ac801e,EDV5112 ,United States,-84.48,39.4292,4983.48,24.6,604.98,United States
e49aa8,TAM8034 ,Brazil,-46.7689,-24.1024,7909.56,217.35,787.5,Brazil
ab10df,AAL897  ,United States,-77.2636,38.1817,3314.7,14.2,634.248,United States
aaf0ce,AAL301  ,United States,-81.3212,23.3018,10972.8,6.74,898.884,United States
800b99,AXB863  ,India,75.2863,14.2151,9144.0,298.12,856.728,India
a1e946,RPA5705 ,United States,-73.2844,42.695,8016.24,33.04,947.736,United States
a1d614,N2171X  ,United States,-81.3998,26.3926,304.8,338.46,151.30800000000002,United States
47c968,IGO0001 ,Norway,27.0457,36.2521,11582.4,317.76,787.968,Norway
ad63f7,DAL2925 ,United States,-84.3354,33.4599,4617.72,82.23,712.152,United States
ad50c9,AAL3068 ,United States,-90.1642,38.1625,10652.76,114.31,989.6760000000002,United States
406b48,VIR23X  ,United Kingdom,-1.3158,52.942,6522.72,325.74,885.06,United Kingdom
4d2395,RAM939  ,Malta,6.0182,43.4035,11277.6,235.37,785.484,Malta
aa52a0,RPA3624 ,United States,-78.8815,37.6331,9753.6,215.25,680.328,United States
71c390,KAL432  ,Republic of Korea,115.7312,3.8513,11879.58,13.46,891.216,Republic of Korea
71c395,ABL745  ,Republic of Korea,104.2218,20.2107,8534.4,216.35,740.4480000000001,Republic of Korea
a59d3d,N4609Q  ,United States,-80.5004,25.9924,624.84,50.71,184.248,United States
4d2393,VIV4130 ,Malta,-99.8044,23.244,10500.36,173.82,860.616,Malta
a3ad5a,DAL1676 ,United States,-91.8264,30.5003,8839.2,72.47,928.368,United States
ab738b,NDU837  ,United States,-111.616,33.2486,868.68,154.98,183.924,United States
a5b7e6,LXJ468  ,United States,-121.1235,36.6745,7620.0,146.31,774.576,United States
a44917,UAL1732 ,United States,-70.9608,42.3121,1074.42,98.1,447.084,United States
3b7f68,TPON17  ,France,-1.1088,44.5418,83.82,236.31,180.288,France
abd69d,DAL9944 ,United States,-86.3607,34.0447,11049.0,288.85,733.86,United States
781916,CSN8031 ,China,135.0709,33.4772,10668.0,83.88,1164.132,China
a07994,N13HN   ,United States,-90.7118,42.3967,472.44,178.39,131.544,United States
a1863b,DAL742  ,United States,-118.3609,33.9564,213.36,262.69,291.276,United States
ac30dc,ERU885  ,United States,-81.0399,29.1829,106.68,247.46,106.272,United States
a58a29,UAL471  ,United States,-77.8457,38.4908,7109.46,227.91,541.548,United States
a59d63,ASA211  ,United States,-121.9854,37.9525,3558.54,50.84,630.5400000000001,United States
71c388,APZ132  ,Republic of Korea,140.6255,39.3029,12496.8,256.96,804.1320000000001,Republic of Korea
407e68,EXS632  ,United Kingdom,-8.013,38.0918,10972.8,27.34,858.96,United Kingdom
407e69,EXS48CL ,United Kingdom,-5.1225,42.5756,10972.8,24.96,917.208,United Kingdom
a36fa4,EDV5175 ,United States,-92.3039,44.8599,6248.4,274.89,630.1080000000001,United States
44067b,IJM011  ,Austria,12.3863,53.9095,1127.76,98.1,447.084,Austria
a6141b,LFA473  ,United States,-81.2176,28.5886,487.68,244.56,168.156,United States
407e61,EZY787Y ,United Kingdom,-3.1103,55.3717,4960.62,357.36,643.3199999999999,United Kingdom
a3ad6d,EDV5221 ,United States,-81.6319,38.3459,9441.18,92.57,910.26,United States
348311,ECOMT   ,Spain,0.1358,39.7868,2659.38,219.69,565.56,Spain
a3a138,N333CT  ,United States,-112.015,41.1989,1211.58,180.0,125.928,United States
a5a4c7,ASI85   ,United States,-111.8535,33.273,647.7,58.06,185.508,United States
3b7f6f,CEV4515 ,France,3.9156,43.5311,2407.92,84.19,329.50800000000004,France
4d236a,RYR8AM  ,Malta,9.0927,43.6866,10302.24,230.96,793.98,Malta
4d236c,RYR19TJ ,Malta,11.3697,50.0742,11277.6,90.48,890.856,Malta
a20930,ASA959  ,United States,-124.6705,36.526,9448.8,228.36,850.068,United States
a4e773,N415HS  ,United States,-83.0601,29.6792,8702.04,337.48,763.884,United States
a46a7e,DAL2125 ,United States,-93.1943,44.8709,632.46,120.73,308.088,United States
46dca2,SEH3XP  ,Greece,18.9859,39.8812,11894.82,126.55,873.792,Greece
407e54,EXS81E  ,United Kingdom,-9.4765,45.7962,11277.6,359.62,842.6880000000001,United Kingdom
acf69b,EDV5207 ,United States,-80.8085,32.596,6179.82,53.08,820.08,United States
acdc7f,N928GG  ,United States,-116.7525,32.332,13502.64,140.74,877.86,United States
a59d5f,AAL621  ,United States,-96.3365,30.2806,10050.78,99.93,923.184,United States
a71a0b,GJS4193 ,United States,-72.8024,44.2298,2232.66,304.23,378.576,United States
348306,IBB533Y ,Spain,-6.9677,37.3152,8534.4,50.19,882.3240000000001,Spain
a53ad7,EJA436  ,United States,-74.1667,40.8133,1211.58,273.32,384.012,United States
348307,IBB37TC ,Spain,-10.8355,38.028,10972.8,20.36,803.952,Spain
ad0373,DAL1654 ,United States,-84.0264,42.7208,5250.18,123.77,753.012,United States
a9c2ef,N728TB  ,United States,-94.5665,39.1195,525.78,2.92,181.72799999999998,United States
a4e77c,NJM415  ,United States,-74.8147,35.2071,10668.0,133.85,780.66,United States
a60d5c,N4897G  ,United States,-97.3385,33.3279,929.64,80.29,208.548,United States
a016d0,N1046X  ,United States,-93.8597,42.0689,548.64,213.39,97.596,United States
c007d8,ACA358  ,Canada,-95.7554,49.6858,10660.38,98.24,916.956,Canada
407e3a,VCG3LE  ,United Kingdom,6.0571,46.3805,3048.0,94.43,503.38800000000003,United Kingdom
c04413,ROU1919 ,Canada,-97.4041,30.2907,1943.1,76.94,500.00399999999996,Canada
4d2389,FJO64J  ,Malta,-2.3235,53.5647,12496.8,132.87,846.576,Malta
aaf0ff,N804CV  ,United States,-93.6317,37.6404,12496.8,29.44,644.364,United States
800b81,SEJ185  ,India,80.1201,26.8328,11887.2,118.53,992.8079999999999,India
a71a09,N557GG  ,United States,-91.6686,29.4968,12527.28,108.4,956.3760000000001,United States
3c56f1,EWG3EL  ,Germany,7.084,51.5607,4648.2,54.55,670.644,Germany
a59d86,N461CB  ,United States,-97.5475,30.3838,190.5,311.42,167.94,United States
a4d454,N410CB  ,United States,-97.866,30.5749,1089.66,207.94,276.696,United States
aa78bd,PXT774  ,United States,-115.2919,38.3263,12192.0,270.81,653.832,United States
407e46,EXS75LS ,United Kingdom,-0.7133,50.74,6057.9,18.02,891.9720000000001,United Kingdom
a5a4be,N46299  ,United States,-81.6964,28.1718,609.6,277.94,80.424,United States
4d2385,RYR699R ,Malta,6.0036,51.3801,11887.2,118.83,879.444,Malta
4d2382,RYR38NB ,Malta,1.8217,41.3858,3840.48,342.29,651.312,Malta
348412,AEA51KH ,Spain,-1.9021,50.0993,10462.26,198.43,644.22,Spain
a54f37,N441KB  ,United States,-84.0856,41.3142,5410.2,209.03,385.488,United States
ac0912,N875BR  ,United States,-121.8083,39.7134,670.56,339.75,203.328,United States
a3aca6,FFT3707 ,United States,-103.4104,38.6787,10850.88,336.28,699.9119999999999,United States
a96172,KOW703  ,United States,-81.4804,30.315,11262.36,352.42,1010.7719999999999,United States
a44964,UAL1970 ,United States,-97.2261,33.5064,10294.62,331.4,746.712,United States
a1600b,SKW3315 ,United States,-122.9644,38.4443,1798.32,211.16,465.3,United States
a44963,UAL1273 ,United States,-82.2548,28.555,3352.8,178.66,555.768,United States
a54f31,EJM441  ,United States,-83.2899,39.9236,1851.66,21.11,401.04,United States
a123e3,UAL1973 ,United States,-109.9207,39.3723,10972.8,259.79,700.02,United States
a44962,UAL380  ,United States,-86.8106,35.5393,10668.0,175.23,957.0960000000001,United States
a47ca4,N3889Q  ,United States,-83.8063,34.2572,617.22,70.07,179.28,United States
a3fc18,N356LG  ,United States,-104.8574,40.787,12184.38,271.66,702.216,United States
a30326,N2931M  ,United States,-97.2199,33.0775,320.04,261.03,142.488,United States
0d0ee3,VIV153  ,Mexico,-98.2113,20.0318,9159.24,237.06,820.8720000000001,Mexico
a42f40,N369RP  ,United States,-104.7177,37.7494,4831.08,206.08,290.73600000000005,United States
7805a9,CSG2522 ,China,139.4846,36.4909,11582.4,230.78,741.06,China
a2097b,N230LA  ,United States,-118.2872,33.8428,129.54,184.09,233.964,United States
a11cf0,N171AM  ,United States,-104.7899,39.3154,2712.72,327.55,379.692,United States
a36ff7,SKW4123 ,United States,-119.269,34.6817,7330.44,144.3,672.768,United States
a16015,N188TH  ,United States,-97.1381,36.1701,6774.18,88.03,752.364,United States
a7d1ef,N6026Z  ,United States,-104.215,39.6501,2209.8,172.82,237.05999999999997,United States
adb476,AAL1206 ,United States,-75.1802,42.4693,10058.4,82.61,907.5960000000001,United States
348401,ANE72SM ,Spain,-3.5749,40.55,754.38,180.0,248.184,Spain
a243d2,AAY928  ,United States,-83.9115,29.793,10058.4,149.04,917.892,United States
a68946,DAL42   ,United States,-119.1618,32.8082,7780.02,47.49,753.696,United States
a506c7,N423AC  ,United States,-76.5164,36.8319,2979.42,151.89,306.576,United States
a3b3a0,N338B   ,United States,-89.7213,44.1643,1950.72,335.9,480.81600000000003,United States
a519ea,LXJ428  ,United States,-94.673,32.1292,13723.62,118.76,931.608,United States
a4493e,UAL1323 ,United States,-112.5211,35.5379,8618.22,278.71,696.9960000000001,United States
a1d63d,UAL1611 ,United States,-92.8387,41.4969,11277.6,82.92,931.248,United States
a0af7c,SKW5985 ,United States,-103.7656,39.7448,5707.38,97.93,751.6800000000001,United States
a4493a,UAL496  ,United States,-101.7075,30.6192,10668.0,107.2,926.7120000000001,United States
a2931b,N265RV  ,United States,-97.4918,29.4995,1889.76,2.47,257.652,United States
a36fe3,SCA32   ,United States,-112.0372,33.815,1645.92,281.94,196.884,United States
a23ccb,SKW107K ,United States,-81.6561,30.5096,114.3,249.61,223.27200000000002,United States
a4e6c0,AAL2831 ,United States,-103.651,35.0257,9448.8,78.48,899.676,United States
a506d1,AAL2035 ,United States,-79.5709,25.298,4183.38,303.41,534.708,United States
a1e968,N222KZ  ,United States,-93.8345,33.5994,11498.58,91.69,689.2560000000001,United States
a36fbf,EJA320  ,United States,-78.8896,36.26,8961.12,10.38,986.616,United States
a61fd8,PXT494  ,United States,-121.566,36.267,6400.8,118.8,445.932,United States
3e9808,PRIMR05 ,Germany,8.7681,52.4532,5173.98,329.85,490.46400000000006,Germany
ada16b,N978AP  ,United States,-84.8981,34.9027,975.36,148.32,204.552,United States
4d228a,RYR12SR ,Malta,17.0282,48.9409,6225.54,133.67,734.868,Malta
a6893e,DAL977  ,United States,-113.6677,39.1895,10363.2,251.13,767.2320000000001,United States
a4dfd2,FFT1166 ,United States,-66.1297,18.4339,662.94,90.64,331.524,United States
a05f95,RPA4429 ,United States,-83.07,34.7761,7315.2,223.61,757.152,United States
a759ce,N573CP  ,United States,-117.174,33.2116,1333.5,31.87,242.064,United States
a54312,RPA4794 ,United States,-82.0448,30.131,9753.6,192.59,730.5840000000001,United States
a1bc29,JBU1770 ,United States,-75.495,37.9941,10668.0,34.72,1086.048,United States
a54f68,N441MA  ,United States,-97.6501,29.9836,1592.58,76.32,289.728,United States
440669,AUA72   ,Austria,18.0195,47.3936,9707.88,296.68,795.924,Austria
a0fcd4,AAL1067 ,United States,-107.9804,34.4638,10668.0,88.24,902.34,United States
ac0941,DAL909  ,United States,-113.3348,36.3142,10668.0,71.76,875.556,United States
a7a9a0,N593MA  ,United States,-91.4559,30.6459,1295.4,296.57,178.056,United States
440667,AUA776  ,Austria,16.6344,48.294,1371.6,344.32,438.588,Austria
a4719a,CNS56   ,United States,-107.2442,34.4801,7315.2,268.4,465.04800000000006,United States
ace1fe,N9290N  ,United States,-82.2226,29.1043,388.62,3.01,140.94,United States
abe930,DAL2535 ,United States,-82.0718,27.3279,7909.56,162.63,725.76,United States
a5ffb9,N486JP  ,United States,-104.6807,39.5168,2263.14,301.79,263.664,United States
a2b9d6,N275HZ  ,United States,-112.1444,33.0456,12192.0,261.07,811.728,United States
4d229d,SEJ017  ,Malta,76.4276,10.8103,3779.52,170.05,675.036,Malta
a5696d,N448ME  ,United States,-98.1585,28.1564,807.72,344.2,204.012,United States
a4491d,UAL2653 ,United States,-84.7946,38.8733,10668.0,120.27,922.1039999999999,United States
86e4b8,JAL062  ,Japan,-118.7327,34.0933,3238.5,137.94,536.328,Japan
ac4fb5,SWA1662 ,United States,-108.0127,37.4425,11277.6,79.63,956.4480000000001,United States
a4491f,DAL689  ,United States,-105.9317,36.2404,11269.98,73.45,962.1719999999999,United States
a16c3a,DAL386  ,United States,-100.9167,42.5415,10668.0,87.34,999.288,United States
a28c23,SWA512  ,United States,-85.6483,38.6662,10515.6,350.51,730.404,United States
4cad28,RYR24CH ,Ireland,2.4601,53.0213,11277.6,96.58,889.272,Ireland
a230d1,N240JK  ,United States,-111.8891,35.4917,13411.2,280.6,795.1320000000001,United States
4cad29,RYR797U ,Ireland,16.765,52.2843,10972.8,241.69,816.192,Ireland
440611,EJU47ML ,Austria,-10.3354,37.1298,10972.8,38.04,886.536,Austria
aa51fe,SKW5012 ,United States,-87.8199,41.966,563.88,269.52,220.392,United States
503cb3,ELY5105 ,Lithuania,29.3415,41.6571,10972.8,343.97,724.5,Lithuania
4cad0f,RYR96CD ,Ireland,14.8232,50.0522,10972.8,44.54,810.648,Ireland
aafca8,JBU1553 ,United States,-78.3757,25.5474,8930.64,128.7,870.876,United States
a2803d,AAY591  ,United States,-83.6553,29.9635,10675.62,158.84,861.876,United States
a01805,RPA4601 ,United States,-74.0098,40.9122,2705.1,285.03,464.076,United States
a781f2,N583KD  ,United States,-83.4529,34.8349,12496.8,161.45,879.0840000000001,United States
868db5,ANA8421 ,Japan,-94.4652,48.2841,9144.0,313.13,801.864,Japan
440609,AUA405  ,Austria,7.6844,44.242,10652.76,240.19,804.672,Austria
398600,AFR32ZY ,France,7.3625,45.8012,10972.8,287.25,793.152,France
abd627,SWA3165 ,United States,-86.7255,36.0094,784.86,17.23,306.36,United States
440608,AUA36G  ,Austria,5.0173,49.6875,7246.62,261.92,579.888,Austria
a59197,UAL1107 ,United States,-99.2853,31.5855,8953.5,151.32,876.06,United States
398601,AFR7392 ,France,3.4594,46.1147,2293.62,171.09,502.38000000000005,France
a68902,VAR520  ,United States,-112.0218,33.1638,800.1,296.34,212.86800000000002,United States
398602,AFR36AF ,France,-2.7128,43.7587,5494.02,12.4,690.228,France
440606,AUA25M  ,Austria,11.3629,52.9859,7094.22,317.22,676.224,Austria
4cad39,RYR53BT ,Ireland,5.5484,46.3091,11887.2,130.27,873.828,Ireland
c03bf2,WJA2162 ,Canada,-99.2471,40.9675,11277.6,137.8,992.52,Canada
440605,AUA14D  ,Austria,16.3707,48.056,1554.48,234.0,510.4800000000001,Austria
ab6c1d,NDU35T  ,United States,-97.4472,46.9209,1607.82,87.14,296.676,United States
a781d7,JBU765  ,United States,-81.0472,31.2494,10980.42,194.74,691.3439999999999,United States
440604,AUA472  ,Austria,-7.3032,34.3198,10370.82,41.29,870.048,Austria
c03bf5,WJA1680 ,Canada,-106.3239,49.9358,11369.04,113.16,989.0280000000001,Canada
a1bc73,N2104N  ,United States,-119.5144,35.2223,3139.44,296.35,221.148,United States
ad1619,N942RM  ,United States,-84.2276,42.4673,1112.52,260.34,176.57999999999998,United States
a6149e,N491JG  ,United States,-93.9951,38.8431,1310.64,229.35,224.568,United States
4cad30,KZR917  ,Ireland,28.7882,41.6437,1272.54,218.62,436.176,Ireland
ab23b5,DAL661  ,United States,-84.4445,38.7087,2377.44,314.64,413.82,United States
a924fc,DAL602  ,United States,-87.5384,31.8942,10972.8,225.81,834.264,United States
ac4fd8,SWA3212 ,United States,-76.6383,39.1383,350.52,325.15,252.75599999999997,United States
a519b8,DAL668  ,United States,-122.3947,38.5744,8267.7,227.98,805.176,United States
a2e32b,N28519  ,United States,-112.1548,40.7364,1805.94,287.58,196.20000000000002,United States
ad0f29,SWA3458 ,United States,-76.7158,38.7186,2659.38,61.48,581.76,United States
a68914,KAP48B  ,United States,-65.6791,18.4271,1036.32,104.6,183.708,United States
a376ec,DAL1143 ,United States,-113.0508,32.9798,11277.6,99.59,800.136,United States
a44988,DAL3164 ,United States,-86.7577,33.4195,2072.64,161.11,589.176,United States
a85493,FFT2503 ,United States,-85.8597,40.051,9768.84,266.62,816.3000000000001,United States
a30f85,ASA82   ,United States,-122.4644,47.5422,2842.26,180.2,518.58,United States
a44981,UAL2306 ,United States,-91.2322,43.0382,9448.8,115.36,946.872,United States
ac56d9,SWA3590 ,United States,-111.5998,40.9489,5676.9,104.11,714.204,United States
4070ea,EXS46TX ,United Kingdom,-3.8618,47.4864,11582.4,1.66,893.052,United Kingdom
4070ef,EXS4DG  ,United Kingdom,-3.8041,49.2308,10972.8,3.12,918.1080000000001,United Kingdom
a36fff,AAL1208 ,United States,-102.3313,32.2904,10363.2,262.94,783.792,United States
a256fe,N25UY   ,United States,-102.8052,39.4632,19415.76,195.26,21.132,United States
a3298a,JBU1954 ,United States,-70.6033,42.1544,2430.78,12.12,591.012,United States
a42323,FFT4371 ,United States,-117.0757,34.2074,4030.98,210.9,602.208,United States
a243cb,ENY4303 ,United States,-92.7584,37.3363,9753.6,225.54,838.152,United States
ac56ba,SWA2883 ,United States,-112.5593,40.6011,10614.66,1.33,800.2800000000001,United States
a17f9a,N196MT  ,United States,-90.5747,43.1925,716.28,252.03,144.072,United States
a95a1c,AAL960  ,United States,-107.0859,32.0386,10668.0,107.75,886.752,United States
a8b75f,UAL41   ,United States,-65.9522,50.709,9753.6,220.28,684.612,United States
ac096b,CFS101  ,United States,-122.7076,45.7377,1333.5,339.69,250.77599999999998,United States
ac096a,FDX6092 ,United States,5.9697,50.5572,7315.2,251.74,750.816,United States
a1d685,N21745  ,United States,-122.5216,48.8185,518.16,19.25,123.588,United States
a42f65,N369TA  ,United States,-77.5914,39.2851,457.2,200.7,178.16400000000002,United States
a7caf7,N601AA  ,United States,-96.6863,30.3291,6896.1,94.02,475.27200000000005,United States
a376ee,NDU322  ,United States,-111.72,33.0587,1447.8,131.7,136.404,United States
4cad13,EAI19MS ,Ireland,-5.1509,53.5112,3825.24,257.47,478.08000000000004,Ireland
a04069,N115SU  ,United States,-84.5476,39.1802,327.66,116.57,8.28,United States
4cad10,RYR2BH  ,Ireland,-9.4342,37.5568,11277.6,226.42,738.828,Ireland
a28017,N260MG  ,United States,-98.5525,30.0647,1188.72,301.95,220.464,United States
a8a43a,NKS1634 ,United States,-118.8095,38.8607,7505.7,315.72,729.468,United States
4070e9,EXS26F  ,United Kingdom,-0.6383,52.1946,10218.42,335.14,920.592,United Kingdom
a72179,GJS4491 ,United States,-90.2407,38.6897,754.38,302.44,234.792,United States
a95a2b,VXP1186 ,United States,-77.8997,37.7576,11887.2,10.38,935.748,United States
a1bc55,MMY86   ,United States,-122.0395,40.5761,1318.26,214.35,177.22799999999998,United States
44061b,EJU837U ,Austria,5.0996,45.6165,2072.64,184.4,386.352,Austria
aaa332,N785B   ,United States,-117.4503,34.7303,3726.18,268.18,350.208,United States
4070e6,EXS5YQ  ,United Kingdom,-5.9532,44.3687,10972.8,20.83,911.484,United Kingdom
abcf58,FDX828  ,United States,-95.9126,37.9209,11887.2,139.0,1069.884,United States
06a070,QTR54G  ,Qatar,56.5162,23.6444,10668.0,117.81,1028.088,Qatar
ab1122,DAL1933 ,United States,-93.405,28.9416,10058.4,143.51,937.5120000000001,United States
aa03f3,N7441T  ,United States,-97.9691,35.1205,487.68,180.0,120.384,United States
a5f3cf,ASA47   ,United States,-129.3954,53.5763,10668.0,140.19,925.7399999999999,United States
503d62,ELY5483 ,Lithuania,30.4113,33.9386,12397.74,303.86,691.3800000000001,Lithuania
151fe1,AFL220  ,Russian Federation,37.4311,55.9739,5593.08,173.66,100.62,Russian Federation
45aa4f,DTR73H  ,Denmark,13.4872,43.5969,2522.22,46.37,491.21999999999997,Denmark
a90c30,N682RV  ,United States,-79.9204,26.3855,2484.12,204.39,457.524,United States
3949eb,AFR804  ,France,-3.9465,44.8564,10668.0,218.36,725.112,France
aab4d3,N78934  ,United States,-97.4506,32.3705,304.8,64.44,141.66,United States
ab71b6,N8365L  ,United States,-97.4115,32.3069,457.2,339.02,144.792,United States
a1c39f,N2122S  ,United States,-113.2068,35.9964,3390.9,157.79,338.076,United States
a7df61,SKW5928 ,United States,-99.8927,43.8555,9144.0,274.14,590.4720000000001,United States
ae47d9,HALON12 ,United States,-85.9218,31.703,731.52,250.94,215.53199999999998,United States
ac5765,SWA2953 ,United States,-111.697,33.8072,5059.68,22.56,651.744,United States
aa4027,N76KY   ,United States,-85.7378,38.3473,251.46,1.94,109.33200000000001,United States
ac3d3d,N888TG  ,United States,-90.6089,30.3956,1005.84,60.52,244.65599999999998,United States
abe7e3,SWA1883 ,United States,-98.4823,30.7646,5029.2,96.9,708.9119999999999,United States
4cad4f,RYR17FQ ,Ireland,19.8346,45.6828,11582.4,317.78,755.208,Ireland
4c01e4,ASL4383 ,Serbia,20.2685,45.6852,6789.42,162.58,723.9960000000001,Serbia
a53c7f,N4365R  ,United States,-112.3195,40.5889,1432.56,318.88,154.872,United States
ad7760,AAL1915 ,United States,-93.6314,33.6304,10668.0,74.37,886.572,United States
a866e7,N640TC  ,United States,-112.5453,40.7904,2316.48,200.22,150.012,United States
4c01e0,ASL58C  ,Serbia,25.6451,42.6962,10363.2,298.17,737.424,Serbia
06a072,QTR31J  ,Qatar,53.1039,24.8468,7292.34,104.99,945.1800000000001,Qatar
aaadf8,SWA8700 ,United States,-86.515,41.273,12496.8,133.88,940.4280000000001,United States
009abb,ZSKBW   ,South Africa,28.0614,-26.0624,1958.34,0.0,170.388,South Africa
a7e62d,NKS1461 ,United States,-79.6794,33.1515,5463.54,49.69,896.112,United States
e49b42,ACN5992 ,Brazil,-47.3275,-22.685,2407.92,310.91,220.572,Brazil
a078d7,TASI313 ,United States,-97.6017,31.9663,2354.58,347.81,377.06399999999996,United States
ac07fd,SWA2278 ,United States,-87.4192,30.8956,10972.8,275.97,729.936,United States
a6bf5a,ASA1368 ,United States,-117.7718,33.1046,4968.24,319.38,736.812,United States
34224e,IBE0681 ,Spain,12.3236,45.4832,22.86,41.9,266.22,Spain
4d21d4,CXI6928 ,Malta,14.715,47.1765,10972.8,319.04,743.076,Malta
c055c9,,Canada,-123.044,51.0919,6705.6,6.28,592.488,Canada
151fd9,SBI5211 ,Russian Federation,85.1872,54.8329,7764.78,89.58,753.768,Russian Federation
4d21c8,SEJ675  ,Malta,76.4208,10.045,1524.0,223.37,415.296,Malta
ac3d4a,N888TV  ,United States,-88.2816,42.0334,495.3,71.94,89.604,United States
ad14ae,OZN942  ,United States,-80.3368,25.9937,609.6,267.24,153.9,United States
c055d2,JZA62   ,Canada,-128.4137,53.7221,4053.84,341.39,388.872,Canada
a2806c,EJA260  ,United States,-89.7947,28.5119,11582.4,287.95,691.092,United States
ad14aa,AVA269  ,United States,-86.744,20.6619,5387.34,120.91,710.172,United States
06a087,QTR81K  ,Qatar,51.5964,25.3248,640.08,338.5,328.428,Qatar
06a088,QTR65F  ,Qatar,52.0677,25.2748,3512.82,106.56,734.22,Qatar
a93997,,United States,-80.3141,37.0067,2705.1,85.62,508.932,United States
a8b6e0,,United States,-87.8115,41.125,640.08,42.03,201.96,United States
a7e630,JIA5416 ,United States,-75.4825,40.0693,2232.66,93.37,473.076,United States
a3a0eb,UAL1850 ,United States,-111.8226,36.7971,11277.6,67.2,908.0640000000001,United States
4cad5f,ITY1291 ,Ireland,11.2229,44.0297,10058.4,139.45,860.364,Ireland
ad5d4e,N960MW  ,United States,-97.0194,37.0609,3611.88,222.31,530.964,United States
a8ff1b,N679W   ,United States,-99.7812,39.2706,11269.98,88.21,1007.964,United States
a7d32e,JBU2795 ,United States,-84.8821,23.0067,10355.58,270.3,698.22,United States
c055eb,JZA133  ,Canada,-114.1309,50.8985,1889.76,104.43,393.94800000000004,Canada
4cad46,ITY792  ,Ireland,21.7259,43.0227,11277.6,93.26,977.58,Ireland
a1c37f,N2121V  ,United States,-111.322,32.199,1417.32,213.41,208.548,United States
4cad48,ITY9481 ,Ireland,9.5273,41.3036,10972.8,78.49,918.5400000000001,Ireland
e49b14,ACN5190 ,Brazil,-47.2311,-22.7732,2103.12,354.39,303.336,Brazil
8406d0,JAL46   ,Japan,14.2041,45.0989,10668.0,112.13,963.648,Japan
a41036,N361CA  ,United States,-88.1532,41.7482,4556.76,20.0,492.732,United States
06a07e,QTR679  ,Qatar,54.7166,24.2787,12192.0,300.62,738.144,Qatar
4cad44,ITY793  ,Ireland,25.533,43.0847,12192.0,279.51,784.908,Ireland
155c45,RWZ4312 ,Russian Federation,32.092,38.9815,10363.2,26.86,807.552,Russian Federation
3482d5,ETD103  ,Spain,-3.4606,40.9243,2080.26,265.13,414.504,Spain
3482d6,AEA1302 ,Spain,10.3328,40.431,11582.4,284.31,854.352,Spain
aafd82,WMU18   ,United States,-85.2566,42.2954,624.84,125.66,209.70000000000002,United States
a01820,AMX782  ,United States,-114.1604,31.2967,10972.8,317.26,864.9720000000001,United States
39cf05,AFR470  ,France,5.361,48.4194,9997.44,114.07,894.528,France
aa4c3e,UAL1026 ,United States,-102.0114,35.4984,11277.6,158.16,935.784,United States
a41c75,BHR93   ,United States,-90.973,31.836,5006.34,249.79,471.672,United States
06a096,QTR99K  ,Qatar,51.7198,25.27,2369.82,158.2,508.644,Qatar
a30389,N2934F  ,United States,-93.2974,45.7113,1280.16,149.04,237.564,United States
06a094,QTR590  ,Qatar,57.2473,24.8175,10675.62,112.44,955.764,Qatar
a733e6,AAL3275 ,United States,-92.8436,33.9875,8839.2,65.76,897.7320000000001,United States
3c4599,BOX194  ,Germany,11.1145,51.6518,8740.14,274.07,757.512,Germany
503d73,RAM664Y ,Lithuania,-0.4544,47.0669,8755.38,53.37,881.568,Lithuania
e49b21,PSPAR   ,Brazil,-48.2583,-3.3435,8534.4,180.84,507.492,Brazil
a1bc92,JBU115  ,United States,-92.318,38.6097,9753.6,259.35,761.328,United States
3c458e,BOX584  ,Germany,107.0052,23.8137,12527.28,94.24,976.824,Germany
adb415,N982RM  ,United States,-95.5501,30.0482,0.0,352.87,119.44800000000001,United States
4cad54,RYR7261 ,Ireland,-9.728,39.1346,11582.4,17.37,849.924,Ireland
a7d31b,N603HH  ,United States,-122.4007,45.557,15.24,92.42,131.616,United States
3c458c,BOX523  ,Germany,22.6996,42.5466,10972.8,333.15,824.112,Germany
06a08d,QTR92R  ,Qatar,26.713,36.6943,10203.18,124.91,941.7239999999999,Qatar
39cf10,AFR860  ,France,-5.6266,42.9643,11582.4,210.65,813.744,France
a600e4,SWA3330 ,United States,-114.8539,36.1618,11879.58,52.58,844.1640000000001,United States
a5e0d3,SWA1853 ,United States,-83.6952,39.3729,11887.2,47.42,837.5400000000001,United States
39cf12,AFR872  ,France,-1.9537,42.3581,10668.0,206.27,815.832,France
39cf13,AFR592  ,France,-5.3218,35.6747,11277.6,215.86,840.924,France
ad775d,NKS566  ,United States,-96.7736,30.3333,5791.2,99.42,803.484,United States
4d21a2,KMM454  ,Malta,13.8168,36.4702,7848.6,324.35,870.624,Malta
ab0a79,N810MK  ,United States,-82.8528,31.4463,2133.6,146.07,361.62,United States
a9e9be,N738LA  ,United States,-76.2296,36.4642,1897.38,285.87,196.38,United States
45aa46,DTR546  ,Denmark,11.1131,60.1844,358.14,195.69,232.77599999999998,Denmark
4cad3e,RYR77CC ,Ireland,-0.9293,44.8056,11582.4,20.83,911.484,Ireland
aa797d,SKW9914 ,United States,-101.1077,32.4308,10972.8,265.17,769.464,United States
4cad3f,RYR28GX ,Ireland,-8.3233,39.7222,11582.4,354.29,818.928,Ireland
155c39,RWZ4380 ,Russian Federation,55.7663,27.154,9753.6,353.43,857.556,Russian Federation
ac91c2,XLJ909  ,United States,-85.495,39.6791,14325.6,329.89,749.34,United States
abd4e7,SWA2818 ,United States,-94.1955,30.3771,9212.58,219.01,765.036,United States
a97fe7,N711BK  ,United States,-120.2926,37.4156,3429.0,144.85,321.65999999999997,United States
3949f9,AFR158K ,France,-89.7331,43.6491,11582.4,213.24,925.6320000000001,France
4cad3c,RYR97NK ,Ireland,-4.1729,38.5001,11582.4,23.13,857.952,Ireland
c00899,ACA1048 ,Canada,-111.823,47.8288,10066.02,104.44,898.812,Canada
ad7796,EJA967  ,United States,-91.5598,42.3232,12496.8,80.92,868.356,United States
a1e8bd,N222DC  ,United States,-94.4866,39.1916,746.76,226.33,225.288,United States
a4ccba,JBU1408 ,United States,-65.3628,44.025,10965.18,249.51,571.392,United States
0d0f91,VIV1022 ,Mexico,-86.8605,21.0416,-15.24,303.32,239.36399999999998,Mexico
4d21ef,RYR8726 ,Malta,12.3664,40.4425,11277.6,257.74,767.556,Malta
ace1b6,N929XR  ,United States,-118.0466,34.0716,266.7,107.88,120.636,United States
ad14f9,DAL2542 ,United States,-86.1711,33.1789,8534.4,253.01,766.8720000000001,United States
a0053e,RVJ100  ,United States,-72.7835,42.0108,5806.44,134.48,721.5840000000001,United States
ae47fd,PAT04   ,United States,-77.2512,38.9128,502.92,186.88,216.39600000000002,United States
7c806a,QFA16   ,Australia,156.6267,-25.3786,12184.38,236.16,804.888,Australia
e49b79,PSYDF   ,Brazil,-46.6816,-23.5208,929.64,106.87,236.12400000000002,Brazil
a17ecc,N196DM  ,United States,-66.1055,18.4631,0.0,75.07,28.764000000000003,United States
a879ce,WMU64   ,United States,-85.1377,42.0033,1127.76,267.37,202.068,United States
a01880,AAL2707 ,United States,-102.0226,41.4906,10957.56,243.96,729.72,United States
a61ff5,494LG   ,United States,-104.7425,38.722,1965.96,328.14,224.568,United States
a065ca,N1246T  ,United States,-82.8732,32.5751,1219.2,335.6,197.244,United States
a41090,FFT2457 ,United States,-121.5287,36.9682,2080.26,323.18,460.404,United States
ace1af,EDV5271 ,United States,-73.8632,40.7944,228.6,213.81,236.268,United States
3c450f,VJH763  ,Germany,11.7483,55.9244,11887.2,47.63,912.42,Germany
a3fc58,DAL839  ,United States,-86.9198,34.5362,10058.4,102.41,965.2320000000001,United States
ad01ab,SWA4818 ,United States,-117.137,34.1069,3924.3,204.13,643.284,United States
ac91d4,AAL1320 ,United States,-103.0707,39.1528,6705.6,232.2,794.6279999999999,United States
a7a9c5,JIA5604 ,United States,-92.1166,36.9154,4823.46,288.38,593.2800000000001,United States
a2a823,SKW3704 ,United States,-117.7111,34.3398,7559.04,56.06,696.528,United States
a23e23,N24342  ,United States,-116.9854,32.843,457.2,91.21,175.96800000000002,United States
a052b4,N12PX   ,United States,-85.7107,31.7087,4785.36,133.93,563.22,United States
a53006,UAL1003 ,United States,-96.1415,38.5384,10668.0,108.94,998.568,United States
ad5d5c,NKS1030 ,United States,-86.5289,22.4616,9182.1,12.27,932.472,United States
acedf0,JRE932  ,United States,-101.1465,36.5861,13106.4,66.83,838.008,United States
ad5d5f,AAL1826 ,United States,-84.2765,33.5619,8534.4,238.86,820.08,United States
a04bbe,AAL1473 ,United States,-80.981,35.3129,1638.3,355.44,466.308,United States
a24529,UAL747  ,United States,-90.048,42.6737,8785.86,105.72,888.84,United States
aa03a2,RPA3686 ,United States,-80.8006,39.6836,10050.78,142.84,892.296,United States
a24526,UAL1755 ,United States,-80.9704,28.413,9448.8,340.1,913.932,United States
a85fb8,FFT1283 ,United States,-116.9732,34.4853,3550.92,229.25,635.58,United States
a2d094,OXF5048 ,United States,-111.5133,33.3882,1318.26,133.1,197.856,United States
ab0a95,AAL2703 ,United States,-67.2332,18.3441,10668.0,137.82,852.228,United States
a79625,ASA2609 ,United States,-103.5198,37.8002,11277.6,82.52,1010.52,United States
a999cb,AMF1570 ,United States,-84.5112,42.7809,632.46,225.27,278.928,United States
acedf5,JSX907  ,United States,-99.0272,31.0326,6553.2,107.99,821.7,United States
a9e9a5,N738KA  ,United States,-81.244,31.9339,967.74,213.09,196.74,United States
a6bf31,N5339M  ,United States,-104.6335,39.423,2209.8,304.35,134.568,United States
342211,IBE0921 ,Spain,-5.4332,37.1792,10058.4,197.43,803.6279999999999,Spain
342210,IBE05TV ,Spain,2.4899,48.7436,541.02,255.07,258.768,Spain
a2450b,UAL1126 ,United States,-82.5115,41.9648,10652.76,96.09,890.2800000000001,United States
a97fc9,TWY711  ,United States,-79.2708,29.3522,11209.02,192.44,678.96,United States
a078e5,N13AN   ,United States,-97.183,34.4917,1623.06,151.36,297.54,United States
aca79d,EDV4939 ,United States,-73.7361,40.8486,1356.36,32.99,377.568,United States
a6bf4e,JIA5660 ,United States,-83.2874,42.2572,1516.38,62.78,360.324,United States
4c01ed,ASL76L  ,Serbia,7.8501,40.6238,10386.06,63.72,824.112,Serbia
4cad86,SAS59K  ,Ireland,20.2309,63.1658,10081.26,22.06,843.264,Ireland
a065ab,EXP800  ,United States,-134.0888,57.0133,6096.0,339.29,397.98,United States
a198d3,N2015T  ,United States,-95.1494,34.0547,2979.42,183.6,354.42,United States
151fc8,SBI3007 ,Russian Federation,57.8024,64.7095,10668.0,58.59,813.744,Russian Federation
a80639,N616NE  ,United States,-108.7877,32.5247,12192.0,283.64,769.8960000000001,United States
a4d3be,N41WC   ,United States,-86.2477,39.3024,7315.2,332.39,407.556,United States
e4a2b9,AZU4851 ,Brazil,-36.9618,-8.8074,10774.68,29.02,870.444,Brazil
acdaec,N9273   ,United States,-86.3422,38.0181,12496.8,151.23,988.8120000000001,United States
a208b1,MXY209  ,United States,-82.6257,39.9752,960.12,284.45,311.72400000000005,United States
e4a2b8,AZU2500 ,Brazil,-45.5621,-22.2061,8724.9,44.9,742.536,Brazil
4c01ee,ASL134  ,Serbia,20.04,45.2457,4579.62,335.36,666.288,Serbia
ac91f1,N909PS  ,United States,-93.2288,44.9242,1165.86,44.83,433.476,United States
0d0377,VIV1101 ,Mexico,-99.1694,19.9065,6080.76,273.82,722.052,Mexico
ab0a9d,DAL1070 ,United States,-106.9827,35.7657,11582.4,246.36,794.484,United States
a866c7,RPA3501 ,United States,-85.4482,41.8398,9448.8,94.28,843.1560000000001,United States
a5a65e,N463SP  ,United States,-88.4078,41.7809,3238.5,178.69,242.676,United States
a54360,N4381Q  ,United States,-97.8108,33.3969,1295.4,275.78,147.06,United States
a4105b,DAL755  ,United States,-84.4074,33.6202,373.38,270.86,246.34800000000004,United States
407cb0,RUK5XH  ,United Kingdom,-9.1,37.2699,11887.2,189.65,839.736,United Kingdom
ac3185,N885MK  ,United States,-76.3916,36.6478,1737.36,159.52,312.336,United States
c0083e,CFDDD   ,Canada,-124.0368,46.9863,11582.4,243.01,779.4,Canada
a7cc00,EDV5027 ,United States,-83.6152,42.7796,9151.62,278.73,781.3439999999999,United States
4d21f1,RYR6TT  ,Malta,-8.2287,41.5533,5090.16,199.01,585.684,Malta
4d21f2,RYR82VT ,Malta,3.696,42.1904,11277.6,234.46,812.52,Malta
ac2a8e,N883SD  ,United States,-117.3046,33.0605,144.78,343.41,181.656,United States
a1b092,RPA5836 ,United States,-74.3469,39.6498,5311.14,45.44,857.772,United States
4cad96,SAS34B  ,Ireland,7.5924,47.6014,9860.28,199.1,803.556,Ireland
4cad91,SAS533  ,Ireland,14.6443,57.6695,11582.4,217.99,761.328,Ireland
4cad92,SAS37Y  ,Ireland,17.6573,59.8596,1859.28,83.78,478.76400000000007,Ireland
4d21e9,RYR5LP  ,Malta,6.679,44.0138,10995.66,231.89,807.3000000000001,Malta
4d21db,KMM420  ,Malta,4.7972,51.0485,1661.16,313.72,468.936,Malta
4d21dc,KMM491  ,Malta,11.1821,41.26,11277.6,158.56,825.7320000000001,Malta
ad5151,N9572L  ,United States,-94.9592,30.4487,2385.06,90.0,209.268,United States
a6898d,GJS4581 ,United States,-83.8996,35.9263,10668.0,136.25,899.892,United States
a208c0,CAP2330 ,United States,-94.042,39.1452,861.06,59.51,229.96800000000002,United States
a6765e,N5150D  ,United States,-116.9105,32.817,1051.56,54.02,167.076,United States
4cad7e,EIN173  ,Ireland,-1.0824,51.4046,4655.82,252.93,662.58,Ireland
4cad7f,EIN38Y  ,Ireland,-4.7556,51.722,9464.04,110.89,820.6560000000001,Ireland
a3a0ca,UAL2378 ,United States,-81.4709,32.8926,11910.06,358.49,913.356,United States
ac0906,AAL723  ,United States,-69.7954,41.9025,9745.98,239.95,639.7560000000001,United States
a600a6,UAL732  ,United States,-113.5681,36.6254,10652.76,66.9,849.672,United States
45d965,VKG1725 ,Denmark,14.3005,58.4422,10668.0,44.58,886.6080000000001,Denmark
a54ead,N441DP  ,United States,-88.5347,44.2689,640.08,32.74,184.932,United States
45d961,VKG1165 ,Denmark,8.8697,52.7313,10660.38,42.72,857.124,Denmark
a4ce21,ASA166  ,United States,-117.1656,32.7278,68.58,285.84,271.44000000000005,United States
a1e8fd,N222FS  ,United States,-76.3051,40.2236,3756.66,108.11,416.988,United States
45d962,VKG1823 ,Denmark,3.1801,53.6537,10668.0,26.31,944.208,Denmark
4a35b6,MAI337  ,Romania,26.0738,44.4971,76.2,74.89,191.844,Romania
ae1179,EPIC31  ,United States,-81.0377,33.5595,457.2,185.44,312.55199999999996,United States
39c486,ARL235Z ,France,9.6937,45.1221,12184.38,272.94,795.5640000000001,France
4010ed,EZY14DE ,United Kingdom,7.2049,49.6319,11734.8,124.88,842.0400000000001,United Kingdom
a448db,DAL1398 ,United States,-79.9694,37.5549,10972.8,237.06,745.884,United States
a3b529,AAL1746 ,United States,-106.0084,36.8305,10668.0,110.0,963.756,United States
ae1176,NOGS99  ,United States,-101.6805,41.9746,7315.2,335.38,706.8960000000001,United States
ab260a,N8172Q  ,United States,-107.2577,33.1451,2232.66,10.01,223.77599999999998,United States
a2eed5,OXF3274 ,United States,-111.9192,32.7086,1615.44,0.54,196.30800000000002,United States
ada1f5,PWA978  ,United States,-86.4411,36.1062,1173.48,184.23,427.104,United States
ac5920,AAL2294 ,United States,-117.6535,34.1733,8580.12,50.89,778.068,United States
a4e833,CXK307  ,United States,-98.6726,29.2773,1584.96,267.3,196.52400000000003,United States
a89076,PDT5889 ,United States,-78.8368,35.6637,7010.4,70.35,941.9399999999999,United States
a28bce,N263TC  ,United States,-85.1269,30.4363,1196.34,256.76,291.096,United States
881423,AIQ3428 ,Thailand,100.6245,13.9478,175.26,208.86,268.56,Thailand
ad9a90,N976GL  ,United States,-81.0881,34.5883,8785.86,208.69,648.144,United States
a0fe7a,SKW5475 ,United States,-97.2197,49.8891,441.96,318.86,213.948,United States
abb19c,SWA336  ,United States,-110.9012,33.0484,10972.8,284.6,815.292,United States
aaafad,EJA788  ,United States,-77.9457,35.1466,9448.8,34.71,1157.94,United States
71bd84,KAL468  ,Republic of Korea,119.6364,19.4493,11879.58,34.25,941.04,Republic of Korea
a4ce33,KAP157  ,United States,-65.7641,18.4185,975.36,272.63,363.384,United States
acca88,AAL550  ,United States,-111.3001,33.0999,5417.82,105.48,693.7560000000001,United States
a5b8c2,EJA468  ,United States,-96.9019,33.0084,518.16,191.92,304.74,United States
a8f397,N676SE  ,United States,-97.6771,30.6976,274.32,180.67,159.3,United States
a34b15,FFT2553 ,United States,-114.9406,43.1588,10965.18,293.73,653.436,United States
a35e49,DAL1949 ,United States,-84.022,32.6314,7924.8,160.92,934.7760000000001,United States
4010dd,EFW3TW  ,United Kingdom,-7.5618,38.2833,7711.44,183.95,753.696,United Kingdom
4010dc,EFW22D  ,United Kingdom,-4.2802,40.9517,10668.0,185.59,761.076,United Kingdom
4010da,EFW3KF  ,United Kingdom,7.0748,45.5359,6797.04,131.36,762.408,United Kingdom
aab6a2,N79KW   ,United States,-118.762,34.1306,1219.2,146.61,195.192,United States
a448d7,UAL1885 ,United States,-98.35,32.864,10668.0,114.74,938.052,United States
a448d6,UAL727  ,United States,-81.3916,30.4299,9448.8,357.04,930.9600000000002,United States
800c08,AIC2661 ,India,77.1179,28.536,327.66,283.61,243.9,India
a54ed1,N441F   ,United States,-81.0885,28.2827,929.64,0.3,355.572,United States
a47e28,EJA389  ,United States,-96.0727,32.1172,7315.2,235.97,771.012,United States
ab394e,ELZ420  ,United States,-74.0526,40.8588,160.02,228.49,215.17200000000003,United States
a448d3,UAL436  ,United States,-79.8413,36.1959,10363.2,216.22,746.028,United States
4cac9f,SAS2751 ,Ireland,20.8128,52.209,601.98,114.59,240.336,Ireland
a7f8a8,N6121A  ,United States,-117.2952,33.7156,1104.9,136.2,313.056,United States
a2eec1,N2885G  ,United States,-89.3273,43.1524,312.42,208.61,116.02799999999999,United States
abcfb0,JRE860  ,United States,-78.6249,27.8592,9403.08,5.77,828.36,United States
a25865,N250KF  ,United States,-85.6233,38.2308,335.28,81.95,198.252,United States
39c466,BEJ37G  ,France,1.5183,44.1275,3611.88,215.69,631.6560000000001,France
a09b53,N1380T  ,United States,-80.5432,26.0595,518.16,246.95,189.18,United States
a4d524,N410LK  ,United States,-83.1121,32.9426,3497.58,147.75,510.22799999999995,United States
a13881,N178SM  ,United States,-83.8885,34.2831,982.98,298.71,88.66799999999999,United States
86e780,JAL33   ,Japan,127.0085,26.425,11932.92,228.11,723.96,Japan
a3a222,DAL611  ,United States,-97.796,23.0087,10980.42,184.9,823.464,United States
ac2c10,SWA2395 ,United States,-100.8822,39.3152,11277.6,76.34,956.7719999999999,United States
0ac956,EFY6932 ,Colombia,-73.7439,4.7025,5699.76,150.34,321.84000000000003,Colombia
a58b1a,VWA214  ,United States,-111.4854,32.472,1943.1,313.77,243.64800000000002,United States
a1cebb,DOW152  ,United States,-110.0834,36.019,8991.6,230.46,826.1640000000001,United States
a7d39a,NKS583  ,United States,-85.6068,37.9522,10972.8,197.16,922.6440000000001,United States
3c68b4,VJH738  ,Germany,-0.3474,51.8783,342.9,253.15,274.788,Germany
a36516,FFT3108 ,United States,-91.5768,38.726,7162.8,96.13,884.772,United States
4d20ff,WMT1257 ,Malta,2.085,39.6921,10660.38,260.84,814.14,Malta
a54ef1,N441GG  ,United States,-96.3644,34.4482,9448.8,126.26,663.804,United States
a2452c,UAL1803 ,United States,-94.9008,41.444,10378.44,263.18,733.032,United States
a2452a,UAL2343 ,United States,-96.3189,39.9171,10058.4,84.47,980.568,United States
407ea1,DHK369  ,United Kingdom,-2.918,53.1407,6431.28,100.44,766.44,United Kingdom
aa79a6,UAL2358 ,United States,-109.0701,32.324,10972.8,281.38,872.784,United States
a4722a,N386G   ,United States,-87.0924,34.1477,3307.08,141.76,433.872,United States
a7e691,SKW6465 ,United States,-100.7388,33.831,10972.8,291.47,708.444,United States
a35e8a,N316QS  ,United States,-79.7935,41.2717,12687.3,168.32,677.0160000000001,United States
ac2c23,ASH4074 ,United States,-101.8793,37.662,9144.0,310.14,695.268,United States
a3f07f,FFT1887 ,United States,-89.6643,39.5279,11574.78,223.78,861.876,United States
a1c2f6,N212WT  ,United States,-80.1742,25.7836,213.36,112.38,170.244,United States
a9d6f9,N733JA  ,United States,-117.6945,34.1161,609.6,178.7,163.008,United States
abbca1,SWA4352 ,United States,-98.7449,35.425,11582.4,312.63,697.284,United States
0d0f14,VOI3080 ,Mexico,-96.9974,25.4892,10675.62,120.62,901.728,Mexico
aa4195,AAL141  ,United States,-6.8181,53.3209,11582.4,297.96,884.808,United States
a1c2f1,SWA1213 ,United States,-116.7999,32.2097,7917.18,141.02,724.248,United States
76b451,SIA441  ,Singapore,86.8792,24.5174,9448.8,158.53,961.236,Singapore
0d0f13,VOI3120 ,Mexico,-111.3778,27.8324,10668.0,135.51,882.684,Mexico
78076d,CCA937  ,China,0.3372,51.6192,3352.8,350.97,530.712,China
76b454,SIA535  ,Singapore,77.2549,9.6905,6027.42,105.12,809.568,Singapore
c02b99,CFQNG   ,Canada,-125.3688,50.171,91.44,345.14,187.77599999999998,Canada
800c38,IGO773Y ,India,83.8488,23.6515,11887.2,104.95,933.5160000000001,India
adaf12,N981CE  ,United States,-81.8451,35.79,10668.0,358.44,818.892,United States
a91369,N684PS  ,United States,-90.4619,35.1365,3383.28,258.89,413.31600000000003,United States
a6a03c,N526LK  ,United States,-104.8526,39.5526,1805.94,358.99,105.588,United States
800c43,AIC2510 ,India,77.4807,28.4578,1630.68,283.96,353.05199999999996,India
ac2c33,SWA3159 ,United States,-93.3324,39.5957,6697.98,274.64,641.052,United States
76b44e,SIA853  ,Singapore,113.4095,22.388,7620.0,162.18,768.42,Singapore
800c48,AIC2303 ,India,88.1521,21.6915,10972.8,298.71,751.752,India
485a85,TFL1WE  ,Kingdom of the Netherlands,9.0029,51.0589,12192.0,313.41,754.5960000000001,Kingdom of the Netherlands
a22b91,N239ST  ,United States,-82.7548,32.7485,2743.2,155.25,340.56,United States
a6506d,SKW5133 ,United States,-100.6924,44.8273,9151.62,202.37,837.1080000000001,United States
e49b00,N782TP  ,Brazil,-52.9929,-11.8449,13106.4,339.3,754.3439999999999,Brazil
adc922,TIV988  ,United States,-79.7189,25.7864,7246.62,119.8,734.148,United States
a47227,LXJ386  ,United States,-86.5686,39.6212,13106.4,342.77,637.92,United States
a47221,FFT2668 ,United States,-81.4236,28.2538,1333.5,171.03,391.86,United States
a47e5b,,United States,-87.717,30.4292,1066.8,291.96,247.608,United States
ab398f,ASI524  ,United States,-112.2724,33.9095,1607.82,267.37,202.068,United States
406091,BAW362Y ,United Kingdom,3.0225,47.6151,8229.6,155.21,777.276,United Kingdom
aca948,ASA762  ,United States,-122.0056,41.2594,10972.8,0.0,822.276,United States
a10b6b,CXK379  ,United States,-117.9239,34.1361,1295.4,94.86,174.708,United States
71bd79,AAR211  ,Republic of Korea,138.3076,38.8686,11582.4,255.54,734.436,Republic of Korea
a1bbe5,AXEL21  ,United States,-115.8942,39.9495,9753.6,308.55,769.644,United States
adb627,N9829B  ,United States,-112.6407,33.412,3688.08,272.29,278.028,United States
a448fa,UAL1879 ,United States,-104.6553,29.7498,10972.8,225.65,813.276,United States
a77077,GJS4412 ,United States,-87.1255,38.7763,10058.4,176.01,983.952,United States
a90c54,TRF582  ,United States,-96.2679,32.9678,830.58,151.67,214.632,United States
a24573,UAL754  ,United States,-77.6028,38.9386,1554.48,258.99,416.952,United States
a0a2e3,CAP440  ,United States,-118.2302,33.7312,563.88,308.09,174.132,United States
aaec3e,N8024Q  ,United States,-74.4133,40.1825,1592.58,244.4,98.568,United States
a35220,ENY3952 ,United States,-93.2168,36.9844,1173.48,357.31,472.78800000000007,United States
0c43ac,HI1128  ,Dominican Republic,-65.9996,19.1033,12192.0,295.75,758.736,Dominican Republic
a0eb6b,N1588V  ,United States,-85.4035,31.2811,403.86,319.18,107.676,United States
a96cda,N706WP  ,United States,-118.3956,34.2446,312.42,73.61,32.832,United States
a8f338,NKS981  ,United States,-77.9587,32.4964,10355.58,195.39,572.4,United States
ad7963,N9676T  ,United States,-122.8096,45.9082,548.64,331.7,246.096,United States
ac2c56,SWA1034 ,United States,-91.2097,30.1241,4122.42,91.65,707.76,United States
a2dbad,N2831T  ,United States,-81.3993,35.1489,1272.54,74.92,270.432,United States
a62825,UAL2274 ,United States,-109.2017,33.5545,10363.2,304.09,809.532,United States
a47206,EPI386  ,United States,-80.9686,29.0594,274.32,281.61,138.02400000000003,United States
ac8ce5,AAL1547 ,United States,-97.0297,32.7196,1653.54,179.79,500.04,United States
a35e66,AAL2172 ,United States,-94.965,42.185,11582.4,196.18,923.688,United States
a9e9fb,N738NM  ,United States,-88.2786,42.6901,434.34,113.79,188.244,United States
a62819,N496TP  ,United States,-118.1566,33.9317,411.48,268.96,203.76000000000002,United States
a720eb,ASA748  ,United States,-122.4876,45.7556,3840.48,91.01,631.62,United States
ac3338,SWA3785 ,United States,-104.5175,35.6591,10363.2,252.52,776.7,United States
a3b50f,AAL2512 ,United States,-103.8279,31.1844,10058.4,107.35,925.4879999999999,United States
a9cff8,NKS1711 ,United States,-80.4994,25.8717,3489.96,84.53,563.724,United States
a65095,N506DR  ,United States,-95.9513,33.0323,4328.16,82.19,327.132,United States
a973e0,SKW4911 ,United States,-107.396,39.159,6080.76,94.35,707.652,United States
4d2237,RYR920Z ,Malta,-7.196,33.4831,11887.2,215.41,802.1880000000001,Malta
ac3dec,SWA857  ,United States,-121.601,38.7108,-30.48,180.71,300.06,United States
a7488c,NCR816  ,United States,-57.0334,-11.653,10363.2,309.99,974.1239999999999,United States
a8eba8,N674MA  ,United States,-88.0725,41.6088,281.94,270.99,107.424,United States
4d2233,RYR52MV ,Malta,-2.8886,46.4905,10972.8,20.64,930.1320000000001,Malta
4d2234,RYR97TB ,Malta,11.7709,48.3296,11277.6,132.5,899.208,Malta
4d2235,RYR85SA ,Malta,10.1127,43.5391,1249.68,86.53,428.58,Malta
4d2236,RYR646U ,Malta,-2.4128,51.6639,11277.6,112.73,853.3439999999999,Malta
a9ab05,ASA55   ,United States,-149.7631,64.7671,11277.6,184.87,741.636,United States
abaa1a,SWA4473 ,United States,-120.3659,46.5255,8023.86,309.58,665.6039999999999,United States
a6fb2e,DAL774  ,United States,-101.6466,45.4188,9144.0,286.7,734.76,United States
4d222a,RYR7JE  ,Malta,10.9777,47.7519,11887.2,125.1,937.188,Malta
800c71,IGO691P ,India,72.9102,19.9217,9448.8,2.37,850.788,India
acca19,JBU578  ,United States,-105.1433,36.5829,10683.24,112.48,964.0440000000001,United States
3986e5,AFR88LM ,France,1.8223,44.5613,9753.6,95.41,766.44,France
34714e,VOE87GB ,Spain,-4.8389,40.5595,10058.4,172.2,723.42,Spain
3986e6,AFR64PN ,France,-1.3029,46.8907,4213.86,135.0,557.856,France
3986e7,AFR6027 ,France,2.5035,44.2634,7543.8,53.87,807.1560000000001,France
3986e8,AFR27EP ,France,3.3464,47.175,8839.2,157.34,778.6800000000001,France
3986e1,AFR23TC ,France,2.6602,48.8897,4526.28,92.88,700.956,France
3986e2,AFR85FZ ,France,-1.0211,47.2784,10058.4,111.01,847.116,France
a422fb,N366EA  ,United States,-112.9773,33.661,1630.68,146.31,140.22000000000003,United States
3986e3,AFR32NK ,France,2.1108,46.4879,10660.38,106.11,780.7320000000001,France
a89bab,AAL3087 ,United States,-109.7576,34.2847,10454.64,63.87,874.6560000000001,United States
a73571,N5637W  ,United States,-108.8284,36.9942,1927.86,65.63,237.888,United States
a97549,N70846  ,United States,-116.9467,33.0437,525.78,102.04,142.02,United States
a61592,UAL2259 ,United States,-122.2657,45.788,9753.6,359.7,705.636,United States
abbd73,SWA3546 ,United States,-109.6857,32.6295,11277.6,104.77,842.724,United States
800c89,AIC2389 ,India,83.2325,25.2191,9144.0,306.61,645.984,India
4c0262,ASL18J  ,Serbia,14.4121,45.1095,10363.2,279.23,761.796,Serbia
ab879f,DAL2380 ,United States,-84.178,33.4958,4884.42,73.33,761.724,United States
4d223a,RYR9565 ,Malta,-6.3718,40.4826,10972.8,27.77,902.16,Malta
abc455,SWA3094 ,United States,-94.7641,32.5804,10020.3,103.07,933.5160000000001,United States
4d223b,RYR56FL ,Malta,-4.3875,40.2036,11582.4,26.13,866.376,Malta
ab0aed,N810SA  ,United States,-97.9051,29.8466,1310.64,107.73,237.204,United States
4d222b,RYR86RH ,Malta,0.7024,51.825,3962.4,87.94,668.988,Malta
a9ab07,AAL9780 ,United States,-94.7238,40.0168,10972.8,254.99,793.8000000000001,United States
adfd11,SLEEP81 ,United States,-99.4159,36.8626,5455.92,193.06,655.884,United States
4d222d,RYR550K ,Malta,-2.5082,52.7349,11277.6,126.12,823.1039999999999,Malta
4d2242,RYR424D ,Malta,0.225,41.6774,11277.6,191.1,807.768,Malta
aaf1d0,N804MD  ,United States,-89.9111,38.6218,967.74,228.97,434.52000000000004,United States
4d2243,RYR1616 ,Malta,-4.6776,54.9835,8625.84,75.5,879.9480000000001,Malta
a0540a,DAL2409 ,United States,-90.891,44.9616,9883.14,276.32,756.504,United States
aa4cfa,N763DB  ,United States,-82.8315,30.46,8663.94,277.14,729.792,United States
a5e246,N4788D  ,United States,-88.1475,42.4424,944.88,176.15,193.03199999999998,United States
a4bb84,ASI477  ,United States,-112.1105,33.669,723.9,272.34,181.656,United States
4d2216,RYR57AA ,Malta,-8.5596,52.0522,1630.68,243.57,341.244,Malta
a4bb97,BRG681  ,United States,-162.7526,67.2399,1211.58,340.37,281.15999999999997,United States
4d2212,RYR11ST ,Malta,-5.804,37.2915,11582.4,13.69,821.556,Malta
407f2c,BAW5VY  ,United Kingdom,-0.6887,51.6267,2430.78,356.39,588.24,United Kingdom
acd120,DAL972  ,United States,-114.9197,36.1703,2979.42,50.49,506.52,United States
acf76f,CXK484  ,United States,-111.4831,33.2984,1402.08,79.94,116.604,United States
a4bb8a,AAL1135 ,United States,-84.8329,35.7616,9745.98,284.84,766.368,United States
a017a8,DAL2119 ,United States,-94.0239,43.9221,6339.84,209.91,779.868,United States
a7d2c4,N603DW  ,United States,-93.9618,44.5227,9151.62,233.31,697.464,United States
a7e5f4,N608LC  ,United States,-94.2233,31.5677,12496.8,46.31,804.276,United States
c0457f,AIE753  ,Canada,-71.7214,46.6369,1760.22,79.29,378.82800000000003,Canada
a7d2ae,SKW3835 ,United States,-91.2392,44.5204,10363.2,296.57,675.0,United States
ab11f9,N812NC  ,United States,-80.3963,34.3683,5219.7,191.57,406.44000000000005,United States
485a35,KLM48L  ,Kingdom of the Netherlands,6.1607,53.477,7551.42,223.23,721.908,Kingdom of the Netherlands
485a33,KLM14M  ,Kingdom of the Netherlands,13.2828,48.5227,11582.4,313.88,740.052,Kingdom of the Netherlands
407f1f,RUK819  ,United Kingdom,-3.6495,55.8905,2476.5,259.84,472.24800000000005,United Kingdom
abd77e,AAL1599 ,United States,-80.261,25.8046,114.3,268.03,268.704,United States
4d2210,RYR620L ,Malta,14.1174,36.0679,4838.7,328.75,699.7320000000001,Malta
ab6d9e,N8352U  ,United States,-86.8209,35.5024,1531.62,146.58,215.208,United States
a91ed6,N687SP  ,United States,-86.7504,39.1482,754.38,170.33,165.312,United States
4d2226,RYR10VH ,Malta,6.1115,48.8148,11582.4,334.62,803.556,Malta
ad64cd,AAL1756 ,United States,-104.6262,39.2357,11277.6,52.61,860.112,United States
4d2222,RYR89ED ,Malta,-3.1267,42.6916,10972.8,12.86,898.524,Malta
aaf1dd,N804MS  ,United States,-106.3724,34.7033,11277.6,103.85,974.7,United States
a8b857,N661EC  ,United States,-97.6537,35.4932,800.1,202.5,396.90000000000003,United States
ac7a5b,ASA1400 ,United States,-114.4906,42.6687,10058.4,133.13,1004.9760000000001,United States
4c0241,ASL31V  ,Serbia,19.4681,45.0192,4709.16,291.48,364.212,Serbia
abc478,SWA3111 ,United States,-117.9661,38.08,11582.4,325.95,813.636,United States
ae6aa6,LDACE11 ,United States,-117.0706,33.005,2232.66,50.53,367.092,United States
ac7a5e,AAL3046 ,United States,-82.1005,30.5281,9753.6,184.75,760.068,United States
a4bb8f,BLK50   ,United States,-118.4998,34.3554,4076.7,52.24,498.99600000000004,United States
011111,N8245A  ,Egypt,-121.9677,38.6669,1882.14,297.97,236.95199999999997,Egypt
ac7a61,KYE9525 ,United States,126.0434,35.192,11582.4,194.86,808.5960000000001,United States
4d220a,RYR35XZ ,Malta,6.6079,44.5061,11582.4,22.57,820.296,Malta
4d220b,RYR14ST ,Malta,12.361,42.604,4091.94,171.38,679.932,Malta
a83b43,N6299D  ,United States,-100.9995,32.4329,2971.8,270.0,153.72000000000003,United States
4d220c,RYR176N ,Malta,14.8337,43.0437,10058.4,188.85,770.328,Malta
a782e4,AAL2958 ,United States,-103.3009,35.2386,10050.78,80.13,896.6880000000001,United States
abb12c,N8520P  ,United States,-97.1028,30.031,434.34,291.73,285.084,United States
407f0e,RUK78ET ,United Kingdom,-5.4932,37.6508,10972.8,20.38,829.764,United Kingdom
abb12d,SWA2850 ,United States,-105.7011,37.2178,9753.6,192.28,896.508,United States
4d2221,RYR1KR  ,Malta,3.5531,49.111,2133.6,290.06,475.16400000000004,Malta
a72258,N559RG  ,United States,-104.7036,38.5426,2392.68,322.35,245.592,United States
e4a345,PSMEV   ,Brazil,-61.9153,50.2891,13106.4,232.82,625.248,Brazil
adf128,JBU474  ,United States,-69.9214,14.0401,7680.96,355.97,868.8960000000001,United States
a9d807,AAL1478 ,United States,-77.722,30.1484,9448.8,354.64,1071.432,United States
0d0ded,VIV9402 ,Mexico,-99.5266,25.3837,5859.78,322.96,642.636,Mexico
a377b6,N322WD  ,United States,-95.9629,30.3498,1882.14,233.57,193.356,United States
ae1134,,United States,-100.0057,29.1217,3200.4,50.92,279.108,United States
4d226e,RYR8478 ,Malta,-0.6131,51.1587,3322.32,285.21,571.932,Malta
ac9499,N91CW   ,United States,-85.2508,42.9638,12489.18,116.71,980.64,United States
ae1131,,United States,-88.9979,33.9825,5189.22,43.93,419.148,United States
86e79a,ANA113  ,Japan,-105.9772,31.9075,10355.58,280.04,870.804,Japan
a65bb7,DAL26   ,United States,-154.1695,57.3078,11887.2,83.98,953.4960000000001,United States
a2dd09,N284C   ,United States,-96.7379,33.5795,982.98,140.71,210.56400000000002,United States
a04112,N115ZN  ,United States,-87.2346,39.5019,10995.66,280.91,822.312,United States
a5ee51,SWA4671 ,United States,-98.8532,37.4876,11597.64,286.63,686.16,United States
e4a33e,PSSFS   ,Brazil,-40.6665,-20.0469,1318.26,137.18,275.22,Brazil
40600e,EZY57RY ,United Kingdom,-3.2985,51.8978,10363.2,7.0,942.264,United Kingdom
a35da8,FFT1495 ,United States,-90.5831,29.2361,11582.4,278.0,705.06,United States
4d2273,RYR2GE  ,Malta,12.852,40.759,11277.6,152.32,809.352,Malta
4d2275,RYR9489 ,Malta,9.8807,43.5493,10850.88,323.05,794.8800000000001,Malta
4d2270,RYR8KA  ,Malta,18.5699,50.0923,11277.6,130.13,879.264,Malta
4d2271,RYR98ZQ ,Malta,-5.4758,41.8678,11887.2,154.85,836.784,Malta
406018,EZY17RE ,United Kingdom,5.1464,46.7104,6865.62,112.3,746.64,United Kingdom
aa064d,NDU745  ,United States,-111.5909,33.1969,1249.68,160.56,133.56,United States
aa66e5,PCJ7    ,United States,-119.7672,34.6324,5417.82,325.4,355.5,United States
a938d0,N6934S  ,United States,-85.5132,42.0598,960.12,355.67,122.58,United States
adea33,N996PA  ,United States,-117.235,33.1355,220.98,260.11,161.676,United States
4d227d,RYR47PR ,Malta,0.8105,49.6379,11277.6,149.43,746.424,Malta
80139b,AIC2699 ,India,73.7471,19.3563,4526.28,241.54,575.1,India
4d227e,RYR10GR ,Malta,12.2294,43.5804,11277.6,161.4,836.316,Malta
4d227f,RYR7AL  ,Malta,17.4905,50.5633,11582.4,359.21,803.8439999999999,Malta
a28d0b,N2634E  ,United States,-95.2831,38.5556,1333.5,231.63,170.06400000000002,United States
a04126,N1150H  ,United States,-96.5305,33.272,8534.4,353.63,400.644,United States
acd135,SKW440U ,United States,-105.6463,41.2277,7924.8,312.21,700.1279999999999,United States
aa0653,NKS1670 ,United States,-105.6565,36.3047,9768.84,253.11,758.7,United States
a97516,N7083Q  ,United States,-98.879,29.4179,670.56,162.44,153.46800000000002,United States
4d2287,RYR37BJ ,Malta,9.9597,45.7232,10363.2,334.28,789.408,Malta
ac7a84,KAP548  ,United States,-70.1568,43.4073,1432.56,225.98,229.21200000000002,United States
a60e67,N49GT   ,United States,-73.1131,41.5422,876.3,2.2,192.744,United States
a7486a,ASA640  ,United States,-120.6793,46.7246,7338.06,345.52,577.6560000000001,United States
4d2256,RYR321U ,Malta,5.4589,38.6375,11582.4,59.61,830.916,Malta
a84200,FFT3293 ,United States,-97.6302,36.9156,10355.58,293.92,717.192,United States
a782a1,N583SD  ,United States,-82.6252,30.136,11186.16,159.97,821.988,United States
a72e69,ASA577  ,United States,-116.9565,32.7355,1363.98,162.45,380.73600000000005,United States
aa4cc1,AVA141  ,United States,-79.9323,24.8784,6972.3,162.47,738.0,United States
a542d7,SWA1198 ,United States,-121.5999,38.8542,541.02,176.38,322.884,United States
a16d22,AAY2080 ,United States,-85.0228,32.7935,10972.8,324.0,753.12,United States
3c55c2,EWG19N  ,Germany,8.2024,51.1136,7338.06,51.1,813.924,Germany
ace492,N93NX   ,United States,-99.5776,26.9038,3246.12,1.1,481.608,United States
4cabdb,SAS1793 ,Ireland,9.0685,50.6613,10668.0,195.98,820.6560000000001,Ireland
800c8f,AIC2482 ,India,74.1313,19.4107,6484.62,350.66,593.1,India
ac7a94,N903CS  ,United States,-96.7904,32.8057,807.72,131.56,480.168,United States
4d2251,RYR54RK ,Malta,22.6425,43.0362,5753.1,120.29,727.056,Malta
aa0649,ZMQ     ,United States,-86.9371,41.3589,1021.08,93.69,172.584,United States
ac949e,N91DA   ,United States,-95.1712,29.8054,1783.08,184.56,256.392,United States
ae114f,KATT20  ,United States,-88.4428,30.4569,2385.06,295.85,399.24,United States
a60e7a,N49HM   ,United States,-91.9853,37.754,12496.8,124.85,988.452,United States
aa79f9,TCN774  ,United States,-93.5426,37.9461,12192.0,254.41,861.3720000000001,United States
ae1148,KATT18  ,United States,-87.6539,30.2419,2400.3,278.81,399.168,United States
4d225a,RYR14XY ,Malta,-4.8353,48.2593,11277.6,171.25,779.508,Malta
4d225b,RYR82AC ,Malta,-1.8283,37.5916,11277.6,213.12,820.332,Malta
adf12a,N998JG  ,United States,-82.597,32.1594,2164.08,155.91,344.88,United States
ae1140,KATT87  ,United States,-88.0917,30.6193,266.7,143.83,213.372,United States
ad4afb,ASA506  ,United States,-113.7006,32.8144,11277.6,80.47,794.34,United States
adfd80,PAT467  ,United States,-81.1266,34.8948,5219.7,75.2,637.884,United States
aa9c10,N783EA  ,United States,-89.0441,42.6167,304.8,221.82,94.428,United States
a74871,ATN3328 ,United States,-114.28,36.3485,10668.0,69.53,857.952,United States
a9b0ed,RPA3706 ,United States,-74.0769,40.7479,662.94,206.4,287.388,United States
3c55c3,EWG49N  ,Germany,32.8354,31.6872,10972.8,326.14,698.0400000000001,Germany
4d224f,RYR5UN  ,Malta,13.1575,53.8036,11887.2,81.16,892.152,Malta
3c55c8,,Germany,35.0737,29.0425,10972.8,267.92,713.484,Germany
a257b7,N250CG  ,United States,-93.4352,44.8241,419.1,280.91,205.596,United States
3c55c7,EWG22HP ,Germany,33.8367,30.3887,11574.78,326.75,675.468,Germany
adfd6c,SLICK19 ,United States,-82.7079,39.9265,1257.3,315.76,297.288,United States
4d2265,RYR1434 ,Malta,16.1095,38.9209,487.68,98.4,329.472,Malta
407f61,EZY39RL ,United Kingdom,2.1052,41.3063,0.0,245.52,227.91600000000003,United Kingdom
a72213,JIA5015 ,United States,-79.3298,36.5928,10058.4,54.33,993.9960000000001,United States
aa1967,N75TP   ,United States,-111.6867,33.2219,1310.64,225.51,438.732,United States
407f62,EZY21RA ,United Kingdom,-8.0059,34.2693,10972.8,3.43,773.676,United Kingdom
e49a96,AZU2753 ,Brazil,-47.3512,-23.3463,3063.24,55.33,628.272,Brazil
c008a9,ACA099  ,Canada,-81.071,31.9211,11887.2,25.11,1047.24,Canada
a1d76b,MXY537  ,United States,-73.99,40.4373,8229.6,55.62,1023.264,United States
a1878a,SKW3347 ,United States,-119.1194,34.1995,10363.2,301.77,858.276,United States
400a7c,BAW485G ,United Kingdom,-1.4041,48.5096,11590.02,348.91,866.268,United Kingdom
a65d06,SKW4916 ,United States,-106.2431,31.9875,10668.0,102.08,867.42,United States
7806c0,CCA707  ,China,106.2137,21.7037,4579.62,263.29,538.92,China
a65d09,N509TA  ,United States,-98.6487,29.1237,1600.2,101.86,189.252,United States
a497d0,N39503  ,United States,-80.7295,27.1971,624.84,260.02,235.04400000000004,United States
a0f1bb,AAL1971 ,United States,-86.186,23.9241,11285.22,12.26,898.3439999999999,United States
c030fd,ACA1422 ,Canada,-103.9802,41.3466,10668.0,168.49,956.3399999999999,Canada
a3add3,ENY3576 ,United States,-98.2005,30.725,8839.2,4.4,796.86,United States
a39a13,FFT1611 ,United States,-82.2158,38.9216,7315.2,349.85,788.328,United States
c08081,WJA538  ,Canada,-115.4849,49.6985,11277.6,82.87,895.86,Canada
a5a725,KAP214  ,United States,-72.0036,41.5521,2316.48,42.38,401.148,United States
a364c2,N318CG  ,United States,-89.805,29.0853,12192.0,274.71,518.4720000000001,United States
e49a8a,AZU9243 ,Brazil,-42.1038,-16.2223,10972.8,218.7,787.86,Brazil
a3adce,AAL2533 ,United States,-83.606,29.6609,11277.6,150.3,893.34,United States
49328b,NJE327D ,Portugal,-3.3583,56.0895,1722.12,96.06,456.3,Portugal
a3b4c7,AAY60   ,United States,-90.6129,41.8065,6499.86,73.36,840.816,United States
a3b4c8,DAL414  ,United States,-93.5974,32.3978,6697.98,264.54,798.12,United States
a9ab64,EPI206  ,United States,-80.9197,29.0468,175.26,289.06,107.784,United States
ab7402,SCX602  ,United States,-107.3079,37.3481,11277.6,46.99,904.14,United States
a0a42b,N140RD  ,United States,-83.3034,33.9685,5356.86,137.61,373.608,United States
ada296,AAL2469 ,United States,-78.3909,34.9275,10972.8,217.51,632.6640000000001,United States
a4d4b3,LXJ410  ,United States,-119.4739,35.2879,10972.8,299.27,859.8240000000001,United States
aed55d,KING296 ,United States,-73.8262,41.0224,480.06,241.96,224.53199999999998,United States
a2dd23,,United States,-83.3921,33.5413,822.96,144.9,251.24400000000003,United States
493290,NJE3HZ  ,Portugal,3.0695,50.1665,7315.2,28.12,856.728,Portugal
4071d9,EZY26FA ,United Kingdom,12.8368,49.3106,11879.58,109.69,879.264,United Kingdom
0d0de2,AMX658  ,Mexico,-101.6972,35.2295,10972.8,343.37,744.1560000000001,Mexico
ab37d6,N82161  ,United States,-102.186,43.581,13106.4,300.99,686.988,United States
a6c71c,JIA5211 ,United States,-81.0561,35.0719,1981.2,175.68,417.888,United States
a55767,VTE443  ,United States,-88.2119,35.3858,5326.38,53.8,539.352,United States
c008b7,ACA301  ,Canada,-120.6823,50.0511,9296.4,238.95,836.6039999999999,Canada
ab8748,AAL729  ,United States,-74.2914,39.5265,3901.44,271.49,639.144,United States
a9ab72,SKW6240 ,United States,-102.4785,36.8326,10668.0,138.83,959.436,United States
a05470,RPA4442 ,United States,-81.2272,24.6539,1783.08,252.62,446.32800000000003,United States
a0b782,JPR45   ,United States,-121.3468,44.1447,1965.96,195.95,337.068,United States
c03e07,WJA705  ,Canada,-120.137,49.9478,10972.8,251.66,712.152,Canada
a6c70f,DAL898  ,United States,-113.0696,34.5091,10370.82,276.68,827.892,United States
a0a443,N140SC  ,United States,-118.1873,35.8921,8526.78,357.95,724.6080000000001,United States
a3f120,DAL2888 ,United States,-78.0919,33.1412,10058.4,7.11,1091.808,United States
ac57af,SWA2260 ,United States,-112.0571,40.5325,2598.42,124.95,375.04800000000006,United States
407dfc,KRH648  ,United Kingdom,4.6519,51.1195,10972.8,199.79,716.4720000000001,United Kingdom
a35db3,N316GB  ,United States,-102.2335,35.1955,11582.4,263.33,812.988,United States
aafdc4,VXP716  ,United States,-77.8603,32.9141,10668.0,8.57,1056.3120000000001,United States
407f0d,RUK9KE  ,United Kingdom,-7.7985,48.4066,11277.6,170.19,804.42,United Kingdom
a90bea,CBN682P ,United States,-88.9537,37.8234,1188.72,72.09,192.67200000000003,United States
ab1dd5,VXP1095 ,United States,-78.4598,33.9232,2583.18,46.48,761.112,United States
a41131,DAL1929 ,United States,-99.8019,26.0468,3810.0,271.76,665.172,United States
ab37f0,N8217S  ,United States,-97.5639,30.3664,365.76,120.43,171.828,United States
4bb961,EAJ01   ,Turkey,13.8876,45.1292,12192.0,282.3,756.3240000000001,Turkey
a8557a,QXE2070 ,United States,-116.7654,43.8882,3139.44,123.9,571.176,United States
ac3db6,TWY248  ,United States,-81.0305,28.4783,929.64,348.25,382.104,United States
c0803a,CGWON   ,Canada,-115.9487,40.5453,11887.2,145.45,953.4600000000002,Canada
a1b162,SKW5563 ,United States,-83.9072,42.357,7620.0,86.17,720.1800000000001,United States
a2d11e,OXF6978 ,United States,-111.7084,33.5015,670.56,233.69,190.764,United States
c030bb,ACA962  ,Canada,-64.8979,31.9489,11277.6,168.92,809.6039999999999,Canada
ab7437,GXA6108 ,United States,-87.2342,13.9667,10675.62,184.68,839.916,United States
4cac14,KZR222  ,Ireland,22.8412,46.3619,10058.4,120.02,906.9119999999999,Ireland
a0191d,N105UV  ,United States,-111.7759,40.2793,1600.2,105.75,150.084,United States
a84e98,WMU63   ,United States,-85.3662,42.6057,480.06,22.93,209.12400000000002,United States
a2f77b,SWA3728 ,United States,-82.0474,31.9296,9448.8,27.71,951.8399999999999,United States
a1c484,N2129A  ,United States,-96.3988,32.2391,1889.76,352.23,205.596,United States
a00605,N100PM  ,United States,-85.6469,38.3099,487.68,7.05,166.068,United States
a34ae6,DAL804  ,United States,-118.2703,46.4891,10363.2,265.44,698.58,United States
a7d2bc,DAL497  ,United States,-114.8335,36.0735,1973.58,270.24,446.32800000000003,United States
a1b138,N208RF  ,United States,-97.6521,26.239,4739.64,0.38,277.812,United States
a15a72,N1868M  ,United States,-97.5484,36.9662,12496.8,77.34,1030.7160000000001,United States
a3ada1,N336RS  ,United States,-112.282,33.8203,1432.56,130.84,144.432,United States
aab75b,N79TF   ,United States,-103.1533,40.7289,11894.82,81.25,1023.0840000000001,United States
a46ab9,LXJ384  ,United States,-84.4084,32.3051,13716.0,179.08,807.5880000000001,United States
ac8d3c,DAL1004 ,United States,-95.0849,34.2517,10363.2,269.16,761.2560000000001,United States
c030ea,ASP675  ,Canada,-79.4305,27.1868,5928.36,43.46,778.176,Canada
abbd2a,N8556W  ,United States,-97.3695,33.4395,1005.84,358.51,213.048,United States
a41110,N361LU  ,United States,-88.1069,41.3752,1173.48,174.22,147.06,United States
ad9a01,N976AT  ,United States,-84.0054,31.8364,3215.64,289.78,224.352,United States
a8426d,00000   ,United States,-80.5567,24.9878,2811.78,0.72,294.48,United States
3d0e9a,DEDTY   ,Germany,9.9379,49.047,1524.0,191.43,168.156,Germany
a1c470,N2128R  ,United States,-90.0358,38.4351,762.0,133.59,212.22000000000003,United States
0d0da8,VOI1731 ,Mexico,-98.7627,26.8364,11582.4,219.44,810.504,Mexico
abc40d,SWA910  ,United States,-111.4325,33.8656,4884.42,237.59,618.5880000000001,United States
acdd17,N928NJ  ,United States,-81.4144,26.2879,4533.9,126.43,720.432,United States
a04183,VTE3340 ,United States,-105.8651,39.2558,6804.66,64.52,873.936,United States
48c2af,RYR44MU ,Poland,9.3217,50.7863,10972.8,286.35,789.408,Poland
a39a30,WUP331  ,United States,-79.6834,26.157,4846.32,131.75,623.052,United States
c08059,PAG641  ,Canada,-96.0986,51.6577,6073.14,205.5,400.104,Canada
a90bdb,NKS1605 ,United States,-84.8986,35.0857,10675.62,165.26,917.2800000000001,United States
48c2ab,RYR19XX ,Poland,-0.0982,39.5648,11582.4,43.47,831.852,Poland
a3176d,N299FG  ,United States,-103.5957,42.2043,11277.6,84.13,996.048,United States
abaa0e,SWA901  ,United States,-111.2535,34.1473,11277.6,85.55,860.076,United States
a3adb9,AAL3218 ,United States,-99.9288,34.0423,11010.9,101.01,960.336,United States
86220c,JAL6749 ,Japan,132.8247,35.5238,12192.0,280.55,657.468,Japan
aa9b76,N7828T  ,United States,-121.0642,39.0402,1889.76,357.08,181.72799999999998,United States
ab24f7,SKW6283 ,United States,-98.2332,30.9186,8534.4,9.42,814.752,United States
a17490,AAY3150 ,United States,-111.5664,33.2517,1463.04,76.53,365.652,United States
aaeaba,EJA802  ,United States,-82.8242,32.5462,8679.18,319.71,844.92,United States
a1bd76,N211CL  ,United States,-96.9492,33.0351,5707.38,266.23,506.7,United States
a34ac8,N311CP  ,United States,-107.4523,38.8204,12192.0,233.29,653.76,United States
48c2b3,RYR393D ,Poland,0.6896,40.3602,11277.6,230.47,823.536,Poland
a1bd6a,MXY585  ,United States,-75.8383,37.3957,10972.8,208.29,633.06,United States
abbd47,SWA1823 ,United States,-88.0727,41.5266,1501.14,83.15,481.24800000000005,United States
a9d7d0,N733SR  ,United States,-106.0827,31.8046,7620.0,93.95,510.516,United States
a199be,N202DB  ,United States,-104.3239,39.095,3009.9,319.4,307.33200000000005,United States
407dc5,VIR242  ,United Kingdom,16.0494,45.9206,11887.2,130.1,920.052,United Kingdom
342396,VLG6NM  ,Spain,14.4977,39.651,11269.98,103.32,860.2560000000001,Spain
886285,TAX611  ,Thailand,100.6401,13.9757,342.9,209.19,235.476,Thailand
a53d9c,N437F   ,United States,-12.8068,53.1928,12496.8,82.49,963.9,United States
151ec5,SBI5261 ,Russian Federation,90.1605,56.3715,10058.4,54.67,787.752,Russian Federation
a209b9,ENY4110 ,United States,-80.264,25.7797,137.16,299.05,247.85999999999999,United States
a6c780,N536JA  ,United States,-85.034,35.7874,12496.8,166.88,840.528,United States
ab6bda,N835KM  ,United States,-81.1445,30.3363,5806.44,176.13,412.092,United States
758081,GAP2824 ,Philippines,121.475,13.4578,5631.18,325.73,759.744,Philippines
a0c9af,N15UY   ,United States,-102.9666,39.822,13190.22,111.66,135.50400000000002,United States
407daa,REV902P ,United Kingdom,-0.8701,52.2713,3962.4,327.64,532.8000000000001,United Kingdom
48c2a9,RYR19EZ ,Poland,18.0396,52.0198,11582.4,11.11,836.1,Poland
a8a4c7,UAL460  ,United States,-72.6393,40.676,11582.4,252.26,680.58,United States
48c2a4,RYR4ZG  ,Poland,20.6066,43.3239,11582.4,261.32,736.272,Poland
48c2a5,RYR9783 ,Poland,10.2149,52.4798,10576.56,278.47,741.492,Poland
48c2a0,RYR4PK  ,Poland,19.3385,51.7087,259.08,71.44,261.79200000000003,Poland
aab5ef,N79CS   ,United States,-92.6068,42.5745,1066.8,82.07,456.264,United States
a96dde,N70649  ,United States,-94.6448,42.3756,2164.08,16.37,276.012,United States
a64a73,SKW4906 ,United States,-117.9983,34.1787,6477.0,55.94,628.2,United States
a12625,AAL1482 ,United States,-101.3001,33.8538,9761.22,281.98,776.2320000000001,United States
a23f0c,MXY119  ,United States,-76.1995,36.8772,9738.36,208.49,566.8199999999999,United States
a0062e,N100RC  ,United States,-109.7779,36.1163,11742.42,234.58,747.72,United States
71c504,ABL728  ,Republic of Korea,116.2249,21.1836,10050.78,55.59,933.8760000000001,Republic of Korea
a471f0,N386DS  ,United States,-84.2358,39.9006,457.2,235.92,152.028,United States
aceebc,SKW5733 ,United States,-88.5699,41.8622,4853.94,249.84,682.5960000000001,United States
4cac55,RYR7117 ,Ireland,15.2763,48.1736,11582.4,290.56,775.368,Ireland
4cac56,RYR89GX ,Ireland,5.1025,51.9079,10972.8,271.83,694.8720000000001,Ireland
151eb9,SBI6403 ,Russian Federation,104.0561,52.5781,4351.02,169.51,101.7,Russian Federation
c04fff,ACA1342 ,Canada,-122.559,48.8954,4762.5,131.02,736.452,Canada
4cac53,RYR84FT ,Ireland,3.8425,40.9565,11582.4,98.9,837.936,Ireland
a1b190,MS5     ,United States,-117.3316,33.5917,3253.74,294.16,217.188,United States
a5449a,AAL1713 ,United States,-107.0081,34.995,10668.0,72.75,905.616,United States
ac3e80,SWA3596 ,United States,-95.8641,32.7233,10668.0,100.33,929.952,United States
a601ee,N4865D  ,United States,-97.5974,29.9433,952.5,72.85,182.196,United States
aaf253,SKW3771 ,United States,-96.1979,46.4535,3870.96,312.0,600.5880000000001,United States
a52a99,AAL2102 ,United States,-94.1902,38.7511,10370.82,257.06,727.812,United States
71c538,KAL925  ,Republic of Korea,4.7439,52.372,320.04,183.28,226.332,Republic of Korea
ae2ef5,RFNK714 ,United States,-97.4255,28.2646,3390.9,125.49,261.576,United States
a6b470,DAL2794 ,United States,-80.6345,37.1272,10363.2,233.92,776.808,United States
a7cd77,N6011F  ,United States,-96.1414,30.3636,441.96,266.63,157.68,United States
4cac23,RYR12RM ,Ireland,-3.0725,37.9462,10363.2,86.49,907.3439999999999,Ireland
45ab53,JTD334  ,Denmark,4.8297,51.8283,11277.6,42.84,939.636,Denmark
71c535,KAL023  ,Republic of Korea,-122.3722,37.6157,3276.6,140.09,545.616,Republic of Korea
7bb131,CDG2495 ,China,114.003,23.1919,6012.18,9.14,746.568,China
a00610,N100PY  ,United States,-97.2183,37.7658,487.68,187.2,177.33599999999998,United States
acf5f4,EJA934  ,United States,-91.6672,38.7843,6400.8,103.92,685.008,United States
71c534,AAR356  ,Republic of Korea,113.5942,23.6778,3916.68,77.12,756.1080000000001,Republic of Korea
ac2b61,SWA3953 ,United States,-82.094,24.3668,7620.0,46.88,837.252,United States
a6faca,EJA549  ,United States,-77.3375,39.0128,10340.34,224.15,619.488,United States
a066a3,DAL1293 ,United States,-122.3195,47.2771,899.16,0.33,324.108,United States
71be46,AIH793  ,Republic of Korea,114.8304,41.3599,9174.48,289.06,697.572,Republic of Korea
adc861,N9876T  ,United States,-103.3678,33.0538,2400.3,227.18,275.22,United States
a52a9e,N432AT  ,United States,-98.7977,34.8332,8724.9,223.46,535.788,United States
c043cb,WJA2152 ,Canada,-110.528,39.642,10058.4,142.29,980.9280000000001,Canada
a53196,N4337F  ,United States,-111.1508,32.4373,1341.12,351.37,209.80800000000002,United States
a2dd8d,N284HG  ,United States,-97.7451,33.1771,1158.24,112.5,198.432,United States
71c526,ABL742  ,Republic of Korea,108.3816,22.7264,10081.26,44.07,969.1920000000001,Republic of Korea
ac2b6c,ASH3990 ,United States,-86.2412,37.7831,3916.68,74.93,598.392,United States
886290,TAX760  ,Thailand,101.0149,15.0343,7284.72,30.52,780.408,Thailand
ac4587,KAP527  ,United States,-70.5946,41.4083,304.8,221.45,190.26000000000002,United States
a2d147,OXF5940 ,United States,-111.8973,33.3317,777.24,38.77,144.9,United States
71c522,AAR561  ,Republic of Korea,20.4762,40.5867,12192.0,285.4,774.144,Republic of Korea
a2ca64,UAL986  ,United States,-82.8026,47.9758,12192.0,202.38,953.352,United States
ae2edb,RN094   ,United States,-89.1376,30.2132,701.04,92.11,402.156,United States
4cac1e,RYR4EJ  ,Ireland,-6.6152,42.7001,11582.4,15.65,892.404,Ireland
a841b7,N631CT  ,United States,-97.8579,29.9079,274.32,356.13,137.376,United States
a8da03,N67GP   ,United States,-95.4662,30.3438,1584.96,38.39,181.944,United States
4b3040,HBSHC   ,Switzerland,10.2307,47.9678,929.64,237.45,206.53199999999998,Switzerland
a2efae,SWA4595 ,United States,-92.1042,38.6639,12496.8,37.01,781.56,United States
a65104,JBU1078 ,United States,-78.8771,27.0529,10721.34,125.67,863.964,United States
a92729,N6891H  ,United States,-98.6627,29.059,853.44,152.73,202.104,United States
aa9ab6,SWA3118 ,United States,-106.9359,35.9587,9448.8,5.58,705.24,United States
4d20cf,VJT453  ,Malta,3.7286,47.1862,8374.38,137.41,777.276,Malta
a89d0a,QXE2493 ,United States,-122.1195,37.2419,6248.4,133.29,615.7800000000001,United States
a3ea2f,N351TB  ,United States,-92.8495,44.9994,762.0,46.11,269.82,United States
a6b414,CXK537  ,United States,-117.276,33.6807,1920.24,310.6,187.812,United States
4cac7a,SAS407  ,Ireland,14.0924,57.1792,11574.78,220.06,759.744,Ireland
e49a54,AZU2732 ,Brazil,-49.1873,-25.8977,11590.02,199.93,831.312,Brazil
4cac88,RYR4VF  ,Ireland,17.238,53.1129,3070.86,91.43,520.56,Ireland
4cac89,RYR80QW ,Ireland,-0.6353,53.4909,6522.72,286.8,717.7320000000001,Ireland
a173a8,DAL636  ,United States,-92.5143,37.2179,9753.6,263.34,734.652,United States
4cac84,RYR668G ,Ireland,18.3488,49.326,11277.6,120.2,887.184,Ireland
abc2e5,RPA4355 ,United States,-89.8665,35.1715,10668.0,36.7,734.508,United States
a053d1,N120BF  ,United States,-112.3214,41.1329,1851.66,284.93,143.748,United States
4d20cc,AXY332V ,Malta,15.2145,42.3943,10668.0,116.28,840.672,Malta
ac2b80,SWA453  ,United States,-93.2014,37.2887,12184.38,302.57,681.228,United States
a71aa5,JIA5477 ,United States,-96.9141,32.9035,2918.46,0.26,401.904,United States
a3f133,DAL9956 ,United States,-89.5267,19.6252,11277.6,176.25,850.032,United States
a13995,LLN182  ,United States,-97.5704,33.1897,678.18,175.97,131.832,United States
a316a8,N2988F  ,United States,-95.8749,29.8078,266.7,209.81,204.912,United States
a1cfc2,BYF21   ,United States,-122.3042,37.4842,1089.66,327.41,213.192,United States
396147,FGYKH   ,France,1.2723,43.4333,579.12,228.95,152.28,France
aa6763,N77HF   ,United States,-82.2621,27.1961,6736.08,150.61,739.692,United States
45ab50,JTD806  ,Denmark,3.4269,59.4972,10363.2,223.11,756.036,Denmark
a23f4d,EPI244  ,United States,-80.3585,27.4537,1264.92,157.71,244.188,United States
4d20f3,WZZ68PZ ,Malta,13.6578,46.8155,10058.4,119.97,893.592,Malta
aa5428,AAL3    ,United States,-89.9418,40.7922,10972.8,258.49,844.812,United States
aaf27c,UAL1397 ,United States,-97.9677,29.6514,4937.76,89.03,765.0,United States
a5edbf,EJA481  ,United States,-98.4841,29.3909,1112.52,221.02,414.82800000000003,United States
a987bf,FFT1490 ,United States,-95.2805,29.9935,182.88,269.54,229.644,United States
a053e3,MXY328  ,United States,-77.57,43.2507,883.92,194.59,323.42400000000004,United States
ae2efc,TEXN827 ,United States,-97.1521,27.6652,388.62,34.32,423.79200000000003,United States
a52a3c,N43171  ,United States,-80.1199,26.2029,243.84,261.87,144.036,United States
acdbe7,PDT5836 ,United States,-81.1162,34.1814,1554.48,199.61,458.06399999999996,United States
4b4391,HBZPH   ,Switzerland,7.892,46.9488,1623.06,260.88,151.92000000000002,Switzerland
49d034,TVS4TN  ,Czech Republic,28.5162,36.94,11582.4,319.33,710.4960000000001,Czech Republic
39c423,AFR565  ,France,5.2256,47.2239,9204.96,322.43,850.5,France
4b9e02,TKJ9NB  ,Turkey,22.3803,44.8862,10058.4,129.05,896.652,Turkey
a3b4fe,NWF338  ,United States,-84.4922,33.8116,12192.0,344.44,676.692,United States
4b9e05,TKJ4XU  ,Turkey,16.4385,46.3249,10058.4,121.33,897.5880000000001,Turkey
39c427,AFR948  ,France,-2.1235,41.9645,10668.0,200.1,824.364,France
a6b435,ASA1365 ,United States,-121.9375,40.7564,10972.8,358.8,798.3720000000001,United States
ace2f9,N9297U  ,United States,-123.0188,45.4271,365.76,268.73,166.716,United States
400a26,SHT5T   ,United Kingdom,-4.4763,53.9186,8755.38,123.46,759.168,United Kingdom
ab129a,AAL2444 ,United States,-100.0122,34.2823,10363.2,323.96,739.764,United States
a721a4,JBU1715 ,United States,-81.1233,29.7838,9502.14,180.81,655.668,United States
ad526b,AMX317  ,United States,-96.6013,17.3772,11574.78,309.22,793.692,United States
c03cad,CFWZK   ,Canada,-124.9716,49.8497,1943.1,116.45,411.624,Canada
a199f4,N202FF  ,United States,-94.1631,44.9942,1577.34,105.4,453.348,United States
c03caf,MAL8074 ,Canada,-123.5923,48.6809,617.22,106.55,338.112,Canada
4d20c0,WMT5QB  ,Malta,7.0639,46.1339,10347.96,319.5,784.224,Malta
a449a4,UAL2149 ,United States,-118.0861,38.5849,9753.6,259.06,790.3439999999999,United States
4cac62,ABR141  ,Ireland,22.7161,35.4431,11582.4,273.76,677.4480000000001,Ireland
a449a3,UAL1081 ,United States,-86.947,22.065,6888.48,355.46,795.168,United States
a449a1,UAL1892 ,United States,-99.4518,34.7132,10668.0,120.2,979.3079999999999,United States
a2d18a,OXF6250 ,United States,-111.2865,33.2991,1630.68,232.62,207.432,United States
a449a8,UAL2390 ,United States,-81.2734,28.7298,3230.88,352.87,597.24,United States
af3be2,BGST312 ,United States,-92.7374,30.2135,8229.6,77.25,562.068,United States
a2d18c,OXF6398 ,United States,-111.6778,33.4968,716.28,49.18,161.496,United States
7819d6,CES214  ,China,5.2286,53.2886,11269.98,57.27,979.668,China
c04ff7,ACA760  ,Canada,-111.036,39.6509,10058.4,79.15,954.1800000000001,Canada
71be09,KAL8255 ,Republic of Korea,126.1901,37.3701,2720.34,130.71,647.424,Republic of Korea
7819d4,CSS7224 ,China,114.0832,23.2501,5913.12,17.78,770.184,China
a1e9ad,BECT62  ,United States,-97.5011,37.7378,1059.18,359.14,368.604,United States
a72dcb,GJE121  ,United States,-81.1119,43.4783,13716.0,284.83,875.52,United States
4d20bd,WMT437  ,Malta,14.4898,43.5401,10972.8,32.13,870.444,Malta
4d20be,WMT3939 ,Malta,5.3298,43.1219,10668.0,232.65,787.5,Malta
a6c756,GJS4445 ,United States,-87.8664,40.3662,9585.96,178.68,881.784,United States
a64a3b,EJA504  ,United States,-105.9856,39.1944,10309.86,137.73,850.86,United States
c056c6,WJA2202 ,Canada,-113.2817,49.8754,9326.88,161.74,986.832,Canada
4cac79,SAS50D  ,Ireland,16.6205,58.1934,11772.9,31.37,861.0840000000001,Ireland
45ab26,JTD274  ,Denmark,16.4215,52.6241,11582.4,338.68,779.328,Denmark
adc88f,N98774  ,United States,-111.7391,33.4549,396.24,52.19,135.972,United States
0d0e9b,VIV7241 ,Mexico,-98.2852,20.1278,7924.8,272.23,713.556,Mexico
aaf29f,VXP1092 ,United States,-75.1119,38.5987,10668.0,24.28,1040.2559999999999,United States
45ab22,JTD962  ,Denmark,26.2959,35.4678,10363.2,343.42,778.752,Denmark
0d0e9f,LET6350 ,Mexico,-99.0281,21.3162,11887.2,2.68,832.464,Mexico
a16cb2,N191JH  ,United States,-95.1648,36.3761,1889.76,58.28,313.524,United States
a43ea7,UAL2373 ,United States,-120.4143,32.5436,8534.4,220.43,871.02,United States
a6606b,N51PR   ,United States,-111.7104,27.9058,12496.8,136.64,917.0640000000001,United States
a983f3,SKW4338 ,United States,-83.2945,42.3061,2034.54,27.32,439.848,United States
a863fc,JTL64   ,United States,-97.0091,46.8811,3009.9,268.17,465.084,United States
ace13e,SKW5062 ,United States,-93.0026,30.1618,9448.8,77.23,854.532,United States
c03b8a,,Canada,-69.8066,45.5284,6705.6,261.1,406.8,Canada
a075df,RPA4475 ,United States,-89.6675,38.7943,5570.22,90.78,683.46,United States
a0c5c6,SKW5386 ,United States,-93.2869,42.4141,10668.0,82.67,900.0,United States
a43ea3,UAL2637 ,United States,-95.3551,42.4263,11277.6,83.79,924.0120000000001,United States
a9ccde,AAL970  ,United States,-100.0651,35.301,10972.8,267.7,737.676,United States
71c597,KAL913  ,Republic of Korea,3.0171,41.823,11887.2,233.28,854.892,Republic of Korea
a2e09a,AMX692  ,United States,-89.6232,30.6666,11071.86,22.09,763.488,United States
a01566,N104UV  ,United States,-112.0692,40.2202,1600.2,8.75,194.86800000000002,United States
abba6c,FDX7    ,United States,12.9901,43.0535,8534.4,304.63,873.3240000000001,United States
0c20a7,CMP236  ,Panama,-80.2811,13.0485,10668.0,170.58,792.216,Panama
a2a506,N27KB   ,United States,-96.4861,32.1861,3642.36,319.97,604.6560000000001,United States
a8f01b,WUP675  ,United States,-95.3803,32.1711,922.02,18.84,412.884,United States
71c590,KAL626  ,Republic of Korea,120.7897,16.7691,8244.84,349.96,870.804,Republic of Korea
a8fc73,UAL1409 ,United States,-81.5321,32.8928,10363.2,202.04,755.244,United States
ac915c,N909HT  ,United States,-83.8957,35.0202,4526.28,191.59,589.86,United States
a13541,AAL2310 ,United States,-94.2465,39.6729,10965.18,253.27,746.46,United States
510043,BRU946  ,Belarus,30.039,58.0904,9776.46,186.53,846.288,Belarus
a78056,N58243  ,United States,-157.8935,21.3337,213.36,26.26,154.872,United States
800d0f,IGO2171 ,India,77.8478,13.0981,9144.0,3.99,905.976,India
a12e70,CXK654  ,United States,-111.8636,40.0247,2148.84,352.18,190.692,United States
801409,AIC2986 ,India,72.7738,19.9711,8343.9,345.02,816.696,India
a91051,N683WA  ,United States,-118.3689,34.327,3291.84,154.31,435.708,United States
a8a0d9,RPA4426 ,United States,-84.7547,39.9922,8892.54,54.5,666.5400000000001,United States
789202,CPA679  ,China,80.6847,27.3765,12192.0,296.11,728.028,China
800d1b,SEJ051  ,India,56.3445,24.8824,4861.56,267.26,543.24,India
a0d8ec,N1539E  ,United States,-117.6561,33.9756,182.88,43.83,128.376,United States
0d0689,SLI430  ,Mexico,-81.9472,33.7617,10058.4,73.33,949.2120000000001,Mexico
a24e45,N248FS  ,United States,-117.3424,33.0066,1341.12,177.34,159.444,United States
40833c,WUK5611 ,United Kingdom,7.8069,49.4003,10058.4,117.16,884.592,United Kingdom
ae478a,PATRT20 ,United States,-70.5092,41.6696,350.52,218.66,83.01599999999999,United States
a205c0,N2297C  ,United States,-97.0407,36.1123,4297.68,355.87,334.22400000000005,United States
ad61de,SWA3955 ,United States,-119.3362,36.8058,2606.04,226.82,454.644,United States
a13521,N177VZ  ,United States,-111.9046,33.7474,1325.88,67.71,200.16,United States
a3be1b,VJA340  ,United States,-111.3066,34.3836,6149.34,32.85,734.076,United States
ad8907,RLI971  ,United States,-78.4698,36.0245,10363.2,239.26,579.636,United States
78086c,CCA962  ,China,90.0508,54.2979,10668.0,124.47,939.0600000000001,China
a338ac,JBU796  ,United States,-81.9193,37.2525,10668.0,49.99,918.864,United States
39844c,CLG75TG ,France,2.7236,45.9806,5181.6,80.79,555.336,France
789214,CPA238  ,China,8.131,50.2051,11277.6,109.5,909.684,China
48c12f,RYR47WZ ,Poland,16.0462,52.7147,4549.14,110.79,699.264,Poland
48c12e,RYR14JG ,Poland,-0.4539,53.2505,8816.34,106.72,862.452,Poland
48c12c,RYR86FK ,Poland,14.4579,44.9425,9913.62,272.86,743.58,Poland
a9dfff,BL50J   ,United States,-87.3606,30.7297,35722.56,14.04,145.07999999999998,United States
a850dc,FFT2016 ,United States,-104.6605,39.8351,1615.44,0.0,251.856,United States
48c139,RYR1889 ,Poland,16.3389,51.9276,11887.2,76.84,878.6880000000001,Poland
789219,CPA875  ,China,136.1636,34.1868,11590.02,231.57,721.08,China
a63837,N50GK   ,United States,-97.218,33.6876,2697.48,57.99,139.788,United States
48c134,RYR56UW ,Poland,-0.0533,40.6006,11277.6,190.83,827.784,Poland
48c131,RYR20WQ ,Poland,13.7003,42.2142,7025.64,243.66,638.568,Poland
48c130,RYR45JM ,Poland,0.261,51.9025,320.04,221.37,268.992,Poland
ab2f34,N82HC   ,United States,-105.2063,40.0393,1676.4,270.57,185.22000000000003,United States
a92362,UAL1362 ,United States,-96.2877,39.3804,10668.0,94.04,972.864,United States
acf48f,ASA334  ,United States,-107.5422,43.3102,10668.0,111.7,986.688,United States
aabfb3,CON131  ,United States,-150.1518,63.711,7315.2,357.81,678.312,United States
a9e6c4,N737TQ  ,United States,-117.0806,33.7504,1074.42,180.0,196.30800000000002,United States
0c20dd,CMP286  ,Panama,-83.4743,11.7925,11582.4,317.3,846.648,Panama
3aabed,FMY8954 ,France,2.1691,43.8904,2743.2,284.41,208.404,France
3aabec,FMY8948 ,France,5.0833,46.6092,3177.54,220.72,193.03199999999998,France
86e844,ANA216  ,Japan,3.1574,49.0342,6240.78,100.23,771.5880000000001,Japan
ab3623,GPD821  ,United States,-71.2466,42.587,2004.06,217.36,344.84400000000005,United States
ac4f29,SWA2056 ,United States,-105.3115,39.655,6172.2,246.76,642.96,United States
4a34d9,270     ,Romania,26.0696,44.5152,304.8,244.27,226.116,Romania
a062ec,DAL2081 ,United States,-102.8965,39.9696,10972.8,242.43,752.148,United States
a35b39,AAL3333 ,United States,-84.0999,12.2577,10668.0,191.31,802.692,United States
48c122,RYR81LM ,Poland,2.5385,52.9816,11582.4,283.26,759.168,Poland
a062ef,DAL2976 ,United States,-92.7735,31.2615,8831.58,70.72,908.46,United States
a8bfeb,FFT1539 ,United States,-85.4581,37.6551,9144.0,348.96,686.8439999999999,United States
789231,CPA840  ,China,-145.8644,57.8116,10668.0,84.12,1029.564,China
789232,CPA806  ,China,-93.8402,44.0099,11887.2,116.74,1061.82,China
71c552,JJA2712 ,Republic of Korea,115.9269,5.1274,10668.0,7.23,868.068,Republic of Korea
a36e73,ENY3895 ,United States,-97.13,33.6802,8061.96,0.92,694.5840000000001,United States
a8c6e8,PDT6117 ,United States,-80.2057,40.4855,457.2,270.84,253.76399999999998,United States
a2b872,N2745U  ,United States,-93.2953,37.1979,1120.14,156.14,210.6,United States
ac06a1,EJA874  ,United States,-120.1186,35.0278,10972.8,315.98,914.22,United States
801446,IGO2MJ  ,India,76.7446,30.0524,3680.46,176.92,413.604,India
abf9b1,SWA1041 ,United States,-109.74,32.0482,10972.8,256.15,812.556,United States
ab8fd0,DAL109  ,United States,-70.2918,42.4959,10972.8,255.18,659.0160000000001,United States
a458f5,N38AD   ,United States,-81.8103,30.9321,12496.8,352.71,817.776,United States
a6cf94,EJA538  ,United States,-117.3957,34.7233,8663.94,83.81,720.936,United States
a2554d,N25BQ   ,United States,-88.2648,41.9008,815.34,191.8,126.756,United States
a48e46,DAL1362 ,United States,-78.7245,37.4101,10363.2,216.9,724.86,United States
a610c8,ASA1024 ,United States,-157.9466,21.3253,53.34,89.61,272.268,United States
0c20ce,CMP704  ,Panama,-70.7628,42.0116,3208.02,54.65,601.74,Panama
3aabfb,FMY8041 ,France,3.5333,43.9162,2682.24,156.56,456.192,France
ab2f3d,FFL1003 ,United States,-78.899,30.5187,13106.4,194.13,530.928,United States
a9d3a9,NDU732  ,United States,-111.6789,33.3025,731.52,320.34,182.80800000000002,United States
ab3639,SCX416  ,United States,-83.5956,30.8655,10972.8,334.73,806.904,United States
a8fc2e,UAL1311 ,United States,-98.7765,33.0765,10058.4,117.95,960.1920000000001,United States
c03b48,CFWLR   ,Canada,-114.3761,51.099,1158.24,90.0,5.5440000000000005,Canada
801454,IGO742  ,India,76.2967,10.1835,1394.46,352.19,463.608,India
a78018,CXK1127 ,United States,-80.9793,26.4663,1219.2,297.05,195.48,United States
a5fcef,UAL2318 ,United States,-121.3908,44.356,10965.18,350.45,758.736,United States
71c546,ESR781  ,Republic of Korea,121.9058,25.6914,5928.36,229.65,646.416,Republic of Korea
801458,IGO131C ,India,74.7949,31.7146,327.66,337.74,298.188,India
a445b0,DAL593  ,United States,-84.2828,33.6202,906.78,270.37,288.90000000000003,United States
a7ef4b,FFT1105 ,United States,-121.5402,42.5988,10363.2,330.75,795.9960000000001,United States
ab1c27,N815CF  ,United States,-84.0695,39.4832,7924.8,186.45,659.772,United States
a36e4e,N32ZZ   ,United States,-85.9311,42.8062,304.8,11.84,117.32400000000001,United States
789241,CPA143  ,China,115.8375,4.4582,12192.0,187.81,899.172,China
ab7cb0,N8394C  ,United States,-85.8109,42.2308,922.02,347.01,148.248,United States
a36200,DAL2746 ,United States,-89.4939,39.2706,10988.04,242.28,820.116,United States
504e36,,Republic of Moldova,93.4665,22.4797,12496.8,81.95,978.2280000000001,Republic of Moldova
86d538,SJO444  ,Japan,140.0052,35.5247,876.3,44.77,331.308,Japan
a1f8ed,CXK517  ,United States,-71.1402,42.1338,609.6,335.4,169.056,United States
80140b,IGO1641 ,India,95.647,16.5966,10660.38,120.68,842.004,India
aa5d7f,N767WB  ,United States,-89.531,42.7485,5036.82,87.64,808.1640000000001,United States
489789,LOT3886 ,Poland,19.3313,50.6352,4099.56,58.16,603.864,Poland
489788,LOT3PE  ,Poland,19.8147,48.4768,8679.18,11.07,771.804,Poland
a0c5e5,N149UD  ,United States,-87.8958,42.1018,274.32,338.2,129.636,United States
a1e5d1,N221MF  ,United States,-97.6747,29.8307,228.6,25.77,119.26800000000001,United States
a12e80,UAL480  ,United States,-103.579,39.9016,6256.02,81.65,829.224,United States
a43ec3,UAL587  ,United States,-94.2258,42.5631,8839.2,90.24,875.988,United States
a48e1d,N393BX  ,United States,-116.396,34.8502,6697.98,244.65,817.668,United States
a05bf4,N122JM  ,United States,-121.9501,36.9878,1478.28,159.6,324.072,United States
ab1c33,N815CT  ,United States,-98.1453,30.2392,1310.64,324.61,172.656,United States
a66050,N51NP   ,United States,-99.834,39.7704,12192.0,275.46,680.94,United States
a49510,UAL2156 ,United States,-79.3431,39.0308,8534.4,275.07,754.8480000000001,United States
71c574,KAL2012 ,Republic of Korea,119.4743,23.9062,11277.6,43.99,1042.5600000000002,Republic of Korea
800d2d,IGO6577 ,India,77.4488,28.474,2537.46,23.12,372.56399999999996,India
a9dfb6,PJC35   ,United States,-81.4253,31.058,11887.2,357.39,854.64,United States
800d2c,IGO816K ,India,75.011,25.6677,10370.82,219.61,697.14,India
a996be,N717HA  ,United States,-96.7974,33.6051,1584.96,278.13,471.456,United States
0d0657,SLI419  ,Mexico,-97.7807,23.1742,11582.4,185.91,826.704,Mexico
acffb4,ASA48   ,United States,-140.5955,58.8271,10668.0,123.69,941.5079999999999,United States
71c572,KAL952  ,Republic of Korea,57.8506,24.8214,9387.84,113.0,999.972,Republic of Korea
acffb7,AAL1539 ,United States,-111.7399,33.4913,2491.74,62.7,516.852,United States
abf9d5,SWA3575 ,United States,-80.6324,27.0639,7101.84,339.56,721.368,United States
a23b40,N243BC  ,United States,-97.6473,26.5112,12192.0,171.42,794.16,United States
800d40,AIC2338 ,India,73.8938,19.4269,7444.74,253.87,566.784,India
80141e,AIC2708 ,India,78.4195,28.3367,6758.94,295.94,609.624,India
a6d689,N54KW   ,United States,-120.4591,36.3125,2872.74,134.54,324.79200000000003,United States
a1f8dc,N226SA  ,United States,-87.7431,41.8746,426.72,268.96,203.76000000000002,United States
ad8935,AAL1262 ,United States,-86.5516,20.8513,914.4,293.55,315.18,United States
ab8fee,AAL1626 ,United States,-90.6501,35.3178,9753.6,243.49,829.908,United States
a80353,N615WP  ,United States,-90.4566,41.6023,12496.8,144.78,886.356,United States
4a34e8,ROF9142 ,Romania,26.5565,44.6949,2103.12,265.11,412.632,Romania
aa5130,ENY3429 ,United States,-84.9047,42.7223,3345.18,254.52,589.968,United States
ac3c0c,MVJ88   ,United States,-83.2222,26.8213,12504.42,113.89,1028.952,United States
a8299a,JBU1201 ,United States,-76.5066,36.1902,10972.8,209.02,599.364,United States
a67395,N51467  ,United States,-118.4978,34.2848,1005.84,2.66,159.444,United States
aa777e,SWA750  ,United States,-94.1223,38.7188,4084.32,319.9,552.024,United States
aaacc3,RPA3665 ,United States,-76.4032,38.3433,7780.02,13.71,953.1719999999999,United States
48ba01,SPORB   ,Poland,4.8812,45.9208,929.64,239.11,241.704,Poland
aa0dfa,EJA747  ,United States,-77.4369,36.8432,9448.8,8.31,1076.22,United States
0c20b9,CMP137  ,Panama,-83.7482,11.474,11277.6,125.75,830.592,Panama
a23b36,CXK1029 ,United States,-88.288,41.6237,975.36,345.85,234.93600000000004,United States
a12241,N172SX  ,United States,-116.9858,32.8146,388.62,94.67,182.088,United States
710107,SVA122  ,Saudi Arabia,11.0143,47.7721,11277.6,125.95,949.464,Saudi Arabia
4691c7,AEE927  ,Greece,32.9095,32.8137,9837.42,304.68,745.416,Greece
80146f,IGO9052 ,India,73.1575,19.6088,3893.82,184.38,484.776,India
3c4dd5,DLH2JF  ,Germany,6.2834,46.3565,1348.74,225.74,305.136,Germany
ac54b1,FDX5434 ,United States,-152.0358,58.2593,9753.6,282.63,821.808,United States
a59b3e,OST46   ,United States,-97.2138,36.2312,1043.94,233.13,138.888,United States
4691c3,AEE807  ,Greece,13.2432,47.1664,9166.86,137.66,874.404,Greece
4691c2,AEE3SA  ,Greece,12.0853,48.2676,3086.1,302.41,528.696,Greece
ab975c,AAL1869 ,United States,-83.7028,29.8083,10058.4,151.21,896.004,United States
c03b15,WJA1740 ,Canada,-120.7456,45.7987,11277.6,147.2,923.148,Canada
a72b25,IFG561  ,United States,-80.4356,27.4888,944.88,260.39,122.076,United States
a63887,N50KQ   ,United States,-78.5435,37.4087,1897.38,187.13,283.68,United States
a5f20d,N482WT  ,United States,-91.5977,42.5375,1394.46,176.73,194.76000000000002,United States
ad2733,ASA1367 ,United States,-117.0743,32.7056,609.6,286.49,345.744,United States
a48e7b,FFT3854 ,United States,-87.8008,41.6654,929.64,166.92,376.452,United States
710111,SVA022  ,Saudi Arabia,-67.0515,46.864,9448.8,40.51,1120.5,Saudi Arabia
a98515,SKW3898 ,United States,-83.6262,42.1994,1257.3,174.57,450.216,United States
aab431,RPA3698 ,United States,-77.1924,39.1394,3688.08,102.12,644.0400000000001,United States
a12295,N172WF  ,United States,-88.38,42.5641,1203.96,184.72,202.572,United States
3c4dd1,DLH2EM  ,Germany,11.6693,48.3552,838.2,83.76,238.464,Germany
a23b89,N243EA  ,United States,-111.5882,32.2881,2247.9,131.11,135.18,United States
a98519,N712SP  ,United States,-80.1676,26.2986,426.72,294.04,131.832,United States
a8c840,QXE2499 ,United States,-116.9503,45.9772,9144.0,169.06,897.876,United States
a3be8f,DAL1038 ,United States,-79.7136,33.3609,10363.2,209.15,661.6080000000001,United States
ad0d38,N940AR  ,United States,-77.3277,37.5777,5372.1,140.48,480.168,United States
a6cec4,GJS4536 ,United States,-87.8362,41.8297,1623.06,155.97,504.90000000000003,United States
a59b4a,TRF560  ,United States,-95.7177,30.366,807.72,257.76,200.88,United States
a5f208,SWA1250 ,United States,-101.6068,34.3576,11887.2,99.07,892.728,United States
aaad55,N7873N  ,United States,-104.3656,38.8064,2103.12,147.94,198.864,United States
a445ec,UAL355  ,United States,-101.0827,39.4909,10668.0,100.61,1006.1640000000001,United States
451d86,ASL57K  ,Bulgaria,14.9036,46.5983,10972.8,296.5,734.652,Bulgaria
e0958f,JES3816 ,Argentina,-46.1052,-25.6378,11277.6,44.74,857.772,Argentina
a445ee,UAL2064 ,United States,-99.9407,40.665,10363.2,266.5,697.644,United States
3c4dcd,DLH8UX  ,Germany,11.7418,48.34,495.3,83.42,242.35199999999998,Germany
a3624b,N317RB  ,United States,-104.2248,33.0434,5105.4,111.23,480.81600000000003,United States
ac3aa8,SWA3238 ,United States,-96.673,42.2239,10972.8,256.83,715.176,United States
a2ebe7,N288CB  ,United States,-117.3649,33.9768,541.02,245.51,205.52400000000003,United States
710100,SVA904  ,Saudi Arabia,16.1247,42.924,10668.0,139.68,915.804,Saudi Arabia
3444cf,VLG1UJ  ,Spain,0.9459,50.4822,5219.7,317.14,737.784,Spain
ab6a2e,N8344V  ,United States,-88.8528,41.9565,769.62,248.53,177.12,United States
a6d5b2,N54BF   ,United States,-111.6461,40.1301,1363.98,324.87,122.292,United States
a445f2,UAL1142 ,United States,-65.359,29.144,10058.4,169.04,837.576,United States
a445f8,DAL797  ,United States,-94.7579,36.3581,10972.8,282.14,704.7,United States
4cc4bd,ABD4495 ,Iceland,-64.0746,45.2271,11277.6,52.72,1091.592,Iceland
a828d3,N625AC  ,United States,-89.5919,33.6129,7307.58,173.95,772.884,United States
0d0606,XAKUZ   ,Mexico,-100.0696,25.7019,335.28,311.71,114.12,Mexico
a445f0,UAL2030 ,United States,-100.4821,33.4324,10668.0,151.04,971.532,United States
a2b88d,N2746L  ,United States,-80.6743,34.8066,960.12,243.74,154.872,United States
a72b40,GJS4552 ,United States,-77.4553,38.9997,1211.58,3.33,350.604,United States
acda02,AAL2651 ,United States,-95.1302,35.5699,9753.6,264.86,764.244,United States
a5a2c2,N462TR  ,United States,-88.5458,43.9915,297.18,271.97,107.496,United States
a6bbc5,N533CA  ,United States,-117.5368,33.9322,1028.7,69.74,165.816,United States
0c217c,CMP334  ,Panama,-81.2209,24.089,9144.0,7.75,919.5840000000001,Panama
abc107,SWA2848 ,United States,-104.0095,38.3664,9448.8,139.78,1021.068,United States
adbdb8,N985AA  ,United States,-97.2174,33.1786,373.38,313.2,208.332,United States
0c217b,CMP289  ,Panama,-69.8044,12.3095,7246.62,288.48,753.7320000000001,Panama
a1226e,AAL1024 ,United States,-112.3767,34.7255,10058.4,75.05,847.26,United States
ac9113,SKW5344 ,United States,-85.0726,43.3535,3429.0,75.96,664.3439999999999,United States
010154,MSR778  ,Egypt,25.5229,37.0658,11277.6,140.75,980.568,Egypt
0c216d,CMP443  ,Panama,-77.8357,36.9386,8839.2,0.66,964.9440000000001,Panama
a73e6d,JIA5186 ,United States,-77.0161,38.6162,1318.26,357.61,444.852,United States
a7dba2,UPS32   ,United States,-158.0194,21.3252,449.58,90.0,300.024,United States
a1d2dc,JBU133  ,United States,-120.0088,37.7484,9982.2,261.28,818.784,United States
a815d2,N62VU   ,United States,-94.3682,41.9884,815.34,36.72,291.132,United States
801461,IGO732L ,India,74.1809,17.5072,9189.72,156.51,817.812,India
ab9792,EJA846  ,United States,-87.1543,39.786,12496.8,65.91,902.808,United States
ab34ea,DAL772  ,United States,-83.5574,42.1108,1257.3,150.73,473.436,United States
a99824,TCN717  ,United States,-103.945,40.895,13716.0,123.61,1047.348,United States
a815d5,N62VX   ,United States,-85.1386,38.2651,3032.76,199.08,362.556,United States
a325fd,AAL837  ,United States,-81.6706,24.4518,7315.2,247.44,723.9960000000001,United States
801460,IGO112H ,India,76.6776,10.574,5212.08,53.02,788.22,India
a72b34,LXJ561  ,United States,-74.2499,40.6731,3665.22,180.52,409.32,United States
01013c,MSR800  ,Egypt,17.4847,43.2341,10668.0,125.76,938.0160000000001,Egypt
4d2102,VJT492  ,Malta,5.5535,46.9425,10363.2,316.66,769.032,Malta
ab8469,JRE841  ,United States,-85.2545,22.4727,9631.68,233.06,625.6080000000001,United States
a2ebbd,ASA292  ,United States,-93.5874,41.0155,10668.0,78.99,901.8720000000001,United States
4d2104,AXY150J ,Malta,26.6309,41.0274,7620.0,111.66,852.876,Malta
aced21,ASA215  ,United States,-119.8508,47.7587,7924.8,276.45,642.9960000000001,United States
aced23,AAL2600 ,United States,-86.5545,36.7801,10980.42,247.14,834.12,United States
a3621e,AAL2613 ,United States,-82.4199,31.1951,10972.8,148.64,871.884,United States
a948c4,DAL1213 ,United States,-84.3493,33.6203,678.18,269.11,238.93200000000002,United States
a4d261,N41GD   ,United States,-83.9049,33.4321,5364.48,228.78,278.244,United States
80145a,AIC2203 ,India,55.6537,25.1692,815.34,153.92,391.788,India
aaad78,N7874N  ,United States,-104.0599,38.3837,2552.7,302.81,167.472,United States
a445cd,UAL1701 ,United States,-81.2161,41.6098,7673.34,87.5,765.612,United States
a828ee,N625BE  ,United States,-84.1921,38.9957,9662.16,357.91,711.648,United States
a24267,N24483  ,United States,-112.7055,33.6258,2484.12,176.33,202.284,United States
a24e9f,JNX02   ,United States,-82.1193,28.7849,4411.98,179.01,535.3199999999999,United States
a2b885,N2746C  ,United States,-96.5299,32.7913,304.8,180.0,142.596,United States
010145,MSR730  ,Egypt,29.0303,33.4421,11277.6,139.92,977.904,Egypt
010144,MSR726  ,Egypt,31.239,30.9062,5105.4,170.77,681.0840000000001,Egypt
a35b53,N315VV  ,United States,-93.5913,41.5947,670.56,208.74,130.96800000000002,United States
a73220,ASA15   ,United States,-105.665,36.3027,10972.8,253.29,721.26,United States
ac3ac9,SWA2532 ,United States,-71.807,41.8468,10812.78,215.23,609.9119999999999,United States
ad0d3a,DL1106  ,United States,-81.9694,36.1216,7322.82,324.08,779.796,United States
a1e5fa,N221NX  ,United States,-119.7733,34.8749,6705.6,318.9,557.856,United States
abe77a,SWA437  ,United States,-98.3415,33.3277,10972.8,280.44,745.74,United States
a62516,N4950U  ,United States,-113.7413,35.3248,2834.64,113.87,228.852,United States
a79ea8,DAL1747 ,United States,-82.1302,29.7905,7299.96,161.15,727.992,United States
4c0178,ASL11T  ,Serbia,19.7983,45.49,5013.96,320.51,381.528,Serbia
a74505,DAL294  ,United States,-165.0376,57.119,11277.6,69.87,930.9960000000001,United States
aa6fca,SWA1132 ,United States,-83.2169,39.9938,3520.44,274.89,607.8240000000001,United States
ab6a71,N8346S  ,United States,-88.808,42.1491,1150.62,171.19,133.056,United States
adbdc1,ASA732  ,United States,-114.5844,38.9209,10668.0,138.89,906.984,United States
abc12a,SWA991  ,United States,-72.4288,41.9463,8549.64,268.67,557.6039999999999,United States
4d215d,AAE105  ,Malta,20.2501,47.2189,6560.82,117.47,839.124,Malta
e4a219,PTOVE   ,Brazil,-57.3439,-12.0683,3566.16,330.73,439.452,Brazil
a708b0,AAL3047 ,United States,-98.1234,33.54,5212.08,110.98,791.424,United States
a5c8bc,WMN472  ,United States,-102.4227,38.5973,13106.4,292.48,663.444,United States
407c26,TOM4XV  ,United Kingdom,-8.4059,37.0434,10972.8,22.86,872.316,United Kingdom
abcd6b,N86KM   ,United States,-83.976,35.8229,365.76,224.71,260.604,United States
a50549,RPA4719 ,United States,-89.1419,36.148,8305.8,31.5,673.3800000000001,United States
aaad8f,SWA4781 ,United States,-102.1706,36.7426,10660.38,72.38,868.6080000000001,United States
a6b07e,ASA419  ,United States,-105.8022,40.4803,10370.82,302.86,641.6279999999999,United States
a6ceb8,LXJ538  ,United States,-96.5367,45.54,13106.4,266.09,787.068,United States
4d2139,VJT972  ,Malta,20.5134,44.4159,13716.0,117.39,917.784,Malta
408305,EXS4YC  ,United Kingdom,-0.2761,51.5395,4739.64,8.15,705.312,United Kingdom
abe79d,SWA2559 ,United States,-103.8112,36.8618,11590.02,248.15,786.168,United States
a54bab,SWA497  ,United States,-84.8347,35.0286,12192.0,235.88,825.444,United States
ae2125,C2701   ,United States,-93.7385,30.4141,5059.68,47.98,553.392,United States
a2f2fa,UAL7    ,United States,-105.2755,31.7943,10363.2,280.78,861.552,United States
a9d3f9,N732RJ  ,United States,-87.9699,33.8342,11582.4,285.38,747.1800000000001,United States
a63864,TFF967  ,United States,-87.419,19.46,14325.6,214.28,753.048,United States
a3d87d,DAL2800 ,United States,-107.1103,38.4994,10073.64,130.15,944.964,United States
a3c54f,LXJ342  ,United States,-87.2932,39.0021,13106.4,170.28,931.968,United States
abcd7a,N86LB   ,United States,-81.1034,23.8635,13716.0,198.17,635.436,United States
a24293,N245AA  ,United States,-81.2313,28.7785,76.2,271.17,90.756,United States
a4e538,RPA4535 ,United States,-74.3594,40.4767,3185.16,70.43,652.536,United States
78082e,CCA993  ,China,-79.2974,43.335,1630.68,49.93,411.408,China
aafafa,N8063T  ,United States,-121.0317,39.2234,1028.7,267.88,200.16,United States
ad0135,N937RV  ,United States,-104.489,39.7263,10363.2,342.12,669.42,United States
a2a59b,N27RA   ,United States,-82.5312,28.0839,2499.36,339.08,378.684,United States
ac8a66,AAL2612 ,United States,-74.9447,39.9165,1013.46,288.79,287.568,United States
a708bf,VOI7770 ,United States,-91.8416,35.3432,11277.6,22.95,722.0160000000001,United States
a6e8ae,VOS4330 ,United States,-117.4325,33.247,3977.64,280.7,718.092,United States
a3ab3c,,United States,-80.4579,27.6741,769.62,335.81,140.076,United States
c018c8,JZA215  ,Canada,-69.3446,46.0888,10972.8,265.15,745.308,Canada
aa0f28,N74719  ,United States,-118.2561,34.2038,2804.16,318.86,213.948,United States
3c54a5,EWG4AJ  ,Germany,7.0001,52.7961,11582.4,249.58,711.3960000000001,Germany
04c2f6,KQA2340 ,Kenya,55.8804,24.3051,6713.22,9.23,808.668,Kenya
acda41,EDV5073 ,United States,-83.4039,42.1246,792.48,28.58,259.416,United States
acda2c,SWA1843 ,United States,-91.8989,40.5602,11582.4,239.42,815.328,United States
aaa178,TCN784  ,United States,-97.788,29.8802,1127.76,171.81,467.784,United States
4d2143,WMT1FS  ,Malta,16.6311,44.0135,10972.8,263.48,734.436,Malta
010108,MSR712  ,Egypt,31.7066,32.2158,9669.78,216.47,803.772,Egypt
3c4dc2,DLH33A  ,Germany,6.6799,46.2712,9144.0,40.82,827.208,Germany
39d2ae,AFR267  ,France,4.7624,47.7603,9585.96,318.87,853.1640000000001,France
a517a1,SWA3160 ,United States,-93.7632,34.1435,11582.4,243.62,758.6640000000001,United States
4081bf,BAW1MB  ,United Kingdom,31.0641,35.3983,10370.82,296.83,722.2320000000001,United Kingdom
a6c2ff,N535    ,United States,-83.8241,31.285,3002.28,6.89,509.29200000000003,United States
4081bc,BAW782F ,United Kingdom,17.999,59.7589,685.8,190.62,301.5,United Kingdom
4081bd,BAW637  ,United Kingdom,23.8059,38.1985,4572.0,288.69,670.572,United Kingdom
a8fbf8,N6781N  ,United States,-97.3604,32.8795,1150.62,152.61,229.464,United States
39d2ac,AFR30X  ,France,-78.2253,49.2818,12192.0,208.71,905.904,France
ac4279,SWA4589 ,United States,-95.9476,41.3572,655.32,145.19,236.84400000000002,United States
4b18b9,EDW49Q  ,Switzerland,15.4083,44.9718,11285.22,130.21,877.86,Switzerland
0c210c,CMP369  ,Panama,-71.9838,-4.8873,10972.8,332.66,854.8199999999999,Panama
4081c0,BAW33A  ,United Kingdom,0.0956,51.6043,3657.6,177.9,403.992,United Kingdom
a7e2da,SKW4239 ,United States,-93.3629,45.0712,1661.16,282.23,341.1,United States
aa029c,NKS1151 ,United States,-78.2802,38.3998,10972.8,238.82,740.376,United States
a54d06,OXF1197 ,United States,-111.7607,33.3942,678.18,256.09,200.34,United States
acb89e,N919FG  ,United States,-67.1805,20.0968,13106.4,304.73,851.76,United States
a001c5,N1UA    ,United States,-114.2299,35.9132,12192.0,279.42,814.752,United States
06a1c8,QQE548  ,Qatar,7.0005,50.0587,12496.8,112.15,967.788,Qatar
06a1c4,QTR1034 ,Qatar,51.7382,25.4782,3520.44,91.52,628.056,Qatar
a3bda6,DAL1082 ,United States,-74.8049,39.9604,8229.6,37.1,1114.524,United States
a54d03,OXF1098 ,United States,-111.4293,32.2776,2827.02,146.59,208.548,United States
4081aa,EXS36AP ,United Kingdom,-7.2619,53.0965,11277.6,36.85,904.8960000000001,United Kingdom
e4a0c7,PSATM   ,Brazil,-78.4306,25.3992,8359.14,293.92,717.192,Brazil
a134d5,SKW3224 ,United States,-119.5342,37.2734,10972.8,348.69,812.124,United States
a134d7,N177T   ,United States,-120.3357,34.9106,152.4,125.27,186.012,United States
06a1be,QTR69G  ,Qatar,-62.4726,46.9835,9448.8,59.31,1070.388,Qatar
a36da4,N32TD   ,United States,-74.5271,41.6696,5196.84,254.5,263.30400000000003,United States
a11ac2,N170SE  ,United States,-107.0958,43.2905,3611.88,317.59,318.56399999999996,United States
a027f6,N109US  ,United States,-71.4098,42.0791,777.24,245.43,71.28,United States
a30d04,AAY379  ,United States,-82.0791,35.2989,11292.84,334.83,849.204,United States
a3bdb3,N340EA  ,United States,-104.5755,38.9543,2103.12,334.23,119.26800000000001,United States
a014c9,AAL2    ,United States,-96.017,41.1269,10668.0,79.21,969.0840000000001,United States
a922d6,TIV688  ,United States,-82.4655,33.3142,13106.4,199.76,761.544,United States
a06435,SKW5315 ,United States,-100.7293,38.7145,10058.4,121.68,1022.796,United States
342090,IBS1863 ,Spain,-2.1859,47.8616,10965.18,9.71,922.536,Spain
a16a02,AAL1364 ,United States,-80.6166,26.1168,2164.08,89.82,600.048,United States
4d204a,WZZ3051 ,Malta,19.9279,50.4983,3749.04,161.45,564.5880000000001,Malta
a17d1c,N1950F  ,United States,-115.4449,36.3224,2255.52,273.5,181.83599999999998,United States
a54d26,OXF3966 ,United States,-111.4806,33.1559,1920.24,190.65,190.332,United States
4d2068,WMT617  ,Malta,11.3012,41.3364,7620.0,243.92,678.3480000000001,Malta
ab9715,KSU46   ,United States,-97.3531,38.8179,1905.0,15.72,198.18,United States
06a1e8,QTR8104 ,Qatar,28.8026,42.7918,11887.2,125.0,988.02,Qatar
4b18ba,SWR421Q ,Switzerland,16.8712,45.9278,10675.62,110.36,904.752,Switzerland
4b18bb,EDW17C  ,Switzerland,8.5149,47.4975,563.88,137.34,256.896,Switzerland
39d2a5,AFR198  ,France,28.2086,43.7321,11277.6,118.79,1022.832,France
3f9ae8,PCT029  ,Germany,8.3562,54.0099,952.5,181.61,263.088,Germany
39d2a6,AFR636P ,France,-87.2181,43.0064,12192.0,210.22,960.2280000000001,France
a32718,DAL901  ,United States,-84.9909,33.9911,4183.38,139.04,762.7320000000001,United States
e4a0a4,N       ,Brazil,-56.1004,-14.1491,8229.6,152.08,526.068,Brazil
a8b56f,NKS1601 ,United States,-81.8175,27.2341,5966.46,342.64,719.892,United States
39d2a8,AFR062  ,France,-65.6838,50.1685,12192.0,223.18,741.6,France
a00df9,AAL2390 ,United States,-79.4286,33.5248,10965.18,215.44,638.784,United States
ac429b,SWA4775 ,United States,-73.6117,40.3626,9707.88,260.98,673.2,United States
a56742,N4472F  ,United States,-97.3446,33.695,1104.9,345.96,190.90800000000002,United States
39d2a0,AFR995  ,France,26.4555,-25.0571,8313.42,313.03,911.988,France
a8c89c,WUP665  ,United States,-81.1407,29.1456,1676.4,243.66,413.28,United States
a87898,JBU769  ,United States,-79.9736,26.0758,922.02,270.45,237.05999999999997,United States
c04cf4,WJA2746 ,Canada,-88.0958,34.411,10668.0,138.83,1018.5120000000001,Canada
4bb846,PGT89T  ,Turkey,30.7898,36.8792,15.24,6.39,232.956,Turkey
4bb844,PGT72WG ,Turkey,17.2261,42.6148,10972.8,292.17,745.956,Turkey
4081fa,TKF1    ,United Kingdom,-1.0678,51.8537,1013.46,194.99,243.50400000000002,United Kingdom
c82a0c,GBA504  ,New Zealand,174.6812,-36.4108,2720.34,158.35,386.568,New Zealand
a254dd,UAL820  ,United States,138.2915,37.8087,11582.4,243.18,751.212,United States
4bb841,PGT98Z  ,Turkey,39.4882,41.0881,1196.34,112.26,342.216,Turkey
4bb850,PGT15ZP ,Turkey,27.6945,38.5111,5494.02,79.46,759.168,Turkey
a802c0,EJA615  ,United States,-73.5329,40.2952,5448.3,39.57,816.9119999999999,United States
4b18f1,EDW302  ,Switzerland,10.212,49.2289,9799.32,226.01,813.3480000000001,Switzerland
a0648e,N124WM  ,United States,-90.6,30.1255,525.78,174.42,247.5,United States
06a1ed,QTR8997 ,Qatar,101.0441,13.5259,9753.6,285.06,926.352,Qatar
a9e850,N73761  ,United States,-88.2266,43.0403,304.8,282.63,110.088,United States
a2b7f5,UAL1298 ,United States,-85.4659,39.2116,10668.0,47.23,840.06,United States
a05173,N12BA   ,United States,-97.3534,33.1539,1127.76,192.8,459.612,United States
a1cd4e,ENY3773 ,United States,-98.5792,30.025,10363.2,231.46,826.3439999999999,United States
c053ba,ASP501  ,Canada,-113.4837,52.759,3848.1,10.47,468.936,Canada
a7dbaa,SKW5709 ,United States,-118.8853,45.8371,9624.06,26.19,751.212,United States
a44750,N375KS  ,United States,-112.2881,34.6723,8229.6,100.88,480.88800000000003,United States
4bb856,PGT41FZ ,Turkey,30.5814,38.9952,10660.38,73.46,884.808,Turkey
aac71d,CKS217  ,United States,140.4442,35.0762,9441.18,74.05,1078.632,United States
4bb852,PGT25V  ,Turkey,29.2203,40.8671,1104.9,244.09,432.36,Turkey
800bd4,AIC2439 ,India,76.7734,28.0345,4556.76,209.3,745.452,India
a99894,N7171L  ,United States,-95.0027,48.5575,3063.24,338.11,427.14000000000004,United States
4bb84d,PGT882N ,Turkey,29.4978,41.3762,6088.38,34.94,539.964,Turkey
ab34a7,AAL1097 ,United States,-97.8886,30.423,9761.22,206.74,819.144,United States
4bb84b,PGT95XG ,Turkey,16.6427,46.2252,11277.6,120.98,881.388,Turkey
ab9740,N846MK  ,United States,-106.57,35.0986,1981.2,8.05,198.252,United States
c82a21,NPR8    ,New Zealand,177.3177,-39.1308,685.8,225.99,226.584,New Zealand
4bb84a,PGT1HD  ,Turkey,31.3583,37.7401,7772.4,219.29,737.028,Turkey
a11ad4,SKW9791 ,United States,-109.0734,32.2585,12192.0,273.95,725.868,United States
7c7ab5,VOZ082  ,Australia,129.1557,-19.2111,10050.78,134.65,866.952,Australia
a7a89d,ASA365  ,United States,-120.0836,46.3655,9913.62,309.66,661.572,United States
a11ad7,N170TA  ,United States,-82.3306,34.9609,4198.62,16.95,362.05199999999996,United States
a96b14,CKS604  ,United States,105.772,21.6183,2430.78,169.05,458.388,United States
aa023f,JRE744  ,United States,-74.7015,40.1369,1965.96,274.7,429.264,United States
a9e82f,N73753  ,United States,-87.9289,42.5879,510.54,110.22,150.012,United States
3480cc,LVL25DU ,Spain,-2.037,42.8688,11887.2,293.69,792.792,Spain
4d208f,WZZ4758 ,Malta,7.7711,41.1658,10668.0,268.11,787.536,Malta
a24de8,MXY116  ,United States,-106.8827,35.5872,10363.2,266.58,745.812,United States
a121c0,N172MT  ,United States,-104.7377,39.4509,2331.72,5.64,150.732,United States
7c7ab1,VOZ710  ,Australia,136.8018,-37.2893,11269.98,99.54,1072.332,Australia
4d208d,9HFAE   ,Malta,14.5249,35.8857,304.8,233.28,145.584,Malta
a04a4d,DAL754  ,United States,-88.441,41.8653,10652.76,80.73,885.708,United States
a23ab3,CXK648  ,United States,-93.5534,45.132,1127.76,45.61,246.204,United States
a001cf,N1UL    ,United States,-83.6436,31.3369,12192.0,345.89,706.536,United States
800ba0,LLR926  ,India,73.8077,18.589,1295.4,274.79,310.356,India
4d2092,WZZ95   ,Malta,1.7706,51.9353,5890.26,312.97,627.66,Malta
a387f0,JBU776  ,United States,-90.0449,30.306,4183.38,57.73,558.504,United States
a98539,DAL680  ,United States,-85.6849,43.5505,10972.8,274.5,802.548,United States
aa0e90,KAP519  ,United States,-70.0272,41.2819,396.24,167.71,191.448,United States
a35aa7,N315NY  ,United States,-96.4703,42.5647,2865.12,302.37,245.592,United States
a24dcd,AER711  ,United States,-149.5132,62.3912,6080.76,14.93,575.028,United States
a8ae3e,AAL2376 ,United States,-81.9326,40.106,10355.58,352.16,828.1800000000001,United States
ac54a4,ERU894  ,United States,-81.3829,29.1707,617.22,18.63,168.084,United States
407af2,BAW108  ,United Kingdom,0.961,50.7639,7078.98,316.17,639.216,United Kingdom
4b18fd,SWR189  ,Switzerland,10.9619,47.6444,8923.02,276.02,830.556,Switzerland
ab7d44,N8398L  ,United States,-88.7926,41.6404,883.92,91.83,174.168,United States
4b18fe,EDW70   ,Switzerland,13.8829,44.8082,10058.4,138.42,901.26,Switzerland
4081d7,WUK5605 ,United Kingdom,4.4588,50.3859,10058.4,113.5,882.504,United Kingdom
a6127b,N4900L  ,United States,-117.1179,33.5397,845.82,48.54,148.248,United States
a32753,LXJ302  ,United States,-81.768,26.8945,5189.22,9.26,701.784,United States
aa5bcb,CXK423  ,United States,-112.015,41.1994,1203.96,180.0,127.8,United States
a6bbef,DAL523  ,United States,-110.0618,35.4383,10355.58,250.34,792.576,United States
344696,VLG89ZK ,Spain,1.581,42.0214,7490.46,344.64,818.172,Spain
a254d6,UAL33   ,United States,-121.9655,37.7006,11269.98,143.06,887.4720000000001,United States
344698,VLG41ND ,Spain,-4.6218,39.2176,10965.18,49.9,888.5160000000001,Spain
4bb87a,PGT91AW ,Turkey,19.1388,47.3589,10668.0,133.79,869.724,Turkey
aa01b3,ENY3355 ,United States,-74.2262,40.9485,1455.42,97.06,406.836,United States
344694,VLG1QW  ,Spain,0.4198,42.0988,11277.6,191.2,791.0640000000001,Spain
abf8e0,SWA615  ,United States,-81.6967,26.5741,320.04,233.28,291.132,United States
71bf56,AAR746  ,Republic of Korea,120.7859,25.0487,10668.0,43.81,1011.204,Republic of Korea
ab8ee9,N844CB  ,United States,-107.893,45.7514,12283.44,96.66,941.616,United States
c01970,ROU1634 ,Canada,-81.2821,28.3918,213.36,0.0,262.98,Canada
71bf55,AAR762  ,Republic of Korea,116.4635,7.0814,10668.0,53.71,873.072,Republic of Korea
71bf54,AAR756  ,Republic of Korea,117.918,22.4036,10668.0,43.49,992.9879999999999,Republic of Korea
344691,VLG8VK  ,Spain,2.1542,41.323,236.22,245.56,246.16799999999998,Spain
4cc52e,ICE212  ,Iceland,5.2409,58.9211,10668.0,131.08,842.724,Iceland
392da5,TJT95SZ ,France,8.5097,44.4896,6705.6,39.26,523.836,France
789277,HGB233  ,China,113.9837,22.3234,647.7,70.61,384.84000000000003,China
789276,CPA153  ,China,122.3662,12.628,11277.6,145.18,882.1080000000001,China
a877d3,PDT5882 ,United States,-77.1347,37.5295,1013.46,227.25,401.04,United States
71bf47,AAR177  ,Republic of Korea,131.8422,35.6818,10972.8,279.22,658.5840000000001,Republic of Korea
a54137,DAL33   ,United States,-84.2167,33.6611,1219.2,238.87,322.38,United States
a744bd,N568BB  ,United States,-90.6093,32.4064,10843.26,11.16,689.004,United States
a4345e,LXJ370  ,United States,-82.9382,31.1276,6614.16,239.37,654.3000000000001,United States
aa5d60,AAL3120 ,United States,-107.4323,36.7141,11277.6,53.98,922.752,United States
ac4e54,N892SB  ,United States,-85.5624,40.4589,12496.8,81.35,837.36,United States
aa01a2,CKS529  ,United States,-104.3052,50.4207,10058.4,123.58,1038.096,United States
4402f1,EJU305J ,Austria,-0.5179,44.6938,3634.74,93.99,664.6320000000001,Austria
a3fa60,N35543  ,United States,-96.785,32.6097,601.98,317.97,177.012,United States
a481c5,N39PR   ,United States,-80.255,36.4449,2804.16,115.02,398.52000000000004,United States
a30151,N293HC  ,United States,-113.5595,34.7411,12496.8,92.14,841.392,United States
a2da59,ENY4095 ,United States,-97.2549,33.3398,6316.98,2.21,672.768,United States
ad8836,JBU52   ,United States,-79.7593,28.7368,7307.58,66.87,994.8600000000001,United States
a79420,RJC193  ,United States,-73.2672,41.4686,6088.38,343.18,787.428,United States
a66d5e,KOW513  ,United States,-96.7593,37.3677,14325.6,300.17,803.34,United States
4cc53b,ICE900  ,Iceland,15.9636,52.5407,11887.2,142.24,883.152,Iceland
800bfb,AIC2289 ,India,52.215,25.3493,3589.02,293.82,467.676,India
4402db,EJU4825 ,Austria,7.6817,47.6057,11269.98,123.94,839.304,Austria
a997cc,DAL639  ,United States,-102.1768,39.3142,10668.0,78.84,966.4920000000001,United States
789287,HKE629  ,China,137.1529,34.5423,8526.78,238.24,686.124,China
4cc53a,ICE454  ,Iceland,-7.2431,56.8971,11887.2,150.01,818.928,Iceland
c079f4,CGUET   ,Canada,-122.1795,49.0595,160.02,228.76,179.784,Canada
a67452,DAL2019 ,United States,-81.2015,30.1379,8755.38,181.31,729.864,United States
a31486,EDV4983 ,United States,-76.0508,38.6646,9921.24,35.89,1017.252,United States
392daa,ITI25KZ ,France,6.305,46.8682,5791.2,207.52,448.95599999999996,France
a35af8,AAL1279 ,United States,-83.3839,39.6265,3825.24,38.38,602.4960000000001,United States
a494e9,UAL2612 ,United States,-76.3928,39.0074,10363.2,37.61,1028.7,United States
c066dd,ACA162  ,Canada,-83.2794,46.2269,10660.38,125.45,868.5,Canada
ac3b32,SWA2151 ,United States,-111.4702,36.6285,11277.6,77.93,903.384,United States
504e77,FIA5509 ,Republic of Moldova,31.6042,35.214,10675.62,144.1,944.2800000000001,Republic of Moldova
ab1b3e,UAL1316 ,United States,-87.7823,41.4868,4427.22,169.78,741.456,United States
a731b0,N5627L  ,United States,-96.8038,32.0364,1036.32,27.53,196.30800000000002,United States
a2ed6d,N288TS  ,United States,-99.1881,29.5309,1272.54,252.62,254.23200000000003,United States
4bb864,PGT87WX ,Turkey,13.5625,47.2653,10058.4,111.91,898.272,Turkey
a23af9,CXK594  ,United States,-104.6338,39.2658,2948.94,118.96,218.01600000000002,United States
a43458,FFT1165 ,United States,-65.9826,18.4738,571.5,339.34,362.196,United States
acb84d,NCR660  ,United States,-82.9087,39.8264,289.56,224.51,303.84000000000003,United States
a4e4fc,N414WM  ,United States,-119.6245,36.1723,3200.4,327.37,250.704,United States
7100b5,SVA552  ,Saudi Arabia,54.5122,24.6369,6332.22,351.5,614.196,Saudi Arabia
a3012d,CBN293F ,United States,-89.1602,37.6697,868.68,156.13,228.852,United States
aac5e7,N79326  ,United States,-116.9402,32.6213,731.52,16.84,210.924,United States
4bb863,PGT1894 ,Turkey,34.9022,36.7664,9448.8,263.69,758.34,Turkey
add847,N991VT  ,United States,-89.9719,38.7497,708.66,45.33,226.548,United States
4bb872,PGT4283 ,Turkey,27.1272,38.3816,1348.74,349.04,418.788,Turkey
a4d1bf,N40993  ,United States,-113.2353,37.4358,2758.44,14.71,153.18,United States
a8175b,N620ML  ,United States,-80.8845,24.9064,4602.48,222.09,464.184,United States
ac18fe,AAL1779 ,United States,-82.6748,27.795,7620.0,170.24,699.048,United States
7100aa,SVA410  ,Saudi Arabia,31.0884,30.1908,8473.44,154.2,936.0,Saudi Arabia
c066f0,ACA1358 ,Canada,-86.4305,40.2134,10668.0,50.57,796.032,Canada
a31472,AAY1361 ,United States,-81.0468,33.5867,10972.8,196.91,725.868,United States
a6b10c,SKW4632 ,United States,-85.304,41.23,9761.22,275.82,804.204,United States
0100e0,MSR706  ,Egypt,22.1498,39.5502,11277.6,135.58,899.712,Egypt
4bb85a,PGT49W  ,Turkey,30.7958,36.7404,525.78,318.65,370.04400000000004,Turkey
789294,HKE615  ,China,125.9946,34.9247,10370.82,190.33,785.0160000000001,China
a7942b,N588FP  ,United States,-88.6333,34.2941,10043.16,96.55,713.988,United States
ad7528,N96621  ,United States,-117.328,33.0228,1386.84,352.29,179.424,United States
a85dd1,N6380E  ,United States,-99.2555,30.4426,3108.96,311.05,152.28,United States
abf8ff,SWA2706 ,United States,-79.4117,41.3518,10675.62,97.78,902.8439999999999,United States
504e61,HYS492  ,Republic of Moldova,16.5648,45.9269,11871.96,82.55,885.312,Republic of Moldova
a78d57,MTU86   ,United States,-87.4123,36.6125,175.26,337.71,122.076,United States
4bb874,PGT3203 ,Turkey,29.0338,38.5973,9662.16,255.53,778.428,Turkey
ac6886,UAL515  ,United States,-85.2118,37.3149,10980.42,246.87,815.616,United States
a2b7fe,N2742H  ,United States,-87.3425,30.7743,2705.1,85.02,362.52000000000004,United States
a67470,N515EK  ,United States,-96.9183,31.7268,1569.72,157.01,331.95599999999996,United States
a29d93,JSX173  ,United States,-120.2084,35.4471,9448.8,139.61,765.936,United States
800bf9,AIC2386 ,India,77.0332,28.5362,822.96,203.78,408.81600000000003,India
a97da7,SKW6342 ,United States,-88.0583,41.8223,3040.38,69.65,665.676,United States
a77a32,LXJ581  ,United States,-81.531,29.2211,6598.92,338.49,808.2,United States
4bb86d,PGT1926 ,Turkey,32.9939,36.2656,7856.22,148.48,814.716,Turkey
4bb86e,PGT76JF ,Turkey,27.5435,41.3983,9570.72,114.08,916.884,Turkey
aab2bf,JBU1851 ,United States,-82.9616,29.5857,9753.6,194.49,732.636,United States
a30d6b,SKW4177 ,United States,-97.8792,26.3698,3009.9,198.26,579.204,United States
4bb86b,PGT2096 ,Turkey,33.5283,37.4668,8481.06,127.67,903.1320000000001,Turkey
4402c0,OEGBF   ,Austria,-2.5004,48.6459,13106.4,193.93,700.272,Austria
a9d59f,UAL1483 ,United States,-121.4269,35.9272,10668.0,144.65,797.004,United States
a12f2a,UAL2206 ,United States,-77.5546,38.799,2346.96,181.92,498.456,United States
a2b919,ASA405  ,United States,-112.7103,42.8944,11277.6,119.64,1003.608,United States
a339b4,DAL2013 ,United States,-84.6132,22.2883,10500.36,42.72,985.572,United States
a9d59a,UAL1919 ,United States,-87.7785,21.7143,8839.2,145.85,897.3720000000001,United States
ae58ed,RN248   ,United States,-85.9205,31.0271,1981.2,254.48,449.784,United States
4402ae,EJU53MP ,Austria,10.6966,52.278,10355.58,266.22,759.1320000000001,Austria
4402ac,EJU32PC ,Austria,-7.0439,33.0375,10507.98,201.97,816.768,Austria
ae58ea,BB245   ,United States,-87.0397,30.5056,1005.84,19.6,430.56,United States
a5540c,SWA1168 ,United States,-90.6561,35.2724,11582.4,245.07,782.172,United States
ac5569,AAL3090 ,United States,-85.0243,34.9221,9144.0,235.51,811.152,United States
aa7734,SWA1316 ,United States,-97.2945,30.9876,5234.94,198.76,713.916,United States
aaabf6,EJA787  ,United States,-73.852,41.4029,1973.58,145.61,462.31199999999995,United States
504e8a,FIA5836 ,Republic of Moldova,5.2568,50.4894,6743.7,125.42,715.86,Republic of Moldova
344648,IBE05KG ,Spain,-7.6229,39.2709,9052.56,60.39,903.24,Spain
4cc576,ICE578  ,Iceland,-10.6091,52.3932,11887.2,164.21,837.216,Iceland
ad8895,AAL2415 ,United States,-90.8246,33.8768,9144.0,279.37,739.548,United States
8a028e,GIA682  ,Indonesia,107.8912,-6.4557,8801.1,110.01,812.0160000000001,Indonesia
a3c4d0,TPA4024 ,United States,-79.3035,25.1842,5402.58,298.04,673.5960000000001,United States
a66d27,LXJ513  ,United States,-99.5116,38.7656,13098.78,263.29,760.8240000000001,United States
a4f7cb,RPA4485 ,United States,-74.159,40.8879,3794.76,253.97,489.456,United States
ae58f7,BB258   ,United States,-87.3423,30.7353,967.74,48.97,434.52000000000004,United States
39cd33,TJT040P ,France,4.9729,45.6208,3048.0,353.88,486.144,France
acb878,DAL785  ,United States,-121.6536,37.5439,2971.8,253.23,564.804,United States
a6bd0f,N533RF  ,United States,-86.9965,34.6026,2293.62,359.27,144.46800000000002,United States
0100a3,MSR526  ,Egypt,25.123,37.9473,11582.4,324.56,772.884,Egypt
ac3b78,SWA3253 ,United States,-93.4353,35.7556,11582.4,227.67,844.272,United States
71bf33,JNA092  ,Republic of Korea,120.2144,24.6034,11887.2,44.42,1042.452,Republic of Korea
0100a7,MSR522  ,Egypt,3.1328,51.2384,1036.32,256.92,294.696,Egypt
46b8b5,AEE604  ,Greece,-0.3176,51.4653,624.84,270.0,287.06399999999996,Greece
a13608,UAL609  ,United States,-91.865,34.3494,11887.2,66.19,844.1279999999999,United States
46b8b3,AEE959  ,Greece,33.5501,29.3571,10972.8,288.05,705.1320000000001,Greece
c079d5,WJA2200 ,Canada,-100.0444,32.7619,11879.58,151.24,973.9079999999999,Canada
c0193c,CFJOL   ,Canada,-74.5515,45.1463,3459.48,57.76,569.304,Canada
39840d,TLJ188V ,France,41.555,41.912,11582.4,260.83,767.268,France
adab36,DAL1248 ,United States,-77.0159,39.4614,6370.32,219.96,611.316,United States
c066b0,WJA2994 ,Canada,-86.9985,34.1689,10972.8,208.89,896.904,Canada
a54d4b,N4402R  ,United States,-88.4916,41.784,518.16,16.64,168.156,United States
4402e8,EJU83AX ,Austria,8.4405,43.2191,4937.76,278.6,606.888,Austria
a54d4d,OXF1692 ,United States,-111.5375,33.3748,914.4,316.87,200.484,United States
71bf20,KAL658  ,Republic of Korea,122.1671,26.0767,12496.8,40.24,977.688,Republic of Korea
87304a,ANA898  ,Japan,107.0655,22.3144,7688.58,81.77,1008.6120000000001,Japan
a60ab8,ASA1025 ,United States,-157.9564,21.1241,2026.92,320.49,465.732,United States
46b8a2,AEE489  ,Greece,9.5804,48.6941,11894.82,124.55,924.156,Greece
7807bd,CSC3896 ,China,81.4679,47.0379,11308.08,99.66,993.7800000000001,China
a54d69,OXF2087 ,United States,-111.1437,33.108,2217.42,187.89,188.856,United States
7807bb,CSG2563 ,China,107.8486,22.9642,9174.48,313.19,868.6800000000001,China
a9c25f,N728MH  ,United States,-82.41,40.5107,3985.26,208.25,704.304,United States
ad12e0,SWA3044 ,United States,-121.6703,38.9577,541.02,98.65,406.512,United States
ac9bfa,N911SH  ,United States,-97.31,32.4981,541.02,358.73,166.716,United States
a9728c,N708CV  ,United States,-76.8172,36.7393,5402.58,261.05,273.744,United States
a0299e,AXEL10  ,United States,-87.9952,36.9719,6248.4,96.15,812.16,United States
a12f6d,UAL215  ,United States,-94.6103,41.2478,9753.6,259.38,753.696,United States
4b1939,CSW630  ,Switzerland,13.833,45.1888,11277.6,116.45,843.984,Switzerland
acdb7c,ASI137  ,United States,-112.3012,33.7734,1310.64,258.23,181.62,United States
a3bf1e,UPS137  ,United States,113.7701,22.7133,396.24,153.43,260.892,United States
a196f3,ENY3399 ,United States,-111.9239,32.9152,6187.44,155.84,710.424,United States
780977,DKH1386 ,China,137.8507,35.0214,9128.76,270.49,650.0880000000001,China
a05cf3,AAL2560 ,United States,-79.9994,32.8445,9753.6,215.05,628.884,United States
ad159b,PDT5795 ,United States,-80.929,35.1456,640.08,357.97,261.288,United States
4b191c,SWR161  ,Switzerland,8.804,48.9769,8290.56,190.16,850.428,Switzerland
a12f73,UAL1276 ,United States,-116.3664,33.486,9966.96,97.28,774.828,United States
a9d4da,N7320J  ,United States,-117.2583,33.6245,1341.12,329.91,229.03199999999998,United States
a12f75,UAL1322 ,United States,-95.438,41.4366,10668.0,89.01,963.1800000000001,United States
4b191f,SWR181  ,Switzerland,12.0913,47.5289,9753.6,279.24,853.74,Switzerland
c00804,PHX58   ,Canada,-77.8569,28.3742,9753.6,172.85,640.224,Canada
06a115,QTR2F   ,Qatar,54.9335,24.9844,10668.0,78.26,1064.952,Qatar
06a116,QTR72P  ,Qatar,26.0826,44.0599,11277.6,121.99,1006.668,Qatar
06a113,QTR85P  ,Qatar,25.3633,44.0066,11887.2,124.6,1007.9280000000001,Qatar
adabed,N980JA  ,United States,-112.369,41.0854,2598.42,56.66,168.48,United States
06a114,QTR942  ,Qatar,55.0492,24.3421,11140.44,114.22,1033.6680000000001,Qatar
a851f6,SKW5814 ,United States,-104.1422,37.1075,10363.2,307.78,677.16,United States
801523,IGO561  ,India,78.6834,14.3911,10325.1,306.92,875.6279999999999,India
06a111,QTR859  ,Qatar,115.4049,41.1456,10393.68,290.28,710.748,Qatar
a3c60d,AAL1029 ,United States,-105.0599,41.2503,10668.0,100.33,1022.22,United States
a29cbf,ASA689  ,United States,-113.2837,29.5192,10058.4,134.54,815.868,United States
4b191a,SWR180  ,Switzerland,12.1453,47.1875,9502.14,97.95,923.7600000000001,Switzerland
a579d9,N452DD  ,United States,-83.0136,30.3658,2286.0,91.07,296.388,United States
06a10d,QTR74A  ,Qatar,53.5747,24.7299,8282.94,105.25,957.852,Qatar
a1cca2,N215FR  ,United States,-80.5573,26.0112,1219.2,354.29,130.284,United States
06a10c,QTR044  ,Qatar,12.0524,47.028,11887.2,106.79,936.252,Qatar
a6aa6e,ASA702  ,United States,-121.225,43.6194,10972.8,340.91,719.244,United States
a31fba,N300ED  ,United States,-75.5102,40.5726,891.54,51.1,271.296,United States
801526,AKJ71   ,India,51.6765,25.3747,1440.18,102.23,541.98,India
a339e0,FFT3565 ,United States,-87.4931,42.5079,10965.18,271.87,794.916,United States
abc292,AAL2393 ,United States,-101.6871,34.1355,10972.8,290.95,719.892,United States
06a126,QTR3R   ,Qatar,49.941,26.4396,9494.52,291.68,797.184,Qatar
a1dfcd,N22MT   ,United States,-82.3324,34.9332,1965.96,174.9,312.372,United States
a51958,AAL2506 ,United States,-88.681,40.7707,10668.0,96.35,920.556,United States
801534,AIC2727 ,India,84.3314,24.6903,10675.62,119.97,1004.7600000000001,India
06a125,QTR9G   ,Qatar,50.2031,26.3459,8534.4,291.59,734.94,Qatar
ab1d06,RPA8815 ,United States,-74.6197,40.8587,5318.76,261.92,579.888,United States
06a122,QTR947  ,Qatar,68.1705,18.9836,11582.4,297.79,774.576,Qatar
a699b0,VOI3483 ,United States,-93.6354,19.3393,11277.6,88.76,944.748,United States
a2563f,N25MG   ,United States,-86.1599,36.943,9448.8,21.8,418.896,United States
a24f66,TRF60   ,United States,-96.5304,32.7511,60.96,182.02,157.5,United States
ad0284,N93730  ,United States,-80.0274,25.9688,670.56,95.71,186.12,United States
a7816a,DAL657  ,United States,-104.7086,42.1067,10058.4,83.34,941.616,United States
398579,KLM84X  ,France,1.33,48.1628,10972.8,25.02,950.3280000000001,France
4caa5c,RYR11KE ,Ireland,-15.067,31.6034,11887.2,213.76,793.08,Ireland
a4cc00,SKW3038 ,United States,-117.1807,44.5299,8747.76,320.09,678.42,United States
406a3d,SHT2B   ,United Kingdom,-0.6982,52.0696,4610.1,329.5,748.008,United Kingdom
a12f4c,UAL1917 ,United States,-102.9126,39.3354,7543.8,116.81,964.9079999999999,United States
a339d4,N307FD  ,United States,-119.0958,34.215,121.92,88.67,79.66799999999999,United States
a4df33,N4129T  ,United States,-83.8694,40.4759,1630.68,203.89,141.768,United States
06a11e,QTR632  ,Qatar,51.8654,25.3309,2057.4,108.08,561.06,Qatar
398575,AFR21ML ,France,0.7928,50.1915,7726.68,144.77,725.544,France
39856a,AFR54RA ,France,4.0843,49.8306,6103.62,182.53,545.004,France
a3c636,N342RC  ,United States,-100.589,33.959,3779.52,214.01,364.176,United States
39856b,AFR1798 ,France,3.8807,51.5663,5273.04,24.24,735.264,France
8850b7,THA329  ,Thailand,80.9141,17.3522,12192.0,261.8,830.772,Thailand
a0c6c6,DCM2492 ,United States,-80.3007,25.9168,411.48,298.23,313.2,United States
a87913,N645P   ,United States,-94.7423,38.6684,1371.6,180.54,198.18,United States
86d68a,TZP21   ,Japan,-123.426,49.2072,1440.18,272.98,498.852,Japan
4b193f,ENT2621 ,Switzerland,19.8464,42.4327,5554.98,66.94,813.204,Switzerland
a12f52,UAL2042 ,United States,-101.2772,31.3904,10668.0,100.89,931.6440000000001,United States
a196c8,SWA4004 ,United States,-121.7378,36.1648,11887.2,139.75,822.6,United States
06a139,QTR847  ,Qatar,73.4321,16.4322,10363.2,297.0,877.14,Qatar
39856c,AFR48QW ,France,4.6256,44.4369,7574.28,9.1,761.4720000000001,France
06a138,QTR36U  ,Qatar,18.2305,35.5633,10058.4,102.09,1007.64,Qatar
39856d,AFR66FU ,France,4.0957,49.9872,6720.84,182.67,556.2,France
4caa61,RYR13GG ,Ireland,10.5874,45.3474,10972.8,53.91,820.512,Ireland
a51968,ASA383  ,United States,-120.298,47.7924,8534.4,276.21,719.1,United States
a61f27,SKW5530 ,United States,-80.289,37.7188,5928.36,342.42,668.304,United States
a6392d,N50SF   ,United States,-82.8679,30.5716,7620.0,138.35,604.728,United States
a92478,UAL1743 ,United States,-89.3761,28.901,7924.8,282.31,729.792,United States
4b193a,CSW2KP  ,Switzerland,16.0789,44.7453,10675.62,134.32,882.72,Switzerland
a076f1,UPS2627 ,United States,-92.2069,41.4847,9448.8,75.91,897.444,United States
a4e619,ILU45X  ,United States,-88.3286,39.9077,754.38,10.36,175.104,United States
407d75,BAW35NC ,United Kingdom,1.6743,48.8697,11277.6,147.99,751.284,United Kingdom
a1e6b9,SWA319  ,United States,-88.6573,38.8994,10439.4,81.15,879.048,United States
a12322,JAS21   ,United States,-76.977,36.6445,12192.0,213.69,714.492,United States
a87904,NKS1641 ,United States,-116.1115,35.3231,5943.6,48.38,666.432,United States
ac3d05,N888RA  ,United States,-86.9526,31.0082,11178.54,88.66,711.36,United States
aac7b1,ENY3926 ,United States,-89.1109,40.9579,6065.52,42.28,663.3720000000001,United States
a24304,EPI245  ,United States,-80.8451,28.6184,327.66,161.25,213.192,United States
a12f70,UAL1826 ,United States,-104.1024,35.376,10363.2,253.75,767.772,United States
407d5c,WUK7NC  ,United Kingdom,21.1199,42.0786,9753.6,321.91,783.576,United Kingdom
a12f72,UAL462  ,United States,-96.3304,31.2194,9060.18,152.39,911.196,United States
a01673,N10439  ,United States,-84.3876,42.6339,1051.56,144.71,201.96,United States
406a34,BAW60   ,United Kingdom,0.2233,51.3014,2743.2,221.46,402.80400000000003,United Kingdom
3dd799,PBW16   ,Germany,8.9587,48.7261,838.2,188.13,13.104000000000001,Germany
406a35,BAW283  ,United Kingdom,-102.2564,53.0222,10972.8,215.7,907.668,United Kingdom
a4a9f6,N4WU    ,United States,-96.8841,32.8808,304.8,136.15,195.156,United States
3dd795,PBW12   ,Germany,8.526,49.0064,533.4,103.24,32.328,Germany
adabfe,JBU1707 ,United States,-112.2366,34.6011,10698.48,296.91,834.876,United States
a0acb1,N1421Z  ,United States,-98.9836,34.572,9448.8,176.1,653.4,United States
86d682,ANA180  ,Japan,-113.4992,31.2475,11879.58,128.32,889.992,Japan
4caa5f,RYR67KH ,Ireland,0.1117,39.8513,10972.8,45.55,811.98,Ireland
06a140,QTR45Y  ,Qatar,4.8666,52.1767,3048.0,101.91,556.452,Qatar
a38931,N327JZ  ,United States,-79.0212,26.0457,8534.4,276.1,348.3,United States
a13651,UAL1304 ,United States,-109.107,36.1108,12192.0,243.86,790.1640000000001,United States
aafd0a,JTZ807  ,United States,-80.2087,26.8256,243.84,42.68,226.72799999999998,United States
a611db,UAL1505 ,United States,-116.3284,45.7298,10660.38,125.84,929.844,United States
aafd17,AAL1527 ,United States,-80.3051,25.6015,3512.82,99.07,705.168,United States
a1ccec,RPA5647 ,United States,-77.2847,36.2782,10363.2,218.27,592.092,United States
71bf91,AAR704  ,Republic of Korea,121.4259,23.3763,11887.2,14.86,967.608,Republic of Korea
a7d10b,N6020F  ,United States,-96.6818,29.4769,1569.72,13.46,222.804,United States
a23c5d,ENY4014 ,United States,-97.2766,31.651,7574.28,196.0,826.524,United States
a3899d,ENY3831 ,United States,-96.6304,38.9534,1203.96,28.72,485.676,United States
ab1d30,DAL153  ,United States,-84.1603,47.351,11887.2,231.78,909.9720000000001,United States
a48322,N390DP  ,United States,-111.5011,32.2771,9944.1,153.29,638.568,United States
06a159,IGO32Q  ,Qatar,55.5375,24.1018,10066.02,111.84,995.616,Qatar
ad5d04,JSX655  ,United States,-117.7962,37.3452,9448.8,85.24,780.552,United States
06a157,IGO54F  ,Qatar,55.6899,24.0409,10058.4,117.68,976.6800000000001,Qatar
a36f90,AAY1626 ,United States,-116.3501,36.2278,8846.82,314.72,818.4960000000001,United States
ab84a6,N841MC  ,United States,-118.0027,33.9664,335.28,210.03,136.90800000000002,United States
06a158,IGO1306 ,Qatar,52.4043,25.1824,5334.0,105.98,793.692,Qatar
aaadb2,SWA4972 ,United States,-84.9061,38.0105,11277.6,174.93,942.6600000000001,United States
a7946a,JBU1393 ,United States,-78.6199,25.6718,4594.86,133.94,709.92,United States
48c22b,RYR334  ,Poland,12.5099,48.5304,11277.6,214.75,779.868,Poland
06a152,QTR285  ,Qatar,50.8024,26.2971,8229.6,325.38,762.876,Qatar
a36f7e,DAL732  ,United States,-115.2397,42.9609,8534.4,310.74,757.728,United States
a9cdc2,N73020  ,United States,-93.3569,41.5894,1066.8,67.95,241.77599999999998,United States
80155d,AKJ1738 ,India,72.7243,19.0767,1470.66,225.81,462.31199999999995,India
71bf82,KAL624  ,Republic of Korea,120.5919,18.9617,11277.6,4.43,934.344,Republic of Korea
a38991,AAY1154 ,United States,-81.918,35.0835,10965.18,178.3,811.548,United States
ad7701,JBU619  ,United States,-92.0186,40.4176,9745.98,250.14,779.76,United States
48c239,RYR676Y ,Poland,10.5047,51.7474,11887.2,95.19,940.968,Poland
a31ffc,WUP300  ,United States,-78.0164,38.4317,12192.0,213.92,633.852,United States
06a14b,QTR38A  ,Qatar,15.5983,46.2397,11277.6,106.08,956.0160000000001,Qatar
ab1d2f,AAY499  ,United States,-83.3802,30.925,11277.6,161.91,870.876,United States
48c235,RYR90MP ,Poland,10.2259,41.5778,11582.4,66.59,871.812,Poland
48c232,RYR6FB  ,Poland,19.4065,47.3537,1874.52,192.06,416.62800000000004,Poland
a48315,DAL874  ,United States,-102.7103,40.3964,10972.8,298.18,674.46,United States
86cf38,ANA813  ,Japan,135.6258,33.053,11574.78,236.23,712.944,Japan
4b194f,SWR253  ,Switzerland,30.6412,34.1061,10370.82,303.65,725.292,Switzerland
a313bf,ENY3387 ,United States,-97.8882,31.969,7886.7,29.28,768.636,United States
a23030,MXY789  ,United States,-79.7879,36.2552,10972.8,216.17,699.7320000000001,United States
7100bc,SVA561  ,Saudi Arabia,48.5946,26.2583,10363.2,265.0,743.616,Saudi Arabia
e4a182,PSLER   ,Brazil,-40.4115,-20.2566,525.78,193.69,297.36,Brazil
a3d90a,AAL2989 ,United States,-81.4306,34.7849,3086.1,73.49,540.864,United States
4b194b,SWR3BY  ,Switzerland,12.5905,51.7153,8084.82,211.17,783.576,Switzerland
4b194e,SWR1ZB  ,Switzerland,9.6633,47.6698,6477.0,240.71,662.508,Switzerland
801570,BDA803  ,India,87.6911,21.8464,9380.22,215.74,773.532,India
a12355,N17223  ,United States,-111.9921,40.774,1531.62,268.33,190.83599999999998,United States
ac440a,N89LW   ,United States,-84.699,31.6184,2590.8,189.46,304.164,United States
a997e5,AAL1319 ,United States,-79.2714,24.281,10789.92,146.59,827.4960000000001,United States
406a91,EZY408T ,United Kingdom,-2.58,54.952,5478.78,268.34,576.216,United Kingdom
80152e,IGO525C ,India,73.2539,16.9609,9144.0,167.94,886.284,India
ab7dd6,N84DL   ,United States,-122.1016,37.7279,822.96,89.26,142.632,United States
48c226,RYR31HD ,Poland,19.9132,50.0061,2133.6,78.21,516.492,Poland
47a22c,NOZ347  ,Norway,12.5166,64.4316,11582.4,196.13,786.6,Norway
a36f68,N320ME  ,United States,-112.4418,33.1964,1310.64,203.63,194.076,United States
06a15a,IGO35N  ,Qatar,52.2242,25.2365,4297.68,107.05,751.6080000000001,Qatar
48c222,RYR5096 ,Poland,32.0441,33.3168,10972.8,304.44,707.364,Poland
a3896d,N327MJ  ,United States,-81.473,26.4408,6400.8,109.35,771.408,United States
ab84c0,NDU841  ,United States,-111.2673,32.8419,1615.44,241.24,173.232,United States
e4a172,PSKDO   ,Brazil,-54.9606,-14.0526,9144.0,333.51,593.856,Brazil
7c1acf,TMN7    ,Australia,146.2434,-37.5619,7620.0,282.94,752.508,Australia
abe7c5,SWA3984 ,United States,-110.9697,32.142,891.54,135.0,290.73600000000005,United States
86d646,TZP15   ,Japan,-115.3615,33.8138,11582.4,277.06,949.8600000000001,Japan
ab7ddb,N84DR   ,United States,-121.1941,44.0153,1958.34,178.0,318.744,United States
801548,AKJ584  ,India,71.3848,18.8465,7459.98,257.33,734.616,India
a6b140,N530JL  ,United States,-115.1359,36.1663,647.7,284.35,82.188,United States
a25678,JTL25   ,United States,-121.0542,39.5532,8138.16,221.8,750.24,United States
a8fd2c,PDT5998 ,United States,-80.9605,35.1467,632.46,354.87,290.088,United States
a1235b,UAL2190 ,United States,-79.4341,37.8278,10363.2,237.55,783.504,United States
a26993,N2546Q  ,United States,-96.8414,33.1054,685.8,272.44,174.24,United States
a446b6,DAL2536 ,United States,-77.4272,36.1882,10050.78,21.74,1044.7920000000001,United States
a8b4c6,FFT3351 ,United States,-85.5322,40.1922,8534.4,339.48,628.812,United States
a97de4,AAL2304 ,United States,-81.487,32.3407,10972.8,194.45,742.068,United States
a1d3b4,MXY147  ,United States,-87.0666,30.5824,1485.9,165.55,497.268,United States
a37644,N322FJ  ,United States,-90.3289,29.9442,1744.98,101.07,520.8480000000001,United States
3c4cb6,IFA6013 ,Germany,6.6698,51.9644,6019.8,272.64,684.1080000000001,Germany
a72c41,N561SR  ,United States,-106.1466,36.7343,13106.4,260.05,535.8960000000001,United States
a0f079,N16MS   ,United States,-89.9688,30.0961,213.36,270.0,181.512,United States
a1c0f8,AHF2AH  ,United States,-119.3129,33.7618,121.92,9.65,187.848,United States
80158b,AIC2733 ,India,73.2028,18.9291,3238.5,88.06,437.32800000000003,India
80158c,AIC2017 ,India,30.2088,41.6753,11574.78,302.14,758.952,India
ad6ecb,DAL3182 ,United States,-82.3785,33.681,7620.0,81.13,937.188,United States
a4df7d,N413CF  ,United States,-96.824,32.7586,144.78,345.96,38.196,United States
a66ce0,DAL347  ,United States,-105.6806,38.3157,9753.6,299.01,717.9119999999999,United States
a028aa,N1091M  ,United States,-111.7755,33.4579,609.6,201.25,178.848,United States
0c2082,CMP120  ,Panama,-99.0366,19.1514,4236.72,41.04,493.56,Panama
ac086b,SWA1615 ,United States,-88.5002,33.2401,12192.0,298.46,726.768,United States
aaa224,SWA1654 ,United States,-120.3176,37.6891,8587.74,278.46,692.784,United States
a300db,N293CK  ,United States,-81.1382,28.3552,9410.7,342.34,818.244,United States
3c66ba,OCN2B   ,Germany,8.8764,50.2173,1242.06,80.46,458.208,Germany
a9e93b,SKW6281 ,United States,-79.7166,38.3065,10355.58,310.06,805.752,United States
ad6ec6,AAL1494 ,United States,-88.1893,41.8151,2186.94,76.82,511.668,United States
ad6ec5,AMX002  ,United States,-78.8354,48.2406,12192.0,234.84,903.816,United States
a92fdc,EJA691  ,United States,-91.1257,30.4225,769.62,292.77,325.368,United States
a4e690,ILU49A  ,United States,-88.2821,39.7723,1074.42,278.75,170.53199999999998,United States
aaae79,ENY3786 ,United States,-87.6348,42.6879,2049.78,29.6,468.61199999999997,United States
a923a7,UAL241  ,United States,-93.1538,31.6048,10972.8,227.73,825.9480000000001,United States
a80fe5,N61879  ,United States,-93.0964,44.4435,1173.48,189.46,135.18,United States
a793a9,,United States,-108.5815,45.81,1211.58,273.95,161.496,United States
a9e940,N738F   ,United States,-85.4508,31.482,1645.92,1.15,185.22000000000003,United States
a35c97,JBU68   ,United States,-77.0442,36.2122,10668.0,31.64,1076.796,United States
a97310,JBU2071 ,United States,-77.2101,25.2051,11010.9,120.3,903.024,United States
a85f41,ATAC13  ,United States,-112.5815,33.352,1074.42,41.95,590.148,United States
a923a9,UAL1955 ,United States,-81.5521,26.6085,609.6,324.55,268.23600000000005,United States
407d00,WUK1717 ,United Kingdom,5.416,51.401,9761.22,288.09,775.404,United Kingdom
a5ff76,LXJ486  ,United States,-88.9958,36.9835,11894.82,277.41,747.036,United States
0c205d,CMP262  ,Panama,-81.8007,13.0996,7620.0,144.67,717.336,Panama
a49680,WSN95   ,United States,-118.827,36.5111,8084.82,2.4,706.248,United States
abe872,SWA353  ,United States,-93.3734,29.6703,11277.6,99.55,948.42,United States
a9d615,N7329J  ,United States,-71.4309,41.9956,815.34,216.7,127.044,United States
a78cc5,LXJ586  ,United States,-82.3327,28.1756,13723.62,170.99,804.42,United States
aa9a30,RPA3591 ,United States,-74.2624,41.0966,1653.54,151.54,501.37200000000007,United States
451e8c,GPX7CN  ,Bulgaria,12.4666,47.2731,10355.58,310.65,724.968,Bulgaria
0c2073,CMP867  ,Panama,-81.2126,28.1225,1569.72,326.38,411.444,Panama
ab7e7c,N84LB   ,United States,-79.6682,36.4357,1584.96,164.01,302.472,United States
ac920a,N909QS  ,United States,-76.228,39.144,7353.3,31.34,964.9440000000001,United States
a949bf,N698PM  ,United States,-90.8771,43.0027,3040.38,211.88,357.696,United States
0c2068,CMP880  ,Panama,-81.4165,25.9138,11582.4,349.51,864.504,Panama
80156c,IGO053  ,India,72.6481,16.3598,9144.0,316.35,831.816,India
ab1bf9,ASA555  ,United States,-113.2192,47.7007,11277.6,89.0,955.764,United States
abbb2c,DAL15   ,United States,-77.6571,44.3112,12192.0,207.81,837.5400000000001,United States
ad0e61,AAL2401 ,United States,-96.2131,31.0261,7452.36,152.22,822.636,United States
abd559,SWA1180 ,United States,-80.6857,42.4408,11277.6,84.13,888.048,United States
3c66e7,OCN9PL  ,Germany,12.8938,48.5157,10668.0,287.28,729.288,Germany
3c66e6,OCN16Y  ,Germany,6.2997,53.3263,11262.36,127.69,833.112,Germany
a2a682,CNS182  ,United States,-81.4281,31.1105,7620.0,357.36,643.3199999999999,United States
0c204c,CMP372  ,Panama,-80.4374,13.9683,11277.6,170.56,801.648,Panama
a7eff7,JIA5151 ,United States,-74.925,40.0077,1630.68,96.89,386.136,United States
ad0e4f,N940MV  ,United States,-75.3586,38.6729,9144.0,202.6,347.04,United States
a2a688,,United States,-95.9894,32.698,320.04,284.59,139.716,United States
aa5de7,N7670F  ,United States,-118.5833,34.2764,1097.28,260.16,184.21200000000002,United States
a49671,WSN4    ,United States,-107.9377,33.0398,6324.6,24.63,368.784,United States
a35036,N312WC  ,United States,-97.6576,30.1892,106.68,358.05,163.07999999999998,United States
0c2063,CMP312  ,Panama,-80.1788,14.5831,10668.0,171.87,838.116,Panama
a4e68c,ASI111  ,United States,-97.9712,30.8088,1280.16,258.69,94.428,United States
801581,IGO059  ,India,70.8377,19.6516,9144.0,288.57,773.64,India
ae4859,HALON69 ,United States,-85.935,31.5324,1287.78,61.32,246.996,United States
4692d7,AEE873  ,Greece,21.4099,51.1594,7223.76,172.96,800.532,Greece
a86655,N640MG  ,United States,-88.1129,44.4929,243.84,239.42,94.644,United States
a9e91a,N738DM  ,United States,-80.7962,35.7574,640.08,263.58,149.11200000000002,United States
aafbf3,AAL678  ,United States,-91.0716,31.9941,10972.8,239.39,821.988,United States
4692d2,AEE973  ,Greece,20.0751,40.8237,5593.08,152.86,747.1080000000001,Greece
a1d3f5,EPI510  ,United States,-80.9731,29.0779,281.94,65.64,215.496,United States
a446eb,FFT239  ,United States,-66.7353,18.5038,5433.06,269.26,859.392,United States
a1239c,UAL1580 ,United States,-94.7335,39.3038,11277.6,8.36,726.3000000000001,United States
aa64ba,UAL2354 ,United States,-96.7881,37.4816,11277.6,112.83,1054.9440000000002,United States
ac55ef,ERY94   ,United States,-102.4427,30.8828,9212.58,188.09,828.684,United States
801595,AXB1042 ,India,81.3899,27.243,10363.2,293.89,621.864,India
0c203b,RPB7651 ,Panama,-74.7711,4.8121,5074.92,23.03,591.66,Panama
a3501b,N312VA  ,United States,-92.6801,45.0151,1043.94,54.35,225.61200000000002,United States
abe892,SWA2557 ,United States,-86.2903,39.7304,259.08,224.71,257.976,United States
ac42bf,SWA410  ,United States,-90.8523,32.0183,11582.4,243.55,810.864,United States
acee50,AAL2789 ,United States,-79.5709,23.4318,9448.8,165.61,789.66,United States
a7f6bf,LXJ612  ,United States,-120.1382,38.1373,12275.82,79.44,859.068,United States
a6cffc,AAL1954 ,United States,-111.2907,33.3123,9768.84,253.4,861.9480000000001,United States
0ae060,TIATP   ,Costa Rica,-90.5219,14.6069,1706.88,0.87,122.256,Costa Rica
ab7267,AMX644  ,United States,-110.4707,29.0091,10363.2,311.07,840.0960000000001,United States
aa77f0,AAL731  ,United States,-79.1247,38.5463,11582.4,183.64,816.5160000000001,United States
801594,AXB1278 ,India,72.9839,20.4003,10058.4,358.47,900.3960000000001,India
a4cc95,RPA4343 ,United States,-76.4721,39.8238,9753.6,248.0,707.076,United States
a66ca8,VAR513  ,United States,-112.5528,33.3459,548.64,260.77,300.204,United States
407d4c,TOM47H  ,United Kingdom,-10.4624,38.0754,11582.4,16.75,854.856,United Kingdom
a4e62a,ASI221  ,United States,-97.4871,30.9507,1005.84,212.52,175.716,United States
a4df52,AAL1592 ,United States,-97.5326,35.6635,9753.6,264.06,768.9960000000001,United States
4d2035,KMM614  ,Malta,13.4523,36.879,10355.58,323.92,836.424,Malta
a388a9,DAL1075 ,United States,-86.2785,33.2363,10668.0,166.1,963.468,United States
adbef0,AAL2532 ,United States,-81.8142,35.8216,8130.54,315.73,721.62,United States
acf563,JSX880  ,United States,-78.0915,35.0543,10972.8,217.81,543.816,United States
a4df56,ASA245  ,United States,-128.6868,44.4007,9753.6,231.06,842.832,United States
a86605,JBU37   ,United States,-77.4912,38.5936,10363.2,221.96,739.62,United States
a73f35,SWA1783 ,United States,-85.8881,39.6902,8534.4,351.29,672.624,United States
3445d4,IBE04RW ,Spain,0.3069,41.2848,7482.84,79.33,719.928,Spain
ac9256,N909TT  ,United States,-97.1696,33.6744,11582.4,281.37,732.96,United States
a5afc8,N4659G  ,United States,-87.8951,42.1008,274.32,337.52,116.244,United States
a1ce16,SWA347  ,United States,-118.2315,34.0471,5791.2,55.53,680.652,United States
c03c02,WJA1590 ,Canada,-95.7351,41.8212,11277.6,125.56,974.412,Canada
3c79b7,CFG6EH  ,Germany,-7.6807,38.9525,10347.96,32.73,887.184,Germany
a7a90d,N593FD  ,United States,-84.267,31.2431,2834.64,135.81,555.3000000000001,United States
a18512,N1974B  ,United States,-88.2246,42.8898,1965.96,319.34,207.50400000000002,United States
348208,VLG3NQ  ,Spain,-3.881,43.251,8534.4,107.16,790.812,Spain
348206,VLG4DM  ,Spain,1.5051,38.9273,563.88,242.16,297.396,Spain
ad1560,JBU434  ,United States,-110.2378,41.563,10058.4,87.94,980.352,United States
ac3beb,DAL2273 ,United States,-103.9959,41.1465,10668.0,96.65,991.9440000000001,United States
aca5e5,DAL1815 ,United States,-102.3336,28.684,10363.2,271.47,794.772,United States
3c79ba,CFG031  ,Germany,10.3066,49.419,7315.2,305.92,738.684,Germany
a3c665,N342T   ,United States,-104.716,38.7094,2400.3,0.96,220.428,United States
39cdce,FWI46E  ,France,-61.0007,15.1317,3436.62,224.79,728.136,France
407d46,LOG909C ,United Kingdom,-2.1822,57.1848,777.24,148.71,221.076,United Kingdom
a4df4b,CNS1026 ,United States,-70.906,42.5837,236.22,254.22,177.048,United States
a0b514,CXK464  ,United States,-97.118,32.3353,678.18,178.3,187.128,United States
abbb5a,N855QS  ,United States,-91.7741,40.6304,12192.0,231.79,886.248,United States
a7ca8f,N6007C  ,United States,-105.0957,40.5713,2286.0,5.51,212.11200000000002,United States
4d2017,FJO97   ,Malta,14.6924,43.3163,12169.14,286.31,804.672,Malta
451e8b,GPX4LG  ,Bulgaria,7.2701,49.509,3893.82,299.32,654.228,Bulgaria
a9249c,UAL2613 ,United States,-80.8959,32.2354,10668.0,25.57,999.8280000000001,United States
a3b348,ENY3819 ,United States,-80.8053,34.2408,6096.0,175.68,638.892,United States
711537,SVA551  ,Saudi Arabia,52.7208,23.2848,9753.6,240.76,674.928,Saudi Arabia
a6d6ae,N54MH   ,United States,-74.8745,39.482,11353.8,225.35,648.252,United States
ac42fa,FLC89   ,United States,-116.2503,34.9593,10363.2,227.24,872.8199999999999,United States
3c66b1,OCN79V  ,Germany,1.3053,43.5582,11574.78,55.39,864.072,Germany
a0c80c,N15CD   ,United States,-74.0869,4.0782,5448.3,256.13,463.536,United States
406a03,BAW56   ,United Kingdom,27.9716,-26.2254,3375.66,301.71,683.568,United Kingdom
a673a8,N5147R  ,United States,-95.4623,33.4173,1615.44,181.01,209.304,United States
3c66a2,DLH2VH  ,Germany,9.6701,52.4552,99.06,92.9,255.888,Germany
406a02,SHT6F   ,United Kingdom,-4.3545,55.9141,472.44,226.6,234.50400000000002,United Kingdom
a32800,AAY4102 ,United States,-105.7391,37.623,11582.4,245.95,754.416,United States
00aff0,SFR113  ,South Africa,19.3769,-33.2869,5654.04,236.88,566.0640000000001,South Africa
406a05,BAW3G   ,United Kingdom,-64.2032,32.4952,11582.4,239.16,744.1560000000001,United Kingdom
abbb77,RPA4707 ,United States,-75.6829,40.7822,4061.46,112.47,649.332,United States
ae223d,C2306   ,United States,-89.0044,30.5904,3291.84,80.98,390.024,United States
a148b9,EDV5399 ,United States,-93.4831,45.2553,2506.98,179.77,451.908,United States
3c66a9,DLH1PP  ,Germany,11.5712,48.3266,1158.24,83.8,342.79200000000003,Germany
adb2c9,N982CE  ,United States,-81.898,38.3315,12496.8,357.65,811.8720000000001,United States
a04b01,N118MC  ,United States,-95.219,32.5728,5257.8,3.65,261.648,United States
a686d5,CTF52   ,United States,-111.8411,33.6024,4381.5,2.73,467.24399999999997,United States
a8793d,EJA645  ,United States,-85.0248,30.7327,13106.4,302.04,624.852,United States
c06952,CGNWZ   ,Canada,-96.3683,51.9575,7315.2,191.94,492.192,Canada
a63994,N50WJ   ,United States,-87.569,39.9931,9448.8,163.06,718.272,United States
a87942,QXE2011 ,United States,-116.4021,33.3577,8138.16,46.06,707.292,United States
3c66af,DLH03N  ,Germany,3.5737,48.9041,7162.8,109.0,836.352,Germany
a12eb6,CXK115  ,United States,-112.0612,41.3676,1889.76,159.15,166.464,United States
4d201a,AEZ41GR ,Malta,11.111,40.9055,8473.44,47.2,885.924,Malta
a7461c,N568RC  ,United States,-81.2575,29.1353,784.86,339.44,110.772,United States
a66cd8,N513CT  ,United States,-97.8554,29.846,373.38,357.9,151.95600000000002,United States
30025c,TJD801  ,Italy,12.236,42.0693,6278.88,341.24,610.272,Italy
adbeed,NKS551  ,United States,-85.5356,37.9819,10363.2,347.83,729.3960000000001,United States
3c66b3,OCN313  ,Germany,11.3376,47.8469,3108.96,4.44,646.416,Germany
77cf32,SYR502  ,Syrian Arab Republic,48.556,27.4401,10972.8,299.15,661.6080000000001,Syrian Arab Republic
ac926b,WUP909  ,United States,-114.745,38.3735,13936.98,275.31,900.216,United States
3c66b9,OCN4L   ,Germany,2.1885,48.4993,10972.8,42.93,905.508,Germany
3c66b8,OCN515  ,Germany,3.9518,40.4635,8656.32,22.83,902.2320000000001,Germany
4d200e,WZZ9YF  ,Malta,13.7627,47.6713,10370.82,229.54,793.476,Malta
06a100,QTR37J  ,Qatar,17.9553,47.4171,12192.0,296.96,841.5,Qatar
4d2020,WZZ9203 ,Malta,-14.519,31.5652,10363.2,33.2,845.4960000000001,Malta
06a101,QTR36L  ,Qatar,16.2578,48.3378,12192.0,309.09,851.832,Qatar
a5aff2,AAL2852 ,United States,-93.04,33.9139,10668.0,65.5,875.196,United States
a85f29,UAL2851 ,United States,-80.4027,25.8119,1501.14,290.98,408.6,United States
a75966,UAL2176 ,United States,-79.2985,28.0428,10972.8,124.47,909.7560000000001,United States
0c2096,CMP471  ,Panama,-82.5161,29.7595,10058.4,180.82,776.052,Panama
4b9065,PGT9QX  ,Turkey,28.2973,41.3457,9014.46,101.2,934.5239999999999,Turkey
885111,THA331  ,Thailand,93.9091,17.772,12192.0,302.56,887.76,Thailand
a96c96,DAL562  ,United States,-116.6684,46.6454,11277.6,108.33,959.904,United States
aaa0fc,SKW4682 ,United States,-110.4943,40.7699,11277.6,94.55,980.9280000000001,United States
a8f0bd,UAL2857 ,United States,-107.8822,32.1318,10972.8,277.04,815.4720000000001,United States
a0b550,AAL2737 ,United States,-80.3708,37.3495,9578.34,21.47,941.2920000000001,United States
a16b46,N1905V  ,United States,-85.7804,41.5255,312.42,268.94,100.00800000000001,United States
a11bba,N1701T  ,United States,-85.7431,32.2415,670.56,216.87,185.184,United States
4082e7,RUK86UQ ,United Kingdom,-3.294,47.0205,11277.6,190.46,734.4720000000001,United Kingdom
a1ce54,CXK575  ,United States,-85.7227,32.5351,1295.4,348.23,181.62,United States
885108,THA644  ,Thailand,100.7193,13.6127,937.26,195.56,338.364,Thailand
a0c878,N15GM   ,United States,-82.0221,28.141,2735.58,176.78,263.41200000000003,United States
a32861,AAL2340 ,United States,-80.7104,31.8174,9144.0,208.12,671.94,United States
06a0a6,QTR17H  ,Qatar,56.1291,23.5564,12192.0,296.89,728.856,Qatar
0d0ffe,VIV7054 ,Mexico,-116.2156,31.7969,7886.7,147.32,699.696,Mexico
a17e83,EJM96   ,United States,-100.0115,33.8662,13716.0,114.94,1019.1600000000001,United States
a36eae,DAL381  ,United States,-102.7433,31.2253,10972.8,281.97,759.168,United States
a24ef7,AAY610  ,United States,-85.6434,38.5471,7513.32,352.75,616.1039999999999,United States
407bf5,FLJ63T  ,United Kingdom,-1.67,51.6737,9768.84,284.04,755.964,United Kingdom
a12efc,CXK564  ,United States,-111.6374,33.3303,739.14,315.0,178.092,United States
407bde,EAG45F  ,United Kingdom,-5.4089,54.6073,2011.68,321.41,469.152,United Kingdom
a42e13,DAL729  ,United States,-91.1259,35.4011,10668.0,103.04,960.048,United States
a24ef0,ENY3986 ,United States,-81.8102,30.6777,2674.62,335.64,493.992,United States
a3bebd,EJA340  ,United States,-91.6517,36.9904,13106.4,279.83,672.876,United States
7892a9,HKC829  ,China,115.4786,21.9011,9136.38,88.16,865.332,China
ace0d2,AAL2325 ,United States,-93.1347,32.9704,11277.6,91.73,922.716,United States
407bdd,EAG6YH  ,United Kingdom,-1.4192,51.6573,3291.84,159.82,499.212,United Kingdom
a6b0f5,GXA6216 ,United States,-116.3563,33.0583,5539.74,113.02,710.316,United States
a3282f,EJA302  ,United States,-119.6668,34.3461,1623.06,267.71,417.024,United States
a0653f,N1242U  ,United States,-88.4535,41.9463,731.52,3.73,170.748,United States
a96c72,SKW6222 ,United States,-102.9207,35.4361,10972.8,317.03,703.692,United States
a12ee7,,United States,-70.1722,14.1502,9753.6,180.9,827.928,United States
ab48aa,WWI82   ,United States,-111.4467,27.8887,12496.8,137.97,910.044,United States
06a0b6,QTR974  ,Qatar,56.9919,24.9128,12489.18,112.28,1030.7160000000001,Qatar
a4f8d9,N41967  ,United States,-88.3661,43.3365,563.88,88.6,151.92000000000002,United States
06a0b4,QTR8R   ,Qatar,25.1369,45.078,12192.0,307.93,798.336,Qatar
06a0b2,QTR427  ,Qatar,35.4006,33.944,4198.62,34.86,677.124,Qatar
a910c9,N6830W  ,United States,-85.0983,35.6841,2438.4,321.41,234.576,United States
06a0b0,QTR20A  ,Qatar,24.9388,43.9652,12192.0,305.52,787.3199999999999,Qatar
a24ec1,SKW6236 ,United States,-112.2357,36.0949,9144.0,331.66,803.772,United States
a5b824,N468JJ  ,United States,-104.076,39.456,10363.2,308.45,723.672,United States
a9d660,N733BY  ,United States,-103.4743,38.0447,1402.08,327.23,191.628,United States
a32844,ENY3738 ,United States,-97.9143,28.9446,10363.2,190.51,832.536,United States
a96035,TSU8135 ,United States,-85.7633,21.4721,4876.8,227.98,453.708,United States
06a0ae,QTR163  ,Qatar,22.0392,48.3894,12184.38,324.77,841.14,Qatar
a923ee,UAL204  ,United States,-99.9062,37.6776,10972.8,293.66,687.492,United States
4082c0,GNOLR   ,United Kingdom,-2.0438,53.7933,1021.08,9.53,257.29200000000003,United Kingdom
a923ef,UAL1018 ,United States,-86.6193,20.8903,876.3,303.88,305.64000000000004,United States
06a0aa,QTR1365 ,Qatar,51.4728,25.0264,4305.3,164.42,682.56,Qatar
a66e1f,N513RV  ,United States,-82.2693,28.7026,8229.6,303.32,562.968,United States
a135cb,UAL2225 ,United States,-108.3127,43.5551,11582.4,281.22,713.7,United States
a68847,N52TJ   ,United States,-121.972,36.4742,297.18,4.16,204.264,United States
a3bee0,N340SB  ,United States,-120.3245,45.1319,5775.96,7.3,306.216,United States
a9bc69,N7261Z  ,United States,-86.9156,33.9879,1661.16,215.71,218.952,United States
88510e,THA955  ,Thailand,46.0886,41.1744,11277.6,97.96,963.072,Thailand
ad2807,JSX660  ,United States,-110.6972,38.0527,10980.42,245.96,695.556,United States
88510f,THA900  ,Thailand,97.9071,15.2851,11582.4,303.44,934.344,Thailand
88510a,THA642  ,Thailand,101.6082,13.9815,6393.18,69.29,795.96,Thailand
88510c,THA960  ,Thailand,98.8044,14.7813,8290.56,298.75,870.264,Thailand
88510b,THA661  ,Thailand,126.4617,25.9809,12192.0,227.94,740.8800000000001,Thailand
a96049,CXK577  ,United States,-84.5711,30.8638,1805.94,312.17,132.444,United States
a36ea8,DAL648  ,United States,-90.4251,31.1313,9829.8,171.73,965.6640000000001,United States
adb35c,JBU824  ,United States,-92.7317,38.5784,10660.38,78.06,895.356,United States
a388af,DAL2140 ,United States,-88.1458,37.0339,10668.0,39.72,768.06,United States
06a0bc,QTR57L  ,Qatar,14.7521,49.0098,13106.4,305.46,845.892,Qatar
a56862,AAL1851 ,United States,-112.7026,35.5598,7315.2,278.34,778.6800000000001,United States
06a0ba,QTR28Q  ,Qatar,16.1666,35.6044,11269.98,97.95,1004.184,Qatar
a28b00,JSX150  ,United States,-116.5273,36.428,9090.66,320.52,789.408,United States
ac308f,AAL9993 ,United States,-93.5983,36.8125,12192.0,201.2,1009.08,United States
06a0d6,A7MHH   ,Qatar,32.549,32.0821,11269.98,144.48,946.62,Qatar
a6b0ac,VTE3020 ,United States,-87.4415,42.3641,2110.74,244.3,495.36,United States
046c56,LN90LJ  ,Guinea,-82.5597,34.2202,6263.64,0.64,826.056,Guinea
a9d63b,ASA1495 ,United States,-103.4591,37.969,11277.6,69.27,920.808,United States
a6269d,N496CJ  ,United States,-86.1516,34.6568,2415.54,236.6,306.144,United States
a6b0c5,DAL189  ,United States,-92.7471,48.9742,10873.74,332.76,845.676,United States
342189,IBE05YW ,Spain,-3.1332,41.0627,3832.86,231.34,486.216,Spain
a3a086,UAL1061 ,United States,-97.675,30.0638,510.54,356.28,313.668,United States
aaae1b,SWA2329 ,United States,-122.6943,39.5176,12496.8,172.71,860.724,United States
a7467e,N568VA  ,United States,-75.496,38.6192,14188.44,186.08,821.34,United States
06a0e8,QTR578  ,Qatar,55.5683,24.9729,11590.02,82.62,1081.2600000000002,Qatar
0d0fba,VIV720  ,Mexico,-100.6394,28.9618,10728.96,352.16,815.076,Mexico
06a0e4,,Qatar,69.9101,31.9905,12192.0,211.44,759.744,Qatar
a72c78,AAL2029 ,United States,-81.0387,37.8104,11269.98,65.84,909.36,United States
a8c99d,N6653R  ,United States,-79.4944,26.9776,2278.38,314.26,305.136,United States
8013ca,AXB1577 ,India,85.6119,18.611,10058.4,40.52,872.208,India
ad88a2,ASI1574 ,United States,-112.106,32.9309,1615.44,118.41,206.352,United States
a780ad,ASA2608 ,United States,-84.669,38.9566,769.62,359.59,259.272,United States
8013ce,IGO181H ,India,72.8636,20.4013,7642.86,6.76,833.652,India
a78cfc,JBU246  ,United States,-79.0999,26.9631,8054.34,31.53,938.5920000000001,United States
4acaa1,SAS4040 ,Sweden,9.585,59.2676,7932.42,55.42,731.0160000000001,Sweden
ac9e23,ASA324  ,United States,-96.0002,43.594,11277.6,95.74,962.316,United States
4acaa3,SAS1044 ,Sweden,18.5635,63.0825,11894.82,8.15,836.2800000000001,Sweden
ab2ee0,N82DU   ,United States,-92.3953,31.2144,10363.2,295.03,555.9480000000001,United States
4acaa4,SAS50J  ,Sweden,11.6885,62.8693,11887.2,6.25,884.952,Sweden
a242c3,MXY183  ,United States,-82.1252,29.052,5707.38,178.84,550.152,United States
a1c229,ENY3528 ,United States,-80.1796,33.1811,3672.84,337.69,580.536,United States
a362a9,AAL688  ,United States,-75.7504,37.6773,10972.8,210.84,610.452,United States
0d0fcb,XBPHS   ,Mexico,-98.4474,18.6083,2849.88,293.52,171.684,Mexico
aa63ed,ENY3682 ,United States,-87.1909,41.9865,2727.96,270.86,494.53200000000004,United States
ac9e2b,N912AT  ,United States,-97.5981,32.9326,1348.74,317.41,155.988,United States
a05269,N12LX   ,United States,-101.6088,34.1238,13106.4,283.52,744.768,United States
a9bc12,RPA3682 ,United States,-79.1004,37.9075,10058.4,81.68,960.1920000000001,United States
a05e9e,N1228P  ,United States,-85.4581,37.9356,2720.34,155.48,325.692,United States
ab35d2,AAY2871 ,United States,-84.8136,30.7576,10058.4,112.75,957.924,United States
800cc7,AIC2710 ,India,82.0664,26.3981,10363.2,301.56,675.936,India
a8b63e,N660WS  ,United States,-118.4642,34.2944,914.4,274.85,197.028,United States
ab7e59,N84JS   ,United States,-111.702,32.7231,2225.04,137.7,277.92,United States
a1bb45,UAL1656 ,United States,-86.7522,21.0786,1988.82,123.95,457.668,United States
0c200c,CMP111  ,Panama,-84.0783,11.2127,10668.0,120.25,761.076,Panama
a04b86,N118SL  ,United States,-96.1261,32.079,975.36,340.8,219.636,United States
a1c233,N212NY  ,United States,-122.2498,47.1277,2263.14,89.73,392.61600000000004,United States
a8a319,AAL3250 ,United States,-80.9608,35.1483,609.6,355.76,250.704,United States
a2f52a,N29WW   ,United States,-86.2511,40.0401,335.28,182.29,92.664,United States
a96c2e,JIA5398 ,United States,-75.354,39.552,4503.42,183.27,552.7800000000001,United States
abe82c,SWA3979 ,United States,-118.8355,34.8988,10972.8,338.63,869.076,United States
aa50c0,N764DS  ,United States,-114.5792,36.1507,1920.24,230.47,247.32000000000002,United States
4b17f9,SWR1488 ,Switzerland,14.387,50.0581,2377.44,65.1,457.38,Switzerland
8013b2,AIC2283 ,India,51.7932,25.0334,1028.7,244.56,336.348,India
155bf6,IAE115  ,Russian Federation,106.7726,52.2939,9441.18,93.15,808.704,Russian Federation
ab35cb,AAL853  ,United States,-80.5589,38.16,10363.2,186.64,816.66,United States
0c2012,RPB7096 ,Panama,-80.5797,14.6064,10363.2,355.18,838.224,Panama
ae4811,R20068  ,United States,-79.6832,35.8802,1280.16,315.33,229.176,United States
a8af5f,NKS1121 ,United States,-94.1581,29.5106,11590.02,325.1,731.592,United States
a0a23d,N14VL   ,United States,-87.2009,32.7475,4815.84,311.88,432.79200000000003,United States
a29e5c,SKW4048 ,United States,-86.1731,35.8281,10058.4,168.28,866.268,United States
c03af2,WJA2090 ,Canada,-119.2615,47.7442,10058.4,143.43,982.296,Canada
aaae52,,United States,-89.6668,22.1936,10668.0,174.87,870.228,United States
4b17df,SWR96V  ,Switzerland,12.4621,55.0745,4168.14,26.35,655.1279999999999,Switzerland
a1857f,N1977F  ,United States,-118.1783,33.7803,312.42,16.9,152.928,United States
a255ee,N25JA   ,United States,-152.0215,60.4473,3032.76,244.98,275.904,United States
a05277,N12ML   ,United States,-80.9845,26.0056,1859.28,111.27,592.236,United States
abd50f,SWA176  ,United States,-115.2503,40.6045,10058.4,70.38,937.836,United States
a04b92,SKW4737 ,United States,-85.3716,33.4518,8534.4,256.9,743.4720000000001,United States
0d0ff3,AMX218  ,Mexico,-98.9356,19.4167,4175.76,244.5,533.484,Mexico
a17e8e,N196B   ,United States,-89.9132,31.226,2499.36,106.43,419.004,United States
4b17e3,SWR7CL  ,Switzerland,6.4284,46.4553,2133.6,224.79,362.73600000000005,Switzerland
0d0ff6,AMX170  ,Mexico,-116.352,32.3565,4366.26,289.94,689.544,Mexico
4b17e6,SWR303C ,Switzerland,19.03,47.5686,1150.62,129.45,419.72400000000005,Switzerland
06a0fd,QTR96J  ,Qatar,20.7443,43.8613,12192.0,287.75,789.5160000000001,Qatar
a9d633,N733AC  ,United States,-95.5509,38.4852,2865.12,110.8,354.636,United States
a242c5,N245CA  ,United States,-117.1656,33.3666,1965.96,113.43,181.656,United States
a2921f,N265FT  ,United States,-86.2303,30.7212,2164.08,209.18,417.852,United States
06a0fa,QTR958  ,Qatar,69.1936,18.4447,11277.6,118.27,1000.9440000000001,Qatar
aa02d5,EJA744  ,United States,-99.5472,40.6261,12489.18,81.15,999.0,United States
a59bf6,N4600C  ,United States,-117.611,33.8977,0.0,91.04,101.88000000000001,United States
a5f2ac,N4822G  ,United States,-97.7242,31.9839,1882.14,317.25,133.668,United States
aafc2c,N807DC  ,United States,-99.4383,40.5862,13716.0,87.51,980.64,United States
a66e83,N513VV  ,United States,-120.7531,38.5403,2057.4,303.29,509.544,United States
ab2f6e,N82KL   ,United States,-94.1468,35.0675,1615.44,94.83,286.23600000000005,United States
a13704,N178BF  ,United States,-111.8928,40.9788,1539.24,14.35,164.412,United States
ad7639,DAL1481 ,United States,-86.2985,37.3753,7924.8,211.57,902.0880000000001,United States
aafc36,DAL1926 ,United States,-87.2409,13.9007,9448.8,173.27,837.3240000000001,United States
a66239,JBU48   ,United States,-74.4478,40.2403,3093.72,44.05,633.924,United States
a84bb8,N6333X  ,United States,-122.5932,40.1873,731.52,97.87,175.752,United States
ac4f4c,SWA3873 ,United States,-73.2805,40.1228,4015.74,42.6,719.568,United States
ab2f84,JUMP16  ,United States,-111.5492,32.8357,1127.76,275.44,273.492,United States
a89b16,N6536N  ,United States,-79.6279,33.3546,1089.66,78.62,281.484,United States
8013fe,AIC2433 ,India,73.0227,19.2201,4587.24,173.42,533.196,India
aa5237,AAL1944 ,United States,-77.248,38.983,3253.74,281.74,482.36400000000003,United States
a54e8f,N441CJ  ,United States,-79.8777,33.8715,5212.08,180.24,444.492,United States
a3fb6f,DAL1682 ,United States,-92.8216,31.1156,9159.24,242.77,789.3720000000001,United States
abe6c3,N866ST  ,United States,-81.0247,32.2028,13106.4,180.94,677.916,United States
a625f9,N4957A  ,United States,-80.3505,25.996,487.68,271.66,127.836,United States
aaf002,ASH6252 ,United States,-95.9297,30.5834,6408.42,151.21,788.2560000000001,United States
a77b27,N581RS  ,United States,-93.3893,36.1544,11887.2,105.4,941.2920000000001,United States
ab1c4b,N815DS  ,United States,-112.3712,40.697,1684.02,237.99,209.66400000000002,United States
a65b61,FTD509  ,United States,-85.9972,36.4689,5760.72,238.94,728.6039999999999,United States
a66243,N510JM  ,United States,-103.7885,35.2827,9753.6,265.35,548.136,United States
a84ba7,,United States,-88.1924,31.0244,1463.04,180.42,250.02,United States
aa02ab,AAL2239 ,United States,-73.1157,40.0434,9144.0,225.24,618.12,United States
acb953,AAL879  ,United States,-75.1032,40.6709,8199.12,239.96,628.956,United States
a66241,N510JK  ,United States,-87.1835,30.4562,15.24,347.54,163.116,United States
4b17fa,SWR316T ,Switzerland,0.8613,50.6929,7368.54,314.68,700.6320000000001,Switzerland
a66e7a,VOI3353 ,United States,-109.9834,27.9788,10675.62,130.22,894.924,United States
aa5e5f,N7673W  ,United States,-85.7837,41.5113,533.4,86.35,174.45600000000002,United States
a6755b,N515PV  ,United States,-91.2778,31.9342,12192.0,237.46,867.744,United States
a54266,N438S   ,United States,-86.2266,32.6027,7894.32,191.72,665.784,United States
c00757,ACA1046 ,Canada,-120.3261,40.7161,10668.0,166.78,882.72,Canada
ab96fc,7       ,United States,-72.3413,41.4226,6309.36,65.85,765.144,United States
8013e5,IGO459  ,India,77.2229,28.0904,3009.9,9.46,439.34400000000005,India
a4d2f8,N41NE   ,United States,-85.5179,36.4368,5173.98,59.94,462.20399999999995,United States
a54274,,United States,-87.2412,32.3339,4511.04,92.4,663.5880000000001,United States
a2f584,ASA645  ,United States,-122.3168,47.1214,1341.12,351.25,316.656,United States
ab83e8,DAL809  ,United States,-101.3255,34.387,9753.6,270.94,787.212,United States
e4a07a,PRMIO   ,Brazil,-56.0788,-21.7962,2087.88,111.23,347.72400000000005,Brazil
a495ef,LXJ395  ,United States,-119.1709,37.3345,10043.16,244.83,783.7560000000001,United States
a732d9,JBU1691 ,United States,-82.9322,16.0212,10668.0,186.98,837.7560000000001,United States
a865e3,GTI8743 ,United States,-95.3866,31.925,12504.42,57.15,839.916,United States
a9b088,AAL1407 ,United States,-84.9083,27.4468,11269.98,112.49,1002.204,United States
ac4f6e,N8922P  ,United States,-97.2425,32.2781,2971.8,182.79,343.00800000000004,United States
a78246,JIA5610 ,United States,-90.6713,35.6793,7620.0,54.96,787.14,United States
ac4f6f,SWA1700 ,United States,-97.9914,30.2978,3147.06,267.97,576.3240000000001,United States
4acab2,SAS4117 ,Sweden,10.7953,60.9908,4709.16,162.44,497.268,Sweden
a6d88b,GJS4190 ,United States,-74.1233,40.9038,1196.34,150.22,399.024,United States
8013f6,IGO1421 ,India,56.3478,25.0822,3886.2,303.21,486.97200000000004,India
ac300d,SWA779  ,United States,-93.4092,36.0929,11285.22,104.83,977.04,United States
c03ab6,TLK811  ,Canada,-26.5679,64.0675,12306.3,268.95,807.624,Canada
a29262,N265JK  ,United States,-96.3253,29.8885,944.88,262.87,194.11200000000002,United States
a9250d,PDT5833 ,United States,-81.1563,34.9337,4823.46,172.81,591.7320000000001,United States
86cf16,ANA101  ,Japan,-81.4408,49.345,10965.18,338.45,852.228,Japan
a47bd2,N3883Q  ,United States,-97.3097,32.5695,205.74,180.77,137.052,United States
ad5c33,AAL1877 ,United States,-77.5105,37.2232,10668.0,34.49,1033.5600000000002,United States
c04ddc,WJA311  ,Canada,-115.9798,52.3187,9852.66,235.36,772.1279999999999,Canada
e488c9,PPOGX   ,Brazil,-44.0826,-23.8233,7840.98,49.71,861.984,Brazil
e4a080,PPNTV   ,Brazil,-56.0847,-13.6922,4305.3,19.15,468.576,Brazil
a7a8ed,DAL621  ,United States,-86.8646,21.0442,-22.86,303.57,244.512,United States
0d0fb1,LET5747 ,Mexico,-94.5943,25.768,12496.8,80.99,851.328,Mexico
abe6f4,N866US  ,United States,-112.2496,41.6016,2148.84,343.7,204.552,United States
a65b76,AAL2655 ,United States,-112.0378,40.889,9144.0,311.75,739.764,United States
a6be75,ASI108  ,United States,-113.3759,33.5748,1920.24,279.46,214.056,United States
a7cb0b,AAL2392 ,United States,-96.8395,33.344,6225.54,7.42,702.252,United States
ac4f92,SWA222  ,United States,-73.8703,40.7305,1356.36,60.66,514.116,United States
ab2372,AAL2477 ,United States,-81.5738,34.1123,10980.42,171.94,806.184,United States
ac3c75,N888KG  ,United States,-111.7639,36.8251,12496.8,177.53,900.9,United States
4a2184,AEZ2118 ,Romania,14.2192,37.6223,7261.86,343.69,791.172,Romania
a0174d,N105AF  ,United States,-108.2821,39.262,12496.8,129.41,927.648,United States
71c715,ESR582  ,Republic of Korea,116.8628,21.5904,11277.6,55.93,932.2920000000001,Republic of Korea
157717,RSD956  ,Russian Federation,37.4109,55.9648,4389.12,282.76,100.656,Russian Federation
aa6533,RPA3583 ,United States,-87.8692,41.9883,304.8,270.0,116.67599999999999,United States
abd3cf,DAL713  ,United States,-103.0651,38.0121,12192.0,256.53,771.264,United States
ab236a,AAL259  ,United States,-73.1334,39.7554,5913.12,253.62,669.816,United States
c00727,CRQ5744 ,Canada,-74.3981,46.6375,5059.68,172.82,444.276,Canada
a05dd8,UAL1451 ,United States,-99.3307,38.2359,11277.6,109.08,985.716,United States
a04aa9,RPA4472 ,United States,-76.218,40.1546,9753.6,238.36,646.092,United States
a00439,N10VC   ,United States,-96.9567,29.4783,685.8,188.13,288.108,United States
398561,AFR36SR ,France,9.0173,50.1718,1219.2,181.87,453.996,France
710dc3,FAD513  ,Saudi Arabia,51.1411,26.7642,10058.4,110.32,981.504,Saudi Arabia
342107,FIN01AD ,Spain,7.2842,47.1024,10058.4,214.94,802.008,Spain
a8180d,UPS72   ,United States,-89.1094,40.8274,12192.0,312.68,808.668,United States
398569,AFR82LE ,France,6.4664,46.2985,10363.2,315.65,810.684,France
a197ce,N201XG  ,United States,-107.1346,32.1002,2484.12,275.83,273.67199999999997,United States
abc0c1,SWA4251 ,United States,-104.5914,39.8715,2804.16,114.82,542.736,United States
a12429,UAL317  ,United States,-74.7826,40.5814,5684.52,263.49,555.48,United States
47bfb3,NOZ8WQ  ,Norway,11.3459,60.114,2316.48,44.2,563.148,Norway
71c702,APZ622  ,Republic of Korea,121.8739,25.8547,10668.0,41.24,997.416,Republic of Korea
a66202,LXJ510  ,United States,-75.2352,40.6106,6096.0,239.1,569.808,United States
4caa57,RYR13UV ,Ireland,1.4535,45.2229,11277.6,171.77,763.488,Ireland
71c709,PTA202  ,Republic of Korea,120.0164,24.4044,12496.8,44.17,991.4399999999999,Republic of Korea
4caa58,RYR74XC ,Ireland,12.6707,40.9377,11887.2,165.64,799.092,Ireland
adb317,N982FH  ,United States,-85.7568,30.703,2225.04,151.45,573.48,United States
a81815,SKW5216 ,United States,-104.533,39.8611,2735.58,114.67,576.7560000000001,United States
a7f804,SKW5685 ,United States,-103.3348,43.6472,10363.2,176.29,914.94,United States
4caa53,EAI86W  ,Ireland,-5.2199,52.2105,5173.98,140.27,512.892,Ireland
4caa55,EAI7HX  ,Ireland,-6.1745,53.416,495.3,274.61,230.4,Ireland
c067a1,CGNGI   ,Canada,-96.0933,49.4243,4800.6,318.49,430.34400000000005,Canada
a1373d,DAL669  ,United States,-104.8757,39.8465,11079.48,256.14,742.032,United States
a207c3,N23SM   ,United States,-90.4325,38.7006,13716.0,263.69,808.668,United States
a6be14,N5331G  ,United States,-76.1261,40.0471,731.52,306.87,138.888,United States
a05ddc,UAL1077 ,United States,-87.7722,33.6536,10972.8,240.35,846.036,United States
398571,AFR99CR ,France,8.4538,51.9885,8930.64,221.93,684.576,France
a66e43,N513TF  ,United States,-75.6995,37.6344,13716.0,15.59,1026.7559999999999,United States
398572,AFR51BQ ,France,5.1126,49.8906,8305.8,246.76,600.66,France
ad26fd,CXK582  ,United States,-111.7496,32.6375,2072.64,156.04,200.628,United States
4643c5,FSF100A ,Finland,18.99,45.1309,8534.4,274.16,382.536,Finland
a04aaa,N118HR  ,United States,-112.0387,33.8946,1927.86,0.0,168.51600000000002,United States
a3c5ea,DAL2430 ,United States,-77.2352,35.7422,11277.6,38.68,1034.316,United States
a9738e,N708PC  ,United States,-122.9547,45.545,-91.44,143.94,210.78,United States
885176,THA922  ,Thailand,9.6957,49.7113,4579.62,304.0,659.0160000000001,Thailand
a6d857,JIA5572 ,United States,-83.0333,35.7973,7620.0,105.28,892.728,United States
4acada,EUW9750 ,Sweden,8.036,51.3107,7429.5,36.18,708.984,Sweden
a8a391,FFT4196 ,United States,-80.3353,25.8002,655.32,277.87,351.504,United States
a41b8d,N364EA  ,United States,-111.1391,32.7738,1935.48,290.16,155.844,United States
e94c84,BOV735  ,Bolivia,-48.7477,-23.1387,10972.8,270.38,831.5640000000001,Bolivia
ad5c82,DSU60   ,United States,-90.5497,33.7923,982.98,85.7,172.72799999999998,United States
a4def4,N41270  ,United States,-117.7449,33.6486,365.76,117.58,140.00400000000002,United States
0d0495,XAGFM   ,Mexico,-97.5738,25.0621,9448.8,107.76,546.444,Mexico
a4cbc8,EJA408  ,United States,-82.9216,30.7424,12496.8,147.43,815.328,United States
a482fc,EDV4920 ,United States,-80.6133,28.7236,10363.2,158.7,739.44,United States
c00741,WJA2624 ,Canada,-90.0698,28.5555,10668.0,177.23,956.736,Canada
a7de16,FFT1819 ,United States,-108.6297,35.6841,9144.0,223.54,820.044,United States
aa781f,CKS224  ,United States,-146.8558,59.3442,8534.4,280.87,844.8480000000001,United States
a197ac,N201VY  ,United States,-80.4225,27.7617,647.7,127.09,294.84000000000003,United States
a12403,UAL1155 ,United States,-80.6399,38.7082,10972.8,248.37,808.884,United States
abc0e4,SWA310  ,United States,-117.6887,33.7447,1958.34,250.19,464.544,United States
a4d2c9,SKYDIV12,United States,-111.74,32.6718,4328.16,335.22,238.64400000000003,United States
a9b04f,N723SP  ,United States,-90.6335,38.6773,304.8,169.54,122.4,United States
a7950f,EJA588  ,United States,-77.2133,35.7642,10904.22,218.52,579.924,United States
aa0ea1,TCN747  ,United States,-75.5489,38.3255,12192.0,205.42,789.48,United States
0ac9c2,AVA246  ,Colombia,-77.6071,38.0441,4236.72,23.87,810.072,Colombia
a9607c,JRE703  ,United States,-115.5379,35.7729,2339.34,129.16,501.55199999999996,United States
c067ae,ACA938  ,Canada,-80.1656,28.6843,10972.8,140.83,850.392,Canada
c00734,WJA502  ,Canada,-114.8313,53.2168,6019.8,56.69,542.952,Canada
a3fb5b,N356CT  ,United States,-116.9948,33.2596,754.38,326.31,213.696,United States
