icao24,callsign,origin_country,time_position,last_contact,longitude,latitude,baro_altitude,on_ground,velocity,true_track,vertical_rate,sensors,geo_altitude,squawk,spi,position_source
39de4e,TVF64LR ,France,1765744665,1765744665,7.5398,45.9907,11574.78,False,222.99,295.26,0.0,,11742.42,5755,False,0
4b1815,SWR736  ,Switzerland,1765744666,1765744666,4.7944,50.6063,9022.08,False,221.26,331.23,-7.8,,9235.44,1000,False,0
4b1819,SWR24C  ,Switzerland,1765744666,1765744666,7.8739,47.2819,5097.78,False,211.35,277.83,15.61,,5273.04,3007,False,0
4b1812,SWR122C ,Switzerland,1765744665,1765744665,8.2444,47.4716,3048.0,False,137.6,99.25,0.0,,3192.78,2257,False,0
39de4c,TVF17PT ,France,1765744663,1765744663,3.0985,48.8167,2438.4,False,117.88,223.94,0.0,,2545.08,0730,False,0
39de57,TVF91KK ,France,1765744665,1765744666,16.3347,48.0088,2849.88,False,136.42,275.41,19.83,,2979.42,1000,False,0
39de51,TVF50YJ ,France,1765744659,1765744665,3.2128,48.1976,3665.22,False,136.44,313.93,-5.2,,3787.14,1000,False,0
39de50,TVF97HM ,France,1765744663,1765744665,12.2286,38.9995,8145.78,False,230.37,316.72,12.35,,8427.72,,False,0
4b1803,SWR2252 ,Switzerland,1765744665,1765744665,10.6336,47.3886,8968.74,False,212.62,92.22,7.48,,9174.48,1000,False,0
4b1804,SWR3ME  ,Switzerland,1765744665,1765744666,8.6884,47.5215,2727.96,False,148.08,107.18,12.68,,2865.12,1000,False,0
4b1805,SWR8YP  ,Switzerland,1765744665,1765744665,8.9857,47.5996,3657.6,False,128.15,321.52,-0.65,,3810.0,6011,False,0
4b1809,SWR9MY  ,Switzerland,1765744665,1765744665,8.3831,47.3769,2964.18,False,123.3,147.44,-5.2,,3116.58,0566,False,0
4b1800,SWR     ,Switzerland,1765744463,1765744493,8.5548,47.4561,327.66,True,0.0,5.62,,,,2000,False,0
4b1801,SWR979E ,Switzerland,1765744665,1765744665,9.4198,48.8403,7993.38,False,211.46,214.19,-10.4,,8221.98,1000,False,0
4b1802,SWR     ,Switzerland,1765744436,1765744649,8.5575,47.4559,335.28,True,0.0,5.62,,,,2000,False,0
4952cb,TAP440  ,Portugal,1765744666,1765744666,1.676,48.3448,3352.8,False,152.82,34.44,0.0,,3459.48,2255,False,0
4952cc,TAP67NP ,Portugal,1765744665,1765744665,2.4137,50.1266,10119.36,False,230.07,35.08,-7.48,,10317.48,1000,False,0
4952d0,TAP944  ,Portugal,1765744665,1765744665,-5.844,41.1075,10363.2,False,212.95,57.73,0.0,,10500.36,1150,False,0
4b181a,SWR105W ,Switzerland,1765744666,1765744666,8.5914,47.3952,739.14,False,78.72,335.28,-4.23,,876.3,1130,False,0
4b181c,SWR39M  ,Switzerland,1765744666,1765744666,7.9333,47.4188,3657.6,False,126.47,277.01,0.0,,3810.0,0507,False,0
4952c9,TAP57W  ,Portugal,1765744665,1765744665,-6.7915,42.534,11277.6,False,244.8,203.01,0.0,,11468.1,5252,False,0
4952c1,TAP556  ,Portugal,1765744665,1765744665,-4.2895,41.7854,11582.4,False,219.76,64.63,0.0,,11704.32,4701,False,0
4952c2,TAP442  ,Portugal,1765744665,1765744666,-5.7269,41.8434,10363.2,False,208.9,26.63,0.0,,10515.6,5245,False,0
440daf,EJU91CH ,Austria,1765744665,1765744666,5.6224,46.5602,11269.98,False,235.24,218.88,0.0,,11430.0,3503,False,0
4952c4,TAP1273 ,Portugal,1765744666,1765744666,12.2522,46.4122,11277.6,False,229.04,237.38,0.0,,11475.72,0224,False,0
4952c6,TAP1369 ,Portugal,1765744666,1765744666,-1.6756,50.7818,9197.34,False,205.29,208.11,6.18,,9372.6,0531,False,0
4952c8,TAP1366 ,Portugal,1765744666,1765744666,-8.4333,42.045,10363.2,False,215.44,20.99,0.0,,10576.56,1165,False,0
39de46,TVF66WW ,France,1765744363,1765744363,2.4129,48.7294,114.3,False,64.66,254.31,-3.58,,236.22,1000,False,0
4b180c,SWR7MA  ,Switzerland,1765744665,1765744665,4.0932,46.9458,8229.6,False,198.22,110.03,0.0,,8412.48,1000,False,0
39de45,TVF78YY ,France,1765744665,1765744665,-2.1807,46.7998,10980.42,False,191.41,50.23,0.0,,11140.44,2003,False,0
407a05,EZY39FU ,United Kingdom,1765744666,1765744666,-3.5317,39.1059,10980.42,False,218.71,4.18,-0.33,,11049.0,4622,False,0
440db0,EJU63UZ ,Austria,1765744665,1765744665,4.7847,45.2988,3131.82,False,155.69,45.27,-9.43,,3299.46,5210,False,0
39de48,TVF73TJ ,France,1765744666,1765744666,8.9572,48.3104,10355.58,False,246.96,279.11,0.0,,10561.32,5312,False,0
39de47,TVF96HL ,France,1765744665,1765744665,4.1086,47.3584,9989.82,False,194.72,329.17,-5.85,,10157.46,1000,False,0
39de49,TVF7040 ,France,1765744662,1765744663,2.6775,42.9818,1531.62,False,81.96,176.4,-6.83,,1653.54,1000,False,0
39de40,TVF66YR ,France,1765744665,1765744666,11.7631,42.9473,10980.42,False,241.91,314.74,0.0,,11163.3,1000,False,0
4b180b,SWR44X  ,Switzerland,1765744666,1765744666,9.2802,47.7253,7010.4,False,216.42,3.27,0.98,,7193.28,3074,False,0
511187,MBU8TN  ,Estonia,1765744666,1765744666,1.5914,48.4492,10972.8,False,226.53,47.76,0.0,,11148.06,1000,False,0
4acb03,NSZ2941 ,Sweden,1765744666,1765744666,13.7534,52.1392,11277.6,False,223.16,22.07,0.0,,11452.86,7354,False,0
4bc8c6,PGT341  ,Turkey,1765744447,1765744452,21.3172,42.1673,5326.38,False,187.37,349.4,-10.73,,5509.26,2355,False,0
40814a,AUR611Y ,United Kingdom,1765744665,1765744665,-2.2071,49.864,2049.78,False,117.24,191.9,-3.9,,2087.88,6032,False,0
3c6677,DLH884  ,Germany,1765744665,1765744665,13.8454,54.2044,10675.62,False,233.92,45.62,-0.33,,10812.78,3733,False,0
3c666a,DLH9M   ,Germany,1765744598,1765744599,11.8266,48.3674,373.38,False,75.05,263.7,-4.23,,525.78,1352,False,0
511170,MBU8KZ  ,Estonia,1765744666,1765744666,9.3949,48.5657,6949.44,False,213.09,36.26,-5.53,,7155.18,3375,False,0
4bc8d5,PGT559U ,Turkey,1765744665,1765744665,29.3698,40.9208,708.66,False,96.4,63.71,9.75,,769.62,,False,0
4bc8d3,PGT450Z ,Turkey,1765744665,1765744665,26.7896,42.7038,10972.8,False,207.35,315.0,0.0,,11026.14,,False,0
3c6676,DLH7LL  ,Germany,1765744666,1765744666,9.5731,49.9428,6355.08,False,211.46,89.16,11.05,,6530.34,1000,False,0
4bc8d4,PGT8HT  ,Turkey,1765744666,1765744666,30.7507,40.4931,8374.38,False,241.62,105.31,12.03,,8435.34,,False,0
471efa,WZZ84ZJ ,Hungary,1765744665,1765744665,-0.1547,52.166,2392.68,False,130.62,226.12,-5.53,,2430.78,3545,False,0
471efb,WZZ5GT  ,Hungary,1765744665,1765744666,13.0583,39.8074,11285.22,False,262.65,103.71,0.0,,11506.2,5343,False,0
47b217,NBT40H  ,Norway,1765744665,1765744666,3.8571,45.1199,10355.58,False,267.98,289.51,-0.33,,10515.6,4016,False,0
3c667a,DLH57F  ,Germany,1765744665,1765744665,4.8154,49.615,10668.0,False,233.72,255.08,0.0,,10835.64,1000,False,0
40812e,EZY68DH ,United Kingdom,1765744665,1765744665,25.8412,37.2975,10980.42,False,206.11,329.72,0.33,,11148.06,5526,False,0
408134,BAW750  ,United Kingdom,1765744665,1765744665,3.4608,47.4215,9448.8,False,224.61,157.37,0.0,,9624.06,2030,False,0
4acb42,SAS33G  ,Sweden,1765744665,1765744665,12.9602,64.7154,11574.78,False,221.76,200.79,0.0,,11292.84,,False,0
3455d7,VOE73QQ ,Spain,1765744664,1765744665,2.1833,48.336,5166.36,False,168.82,181.75,13.98,,5288.28,1000,False,0
3c65c2,DLH920  ,Germany,1765744665,1765744665,1.0727,51.6462,5227.32,False,191.38,270.31,-10.73,,5334.0,2504,False,0
3c65c1,DLH2U   ,Germany,1765744666,1765744666,5.6441,50.5471,10058.4,False,235.42,107.68,0.0,,10256.52,2263,False,0
470bc8,FCA2MA  ,Hungary,1765744665,1765744665,0.4664,51.1629,3261.36,False,163.66,148.76,7.48,,3329.94,6321,False,0
4acb59,SAS7496 ,Sweden,1765744430,1765744433,5.224,60.2902,,True,4.63,25.31,,,,,False,0
44023f,EJU57EJ ,Austria,1765744666,1765744666,1.3948,49.2326,8846.82,False,204.63,141.43,-0.33,,9052.56,6357,False,0
3c5ee8,EWG6RM  ,Germany,1765744666,1765744666,9.994,52.0522,9890.76,False,226.51,5.87,-5.2,,10096.5,1741,False,0
3c5ee6,EWG12J  ,Germany,1765744664,1765744664,6.8136,51.309,137.16,False,62.76,232.66,-3.25,,251.46,3527,False,0
e8021c,LTG8517 ,Chile,1765744665,1765744666,-2.5767,49.6341,10066.02,False,227.01,213.26,0.0,,10241.28,7440,False,0
3c5ee5,EWG6L   ,Germany,1765744665,1765744665,9.9182,48.6466,3009.9,False,148.14,293.54,-4.55,,3147.06,0610,False,0
4bc8cf,PGT651  ,Turkey,1765744665,1765744665,6.6029,40.2412,10058.4,False,199.61,259.91,0.33,,10241.28,2304,False,0
3c65d4,DLH22J  ,Germany,1765744666,1765744666,11.1769,48.3091,4564.38,False,188.73,266.09,15.93,,4724.4,1000,False,0
4bc8cc,PGT87WX ,Turkey,1765744384,1765744390,29.2756,40.8749,144.78,False,69.03,64.39,-3.58,,289.56,,False,0
4bc8ca,PGT1927 ,Turkey,1765744665,1765744666,33.1518,35.5512,4861.56,False,195.44,328.23,13.98,,4975.86,,False,0
3c65c9,DLH72M  ,Germany,1765744666,1765744666,1.8101,48.5831,11277.6,False,233.56,228.3,0.0,,11460.48,2567,False,0
3c5ee4,EWG72E  ,Germany,1765744666,1765744666,8.9632,49.0008,9753.6,False,215.5,339.75,0.0,,9959.34,3020,False,0
3c5ee2,EWG6C   ,Germany,1765744666,1765744666,9.1816,48.3669,3124.2,False,155.99,37.36,-4.88,,3268.98,2212,False,0
3c5ef8,EWG47U  ,Germany,1765744665,1765744665,7.7283,51.4454,4229.1,False,156.19,258.02,-8.45,,4366.26,1000,False,0
3c65ce,DLH3VT  ,Germany,1765744665,1765744666,9.5404,49.4479,10340.34,False,222.3,123.58,-9.75,,10561.32,4620,False,0
3c5ef6,EWG54B  ,Germany,1765744665,1765744665,6.8869,51.3436,472.44,False,71.83,234.03,-4.23,,579.12,1000,False,0
3c65cd,DLH612  ,Germany,1765744649,1765744654,43.1108,41.575,11269.98,False,258.57,97.78,0.0,,11186.16,7701,False,0
46b82a,AEE950  ,Greece,1765744665,1765744666,25.7156,37.2014,8275.32,False,254.4,123.79,4.23,,8458.2,7432,False,0
46b82b,AEE615  ,Greece,1765744665,1765744665,7.6651,47.6064,10660.38,False,212.74,123.96,0.0,,10835.64,5607,False,0
46b82c,AEE127  ,Greece,1765744666,1765744666,23.5722,38.2255,4640.58,False,189.17,183.59,-3.9,,4792.98,1414,False,0
3c5eed,EWG4AJ  ,Germany,1765744666,1765744666,2.6614,52.4045,10058.4,False,220.78,72.37,0.33,,10233.66,4744,False,0
3c5eec,EWG1FH  ,Germany,1765744658,1765744662,8.7208,45.625,106.68,True,8.23,168.75,,,,0425,False,0
46b82f,AEE6BR  ,Greece,1765744665,1765744665,14.3792,46.0777,11269.98,False,214.39,137.04,0.0,,11468.1,7141,False,0
3c65d7,DLH586  ,Germany,1765744665,1765744665,20.5863,41.0145,11285.22,False,243.57,138.94,0.33,,11452.86,,False,0
3c65d6,DLH66K  ,Germany,1765744499,1765744507,8.5293,50.0349,15.24,True,5.66,250.31,,,,1000,False,0
3c65d5,DLH2TK  ,Germany,1765744454,1765744457,-0.4274,51.4777,60.96,False,67.91,269.13,-3.58,,106.68,6675,False,0
3c65d9,DLH898  ,Germany,1765744665,1765744665,15.2825,52.526,11277.6,False,227.27,65.81,0.0,,11430.0,1000,False,0
3c5ef5,EWG47W  ,Germany,1765744666,1765744666,9.1218,50.7664,9304.02,False,238.43,304.27,-5.2,,9540.24,1000,False,0
3c5ef2,EWG55B  ,Germany,1765744665,1765744665,13.6624,41.1841,5387.34,False,215.59,320.42,12.68,,5593.08,,False,0
46b831,AEE25   ,Greece,1765744665,1765744665,21.2761,41.4807,9829.8,False,240.31,128.22,-12.68,,10020.3,,False,0
46b832,AEE5IN  ,Greece,1765744666,1765744666,23.5103,37.9658,2781.3,False,170.84,157.14,-11.38,,2910.84,3747,False,0
46b833,AEE1HE  ,Greece,1765744528,1765744534,23.8441,37.8429,586.74,False,92.91,37.12,-4.88,,723.9,,False,0
44020a,AUA319  ,Austria,1765744666,1765744666,9.8184,50.744,10972.8,False,234.92,310.74,0.0,,11178.54,4423,False,0
440209,EJU14HM ,Austria,1765744665,1765744666,6.9609,46.9326,9075.42,False,231.99,230.31,-5.2,,9273.54,1000,False,0
46b825,AEE909  ,Greece,1765744666,1765744666,31.1735,35.4036,10972.8,False,203.98,294.43,0.0,,11087.1,,False,0
46b823,AEE2FL  ,Greece,1765744533,1765744535,-0.4266,51.4777,68.58,False,73.05,270.0,-4.23,,114.3,7547,False,0
44022d,AUA52U  ,Austria,1765744665,1765744665,10.096,45.91,7033.26,False,203.04,209.94,-10.73,,7277.1,1000,False,0
44022b,AUA96J  ,Austria,1765744151,1765744665,17.068,52.7211,10972.8,False,0.0,0.0,0.0,,11940.54,4562,False,0
47b0e7,NBT092  ,Norway,1765744666,1765744666,19.0469,50.0924,11574.78,False,220.38,335.89,0.0,,11719.56,5333,False,0
4aca9a,NSZ5700 ,Sweden,1765744666,1765744666,-2.0075,53.7179,11582.4,False,258.73,34.8,-0.33,,11689.08,2246,False,0
343194,VLG46P  ,Spain,1765744665,1765744665,8.6174,52.525,8610.6,False,223.17,216.66,5.85,,8801.1,1125,False,0
393323,AFR21QN ,France,1765744666,1765744666,2.6357,47.9977,7650.48,False,210.86,164.0,5.53,,7802.88,1000,False,0
4aca84,NSZ2616 ,Sweden,1765744665,1765744665,17.9283,59.6518,,True,0.32,191.25,,,,6206,False,0
4aca86,NSZ4314 ,Sweden,1765744666,1765744666,13.0485,56.5187,10668.0,False,236.61,47.11,0.0,,10767.06,6033,False,0
4aca88,NSZ4458 ,Sweden,1765744666,1765744666,17.9251,59.6528,,True,5.14,146.25,,,,6220,False,0
4aca87,NSZ9LH  ,Sweden,1765744665,1765744665,0.3119,55.6833,11887.2,False,265.89,37.69,0.0,,11932.92,2206,False,0
4aca89,NSZ2769 ,Sweden,1765744665,1765744665,3.4399,54.0137,11277.6,False,245.48,23.07,0.0,,11422.38,1403,False,0
4aca92,NSZ5075 ,Sweden,1765744665,1765744665,3.0764,48.9751,11277.6,False,228.63,204.32,0.0,,11460.48,3532,False,0
4aca95,NSZ278Y ,Sweden,1765744666,1765744666,14.7508,59.1148,10386.06,False,252.01,57.25,-5.2,,10370.82,2225,False,0
4aca96,NSZ9GY  ,Sweden,1765744665,1765744665,5.7308,52.5211,11887.2,False,237.91,44.47,0.0,,12054.84,3346,False,0
4aca99,NOZ4DY  ,Sweden,1765744665,1765744666,19.6885,50.2264,1424.94,False,121.04,72.18,0.0,,1546.86,3704,False,0
4aca8d,NSZ3659 ,Sweden,1765744666,1765744666,6.3551,44.3781,10972.8,False,230.68,36.38,0.0,,11117.58,1043,False,0
4aca8c,NSZ3BM  ,Sweden,1765744665,1765744665,-3.2478,56.0822,1394.46,False,146.57,99.5,-2.93,,1295.4,1426,False,0
4aca8f,NSZ18X  ,Sweden,1765744574,1765744580,17.9304,59.652,,True,0.06,70.31,,,,5002,False,0
4aca8e,NSZ3215 ,Sweden,1765744665,1765744665,17.9407,59.602,518.16,False,90.95,199.15,3.9,,472.44,,False,0
344498,IBS1810 ,Spain,1765744665,1765744665,2.2936,44.5856,11269.98,False,235.54,228.9,0.0,,11399.52,1000,False,0
3c5eef,EWG469  ,Germany,1765744666,1765744666,1.5184,51.184,9814.56,False,222.2,98.66,7.48,,9982.2,4657,False,0
3c5eee,EWG4TV  ,Germany,1765744665,1765744665,8.982,48.6443,3078.48,False,121.61,253.79,20.81,,3192.78,2501,False,0
471f8f,WMT597N ,Hungary,1765744665,1765744665,19.0606,44.4911,11887.2,False,220.65,64.15,0.33,,12062.46,0211,False,0
344487,AEA1142 ,Spain,1765744665,1765744665,-8.0909,41.2119,5920.74,False,170.92,78.01,12.68,,6050.28,,False,0
471f8e,WMT4CU  ,Hungary,1765744666,1765744666,3.1211,52.0488,10835.64,False,232.6,104.87,3.9,,11033.76,2243,False,0
4520ce,LZB974  ,Bulgaria,1765744407,1765744407,24.9841,42.9055,6438.9,False,201.28,258.2,-13.98,,6865.62,,False,0
3c65da,DLH3RW  ,Germany,1765744665,1765744665,8.4864,50.0108,769.62,False,100.14,208.54,11.7,,876.3,3734,False,0
471f9e,WZZ3225 ,Hungary,1765744665,1765744665,18.8105,48.4276,10660.38,False,235.56,149.12,0.0,,10850.88,7631,False,0
4520fb,GPX2IM  ,Bulgaria,1765744665,1765744666,10.7042,46.2442,10058.4,False,210.05,116.63,0.0,,10256.52,0266,False,0
343141,IBS1864 ,Spain,1765744665,1765744665,-3.4986,45.9184,10675.62,False,236.53,192.43,0.0,,10843.26,2064,False,0
471f86,WMT7RF  ,Hungary,1765744606,1765744606,9.7444,45.6609,220.98,False,70.12,284.44,-3.58,,411.48,4147,False,0
471f87,WMT769  ,Hungary,1765744666,1765744666,8.0593,45.2665,3848.1,False,181.54,73.88,12.68,,4030.98,1000,False,0
495305,TAP783  ,Portugal,1765744665,1765744665,0.8197,48.1672,10675.62,False,244.5,226.19,0.0,,10858.5,0751,False,0
48597e,TRA58Q  ,Kingdom of the Netherlands,1765744665,1765744665,2.8557,50.1214,9951.72,False,237.97,25.07,-7.8,,10157.46,1000,False,0
471f6e,WMT661  ,Hungary,1765744666,1765744666,2.0797,41.2948,,True,9.77,64.69,,,,,False,0
471f6b,WMT8730 ,Hungary,1765744664,1765744665,17.5497,43.6849,10972.8,False,230.33,297.54,0.0,,11155.68,,False,0
48597d,TRA6902 ,Kingdom of the Netherlands,1765744666,1765744666,20.3389,46.5819,11582.4,False,219.86,300.83,0.0,,11719.56,1000,False,0
4520eb,UBD431  ,Bulgaria,1765735431,1765744664,32.758,40.7212,11582.4,False,213.51,299.28,0.0,,,3224,False,0
34444b,IBE1403 ,Spain,1765744666,1765744666,-2.9184,42.3767,3055.62,False,153.3,20.02,-0.65,,3185.16,3423,False,0
471f7a,WMT656  ,Hungary,1765744665,1765744665,12.4116,48.5331,8740.14,False,219.02,309.19,-9.75,,8968.74,6326,False,0
471f68,WMT1FS  ,Hungary,1765744665,1765744665,18.2073,44.1294,11582.4,False,229.34,264.85,0.0,,11757.66,7356,False,0
3c6744,DLH1456 ,Germany,1765744665,1765744666,13.0901,47.2554,11277.6,False,212.97,137.25,0.0,,11483.34,6015,False,0
440cfe,EJU34GM ,Austria,1765744665,1765744665,6.2139,49.0537,11887.2,False,214.48,145.36,0.33,,12054.84,1000,False,0
3c6743,DLH8YF  ,Germany,1765744665,1765744665,9.8708,49.9601,7452.36,False,202.85,85.34,8.13,,7673.34,1000,False,0
471f67,WMT3AD  ,Hungary,1765744665,1765744665,5.0876,45.711,,True,4.37,104.06,,,,,False,0
408086,TOM803  ,United Kingdom,1765744665,1765744665,-3.2024,55.4339,5334.0,False,172.51,303.07,-3.9,,5326.38,6603,False,0
471f64,,Hungary,1765744654,1765744654,23.6105,43.5417,9616.44,False,214.33,79.77,-5.53,,9959.34,,False,0
4400c8,EJU836F ,Austria,1765744666,1765744666,-1.2854,47.7353,2880.36,False,157.2,335.03,-9.75,,3002.28,1000,False,0
344449,IBE06PH ,Spain,1765744665,1765744665,3.8931,41.0742,11277.6,False,220.28,268.26,0.0,,11391.9,1000,False,0
3c6741,DLH036  ,Germany,1765744649,1765744649,8.5772,50.0447,,True,9.77,70.31,,,,5025,False,0
3c6757,DLH5NC  ,Germany,1765744666,1765744666,11.7522,48.3414,670.56,False,83.02,266.09,14.63,,792.48,,False,0
471f77,WMT8ZP  ,Hungary,1765744665,1765744665,-0.2274,51.899,670.56,False,67.91,254.17,-2.93,,708.66,3571,False,0
3c5423,BCS452  ,Germany,1765744665,1765744665,-0.9173,52.3387,4290.06,False,185.43,320.97,-6.18,,4335.78,4421,False,0
471f72,WMT7862 ,Hungary,1765744471,1765744471,11.0746,49.4954,,True,1.03,188.44,,,,6007,False,0
471f74,WMT2127 ,Hungary,1765744666,1765744666,25.0953,45.0218,4267.2,False,200.68,132.19,-8.45,,4373.88,0564,False,0
40805d,WUK831  ,United Kingdom,1765744665,1765744665,15.4592,43.5547,11582.4,False,225.17,314.91,0.0,,11765.28,2033,False,0
3c6752,DLH5LW  ,Germany,1765744665,1765744665,6.9745,46.9525,5623.56,False,183.15,232.65,-12.68,,5829.3,1000,False,0
471f5d,WMT453  ,Hungary,1765744666,1765744666,11.4102,44.6129,1295.4,False,131.51,35.93,8.13,,1447.8,1000,False,0
4400b2,EJU7832 ,Austria,1765744665,1765744665,0.9485,51.8961,7010.4,False,218.1,76.36,0.33,,7170.42,6253,False,0
3c6750,DLH8AH  ,Germany,1765744665,1765744665,11.535,48.8245,4968.24,False,203.66,350.99,11.7,,5151.12,6460,False,0
408064,WUK40PB ,United Kingdom,1765744665,1765744665,10.141,61.8882,10980.42,False,199.56,204.85,0.65,,10866.12,,False,0
408066,LOG17Q  ,United Kingdom,1765744662,1765744662,-3.3381,51.3963,,True,6.43,70.31,,,,4127,False,0
4520c4,BCS8PA  ,Bulgaria,1765744665,1765744665,8.0537,51.9194,9753.6,False,221.47,272.8,-0.33,,9944.1,4152,False,0
471f41,WZZ59SM ,Hungary,1765744666,1765744666,12.6255,48.2806,10668.0,False,222.64,40.31,-0.33,,10896.6,1000,False,0
4400dc,EJU76HQ ,Austria,1765744666,1765744666,-4.5592,36.1168,10972.8,False,216.85,39.13,-0.33,,11018.52,4455,False,0
3c674d,DLH1V   ,Germany,1765744415,1765744415,8.5694,50.0486,,True,0.32,295.31,,,,1000,False,0
40804d,WUK75   ,United Kingdom,1765744665,1765744665,6.0439,50.3214,10972.8,False,233.03,300.07,0.0,,11155.68,1105,False,0
471f55,WMT3163 ,Hungary,1765744665,1765744665,24.9678,46.8498,11574.78,False,219.16,89.73,0.0,,11635.74,1000,False,0
34440a,VLG8008 ,Spain,1765744665,1765744665,2.1539,41.2905,571.5,False,99.82,98.3,5.53,,701.04,,False,0
34440b,VLG5WJ  ,Spain,1765744627,1765744632,2.0788,41.2916,,True,1.8,129.38,,,,,False,0
471f3d,WZZ266B ,Hungary,1765744666,1765744666,15.4241,48.1817,11277.6,False,216.51,49.92,0.0,,11498.58,1000,False,0
3c542c,BCS21G  ,Germany,1765744661,1765744661,12.2544,51.4113,,True,10.29,84.38,,,,,False,0
344417,IBE07PR ,Spain,1765744666,1765744666,-2.7141,40.7029,4602.48,False,163.92,215.93,-6.83,,4754.88,1000,False,0
440cbe,EJU8675 ,Austria,1765744665,1765744665,1.5005,51.965,7010.4,False,219.73,68.72,0.0,,7170.42,6250,False,0
440cbf,EJU58GZ ,Austria,1765744648,1765744662,8.7319,45.6171,99.06,True,10.8,168.75,,,,0466,False,0
440cc1,EJU34GD ,Austria,1765744665,1765744666,8.7514,45.7787,3604.26,False,155.95,123.43,6.83,,3764.28,1000,False,0
398e49,AFR86PK ,France,1765744665,1765744665,4.4258,47.597,9136.38,False,231.47,334.18,-5.2,,9326.88,1000,False,0
440cab,AUA38M  ,Austria,1765744665,1765744665,6.8939,50.4607,11285.22,False,225.09,103.75,0.0,,11498.58,4710,False,0
440cac,AUA31J  ,Austria,1765744666,1765744666,15.0,48.78,7833.36,False,241.84,105.04,-14.96,,8077.2,1000,False,0
471f37,WMT92LT ,Hungary,1765744665,1765744665,6.6447,51.043,10668.0,False,230.56,115.65,0.0,,10888.98,2221,False,0
3c6718,DLH574  ,Germany,1765744650,1765744651,10.7073,38.5446,11277.6,False,225.44,186.95,0.33,,11490.96,6653,False,0
471f32,WZZ58VS ,Hungary,1765744666,1765744666,17.5807,46.4042,10972.8,False,207.32,23.7,0.0,,11170.92,6577,False,0
471f02,WMT581  ,Hungary,1765744665,1765744665,5.9534,49.8428,8816.34,False,208.29,118.15,2.28,,9022.08,0107,False,0
471f03,WZZ2049 ,Hungary,1765744666,1765744666,30.9506,35.9443,10668.0,False,260.67,116.87,0.0,,10759.44,4761,False,0
471f05,WZZ42GZ ,Hungary,1765744666,1765744666,25.9997,40.422,11285.22,False,250.06,131.33,0.0,,11376.66,5540,False,0
46c9a1,AEZ264B ,Greece,1765744665,1765744665,11.4179,43.365,8808.72,False,229.6,316.36,3.9,,8999.22,1000,False,0
4008ad,BAW872  ,United Kingdom,1765744665,1765744666,3.5771,50.9546,11277.6,False,229.74,101.89,0.0,,11460.48,4715,False,0
4008b3,SHT18P  ,United Kingdom,1765744666,1765744666,-2.1393,57.4131,1051.56,False,100.31,280.04,-2.93,,914.4,5165,False,0
40808c,VIR354  ,United Kingdom,1765744665,1765744666,25.4389,44.6712,10668.0,False,256.33,120.12,0.0,,10706.1,2160,False,0
7c4928,QFA2    ,Australia,1765744666,1765744666,-0.1781,51.3168,2560.32,False,153.3,90.0,7.8,,2590.8,4702,False,0
4951cb,TAP93ZS ,Portugal,1765744665,1765744665,-7.1594,40.4878,10668.0,False,258.0,226.54,0.0,,10843.26,3736,False,0
4951cc,TAP828  ,Portugal,1765744666,1765744666,-6.0128,39.9806,10363.2,False,198.39,66.63,0.0,,10469.88,2202,False,0
4951cd,TAP43RY ,Portugal,1765744665,1765744665,-2.9125,45.9271,11277.6,False,233.9,215.96,-0.33,,11445.24,7654,False,0
4951ce,TAP4BE  ,Portugal,1765744666,1765744666,5.4013,49.5824,11582.4,False,218.46,65.37,0.0,,11772.9,2207,False,0
408248,GGWVV   ,United Kingdom,1765744665,1765744665,0.6827,51.2606,1783.08,False,76.89,308.48,-2.93,,1813.56,7253,False,0
3c6589,DLH876  ,Germany,1765744665,1765744665,7.0263,55.7033,10980.42,False,217.54,351.3,0.0,,11094.72,7724,False,0
40822e,BAW448  ,United Kingdom,1765744666,1765744666,3.3855,52.4098,4518.66,False,181.06,71.62,-9.43,,4625.34,7634,False,0
3c6584,DLH9ET  ,Germany,1765744604,1765744606,8.5834,50.0487,,True,0.06,247.5,,,,3714,False,0
407b54,WUK7DF  ,United Kingdom,1765744665,1765744665,10.3336,48.3949,10980.42,False,238.19,306.75,0.0,,11186.16,1101,False,0
3c6585,DLH9MT  ,Germany,1765744430,1765744435,21.6498,43.5199,10058.4,False,238.59,122.76,0.0,,10195.56,7710,False,0
3c658d,DLH44T  ,Germany,1765744666,1765744666,8.5331,50.0358,,True,9.26,247.5,,,,,False,0
505cea,SEU7832 ,Slovakia,1765744666,1765744666,25.0158,39.2039,10972.8,False,214.13,336.95,0.0,,11094.72,6463,False,0
02a1a2,LBT521  ,Tunisia,1765744666,1765744666,2.5329,48.4065,6096.0,False,185.3,181.91,8.13,,6240.78,7662,False,0
3c6595,DLH7VY  ,Germany,1765744666,1765744666,5.6901,52.4867,3505.2,False,152.92,288.43,-8.45,,3604.26,1000,False,0
408227,BAW943  ,United Kingdom,1765744666,1765744666,7.2679,51.2618,10972.8,False,236.51,290.37,0.0,,11186.16,6660,False,0
39d315,TVF76MR ,France,1765744666,1765744666,-7.9088,35.6303,10972.8,False,202.55,3.49,0.0,,11049.0,7761,False,0
39d317,TVF52VN ,France,1765744666,1765744666,3.1049,44.1763,12192.0,False,234.38,306.97,0.0,,12298.68,1000,False,0
39d319,TVF92HA ,France,1765744666,1765744666,0.7668,36.949,12192.0,False,248.65,41.14,-0.33,,12283.44,7743,False,0
39d310,TVF38ZF ,France,1765744659,1765744659,13.5074,52.3687,,True,3.86,70.31,,,,,False,0
4402a3,AUA55P  ,Austria,1765744665,1765744665,15.9531,47.2222,6903.72,False,191.23,25.32,-4.88,,7139.94,1000,False,0
47bf9d,NOZ1309 ,Norway,1765744391,1765744393,11.0944,60.2208,342.9,False,71.3,196.34,-4.23,,297.18,6007,False,0
408210,EXS22G  ,United Kingdom,1765744666,1765744666,10.4159,50.4871,10972.8,False,229.55,288.15,0.0,,11193.78,3562,False,0
39d30e,TRA71F  ,France,1765744665,1765744665,4.6214,50.9214,411.48,False,65.27,249.71,-3.9,,502.92,1000,False,0
39d30f,TVF59LE ,France,1765744666,1765744666,15.2252,44.5927,10972.8,False,243.73,293.64,0.0,,11163.3,4135,False,0
3813ff,SECU2   ,France,1765744593,1765744593,7.2268,43.6663,,True,3.6,135.0,,,,,False,0
39d30a,TVF30DM ,France,1765744665,1765744665,-4.7756,38.8146,11887.2,False,244.4,200.84,0.0,,11963.4,1134,False,0
3c6548,LHX05X  ,Germany,1765744666,1765744666,11.8012,46.8647,10294.62,False,227.31,190.83,8.45,,10500.36,1000,False,0
4690e5,AEE713  ,Greece,1765744422,1765744422,23.8584,37.8579,480.06,False,90.44,36.67,-4.88,,647.7,4315,False,0
3c6549,LHX9JW  ,Germany,1765744665,1765744665,-0.5284,51.4214,1272.54,False,116.01,141.3,7.8,,1303.02,3450,False,0
3c786c,CFG3RW  ,Germany,1765744609,1765744609,8.7201,45.6242,,True,1.03,78.75,,,,1000,False,0
407b8e,BAW992G ,United Kingdom,1765744665,1765744665,13.397,52.5536,2133.6,False,151.55,97.61,0.0,,2225.04,2154,False,0
4b5da8,ATL778  ,Switzerland,1765744665,1765744665,8.5591,47.4541,,True,5.66,8.44,,,,,False,0
39e68b,AFR1767 ,France,1765744665,1765744666,6.992,46.1182,10972.8,False,235.17,309.05,0.0,,11125.2,1000,False,0
39e68a,AFR82GR ,France,1765744665,1765744665,0.6066,50.8593,5669.28,False,193.54,322.89,-10.4,,5814.06,5621,False,0
39e68e,AFR1886 ,France,1765744665,1765744665,0.7824,51.3821,10972.8,False,224.04,325.29,-0.33,,11148.06,5616,False,0
3c6541,DLH01P  ,Germany,1765744665,1765744665,10.8066,48.1411,6393.18,False,213.57,249.56,8.13,,6583.68,0614,False,0
4690f9,AEE1XD  ,Greece,1765744626,1765744633,23.8374,37.8357,640.08,False,96.61,36.99,-5.53,,784.86,1416,False,0
3430cc,VLG8829 ,Spain,1765744665,1765744665,1.482,46.8968,11277.6,False,227.9,196.39,0.0,,11422.38,7670,False,0
3c4b45,EWG2P   ,Germany,1765744666,1765744666,8.5586,47.4656,335.28,False,54.61,317.29,0.0,,472.44,1000,False,0
4690ea,AEE6180 ,Greece,1765744666,1765744666,23.7455,39.1206,8534.4,False,206.71,343.37,0.0,,8717.28,1402,False,0
39e689,AFR42GA ,France,1765744665,1765744665,2.816,49.0048,1752.6,False,140.31,99.5,13.0,,1821.18,1000,False,0
39e682,AFR1246 ,France,1765744666,1765744666,9.3003,50.451,10668.0,False,226.71,67.45,0.0,,10866.12,1000,False,0
39e681,AFR19MJ ,France,1765744665,1765744665,2.7897,48.9822,3962.4,False,157.9,313.94,0.0,,4076.7,1000,False,0
39e683,AFR74XN ,France,1765744648,1765744656,2.5138,49.0241,91.44,False,67.12,85.16,-3.58,,220.98,1000,False,0
39e686,AFR87GQ ,France,1765744666,1765744666,5.7542,48.2782,10530.84,False,203.67,113.52,3.9,,10713.72,1000,False,0
39e688,AFR1122 ,France,1765744665,1765744666,7.9043,47.8463,10668.0,False,206.35,109.97,0.0,,10850.88,1000,False,0
3c4b49,EWG6F   ,Germany,1765744666,1765744666,12.329,52.1268,11582.4,False,216.0,266.31,-0.33,,11757.66,1000,False,0
4a2aac,BBG445  ,Romania,1765744556,1765744556,21.6578,44.2083,10668.0,False,245.14,145.78,-0.33,,10820.4,,False,0
3c6562,OCN142  ,Germany,1765744666,1765744666,11.3577,43.7251,10668.0,False,233.12,185.57,-0.33,,10843.26,6674,False,0
4b5dad,RTT1    ,Switzerland,1765744645,1765744645,8.5552,47.4597,,True,0.26,33.75,,,,,False,0
39e694,AFR81GW ,France,1765744665,1765744665,4.1077,49.2204,7665.72,False,196.1,74.32,6.18,,7856.22,1000,False,0
39e690,AFR1610 ,France,1765744665,1765744665,6.4156,52.7298,11277.6,False,229.2,48.37,0.0,,11468.1,3345,False,0
3c4b4e,EWG72L  ,Germany,1765744666,1765744666,8.7091,50.9695,7498.08,False,212.13,301.92,-21.46,,7726.68,1000,False,0
3c4b4b,EWG8P   ,Germany,1765744665,1765744665,8.8585,44.6475,11582.4,False,225.91,44.54,0.0,,11734.8,1000,False,0
0a004a,DAH6121 ,Algeria,1765744645,1765744664,1.5484,36.3816,8229.6,False,246.15,66.86,-5.53,,8351.52,4434,False,0
3443d1,VLG25SB ,Spain,1765744666,1765744666,1.5834,44.4949,11277.6,False,227.79,171.56,0.65,,11399.52,2204,False,0
3443d2,VLG30TC ,Spain,1765744639,1765744639,-3.5769,37.4339,4297.68,False,187.01,226.11,-7.8,,4777.74,0254,False,0
4aca04,NOZ315  ,Sweden,1765744665,1765744666,13.208,61.8974,12009.12,False,215.31,213.5,-3.9,,11833.86,,False,0
3c64a3,DLH682  ,Germany,1765744665,1765744665,20.965,42.1687,10058.4,False,234.43,130.01,0.0,,10226.04,,False,0
3c64ac,DLH44X  ,Germany,1765744665,1765744665,10.3129,48.018,7886.7,False,226.52,248.97,7.48,,8100.06,1000,False,0
4080ea,BAW600  ,United Kingdom,1765744665,1765744665,8.3831,48.5898,11277.6,False,215.83,125.39,0.0,,11475.72,7507,False,0
4aca12,NSZ5359 ,Sweden,1765744665,1765744665,0.8534,43.7085,11277.6,False,232.36,191.88,0.0,,11376.66,0746,False,0
4aca14,NSZ8WM  ,Sweden,1765744665,1765744665,11.7607,55.9416,6705.6,False,191.61,324.18,0.0,,6819.9,0422,False,0
0a008a,DAH1083 ,Algeria,1765744665,1765744665,0.1741,41.44,10668.0,False,234.98,193.03,0.0,,10744.2,7651,False,0
46a60f,SEH6CA  ,Greece,1765744666,1765744666,22.0707,38.3968,5189.22,False,150.1,123.96,0.0,,5326.38,,False,0
4aca69,SAS4486 ,Sweden,1765744663,1765744665,5.7021,58.7947,1562.1,False,148.01,78.57,16.58,,1516.38,,False,0
710415,SVA378  ,Saudi Arabia,1765744665,1765744665,12.2658,36.0003,11879.58,False,303.55,95.84,0.0,,12184.38,,False,0
4aca74,SAS85H  ,Sweden,1765744665,1765744665,12.7723,55.3607,2857.5,False,139.58,18.03,-7.8,,2910.84,0422,False,0
4aca79,SAS4616 ,Sweden,1765744434,1765744434,2.8629,58.4001,8724.9,False,245.43,69.89,-0.33,,9464.04,,False,0
4aca6c,SAS696  ,Sweden,1765744463,1765744463,12.6703,55.6272,7.62,False,62.72,221.01,-3.58,,68.58,6643,False,0
02a1ae,LBT181  ,Tunisia,1765744665,1765744665,-0.8183,35.2923,11285.22,False,252.6,65.84,0.65,,11300.46,7775,False,0
471fa9,WZZ8MU  ,Hungary,1765744665,1765744665,8.991,44.645,10972.8,False,226.6,49.51,0.0,,11140.44,1000,False,0
4aca45,NSZ9LV  ,Sweden,1765744665,1765744665,2.8434,48.8001,11277.6,False,228.25,196.23,0.0,,11445.24,0734,False,0
02a1b4,LBT635  ,Tunisia,1765744665,1765744665,9.1235,40.8213,10668.0,False,213.11,161.57,0.0,,10858.5,2362,False,0
471fa1,WZZ8KV  ,Hungary,1765744665,1765744665,22.7549,47.6983,10972.8,False,209.72,320.37,0.0,,11087.1,,False,0
02a1b3,LBT509  ,Tunisia,1765744666,1765744666,7.3801,37.9812,10675.62,False,210.51,153.12,-0.65,,10873.74,7641,False,0
02a1b1,LBT543  ,Tunisia,1765744665,1765744666,2.6885,46.4782,10668.0,False,224.82,169.72,0.33,,10820.4,7664,False,0
471fa0,WZZ38QQ ,Hungary,1765744666,1765744666,17.3047,59.6613,10668.0,False,248.0,180.95,0.0,,10568.94,,False,0
471fac,WZZ399  ,Hungary,1765744665,1765744665,18.6191,45.3449,11285.22,False,223.58,123.84,0.0,,11460.48,0110,False,0
471faa,WMT334  ,Hungary,1765744660,1765744660,7.6467,45.1929,,True,0.0,180.0,,,,,False,0
4aca50,NSZ5503 ,Sweden,1765744665,1765744665,6.0128,45.6842,11277.6,False,235.94,219.87,0.0,,11414.76,1000,False,0
0a007a,DAH1008 ,Algeria,1765744665,1765744666,3.0763,48.2864,3055.62,False,131.7,314.05,-0.65,,3169.92,5560,False,0
44033e,EJU12FQ ,Austria,1765744666,1765744666,9.2801,45.4168,106.68,False,69.68,355.34,-3.25,,266.7,1000,False,0
46b927,SEH8CQ  ,Greece,1765744665,1765744665,23.7663,37.293,4046.22,False,137.89,352.93,-9.1,,4198.62,,False,0
4aca4f,NSZ2003 ,Sweden,1765744656,1765744656,11.114,60.1963,,True,10.8,16.88,,,,,False,0
4080a2,VIR300  ,United Kingdom,1765744665,1765744666,15.943,48.3707,11277.6,False,243.19,119.11,0.0,,11468.1,6214,True,0
8015cd,AIC2030 ,India,1765744666,1765744666,10.2187,49.8548,6842.76,False,223.8,90.66,8.13,,7048.5,6423,False,0
49f0e1,TXLU04  ,Czech Republic,1765744665,1765744665,14.2704,50.0867,,True,0.9,0.0,,,,,False,0
4a08e9,ROT364Q ,Romania,1765744665,1765744665,20.9099,46.6773,12496.8,False,223.74,131.64,0.0,,12603.48,1000,False,0
4a08e6,ROT374W ,Romania,1765744665,1765744665,23.077,46.3027,11887.2,False,249.14,146.97,-0.33,,11986.26,1000,False,0
4080e9,BAW675  ,United Kingdom,1765744665,1765744665,13.9364,48.6189,11567.16,False,231.58,292.46,0.0,,11780.52,3263,False,0
4080e1,BAW680  ,United Kingdom,1765744665,1765744665,17.4336,46.507,11269.98,False,218.92,118.49,0.0,,11460.48,5241,False,0
4080e2,EXS41JB ,United Kingdom,1765744666,1765744666,2.8485,51.29,11582.4,False,222.99,284.84,0.0,,11757.66,3551,False,0
494119,NJE155L ,Portugal,1765744665,1765744665,9.5892,47.1046,12192.0,False,229.6,327.16,0.0,,12352.02,1000,False,0
0a0021,DAH3020 ,Algeria,1765744665,1765744665,10.6775,37.112,10942.32,False,277.25,83.07,2.6,,11209.02,,False,0
0a0022,DAH1230 ,Algeria,1765744666,1765744666,4.0811,39.3454,10972.8,False,251.55,10.37,0.0,,11094.72,5577,False,0
494108,NJE655L ,Portugal,1765744665,1765744665,0.8102,48.2565,6118.86,False,216.98,14.14,-13.66,,6278.88,1000,False,0
ab525a,N829AR  ,United States,1765744665,1765744665,15.0718,38.5847,13716.0,False,268.95,116.22,0.0,,13906.5,0506,False,0
34324f,IBE07MB ,Spain,1765744665,1765744665,-1.9657,42.3391,11254.74,False,237.66,206.34,0.0,,11353.8,1000,False,0
34324e,IBE07KY ,Spain,1765744666,1765744666,8.1052,44.024,10988.04,False,238.23,52.02,0.0,,11132.82,1000,False,0
4080c2,RUK60WZ ,United Kingdom,1765744666,1765744666,-7.8605,43.0987,11582.4,False,212.19,21.03,0.0,,11772.9,6402,False,0
0180a1,BNL103  ,Libyan Arab Jamahiriya,1765744666,1765744666,12.6392,36.1657,10378.44,False,189.8,296.57,-8.78,,10629.9,,False,0
4080ad,EZY174M ,United Kingdom,1765744666,1765744666,-5.1478,54.388,4526.28,False,150.64,316.38,-11.38,,4503.42,6020,False,0
873334,ANA216  ,Japan,1765744665,1765744665,28.8987,42.0199,10660.38,False,268.62,122.17,0.0,,10690.86,,False,0
39348e,TVF78EB ,France,1765744665,1765744665,5.1917,52.0563,11582.4,False,219.23,200.18,0.0,,11772.9,0736,False,0
4bc852,PGT932X ,Turkey,1765744652,1765744661,29.26,40.8691,220.98,False,67.42,64.22,-3.58,,350.52,7622,False,0
4009c7,BAW910N ,United Kingdom,1765744666,1765744666,2.1693,52.0935,10454.64,False,238.72,90.74,6.18,,10614.66,2016,False,0
4401e9,EJU3982 ,Austria,1765744665,1765744666,13.5741,52.2398,10972.8,False,234.85,215.64,0.0,,11163.3,6012,False,0
4bc84d,PGT976F ,Turkey,1765744666,1765744666,25.3746,42.8218,10668.0,False,252.54,136.49,0.33,,10728.96,1416,False,0
4bc84a,PGT800B ,Turkey,1765744665,1765744665,29.3198,40.7094,3413.76,False,182.67,253.81,10.08,,3497.58,,False,0
4401e4,EJU319V ,Austria,1765744665,1765744665,7.3113,43.5924,1737.36,False,114.47,215.12,19.83,,1882.14,,False,0
4401d1,EJU41VQ ,Austria,1765744665,1765744665,3.1657,45.0496,11285.22,False,237.42,239.1,0.0,,11422.38,6743,False,0
4bc85a,PGT20AU ,Turkey,1765744666,1765744666,29.6806,40.3902,4213.86,False,202.18,274.09,-11.38,,4320.54,,False,0
3c6637,DLH34U  ,Germany,1765744665,1765744665,8.5367,49.8537,2065.02,False,138.52,177.45,17.23,,2179.32,1000,False,0
34454b,VLG99FB ,Spain,1765744665,1765744665,5.4566,46.1209,10668.0,False,246.93,234.75,0.33,,10805.16,1000,False,0
4401d4,BOM1    ,Austria,1765744660,1765744660,8.5737,47.4539,,True,0.0,185.62,,,,1000,False,0
4b15ed,EDW25H  ,Switzerland,1765744666,1765744666,1.7615,43.8799,11582.4,False,219.68,53.67,0.0,,11704.32,1000,False,0
4b15ee,EDW293  ,Switzerland,1765744665,1765744665,3.3787,51.5706,11887.2,False,222.47,139.13,0.0,,12070.08,5213,False,0
408184,EZY63RX ,United Kingdom,1765744666,1765744666,-8.6998,50.1227,11894.82,False,259.06,19.73,-0.33,,11971.02,7754,False,0
4b15ef,EDW203L ,Switzerland,1765744666,1765744666,4.4794,41.4951,11590.02,False,234.21,26.34,0.0,,11696.7,5564,False,0
4401fa,EJU76EB ,Austria,1765744372,1765744372,9.2791,45.4582,,True,0.0,90.0,,,,1000,False,0
408181,EZY403Q ,United Kingdom,1765744665,1765744665,-1.3911,52.85,10134.6,False,225.52,329.57,5.53,,10287.0,6221,False,0
3c6641,DLH12E  ,Germany,1765744666,1765744666,7.6615,47.8056,10363.2,False,236.92,197.18,1.63,,10500.36,1000,False,0
4bc848,PGT96WD ,Turkey,1765744665,1765744665,23.9335,43.4335,10363.2,False,218.71,294.46,0.65,,10454.64,,False,0
4bc845,PGT390  ,Turkey,1765743852,1765744665,25.766,55.7901,10668.0,False,218.36,41.27,0.0,,10591.8,5310,False,0
4bc846,PGT45AN ,Turkey,1765744664,1765744666,29.5208,40.7877,2438.4,False,152.54,152.92,13.98,,2514.6,,False,0
4bc842,PGT686  ,Turkey,1765744665,1765744666,30.8441,35.6073,10050.78,False,245.03,177.95,0.0,,10165.08,,False,0
408170,AUR41LC ,United Kingdom,1765744460,1765744464,-2.5951,49.4329,,True,0.0,177.19,,,,1410,False,0
3c7982,CFG003  ,Germany,1765744537,1765744537,10.0027,53.6301,,True,3.34,101.25,,,,1110,False,0
40815b,EZY19WY ,United Kingdom,1765744665,1765744665,-4.1697,41.4894,7917.18,False,208.09,182.83,-10.73,,8054.34,7504,False,0
3c6650,DLH088  ,Germany,1765744574,1765744574,8.5647,50.046,,True,1.03,202.5,,,,,False,0
4401f7,EJU87XQ ,Austria,1765744665,1765744665,2.2713,49.1162,1729.74,False,131.16,242.43,-10.4,,1836.42,1000,False,0
3c6653,DLH4JF  ,Germany,1765744665,1765744665,8.6922,50.0652,480.06,False,74.37,250.19,-4.23,,617.22,1000,False,0
4bc88c,PGT2409 ,Turkey,1765744665,1765744665,30.3345,40.3452,6332.22,False,204.0,275.06,-16.58,,6438.9,,False,0
4bc88d,PGT59QD ,Turkey,1765744665,1765744665,30.7014,40.3179,6545.58,False,209.08,274.8,-4.23,,6659.88,,False,0
4bc88f,PGT854  ,Turkey,1765744666,1765744666,31.0682,40.5555,8237.22,False,244.64,105.61,8.13,,8282.94,,False,0
39d303,TVF19JJ ,France,1765744665,1765744665,-0.2862,40.3714,8130.54,False,221.93,29.89,9.75,,8244.84,1000,False,0
39d306,TVF73BP ,France,1765744665,1765744666,3.206,38.307,9144.0,False,244.85,332.2,-0.33,,9281.16,,False,0
39d308,TVF44VH ,France,1765744666,1765744666,-0.7322,45.1896,11582.4,False,211.77,28.43,0.0,,11704.32,5204,False,0
4bc89a,PGT6QE  ,Turkey,1765744666,1765744666,29.0994,40.6317,1988.82,False,119.68,335.09,-5.53,,2095.5,,False,0
44b438,JAF11K  ,Belgium,1765744666,1765744666,-3.8412,40.7751,11582.4,False,217.46,25.35,0.0,,11681.46,6460,False,0
4009da,BAW8X   ,United Kingdom,1765744665,1765744665,-0.9808,52.0,4259.58,False,163.7,135.51,-4.23,,4358.64,6364,False,0
4bc885,PGT62T  ,Turkey,1765744665,1765744665,26.2081,42.1635,10668.0,False,244.98,137.13,0.0,,10744.2,,False,0
4bc886,PGT1928 ,Turkey,1765744664,1765744665,30.0724,39.1541,10218.42,False,242.03,164.34,1.95,,10302.24,,False,0
4bc893,PGT443G ,Turkey,1765744666,1765744666,13.2311,47.2138,10972.8,False,243.33,302.48,0.0,,11193.78,3223,False,0
73806c,ELY397  ,Israel,1765744665,1765744665,-3.0975,40.2856,2522.22,False,131.75,268.43,-4.23,,2636.52,1000,False,0
3c6467,CFG7EK  ,Germany,1765744666,1765744666,7.0362,51.4143,868.68,False,84.16,233.2,-1.95,,967.74,1000,False,0
44007c,AUA21   ,Austria,1765744665,1765744665,19.7358,47.3143,10233.66,False,247.79,122.11,5.2,,10416.54,7125,False,0
440096,EJU69ZH ,Austria,1765744666,1765744666,-3.657,39.6343,11582.4,False,212.08,45.29,-0.33,,11666.22,6211,False,0
440090,EJU784Q ,Austria,1765744665,1765744666,10.8068,44.0741,11277.6,False,213.53,134.9,0.0,,11452.86,1000,False,0
4b5d9a,ATL783  ,Switzerland,1765744665,1765744665,8.5636,47.4561,,True,7.2,275.62,,,,,False,0
738065,ELY364  ,Israel,1765744664,1765744664,23.6859,44.1758,11269.98,False,241.63,136.55,0.0,,11346.18,7126,False,0
738069,ELY343  ,Israel,1765744665,1765744666,9.1974,47.6428,4145.28,False,139.39,130.51,-5.53,,4320.54,1000,False,0
3c6481,DLH1560 ,Germany,1765744665,1765744666,14.5974,49.3632,10058.4,False,226.94,108.64,0.0,,10256.52,7714,False,0
3c6485,DLH242  ,Germany,1765744666,1765744666,10.7053,48.4934,10972.8,False,209.63,147.32,4.55,,11178.54,1000,False,0
3c6489,DLH5YR  ,Germany,1765744666,1765744666,8.3489,49.9473,2987.04,False,138.73,355.96,7.15,,3101.34,1000,False,0
3c648e,DLH1687 ,Germany,1765744666,1765744666,17.1387,47.5608,10363.2,False,219.74,271.48,0.0,,10561.32,1000,False,0
3c648d,DLH5TW  ,Germany,1765744665,1765744665,10.4467,53.1583,4198.62,False,197.31,339.39,-5.53,,4297.68,7445,False,0
738075,ELY252  ,Israel,1765744665,1765744665,3.6892,46.1565,11681.46,False,232.44,115.15,8.13,,11826.24,2335,False,0
400846,LOG93Y  ,United Kingdom,1765744665,1765744665,-0.7594,52.0536,5554.98,False,191.01,334.82,11.7,,5676.9,7635,False,0
3c6491,EWG78C  ,Germany,1765744665,1765744665,12.9135,48.3816,5684.52,False,202.44,319.22,13.66,,5859.78,7714,False,0
3c6490,EWG4UJ  ,Germany,1765744666,1765744666,5.4556,50.1884,9753.6,False,221.25,49.9,0.0,,9959.34,1000,False,0
3c6496,EWG91C  ,Germany,1765744666,1765744666,7.0019,51.5871,2438.4,False,132.94,96.0,0.0,,2529.84,1154,False,0
3c6495,EWG81F  ,Germany,1765744665,1765744665,-0.1803,52.358,8016.24,False,211.45,90.56,5.2,,8168.64,2061,False,0
3c6494,EWG28N  ,Germany,1765744665,1765744666,11.8018,49.616,11590.02,False,234.55,305.54,0.0,,11780.52,1000,False,0
73806a,ELY2368 ,Israel,1765744665,1765744665,22.2996,43.52,11277.6,False,245.41,146.11,0.0,,11407.14,,False,0
3c6498,DLH9WJ  ,Germany,1765744666,1765744666,12.5956,47.4003,10668.0,False,210.99,135.4,0.0,,10873.74,6036,False,0
702087,BBC356  ,Bangladesh,1765744320,1765744421,20.9792,43.28,11887.2,False,249.89,93.19,-0.33,,12009.12,,False,0
4b1617,SWR558F ,Switzerland,1765744665,1765744665,10.0917,49.1121,10668.0,False,220.62,35.99,0.0,,10896.6,1000,False,0
3c6424,CFG6NA  ,Germany,1765744665,1765744665,16.1644,48.5243,2514.6,False,154.04,114.25,-6.83,,2659.38,1000,False,0
45202e,GPX8WK  ,Bulgaria,1765744665,1765744665,15.9837,45.7033,10668.0,False,220.97,138.96,0.0,,,2570,False,0
440058,BCS24M  ,Austria,1765744666,1765744666,5.2071,49.6954,9151.62,False,237.99,257.14,-7.15,,9342.12,1000,False,0
440057,EJU723Z ,Austria,1765744663,1765744665,1.0575,45.16,8534.4,False,197.03,0.15,-0.33,,8702.04,1000,False,0
45202a,GPX9RE  ,Bulgaria,1765744665,1765744665,10.5839,49.0196,10668.0,False,221.27,149.08,0.0,,,2576,False,0
440065,EJU684Z ,Austria,1765744665,1765744666,-0.0251,46.5399,8595.36,False,213.36,104.24,16.26,,8732.52,1000,False,0
440062,,Austria,1765744619,1765744619,-3.5657,40.4707,,True,11.32,340.31,,,,,False,0
151dda,AFL1326 ,Russian Federation,1765744421,1765744662,40.9068,64.738,10363.2,False,4.66,263.66,0.0,,9403.08,,False,0
452037,GPX5ZP  ,Bulgaria,1765744559,1765744584,18.2213,43.5656,10050.78,False,230.58,143.44,0.0,,,2555,False,0
44004f,AUA239  ,Austria,1765744665,1765744665,15.2629,49.6984,9151.62,False,232.34,343.93,0.0,,9364.98,1000,False,0
44003a,AUA83   ,Austria,1765744665,1765744665,23.1931,40.8512,10050.78,False,245.82,140.18,0.33,,10180.32,,False,0
452033,GPX7NC  ,Bulgaria,1765744666,1765744666,8.4914,50.3266,7002.78,False,213.39,127.06,5.2,,,2535,False,0
3453cc,AEA7319 ,Spain,1765744665,1765744666,-7.2342,41.9681,9029.7,False,227.81,109.66,4.55,,9204.96,,False,0
440047,EJU69ZF ,Austria,1765744666,1765744666,0.4408,47.4675,7307.58,False,158.08,95.23,-5.2,,7482.84,1154,False,0
440c8c,AUA99B  ,Austria,1765744665,1765744665,16.5829,48.1082,,True,19.03,174.38,,,,1000,False,0
738054,ELY383  ,Israel,1765744665,1765744666,12.9922,41.5277,4991.1,False,174.93,283.95,-6.18,,5212.08,4136,False,0
440053,EJU16EV ,Austria,1765744657,1765744661,14.1724,41.0961,2552.7,False,146.91,96.03,-6.83,,2750.82,1000,False,0
440052,AUA36P  ,Austria,1765744666,1765744666,8.0465,49.5735,10363.2,False,232.02,277.65,0.33,,10584.18,1000,False,0
738052,ELY572  ,Israel,1765744666,1765744666,27.7448,43.6873,8732.52,False,254.97,154.68,5.85,,8770.62,,False,0
3453d3,ANE17PJ ,Spain,1765744579,1765744643,-0.5669,38.2852,,True,9.26,281.25,,,,,False,0
440051,EJU46PD ,Austria,1765744665,1765744665,6.3758,50.4665,10965.18,False,229.43,236.52,0.0,,11170.92,1000,False,0
738058,ELY328  ,Israel,1765744532,1765744637,17.3889,43.4608,11231.88,False,231.92,125.06,0.0,,11399.52,0656,False,0
738057,ELY376  ,Israel,1765744665,1765744665,-2.1608,39.6627,9753.6,False,221.25,97.89,0.33,,9806.94,2256,False,0
738059,ELY391  ,Israel,1765744660,1765744660,2.0843,41.2972,,True,12.35,247.5,,,,4150,False,0
44006d,AUA147  ,Austria,1765744665,1765744665,8.5441,47.464,,True,7.46,343.12,,,,1000,False,0
3c6448,DLH9YA  ,Germany,1765744589,1765744658,8.5861,50.0449,,True,0.0,247.5,,,,,False,0
484fdf,KLM71Z  ,Kingdom of the Netherlands,1765744665,1765744665,2.8882,49.3965,11887.2,False,225.19,191.46,0.0,,12054.84,1000,False,0
3453c3,VLG45F  ,Spain,1765744664,1765744664,14.2659,50.1045,,True,0.0,36.56,,,,,False,0
440083,EJU97TZ ,Austria,1765744666,1765744666,4.1574,51.6848,3695.7,False,174.28,356.11,-7.48,,3794.76,1000,False,0
400896,LOG22LW ,United Kingdom,1765744359,1765744359,-1.7063,55.0361,,True,4.89,8.44,,,,5515,False,0
4b161a,,Switzerland,1765744499,1765744499,8.5581,47.4526,,True,0.0,272.81,,,,,False,0
3c6445,DLH1TC  ,Germany,1765744666,1765744666,11.2156,50.559,8839.2,False,211.43,63.56,0.0,,9067.8,6645,False,0
3c6443,DLH8EU  ,Germany,1765744663,1765744663,8.5704,50.0439,,True,0.0,160.31,,,,,False,0
3c6442,DLH35J  ,Germany,1765744651,1765744661,8.5583,50.0411,15.24,True,0.0,160.31,,,,1000,False,0
73934f,4XCZB   ,Israel,1765744649,1765744649,21.6527,44.4394,11277.6,False,245.92,150.0,0.0,,11430.0,,False,0
440075,EJU63CX ,Austria,1765744665,1765744665,1.2543,52.3397,9433.56,False,229.54,91.67,0.0,,9624.06,7215,False,0
70209f,BBC202  ,Bangladesh,1765744665,1765744665,22.0427,47.518,10668.0,False,257.55,127.53,-0.33,,10805.16,4734,False,0
40087a,BAW492  ,United Kingdom,1765744665,1765744665,1.2498,46.5466,11894.82,False,225.06,170.93,0.0,,12031.98,2056,False,0
3c6451,DLH4HH  ,Germany,1765744665,1765744665,14.2436,49.2841,10668.0,False,206.88,51.56,0.0,,10873.74,1000,False,0
440019,EJU59HE ,Austria,1765744665,1765744665,3.4414,48.6631,4572.0,False,181.23,302.83,0.0,,4724.4,1000,False,0
440005,EJU18TJ ,Austria,1765744665,1765744666,15.3576,50.1104,11887.2,False,211.66,333.43,0.0,,12054.84,1753,False,0
440039,AUA87   ,Austria,1765744665,1765744665,26.8616,44.5803,10058.4,False,245.8,121.13,0.0,,10104.12,,False,0
440037,EJU69NY ,Austria,1765744661,1765744664,-0.1732,51.1526,,True,3.34,151.88,,,,2011,False,0
440030,EJU58YL ,Austria,1765744665,1765744666,13.4653,50.0987,11582.4,False,225.54,267.52,0.0,,11788.14,1000,False,0
44001f,EJU69TN ,Austria,1765744662,1765744662,8.5563,47.4544,,True,1.29,188.44,,,,1000,False,0
4b1698,SWR5MB  ,Switzerland,1765744553,1765744554,8.5544,47.4607,327.66,True,0.0,5.62,,,,2711,False,0
4b1699,SWR259T ,Switzerland,1765744666,1765744666,8.6798,47.2854,6400.8,False,156.76,335.37,0.65,,6576.06,1000,False,0
49514c,TAP75LC ,Portugal,1765744665,1765744665,-3.0552,45.2437,11574.78,False,216.39,36.3,0.0,,11727.18,2276,False,0
49514d,TAP58Y  ,Portugal,1765744666,1765744666,-3.521,48.0291,10965.18,False,215.97,36.38,0.0,,11148.06,4737,False,0
49514e,TAP1243 ,Portugal,1765744664,1765744665,1.4308,48.3677,10660.38,False,242.58,227.92,0.0,,10835.64,3570,False,0
47c1f7,NOZ37J  ,Norway,1765744665,1765744665,11.2694,63.3607,2613.66,False,138.51,154.01,26.33,,2438.4,,False,0
151f0c,SDM6314 ,Russian Federation,1765743030,1765744665,20.4107,54.9493,10668.0,False,4.12,0.0,0.0,,9707.88,6634,False,0
495148,TAP3834 ,Portugal,1765744666,1765744666,-10.8728,37.4092,10949.94,False,198.08,47.53,-3.9,,11155.68,,False,0
440c31,EJU13XV ,Austria,1765744634,1765744634,4.7542,52.3132,,True,7.46,177.19,,,,6334,False,0
440c34,EJU41DE ,Austria,1765744665,1765744665,10.3433,51.2198,11582.4,False,226.39,296.74,0.0,,11780.52,1000,False,0
440c35,EJU7651 ,Austria,1765744666,1765744666,-4.2639,39.963,5577.84,False,178.79,71.2,-10.08,,5707.38,3341,False,0
440c36,EJU89EA ,Austria,1765744665,1765744665,8.197,48.3553,11285.22,False,217.42,174.98,0.0,,11475.72,1000,False,0
500214,MEA230  ,San Marino,1765744664,1765744664,27.5605,39.6673,10066.02,False,253.12,123.56,0.0,,10172.7,7554,False,0
344297,AEA42CL ,Spain,1765744666,1765744666,-3.304,40.2793,2186.94,False,134.88,284.35,-5.2,,2301.24,1000,False,0
89611b,UAE2X   ,United Arab Emirates,1765744665,1765744666,11.9818,38.5655,10058.4,False,273.55,116.47,0.0,,10309.86,1427,False,0
4b027f,EZS74AJ ,Switzerland,1765744665,1765744666,-2.7914,55.4658,7429.5,False,201.34,128.57,9.43,,7475.22,6727,False,0
4b027e,EZS14TP ,Switzerland,1765744665,1765744665,9.4402,51.0049,11887.2,False,223.98,194.77,0.0,,12077.7,3523,False,0
4b027d,EZS12PF ,Switzerland,1765744666,1765744666,-0.1593,43.0979,11590.02,False,225.15,56.27,0.0,,11696.7,2211,False,0
4b027c,EJU85QR ,Switzerland,1765744665,1765744665,5.5235,45.7223,4785.36,False,179.03,46.4,-5.2,,4953.0,1000,False,0
4b0280,EJU52CM ,Switzerland,1765744665,1765744665,2.4869,46.3266,10363.2,False,199.47,63.83,0.0,,10515.6,1000,False,0
405636,EZY96AV ,United Kingdom,1765744665,1765744665,0.7044,44.0178,10363.2,False,219.44,338.55,0.0,,10469.88,1051,False,0
485785,KLM809  ,Kingdom of the Netherlands,1765744666,1765744666,15.8671,49.9121,10660.38,False,251.87,128.53,0.0,,10866.12,0163,False,0
484442,KLM33J  ,Kingdom of the Netherlands,1765744665,1765744665,4.7862,52.2692,464.82,False,96.83,165.23,7.15,,541.02,1000,False,0
896120,UAE98V  ,United Arab Emirates,1765744665,1765744665,12.6719,52.9164,10058.4,False,254.14,124.53,0.0,,10241.28,7633,False,0
4b0294,SWR5TV  ,Switzerland,1765744666,1765744666,-0.3206,42.7944,11582.4,False,224.02,68.44,0.33,,11673.84,5234,False,0
4b0293,SWR9KW  ,Switzerland,1765744625,1765744628,8.5569,47.4559,,True,0.0,5.62,,,,1000,False,0
4b0291,SWR85D  ,Switzerland,1765744665,1765744665,7.9961,47.516,4267.2,False,123.82,109.41,-0.33,,4427.22,7536,False,0
471d60,WZZ12TF ,Hungary,1765744634,1765744634,6.0234,58.7361,3208.02,False,165.3,112.89,6.18,,3108.96,,False,0
3991e4,AFR91QD ,France,1765744418,1765744432,2.5225,49.0246,83.82,False,61.95,85.24,-3.25,,220.98,1000,False,0
3991e6,AFR58LP ,France,1765744665,1765744665,3.6991,48.5526,5654.04,False,194.21,304.53,-8.78,,5852.16,1000,False,0
484415,KLM701  ,Kingdom of the Netherlands,1765744556,1765744663,4.7657,52.3138,,True,0.0,33.75,,,,,False,0
344217,AEA1518 ,Spain,1765744540,1765744540,-3.5614,40.4921,,True,7.72,180.0,,,,5132,False,0
345543,ANE2537 ,Spain,1765744474,1765744474,2.6987,39.5414,30.48,False,62.82,58.39,-4.23,,144.78,6352,False,0
a9aba2,ETD918  ,United States,1765744665,1765744665,18.3231,48.9795,10668.0,False,251.31,124.83,0.0,,10858.5,1444,False,0
89617f,UAE96   ,United Arab Emirates,1765744666,1765744666,17.4941,37.897,10668.0,False,291.49,127.25,0.0,,10904.22,4310,False,0
896198,UAE13U  ,United Arab Emirates,1765744665,1765744665,8.5457,50.0391,,True,9.77,250.31,,,,6427,False,0
3991ea,AFR78RP ,France,1765744665,1765744665,-0.1456,47.8285,8244.84,False,201.84,54.65,-11.38,,8450.58,2274,False,0
4b5d71,VIKTOR38,Switzerland,1765744508,1765744591,8.5523,47.4468,,True,1.54,275.62,,,,,False,0
896188,UAE1J   ,United Arab Emirates,1765744665,1765744665,6.0603,50.502,11277.6,False,242.39,106.4,0.0,,11460.48,4617,False,0
40690a,EZY89KJ ,United Kingdom,1765744665,1765744665,14.2495,47.137,11582.4,False,227.08,323.1,0.0,,11795.76,2030,False,0
40690d,EZY57RY ,United Kingdom,1765744666,1765744666,-3.6295,40.5929,1699.26,False,122.38,320.29,4.55,,1813.56,4527,False,0
4a91f9,SAS86L  ,Sweden,1765744665,1765744665,3.292,50.3816,9883.14,False,231.14,33.65,4.55,,10081.26,3351,False,0
4951ca,TAP755  ,Portugal,1765744666,1765744666,-7.5283,40.8103,11277.6,False,253.45,215.92,0.0,,11445.24,0743,False,0
4951d3,TAP837  ,Portugal,1765744665,1765744665,-4.1944,40.0027,11887.2,False,249.48,253.1,0.0,,11986.26,4006,False,0
4951d5,TAP934  ,Portugal,1765744665,1765744665,0.0703,43.1222,10972.8,False,218.9,55.34,0.0,,11056.62,2001,False,0
4951d6,TAP646  ,Portugal,1765744662,1765744666,-9.0709,38.8753,1295.4,False,130.94,30.19,8.13,,1394.46,,False,0
4951d7,TAP56UG ,Portugal,1765744665,1765744665,-5.4148,44.8813,10972.8,False,219.72,48.32,0.0,,11148.06,,False,0
408000,EZY47GY ,United Kingdom,1765744665,1765744665,7.2014,55.5053,11277.6,False,246.7,76.86,0.0,,11407.14,6035,False,0
4951d1,TAP838Z ,Portugal,1765744665,1765744665,-6.3597,39.8625,10363.2,False,201.78,66.25,-0.33,,10492.74,4006,False,0
40097f,BAW823  ,United Kingdom,1765744665,1765744665,4.3022,53.9106,11574.78,False,210.12,222.32,0.33,,11719.56,7674,False,0
40097d,BAW467  ,United Kingdom,1765744665,1765744665,-1.91,48.9213,11582.4,False,225.74,10.11,0.33,,11765.28,7471,False,0
40097c,BAW702E ,United Kingdom,1765744665,1765744666,9.1215,50.1179,10675.62,False,228.62,103.0,0.0,,10873.74,0546,False,0
39dd49,CCM49LK ,France,1765744666,1765744666,5.2848,43.4222,1043.94,False,86.21,82.11,8.78,,1181.1,,False,0
39dd41,CCM55FH ,France,1765744666,1765744666,6.5326,42.6251,8839.2,False,206.28,114.46,0.33,,8999.22,,False,0
39dd40,CCM24QO ,France,1765744422,1765744432,8.9511,41.3886,762.0,False,102.89,49.46,-2.93,,899.16,,False,0
39dd42,CCM32TA ,France,1765744665,1765744665,3.6702,45.9444,10660.38,False,221.3,150.93,-0.33,,10812.78,1000,False,0
400981,BAW562  ,United Kingdom,1765744665,1765744665,7.0965,45.1884,10660.38,False,223.35,134.81,0.65,,10843.26,5225,False,0
400980,BAW3XA  ,United Kingdom,1765744666,1765744666,-0.2465,51.4782,731.52,False,74.08,270.0,-3.9,,777.24,4131,False,0
3c0cb2,TUI8YC  ,Germany,1765744666,1765744666,3.1031,48.8854,10972.8,False,216.39,72.43,0.0,,11140.44,1170,False,0
408041,WUK2KX  ,United Kingdom,1765744666,1765744666,-0.1356,52.0183,1531.62,False,113.85,96.23,0.0,,1562.1,0623,False,0
440179,EJU84ZQ ,Austria,1765744666,1765744666,8.8655,47.9269,9144.0,False,224.51,41.47,-0.33,,9319.26,1000,False,0
440181,EJU43WM ,Austria,1765744665,1765744665,-4.4178,36.6159,1242.06,False,110.1,131.21,13.33,,1303.02,,False,0
48810d,AMQ12N  ,Poland,1765744665,1765744666,0.5694,44.9653,13091.16,False,202.18,180.15,-2.28,,13190.22,7703,False,0
44015a,EJU895K ,Austria,1765744663,1765744663,7.2102,43.6593,,True,0.0,120.94,,,,,False,0
440175,EJU72JA ,Austria,1765744666,1765744666,12.3966,45.5374,518.16,False,95.32,44.13,6.5,,662.94,1000,False,0
47878d,NOZ555  ,Norway,1765744665,1765744665,7.3848,59.2272,9220.2,False,256.44,61.48,5.53,,9235.44,1221,False,0
440170,EJU53EF ,Austria,1765744665,1765744665,6.1902,46.6583,10050.78,False,228.62,195.13,5.53,,10218.42,1000,False,0
392ae6,AFR73ZT ,France,1765744665,1765744665,2.8162,48.8029,1447.8,False,83.11,254.93,-5.2,,1554.48,1000,False,0
392ae7,AFR93BN ,France,1765744666,1765744666,2.6226,48.6868,4968.24,False,176.25,214.9,11.7,,5105.4,1000,False,0
392ae9,AFR71CG ,France,1765744665,1765744666,1.7111,47.255,10652.76,False,228.24,198.39,6.18,,10820.4,1000,False,0
47875a,NOZ6TD  ,Norway,1765744665,1765744665,5.3473,59.5325,2247.9,False,125.12,267.64,-7.8,,2225.04,0236,False,0
500194,ELY841  ,San Marino,1765744666,1765744666,25.9793,36.8711,9753.6,False,211.16,307.87,0.33,,9913.62,5622,False,0
4844c6,KLM65X  ,Kingdom of the Netherlands,1765744666,1765744666,6.823,51.3285,10317.48,False,228.72,146.56,6.5,,10500.36,1000,False,0
392af3,AFR14JJ ,France,1765744665,1765744665,-0.5726,47.9449,10675.62,False,235.75,237.38,0.0,,10843.26,7660,False,0
392af4,AFR28XM ,France,1765744665,1765744665,0.143,46.6617,10363.2,False,227.54,26.74,-2.6,,10523.22,1000,False,0
392af1,AFR24UV ,France,1765744665,1765744665,2.3833,49.017,647.7,False,91.34,85.48,-4.88,,746.76,1000,False,0
44017c,EJU691Q ,Austria,1765744666,1765744666,2.7402,45.4952,11582.4,False,231.74,286.91,0.0,,11727.18,1000,False,0
392af8,AFR22LD ,France,1765744666,1765744666,4.1343,49.6777,7627.62,False,248.22,240.03,-5.85,,7840.98,1000,False,0
392aec,AFR1694 ,France,1765744474,1765744475,19.2624,47.4344,,True,0.51,222.19,,,,1000,False,0
3c5c48,BTX8H   ,Germany,1765744665,1765744665,23.1515,42.6209,11277.6,False,252.85,145.7,0.0,,11399.52,1423,False,0
392aed,AFR44HC ,France,1765744665,1765744665,25.3828,44.6822,3131.82,False,139.9,113.17,-5.53,,3246.12,1000,False,0
440191,EJU42PC ,Austria,1765744666,1765744666,5.0428,45.485,1348.74,False,129.46,49.03,-4.88,,1493.52,5216,False,0
452166,DAH1007 ,Bulgaria,1765744665,1765744665,2.8343,43.6328,10660.38,False,224.82,174.49,-0.33,,10774.68,7653,False,0
471dbf,WZZ9549 ,Hungary,1765744665,1765744665,13.9627,47.1353,10652.76,False,213.66,48.9,0.0,,10873.74,1000,False,0
471dbd,WZZ495  ,Hungary,1765744665,1765744665,-7.0311,39.6336,10271.76,False,208.79,65.39,5.53,,10424.16,1145,False,0
47873f,NOZ3WP  ,Norway,1765744666,1765744666,14.5668,66.4796,11582.4,False,227.19,199.99,0.33,,11231.88,,False,0
471dba,WZZ596  ,Hungary,1765744666,1765744666,16.5596,49.6822,10668.0,False,215.04,46.26,0.0,,10873.74,1000,False,0
440132,EJU63NK ,Austria,1765744665,1765744665,7.2282,45.2005,11887.2,False,221.48,131.99,0.0,,12031.98,1000,False,0
440141,EZS63ZX ,Austria,1765744665,1765744665,7.6293,45.748,7894.32,False,208.36,292.2,-6.5,,8107.68,1000,False,0
471dc0,WZZ3381 ,Hungary,1765744663,1765744663,-0.1691,51.1522,,True,1.8,78.75,,,,3404,False,0
471dc1,WZZ1941 ,Hungary,1765744665,1765744665,42.1549,42.1355,1272.54,False,121.8,81.25,-4.88,,1333.5,0205,False,0
440128,EJU35FU ,Austria,1765744666,1765744666,3.5648,47.9672,6278.88,False,166.8,326.06,-10.4,,6469.38,1000,False,0
393f0d,CLG76CJ ,France,1765744418,1765744418,1.7427,46.0223,2971.8,False,142.22,273.32,-7.48,,3215.64,,False,0
393f0c,CLG8106 ,France,1765744665,1765744665,2.2802,43.5644,213.36,False,52.07,142.22,-3.9,,312.42,1000,False,0
440d70,AUA33T  ,Austria,1765744666,1765744666,7.7078,50.433,10972.8,False,237.12,290.05,-0.33,,11193.78,3124,False,0
471daf,WMT776  ,Hungary,1765744666,1765744666,12.9703,41.7361,4244.34,False,157.34,283.81,-6.18,,4457.7,,False,0
151e1b,PBD264  ,Russian Federation,1765742544,1765744666,21.1371,59.0041,11277.6,False,198.8,18.72,0.33,,,6633,False,0
471db4,WZZ35ME ,Hungary,1765744665,1765744665,21.0476,49.236,8199.12,False,178.93,346.36,-10.08,,8382.0,5554,False,0
495299,TAP1455 ,Portugal,1765744434,1765744434,-9.1461,38.7621,121.92,False,66.88,22.62,-3.25,,205.74,7756,False,0
440d90,TAY3VQ  ,Austria,1765744666,1765744666,2.8095,48.8878,3238.5,False,141.57,231.05,9.43,,3337.56,7652,False,0
452124,LZB408  ,Bulgaria,1765744665,1765744665,11.7492,48.1918,11887.2,False,209.78,128.53,0.0,,12062.46,0114,False,0
471db0,WMT51   ,Hungary,1765744665,1765744665,16.8606,48.1168,2141.22,False,129.72,325.18,-3.58,,2286.0,4132,False,0
440d93,TAY9LA  ,Austria,1765744665,1765744665,11.428,42.3681,3825.24,False,164.14,122.2,-6.18,,4015.74,1000,False,0
495292,TAP1330 ,Portugal,1765744353,1765744353,-0.17,51.1556,,True,0.0,165.94,,,,7461,False,0
495293,TAP35MT ,Portugal,1765744665,1765744665,-8.9005,40.4716,6941.82,False,205.57,195.53,5.53,,7109.46,,False,0
400960,SHT5P   ,United Kingdom,1765744665,1765744666,-5.5877,54.4089,3345.18,False,167.44,128.14,4.55,,3284.22,,False,0
300a3a,ITY1298 ,Italy,1765744665,1765744665,9.2938,45.2871,891.54,False,94.89,355.96,-4.23,,1043.94,1000,False,0
300a3b,ITY224  ,Italy,1765744666,1765744666,4.5996,48.3987,10363.2,False,248.85,304.22,0.0,,10553.7,2763,False,0
40093e,BAW85GA ,United Kingdom,1765744665,1765744666,8.9342,51.9133,11582.4,False,226.4,271.17,0.0,,11765.28,0602,False,0
40093f,BAW49TA ,United Kingdom,1765744665,1765744665,-1.3512,48.3122,11582.4,False,229.34,349.27,-0.33,,11750.04,5531,False,0
400944,LOG7J   ,United Kingdom,1765744666,1765744666,-2.3448,53.3213,1158.24,False,80.38,252.49,10.08,,1143.0,1453,False,0
49526a,RZO174  ,Portugal,1765744666,1765744666,-11.922,40.5571,10668.0,False,231.01,77.26,0.0,,10911.84,,False,0
440115,EJU92NR ,Austria,1765744666,1765744666,11.4281,45.7472,11879.58,False,219.05,154.4,0.0,,12062.46,1000,False,0
400935,BAW319A ,United Kingdom,1765744666,1765744666,1.0105,50.6592,7879.08,False,209.99,320.07,-6.5,,8061.96,5615,False,0
7821a9,CES214  ,China,1765744573,1765744662,39.8654,59.2154,11269.98,False,3.6,0.0,7.8,,10309.86,,False,0
4bb2a1,TKJ189  ,Turkey,1765744665,1765744665,30.8217,36.119,10058.4,False,240.85,178.41,0.0,,10157.46,,False,0
4bb2a3,TKJ4ZY  ,Turkey,1765744665,1765744665,28.6597,40.646,2659.38,False,154.62,152.67,-0.65,,2750.82,,False,0
151d89,AFL425  ,Russian Federation,1765744457,1765744654,42.91,41.8652,10668.0,False,269.59,74.51,0.0,,10584.18,7336,False,0
4bb1e4,THY42K  ,Turkey,1765744506,1765744517,28.7082,41.2261,251.46,False,68.94,359.14,-3.25,,388.62,4735,False,0
4007dc,LOG9LB  ,United Kingdom,1765744665,1765744665,-1.6591,52.5927,3215.64,False,145.43,336.88,10.73,,3261.36,6353,False,0
4baac9,THY3FW  ,Turkey,1765744665,1765744665,11.7436,52.827,9342.12,False,232.22,316.97,-9.43,,9532.62,3225,False,0
49521a,TAP39PT ,Portugal,1765744665,1765744665,2.2014,41.2259,2209.8,False,111.94,184.22,17.56,,2346.96,,False,0
4baac8,THY4NX  ,Turkey,1765744666,1765744666,28.8311,41.7102,4945.38,False,192.61,143.25,-3.9,,5013.96,4503,False,0
4baac5,THY1RM  ,Turkey,1765744361,1765744361,31.6458,40.4307,7787.64,False,222.95,105.8,-11.38,,8084.82,,False,0
4baad5,THY6JT  ,Turkey,1765744355,1765744357,28.7082,41.2245,259.08,False,74.08,359.6,-3.9,,396.24,4557,True,0
4baad2,THY2YG  ,Turkey,1765744637,1765744637,28.7286,41.2228,251.46,False,70.49,359.16,-3.58,,403.86,,False,0
78103e,CCA940  ,China,1765744665,1765744665,18.7864,51.1972,10058.4,False,234.85,38.15,0.0,,10226.04,6454,False,0
4baad0,THY28V  ,Turkey,1765744665,1765744665,28.3323,40.9101,2560.32,False,149.25,88.42,-4.88,,2651.76,,False,0
4bb1c4,THY1JZ  ,Turkey,1765744664,1765744665,29.8671,40.3382,7056.12,False,191.06,353.51,-12.68,,7147.56,5603,False,0
4baacd,THY8XU  ,Turkey,1765744479,1765744479,28.7286,41.22,259.08,False,68.94,359.14,-4.23,,419.1,,False,0
4bb1c3,THY4GF  ,Turkey,1765744313,1765744418,21.5235,43.4838,11285.22,False,237.18,135.18,-0.65,,11422.38,7567,False,0
440d10,EJU63JY ,Austria,1765744666,1765744666,11.5699,45.4751,11590.02,False,228.31,354.83,-0.33,,11772.9,1000,False,0
4892c2,ENT4706 ,Poland,1765744665,1765744665,21.1331,51.9752,1272.54,False,111.64,331.66,-6.5,,1363.98,5211,False,0
495219,TAP1313 ,Portugal,1765744665,1765744665,-9.0074,39.2762,7871.46,False,245.15,202.58,-12.35,,8054.34,5236,False,0
34569a,VOE5JX  ,Spain,1765744665,1765744665,12.673,39.9117,11887.2,False,232.01,162.45,-0.33,,12100.56,7432,False,0
48455a,KLM35W  ,Kingdom of the Netherlands,1765744564,1765744564,4.777,52.3183,,True,7.46,2.81,,,,,False,0
495210,TAP564C ,Portugal,1765744666,1765744666,3.674,50.9718,10972.8,False,229.25,43.55,0.0,,11163.3,2374,False,0
495212,TAP877  ,Portugal,1765744666,1765744666,-5.5465,39.7375,11277.6,False,234.99,253.07,0.0,,11369.04,4017,False,0
4892c6,ENT1274 ,Poland,1765744665,1765744665,21.8999,48.3917,10972.8,False,205.75,328.5,0.0,,11087.1,,False,0
495213,TAP21MM ,Portugal,1765744665,1765744665,-4.1648,40.6326,5029.2,False,191.94,268.62,5.53,,5158.74,3771,False,0
48455d,KLM99H  ,Kingdom of the Netherlands,1765744665,1765744665,6.016,49.9785,12496.8,False,223.72,163.98,0.0,,12633.96,1000,False,0
484559,KLM63U  ,Kingdom of the Netherlands,1765744665,1765744666,5.3204,52.2167,3672.84,False,183.86,126.58,6.83,,3741.42,3153,False,0
484558,KLM39G  ,Kingdom of the Netherlands,1765744665,1765744665,6.7245,55.8376,11887.2,False,241.64,23.73,0.0,,11971.02,0160,False,0
484555,KLM23A  ,Kingdom of the Netherlands,1765744666,1765744666,7.0806,54.2538,11468.1,False,240.71,38.93,4.88,,11605.26,3174,False,0
34568d,VOE91PU ,Spain,1765744665,1765744665,2.5785,44.1975,9745.98,False,222.7,310.13,5.2,,9875.52,1000,False,0
345699,VOE2RP  ,Spain,1765744665,1765744665,12.9009,42.4225,11635.74,False,226.29,134.08,-4.88,,11826.24,1000,False,0
345691,IBE07TG ,Spain,1765744665,1765744665,2.8302,50.4209,10965.18,False,229.29,43.18,0.0,,11155.68,3370,False,0
485873,KLM1189 ,Kingdom of the Netherlands,1765744666,1765744666,5.4954,54.2305,9913.62,False,241.58,13.3,3.58,,10050.78,0174,False,0
485876,KLM38M  ,Kingdom of the Netherlands,1765744665,1765744665,6.7441,52.8458,6355.08,False,198.05,79.07,-10.73,,6522.72,1000,False,0
485875,KLM90N  ,Kingdom of the Netherlands,1765744666,1765744666,0.3277,51.6182,1737.36,False,158.67,56.77,15.61,,1783.08,6254,False,0
345686,IBS15VY ,Spain,1765744665,1765744665,-3.3988,40.2386,1280.16,False,137.74,41.67,-7.48,,1402.08,4472,False,0
345687,ANE67AQ ,Spain,1765744517,1765744661,1.2726,38.7365,868.68,False,96.1,50.43,-2.28,,975.36,6314,False,0
345685,IBS1527 ,Spain,1765744666,1765744666,-6.2783,39.2384,10668.0,False,257.77,217.78,0.0,,10782.3,2640,False,0
4785bf,WIF4HF  ,Norway,1765744665,1765744665,8.8474,59.6477,6096.0,False,132.61,298.75,-0.65,,6118.86,0455,False,0
7380cb,ELY011  ,Israel,1765744666,1765744666,-5.7967,54.855,10972.8,False,222.02,291.33,-0.33,,10965.18,3272,False,0
46f202,,Greece,1765744654,1765744662,22.977,40.5117,,True,0.45,180.0,,,,,False,0
4b5c20,ZEBRA7  ,Switzerland,1765744458,1765744510,8.5701,47.4552,,True,4.37,149.06,,,,,False,0
4ca9c2,RYR83WN ,Ireland,1765744665,1765744665,8.1929,45.0362,11582.4,False,236.47,322.16,0.0,,11719.56,1227,False,0
4ca9c3,RYR6EA  ,Ireland,1765744666,1765744666,1.2171,44.7405,11887.2,False,227.85,193.31,0.0,,12001.5,0747,False,0
4ca9aa,RYR27VL ,Ireland,1765744666,1765744666,2.8653,49.1166,10972.8,False,245.18,315.34,0.0,,11163.3,5717,False,0
484506,TRA85M  ,Kingdom of the Netherlands,1765744606,1765744654,4.4356,51.9504,,True,0.51,326.25,,,,1000,False,0
4ca9d4,RYR78WP ,Ireland,1765744665,1765744666,0.586,42.8082,11277.6,False,232.86,191.21,0.33,,11369.04,5254,False,0
4ca9d0,RYR9875 ,Ireland,1765744666,1765744666,15.3001,39.3513,11582.4,False,227.31,11.49,0.33,,11803.38,6573,False,0
4785c0,WIF3CF  ,Norway,1765744666,1765744666,10.8249,60.4507,7315.2,False,157.01,177.93,0.98,,7315.2,,False,0
345646,VLG9VF  ,Spain,1765744665,1765744665,2.0592,48.5573,3352.8,False,143.23,84.23,0.0,,3467.1,1455,False,0
345645,VLG94ML ,Spain,1765744666,1765744666,1.293,48.1421,4792.98,False,151.22,61.78,-8.13,,4945.38,1000,False,0
345615,ANE1041 ,Spain,1765744647,1765744648,3.9515,40.3813,2636.52,False,161.01,141.23,-4.88,,2781.3,1000,False,0
471e16,TVS23K  ,Hungary,1765744665,1765744665,21.0183,44.3956,10363.2,False,214.35,325.17,0.0,,10515.6,7027,False,0
4b5c6d,ZEBRA4  ,Switzerland,1765744637,1765744637,8.559,47.4473,,True,7.72,157.5,,,,,False,0
440bc6,BCS7078 ,Austria,1765744665,1765744666,12.4416,42.1676,1882.14,False,139.19,173.85,-6.5,,2049.78,1000,False,0
4ca9cf,RYR25BB ,Ireland,1765744665,1765744665,15.4023,44.9068,10675.62,False,230.02,195.43,0.0,,10873.74,1000,False,0
4ca9cc,RYR12CP ,Ireland,1765744665,1765744665,-2.0369,53.4799,1242.06,False,71.25,194.64,-3.58,,1226.82,6365,False,0
4bb321,THY97U  ,Turkey,1765744665,1765744665,28.0822,42.5551,9151.62,False,245.01,132.7,-5.2,,9212.58,7607,False,0
4079f7,SHT13W  ,United Kingdom,1765744665,1765744666,-2.2455,53.3589,8229.6,False,221.96,186.12,0.0,,8359.14,5430,False,0
4601f6,FIN7RC  ,Finland,1765744666,1765744666,19.3353,59.814,6400.8,False,151.62,68.92,-0.33,,6332.22,0266,False,0
4841c4,MPH9471 ,Kingdom of the Netherlands,1765743352,1765744661,25.9951,45.5401,11887.2,False,254.85,128.44,0.33,,11849.1,0176,False,0
4601f8,FIN5WR  ,Finland,1765744665,1765744665,26.0172,64.2424,6713.22,False,141.8,186.25,0.0,,6431.28,,False,0
47ba1d,SAS542  ,Norway,1765744666,1765744666,7.9625,55.5872,11894.82,False,252.56,76.81,0.0,,11986.26,1412,False,0
4854cb,TRA29Q  ,Kingdom of the Netherlands,1765744665,1765744665,1.0127,40.4494,11582.4,False,233.31,32.85,0.0,,11666.22,1000,False,0
4854ca,TRA5Y   ,Kingdom of the Netherlands,1765744665,1765744665,0.7981,46.1783,8229.6,False,246.3,208.44,0.0,,8374.38,2135,False,0
4854cf,TRA14L  ,Kingdom of the Netherlands,1765744665,1765744665,-4.3042,43.8933,11582.4,False,214.68,27.55,0.0,,11719.56,5241,False,0
3451d9,ANE1315 ,Spain,1765744665,1765744665,5.8669,45.8202,10972.8,False,214.69,54.56,0.0,,11102.34,1000,False,0
4bb266,THY8BK  ,Turkey,1765744665,1765744665,26.2407,41.8476,8191.5,False,233.59,113.63,-5.53,,8305.8,,False,0
4601fb,FIN4XD  ,Finland,1765744666,1765744666,17.9549,59.6485,,True,4.12,30.94,,,,,False,0
4bb263,THY5ZV  ,Turkey,1765744666,1765744666,28.2045,41.0952,2628.9,False,153.9,130.93,-7.8,,2735.58,7124,False,0
4bb261,THY3KF  ,Turkey,1765744666,1765744666,4.0253,50.7001,10066.02,False,221.77,112.94,0.0,,10264.14,5227,False,0
73828b,ISR724  ,Israel,1765744665,1765744665,31.3178,35.4975,11277.6,False,260.53,143.67,0.0,,11399.52,5412,False,0
4079cd,VIR25B  ,United Kingdom,1765744666,1765744666,-3.3008,51.98,8610.6,False,248.27,293.96,4.23,,8755.38,4655,False,0
47ba0d,SAS40G  ,Norway,1765744665,1765744665,13.6654,56.961,9570.72,False,215.67,217.64,-12.68,,9646.92,0245,False,0
02010d,MAC342  ,Morocco,1765744666,1765744666,-5.6575,35.2123,11269.98,False,238.71,213.48,0.33,,11308.08,4065,False,0
4867eb,TRA63C  ,Kingdom of the Netherlands,1765744665,1765744665,-0.0008,39.4395,4739.64,False,182.22,56.98,17.23,,4861.56,,False,0
4bab2f,THY40D  ,Turkey,1765744665,1765744665,28.3197,41.047,1577.34,False,128.41,112.87,-1.95,,1684.02,,False,0
4bab2c,THY85G  ,Turkey,1765744665,1765744665,30.587,40.8734,7399.02,False,193.03,277.5,-5.2,,7482.84,,False,0
4841a9,TRA1W   ,Kingdom of the Netherlands,1765744666,1765744666,4.0316,51.3418,3840.48,False,211.37,19.63,-16.58,,3954.78,1000,False,0
4079d0,CFE14K  ,United Kingdom,1765744665,1765744665,-1.9017,53.541,11277.6,False,222.17,137.82,-0.65,,11369.04,7743,False,0
4079d2,CFE80NJ ,United Kingdom,1765744665,1765744665,2.715,49.8081,10965.18,False,230.2,322.08,-12.68,,11132.82,5775,False,0
400610,BAW183  ,United Kingdom,1765744665,1765744665,-10.8563,54.1361,10972.8,False,234.43,291.5,0.0,,10812.78,5405,False,0
4079d3,CFE1LJ  ,United Kingdom,1765744665,1765744666,-0.0746,46.3963,11277.6,False,233.45,198.24,0.0,,11422.38,2057,False,0
020104,RAM781S ,Morocco,1765744665,1765744666,2.0118,48.0381,6271.26,False,202.98,176.95,9.43,,6408.42,7672,False,0
4854c7,TRA6324 ,Kingdom of the Netherlands,1765744358,1765744636,4.7691,52.3129,,True,2.57,303.75,,,,,False,0
4ca8fc,NOS811  ,Ireland,1765744666,1765744666,9.4417,45.4026,2887.98,False,138.18,273.84,-4.55,,3048.0,4662,False,0
738285,ISR826  ,Israel,1765744657,1765744665,25.2827,54.6436,,True,0.0,205.31,,,,6021,False,0
4bb295,TKJ213  ,Turkey,1765744665,1765744665,29.7332,39.0917,8313.42,False,248.1,158.6,3.58,,8412.48,,False,0
738287,ISR726  ,Israel,1765744665,1765744666,19.259,47.4334,,True,0.9,222.19,,,,1161,False,0
738286,ISR891  ,Israel,1765744656,1765744656,44.9565,41.6724,,True,10.29,132.19,,,,5121,False,0
4bb28f,THY364  ,Turkey,1765744655,1765744655,43.5471,41.5301,10066.02,False,265.41,97.91,0.0,,10027.92,5134,False,0
4bb28d,THY2EF  ,Turkey,1765744665,1765744665,13.1401,48.8099,10972.8,False,233.78,295.55,0.33,,11193.78,3247,False,0
4bb28b,THY372  ,Turkey,1765744509,1765744665,38.307,40.9181,10058.4,False,256.27,80.99,0.0,,10073.64,5117,False,0
490d08,NJE409B ,Portugal,1765744666,1765744666,-1.4131,48.6291,13106.4,False,230.03,11.61,0.33,,13220.7,7473,False,0
44cdcf,BEL6ZJ  ,Belgium,1765744665,1765744665,-1.1462,44.681,11582.4,False,227.36,27.78,0.0,,11711.94,1000,False,0
44cdce,BEL9WV  ,Belgium,1765744666,1765744666,16.5671,48.1191,,True,0.0,205.31,,,,,False,0
44cdcb,BEL1ZK  ,Belgium,1765744665,1765744665,4.4688,50.9027,83.82,False,79.41,245.1,14.96,,160.02,,False,0
490d03,NJE897T ,Portugal,1765744665,1765744665,16.2712,47.6203,4046.22,False,186.37,23.59,-7.48,,4206.24,1000,False,0
4bb268,THY2GR  ,Turkey,1765744665,1765744665,10.1066,49.6334,5334.0,False,196.42,306.48,-6.83,,5501.64,3243,False,0
4bb272,THY3ED  ,Turkey,1765744665,1765744665,28.5079,40.9831,1043.94,False,128.56,109.89,-3.9,,1173.48,7570,True,0
4867c0,KLM57C  ,Kingdom of the Netherlands,1765744665,1765744665,6.0093,51.9285,6888.48,False,224.23,119.86,14.31,,7086.6,1000,False,0
4bb26f,THY3DK  ,Turkey,1765744665,1765744665,30.8627,35.1225,10058.4,False,242.94,178.18,0.0,,10187.94,,False,0
4bb26d,THY2XS  ,Turkey,1765744665,1765744665,27.27,41.7339,7482.84,False,238.38,125.34,-9.75,,7597.14,4721,False,0
4066ce,TOM2EK  ,United Kingdom,1765744665,1765744665,6.5001,57.3542,11582.4,False,205.18,204.12,0.0,,11628.12,1156,False,0
4bb26a,THY4TA  ,Turkey,1765744666,1765744666,30.8215,36.0913,10355.58,False,211.0,358.46,-0.33,,10469.88,6153,False,0
7608eb,PIA750  ,Pakistan,1765744665,1765744665,17.6357,44.163,10668.0,False,227.19,105.77,0.0,,10850.88,0455,False,0
4bb288,THY7EW  ,Turkey,1765744665,1765744665,13.4225,48.5637,10972.8,False,234.35,292.46,0.0,,11201.4,3266,False,0
4bb289,THY39J  ,Turkey,1765744666,1765744666,28.7316,41.0697,1196.34,False,103.93,359.15,-6.18,,1440.18,4317,False,0
896408,ETD3AG  ,United Arab Emirates,1765744666,1765744666,4.0189,48.9129,5836.92,False,209.13,94.94,14.96,,6012.18,0665,False,0
896411,ABY748  ,United Arab Emirates,1765744660,1765744664,20.3713,49.8834,2887.98,False,117.91,322.98,-4.88,,3009.9,5365,False,0
44cdc5,BEL29D  ,Belgium,1765744666,1765744666,3.7666,50.1078,7414.26,False,213.88,211.63,9.1,,7604.76,1000,False,0
44cdc2,BEL4AH  ,Belgium,1765744665,1765744665,3.453,51.2559,6012.18,False,210.97,296.5,13.98,,6164.58,4422,False,0
020175,MAC522  ,Morocco,1765744666,1765744666,26.3057,41.1057,9227.82,False,232.05,91.02,-10.08,,9372.6,1226,False,0
44cdd0,BEL9FL  ,Belgium,1765744666,1765744666,5.3754,52.0079,9235.44,False,233.18,45.45,5.85,,9448.8,7146,False,0
020198,ENB2 7DV,Morocco,1765744665,1765744665,-1.7158,42.7135,11277.6,False,242.97,207.22,-0.33,,11407.14,7105,False,0
467727,SAHKO3  ,Finland,1765744665,1765744665,24.9635,60.3121,,True,1.8,343.12,,,,,False,0
020140,MAC122  ,Morocco,1765744665,1765744666,0.9954,44.6194,11277.6,False,236.22,189.4,-0.33,,11414.76,2107,False,0
02012b,MAC118  ,Morocco,1765744666,1765744666,-2.0957,42.1436,10668.0,False,240.19,206.18,0.0,,10774.68,7135,False,0
70c105,OMA144  ,Oman,1765744665,1765744665,9.2438,45.7981,4503.42,False,204.94,85.25,12.03,,4693.92,0420,False,0
70c106,OMA124  ,Oman,1765744666,1765744666,14.9386,46.9113,10622.28,False,219.37,118.43,2.28,,10828.02,4501,False,0
70c103,OMA148  ,Oman,1765744665,1765744665,13.184,41.937,6758.94,False,217.52,80.47,7.15,,6979.92,1232,False,0
4baac1,THY5WM  ,Turkey,1765744665,1765744665,26.784,41.6385,7658.1,False,239.11,140.76,-6.83,,7764.78,,False,0
70c124,OMA154  ,Oman,1765744666,1765744666,15.5744,46.8066,11277.6,False,238.41,101.58,-0.33,,11483.34,3046,False,0
020145,MAC114  ,Morocco,1765744665,1765744665,-2.5682,41.4189,10668.0,False,244.12,205.86,0.0,,10767.06,7112,False,0
8005f3,AIC2028 ,India,1765744665,1765744665,16.8549,48.0489,11277.6,False,246.88,120.14,-0.33,,11468.1,7716,False,0
4d03cb,NATO05  ,Luxembourg,1765744665,1765744665,10.5608,52.0228,9448.8,False,220.15,80.45,0.0,,9677.4,0121,False,0
8005f1,AIC142  ,India,1765744665,1765744665,14.1015,46.5946,11269.98,False,233.19,105.88,-0.33,,11468.1,0661,False,0
8005f2,AIC154  ,India,1765744665,1765744665,23.7586,45.605,11277.6,False,258.65,125.37,-0.33,,11353.8,7127,False,0
486897,KLM1412 ,Kingdom of the Netherlands,1765744665,1765744665,4.2551,52.1577,2095.5,False,161.57,19.53,-3.58,,2164.08,1000,False,0
8005eb,AIC170  ,India,1765744665,1765744665,0.6955,51.1981,5265.42,False,208.9,91.13,9.75,,5387.34,4660,False,0
895057,RBA98   ,Brunei Darussalam,1765744665,1765744665,24.5319,37.0026,11879.58,False,282.36,142.25,-0.33,,12070.08,7571,False,0
4ca973,ITY1702 ,Ireland,1765744666,1765744666,12.3357,41.0195,10363.2,False,197.34,325.73,0.0,,10561.32,5421,False,0
4ca97a,RYR45MM ,Ireland,1765744666,1765744666,9.4282,44.3452,8991.6,False,243.41,291.58,-10.4,,9189.72,1000,False,0
4ca97b,RYR7QZ  ,Ireland,1765744665,1765744665,-0.418,47.5466,11277.6,False,239.26,227.7,0.0,,11445.24,7120,False,0
4ca97c,RYR69JJ ,Ireland,1765744381,1765744654,17.138,54.1235,5730.24,False,206.26,81.97,-10.08,,5859.78,5260,False,0
44ce79,BEL9WB  ,Belgium,1765744665,1765744665,5.603,49.9143,8016.24,False,239.52,154.15,8.13,,8229.6,1000,False,0
4bb0f5,THY76H  ,Turkey,1765744423,1765744423,28.7575,41.2234,251.46,False,65.34,359.1,-3.58,,411.48,,False,0
44ce77,BEL3UC  ,Belgium,1765744665,1765744665,4.2928,51.0843,2887.98,False,164.47,18.04,17.88,,2948.94,7125,False,0
4bb0f0,THY4QE  ,Turkey,1765744664,1765744664,28.7609,40.9799,1127.76,False,108.55,352.1,-0.65,,1242.06,,False,0
40676a,CFE2286 ,United Kingdom,1765744665,1765744665,2.7274,49.6091,11460.48,False,230.11,329.65,-5.53,,11635.74,5774,False,0
44ce6f,BEL3TX  ,Belgium,1765744665,1765744665,6.7845,52.6795,11887.2,False,232.64,52.55,0.0,,12077.7,7140,False,0
44ce6e,BEL2ET  ,Belgium,1765744666,1765744666,0.159,48.121,10965.18,False,228.82,38.52,0.0,,11140.44,2271,False,0
4bb0eb,THY29M  ,Turkey,1765744665,1765744666,8.469,49.4368,11582.4,False,260.06,302.15,0.0,,11757.66,3237,False,0
486840,TRA8L   ,Kingdom of the Netherlands,1765744665,1765744665,-5.2745,38.0564,11582.4,False,214.76,19.3,0.0,,11696.7,6453,False,0
02019c,MAC392  ,Morocco,1765744647,1765744647,-3.5656,40.4686,,True,9.26,2.81,,,,,False,0
34530d,ANE3006 ,Spain,1765744666,1765744666,-2.5381,42.8937,5821.68,False,198.62,155.03,13.0,,5943.6,,False,0
346648,VOE4SR  ,Spain,1765744666,1765744666,-0.7603,44.2649,4800.6,False,164.38,24.4,-4.55,,4960.62,1000,False,0
44ce62,BEL5LC  ,Belgium,1765744665,1765744665,11.9309,42.5014,7078.98,False,205.49,336.39,12.68,,7299.96,1000,False,0
44ce61,BEL3LY  ,Belgium,1765744666,1765744666,4.761,50.6487,4023.36,False,180.3,141.95,14.63,,4114.8,1000,False,0
346649,VOE2346 ,Spain,1765744665,1765744665,6.9757,48.5179,4076.7,False,164.83,75.36,-7.48,,4244.34,1000,False,0
346644,VOE4NZ  ,Spain,1765744666,1765744666,7.0542,43.5388,815.34,False,89.5,44.07,-5.53,,990.6,1000,False,0
345313,VLG6308 ,Spain,1765744665,1765744666,-3.0631,47.4382,10668.0,False,230.0,181.15,0.0,,10850.88,5416,False,0
345314,VLG99PQ ,Spain,1765744665,1765744665,8.208,48.8248,10058.4,False,231.35,199.08,0.0,,10256.52,0761,False,0
406755,EZY49FT ,United Kingdom,1765744666,1765744666,8.7241,53.3137,7399.02,False,198.22,249.97,10.08,,7581.9,1357,False,0
406754,EZY96LR ,United Kingdom,1765744662,1765744662,-0.1976,51.1499,,True,10.8,78.75,,,,7344,False,0
44ce66,BEL1EW  ,Belgium,1765744665,1765744665,6.1617,54.8934,11887.2,False,238.32,20.47,-0.33,,12009.12,7140,False,0
44ce72,BEL6NX  ,Belgium,1765744666,1765744666,6.9715,50.3466,10058.4,False,234.09,103.21,0.0,,10279.38,1000,False,0
346613,VOE2UC  ,Spain,1765744639,1765744639,12.348,45.5064,,True,8.75,222.19,,,,1000,False,0
4ab822,NSZ3519 ,Sweden,1765744666,1765744666,11.0373,55.3424,6286.5,False,209.03,73.71,-9.75,,6423.66,4624,False,0
4ab824,NSZ5141 ,Sweden,1765744666,1765744666,9.1222,45.312,11277.6,False,228.21,223.08,0.0,,11430.0,6662,False,0
70c0ee,OMA172  ,Oman,1765744665,1765744665,16.8937,49.5718,11277.6,False,250.0,113.4,0.0,,11468.1,1437,False,0
3c0ca3,TUI255  ,Germany,1765744666,1765744666,4.2483,41.1856,11582.4,False,240.3,29.64,0.0,,11696.7,5573,False,0
3c0ca6,TUI943  ,Germany,1765744665,1765744665,0.4285,46.734,11582.4,False,225.4,28.79,0.0,,11711.94,1000,False,0
4bab22,THY1140 ,Turkey,1765744665,1765744666,27.7274,40.8975,4602.48,False,169.98,126.38,-6.83,,4701.54,,False,0
4bb208,THY5CR  ,Turkey,1765744665,1765744665,12.4916,41.2799,10668.0,False,213.54,257.34,0.0,,10866.12,1331,False,0
4bb209,THY8CA  ,Turkey,1765744665,1765744666,12.7606,49.9992,10363.2,False,230.24,305.36,0.0,,10591.8,3230,False,0
4bb206,THY1YM  ,Turkey,1765744665,1765744665,27.1171,41.4246,6332.22,False,219.54,115.24,-5.53,,6469.38,,False,0
4bb205,THY127  ,Turkey,1765744666,1765744666,29.9913,39.6992,9083.04,False,202.78,336.69,-4.88,,9166.86,5545,False,0
4bb203,THY1GT  ,Turkey,1765744665,1765744666,-0.1124,51.4787,1257.3,False,84.53,266.51,-5.53,,1295.4,3234,False,0
4bb212,THY8EL  ,Turkey,1765744666,1765744666,23.1628,47.2059,10058.4,False,239.51,144.71,0.0,,10195.56,4512,False,0
4bb210,THY3HE  ,Turkey,1765744666,1765744666,4.4864,52.5339,10370.82,False,225.69,287.24,0.0,,10568.94,3256,False,0
4bb213,THY3ZH  ,Turkey,1765744665,1765744665,26.0707,42.4679,10675.62,False,257.98,133.63,0.0,,10744.2,1450,False,0
4bb214,THY6CV  ,Turkey,1765744665,1765744666,25.3678,42.5671,10058.4,False,239.8,119.42,0.33,,10142.22,4621,False,0
4bab2a,THY60N  ,Turkey,1765744661,1765744664,28.8661,40.9027,1120.14,False,114.45,257.28,0.33,,1234.44,1344,False,0
4ca8db,RYR10ZB ,Ireland,1765744665,1765744665,12.2088,48.8623,12192.0,False,231.68,319.41,0.0,,12367.26,3101,False,0
4bb20d,THY3SL  ,Turkey,1765744664,1765744665,28.6287,40.9599,830.58,False,116.34,87.97,0.0,,952.5,,False,0
4ca8af,RYR3944 ,Ireland,1765744648,1765744648,-1.8346,50.7773,,True,0.0,348.75,,,,,False,0
4853f4,KLM951  ,Kingdom of the Netherlands,1765744665,1765744665,-4.7386,54.3246,5196.84,False,174.22,303.31,-10.08,,5189.22,7340,False,0
4ca8d6,RYR41PP ,Ireland,1765744665,1765744665,4.4349,45.1213,12192.0,False,223.27,53.53,0.0,,12313.92,1000,False,0
4ca8d7,RYR75JN ,Ireland,1765744665,1765744665,-2.7141,51.3847,,True,2.57,8.44,,,,1042,False,0
4ca8d8,RYR54YA ,Ireland,1765744665,1765744665,6.4555,50.5197,11277.6,False,217.02,101.76,0.0,,11475.72,3453,False,0
800734,AIC152  ,India,1765744665,1765744665,13.4761,46.1595,11269.98,False,235.75,102.73,-0.33,,11483.34,3066,False,0
4bb201,THY5LH  ,Turkey,1765744664,1765744664,23.3015,40.7896,9753.6,False,229.28,80.83,0.33,,9928.86,1260,False,0
4ca8bd,EIN4RL  ,Ireland,1765744663,1765744663,-9.4887,48.6306,11277.6,False,254.74,9.06,0.0,,11399.52,3350,False,0
800742,AIC156  ,India,1765744666,1765744666,13.5692,50.9225,11277.6,False,250.76,107.06,0.0,,11475.72,3136,False,0
4baa45,THY6DA  ,Turkey,1765744665,1765744665,30.4636,40.5734,9578.34,False,246.96,120.41,6.18,,9608.82,,False,0
4baa43,THY6ZQ  ,Turkey,1765744665,1765744666,27.6668,40.6124,5684.52,False,192.13,71.9,-6.83,,5791.2,5115,False,0
3c7438,TUI5TA  ,Germany,1765744665,1765744665,1.4156,47.9492,10972.8,False,227.1,29.29,0.0,,11148.06,1000,False,0
4baa55,THY3SG  ,Turkey,1765744665,1765744665,16.528,48.4376,1592.58,False,119.42,260.58,-3.9,,1729.74,,False,0
4baa56,THY4SC  ,Turkey,1765744656,1765744666,28.7298,41.1598,624.84,False,77.69,359.24,-3.9,,754.38,4303,False,0
4baa53,THY4BZ  ,Turkey,1765744665,1765744665,26.6133,41.035,7604.76,False,216.13,104.9,-11.7,,7734.3,1247,False,0
4baa4d,THY5DU  ,Turkey,1765744665,1765744665,28.7093,41.0022,822.96,False,104.43,22.9,0.0,,944.88,0246,False,0
489226,ENT3080 ,Poland,1765744665,1765744665,-3.2262,55.9994,701.04,False,53.29,239.23,-2.93,,594.36,7753,False,0
4baa0d,THY5ZU  ,Turkey,1765744664,1765744664,27.3788,38.707,4206.24,False,172.68,183.59,-7.8,,4351.02,1037,False,0
4baa0e,THY657  ,Turkey,1765744665,1765744666,16.8303,38.0178,9753.6,False,195.71,251.61,0.0,,10012.68,2316,False,0
3c0aca,CFG4TZ  ,Germany,1765744666,1765744666,10.0992,45.0777,10965.18,False,231.71,25.65,-0.33,,11125.2,1000,False,0
8963ed,UAE28Y  ,United Arab Emirates,1765744666,1765744666,-0.1821,51.1557,,True,2.57,168.75,,,,,False,0
3df742,HUMMEL2 ,Germany,1765744663,1765744663,6.9933,51.8047,480.06,False,10.82,205.35,-1.95,,586.74,4426,False,0
3c0acc,CFG3DL  ,Germany,1765744666,1765744666,11.849,48.2609,3208.02,False,169.3,83.54,-3.58,,3375.66,1000,False,0
489222,ENT3032 ,Poland,1765744666,1765744666,12.4104,62.1243,11582.4,False,208.64,212.51,0.33,,11422.38,,False,0
4baa88,THY3MN  ,Turkey,1765744665,1765744665,27.4967,41.0915,4411.98,False,177.17,134.18,-7.15,,4526.28,,False,0
4baa84,THY9CP  ,Turkey,1765744662,1765744662,11.777,48.3585,,True,5.4,174.38,,,,1742,False,0
47bb0a,SAS1804 ,Norway,1765744665,1765744665,4.9618,55.2656,11887.2,False,256.3,49.89,-0.33,,12001.5,2372,False,0
3452c7,ANE1302 ,Spain,1765744665,1765744665,-2.2296,41.941,9593.58,False,233.75,206.11,-5.2,,9677.4,1000,False,0
3452c8,ANE88SC ,Spain,1765744666,1765744666,6.9266,46.4601,10972.8,False,220.45,48.31,0.0,,11132.82,1000,False,0
4855d0,KLM967  ,Kingdom of the Netherlands,1765744632,1765744632,4.7741,52.3042,,True,6.43,202.5,,,,,False,0
4855d1,KLM1063 ,Kingdom of the Netherlands,1765744665,1765744666,3.1379,52.614,7315.2,False,221.35,274.4,0.0,,7482.84,6266,False,0
400795,LOG23PY ,United Kingdom,1765744665,1765744666,-1.6318,51.8844,3352.8,False,136.72,157.2,0.0,,3413.76,5140,False,0
70c0fd,OMA102  ,Oman,1765744665,1765744665,0.9115,51.326,6705.6,False,226.85,96.64,8.45,,6858.0,2205,False,0
8963cf,ETD88C  ,United Arab Emirates,1765744666,1765744666,8.2805,50.1543,11269.98,False,240.41,106.53,-0.33,,11483.34,4625,False,0
4baa90,THY8TW  ,Turkey,1765744639,1765744660,22.8396,43.2935,9753.6,False,220.89,272.4,0.0,,9875.52,,False,0
4baa8f,THY9LK  ,Turkey,1765744665,1765744665,28.1553,40.8386,2933.7,False,146.62,85.17,-3.9,,3025.14,1233,False,0
4bb187,THY189  ,Turkey,1765744665,1765744665,17.612,46.6508,10363.2,False,251.75,309.61,0.0,,10561.32,,False,0
4baa8d,THY1SJ  ,Turkey,1765744665,1765744665,9.1979,48.6889,,True,5.4,247.5,,,,6043,False,0
4baa8b,THY1TF  ,Turkey,1765744665,1765744665,26.0542,42.2788,9997.44,False,245.22,119.95,-4.23,,10081.26,7702,False,0
4baa66,THY9DQ  ,Turkey,1765744665,1765744665,28.5874,40.8915,1836.42,False,120.71,71.1,-3.58,,1935.48,2165,False,0
4baa64,THY2WN  ,Turkey,1765744665,1765744665,9.4156,47.6379,4572.0,False,160.05,253.95,-0.98,,4739.64,3261,False,0
4baa65,THY87F  ,Turkey,1765744662,1765744665,28.7819,41.7698,5775.96,False,186.11,161.97,-7.8,,5852.16,,False,0
4baa63,THY4HA  ,Turkey,1765744479,1765744666,23.1538,53.3113,10668.0,False,196.21,9.66,0.33,,10698.48,5324,False,0
4baa61,THY7LA  ,Turkey,1765744666,1765744666,22.2256,49.6417,10058.4,False,197.68,8.53,0.0,,10172.7,4454,False,0
4baa4f,THY4FJ  ,Turkey,1765744665,1765744665,4.9715,47.6493,9570.72,False,237.81,317.72,-6.18,,9745.98,3203,False,0
4baa69,THY2ZY  ,Turkey,1765744666,1765744666,13.5782,52.3715,198.12,False,67.64,248.12,-3.9,,320.04,1000,False,0
4baa75,THY1NB  ,Turkey,1765744665,1765744665,5.4293,50.7555,3154.68,False,147.7,296.48,-7.48,,3261.36,3554,False,0
4baa76,THY61U  ,Turkey,1765744666,1765744666,28.946,41.0662,1950.72,False,146.94,183.81,-7.8,,2179.32,1740,False,0
4baa73,THY9ZW  ,Turkey,1765744665,1765744665,26.2028,41.8751,9212.58,False,241.65,119.46,-4.88,,9319.26,,False,0
4baa74,THY6LW  ,Turkey,1765744666,1765744666,27.9998,41.2328,3063.24,False,189.27,130.92,-3.9,,3162.3,,False,0
3c7428,TUI6HA  ,Germany,1765744666,1765744666,6.7873,44.9207,11582.4,False,235.75,12.73,0.0,,11727.18,5563,False,0
4baa72,THY5NK  ,Turkey,1765744656,1765744656,28.7684,42.0137,6621.78,False,215.04,179.59,-10.08,,6728.46,4262,False,0
3465c9,VOE4HY  ,Spain,1765744665,1765744665,3.2688,46.5882,7825.74,False,202.73,244.61,7.48,,7993.38,1000,False,0
4baa6f,THY8DY  ,Turkey,1765744665,1765744665,27.5279,41.5429,5920.74,False,237.82,130.79,-13.33,,6042.66,6436,False,0
4bb166,THY59R  ,Turkey,1765744666,1765744666,30.1191,39.4707,9144.0,False,206.96,335.47,0.0,,9220.2,,False,0
4baa6b,THY5QC  ,Turkey,1765744665,1765744665,27.2825,40.2014,7673.34,False,196.15,35.61,-9.43,,7787.64,7730,False,0
3c7424,TUI8L   ,Germany,1765744666,1765744666,4.1441,44.9739,10972.8,False,223.52,60.19,0.0,,11109.96,1162,False,0
4067f0,TOM9HK  ,United Kingdom,1765744665,1765744666,0.0681,51.1838,1005.84,False,72.12,255.96,-3.9,,1051.56,1150,False,0
4baa79,THY7QV  ,Turkey,1765744665,1765744665,27.9354,40.8242,3390.9,False,150.66,83.53,-4.55,,3489.96,6560,False,0
4ca90a,ITY332  ,Ireland,1765744665,1765744665,12.2079,41.7935,373.38,False,88.06,263.29,6.18,,533.4,1000,False,0
86eb36,JAL408  ,Japan,1765744665,1765744665,18.1994,48.4522,10660.38,False,248.9,114.29,0.0,,10858.5,7652,False,0
4ac9e1,SAS7472 ,Sweden,1765744666,1765744666,-0.8738,39.0087,10972.8,False,235.22,52.55,0.0,,11041.38,5561,False,0
4ac9e2,SAS2062 ,Sweden,1765744665,1765744665,17.9212,59.6446,,True,8.75,191.25,,,,,False,0
4ac9e3,SAS772  ,Sweden,1765744665,1765744666,13.0057,55.7691,1082.04,False,98.32,302.61,-3.25,,1120.14,2275,False,0
4ac9e4,SAS1221 ,Sweden,1765744665,1765744665,10.8859,56.651,4983.48,False,154.1,321.37,-9.43,,5052.06,2261,False,0
4ca912,RYR67VJ ,Ireland,1765744665,1765744665,-2.1067,52.4046,8351.52,False,199.33,140.97,-10.08,,8503.92,1416,False,0
440b2f,TAY4KW  ,Austria,1765744665,1765744665,12.5507,50.0679,11887.2,False,217.1,90.27,0.0,,12054.84,1443,False,0
4ca910,RYR7628 ,Ireland,1765744665,1765744665,20.726,46.6816,10972.8,False,224.55,296.39,0.0,,11117.58,,False,0
3c618b,TUI7TJ  ,Germany,1765744666,1765744666,7.6054,46.4208,11582.4,False,223.41,27.27,0.0,,11734.8,5571,False,0
896534,ETD2NP  ,United Arab Emirates,1765744665,1765744666,1.0646,53.0387,9014.46,False,266.65,103.5,5.2,,9204.96,2260,False,0
4ac9f0,SAS74E  ,Sweden,1765744666,1765744666,11.3711,47.9921,11582.4,False,235.14,1.0,-0.33,,11772.9,6642,False,0
4ac9f2,SAS43M  ,Sweden,1765744666,1765744666,12.791,55.8387,1493.52,False,125.22,77.91,-4.23,,1531.62,7164,False,0
4ac9f4,SAS588  ,Sweden,1765744666,1765744666,-0.3548,45.3565,11582.4,False,220.41,37.7,0.33,,11704.32,2336,False,0
440b1e,EJU19GM ,Austria,1765744665,1765744665,-5.0577,42.8272,10972.8,False,213.74,27.06,0.0,,11132.82,2252,False,0
4ac9ea,SAS385  ,Sweden,1765744666,1765744666,10.7053,62.1162,10363.2,False,204.01,176.96,0.0,,10226.04,,False,0
4bb199,THY91V  ,Turkey,1765744665,1765744666,20.9512,44.6448,11887.2,False,249.24,131.65,-0.33,,12016.74,3466,False,0
4ac9c4,BLX434  ,Sweden,1765744665,1765744665,9.8721,56.9902,9281.16,False,247.6,55.15,-11.7,,9395.46,2261,False,0
4ac9c5,BLX49G  ,Sweden,1765744476,1765744476,17.9382,59.6535,,True,0.0,255.94,,,,6016,False,0
4ac9c6,BLX394  ,Sweden,1765744665,1765744665,-7.2463,52.3317,11277.6,False,267.87,22.23,0.0,,11315.7,2266,False,0
020072,RAM803  ,Morocco,1765744410,1765744410,-7.7947,35.0573,8892.54,False,243.04,177.57,-7.15,,8968.74,7572,False,0
02005b,RAM615A ,Morocco,1765744665,1765744666,-1.1137,44.2406,7597.14,False,215.14,207.48,12.68,,7734.3,2332,False,0
4ca95e,RYR34VV ,Ireland,1765744666,1765744666,9.59,41.0914,10325.1,False,263.8,70.05,-5.2,,10523.22,1000,False,0
495037,TAP494Y ,Portugal,1765744665,1765744665,-7.8515,39.8179,10325.1,False,195.71,45.0,6.18,,10485.12,2260,False,0
4ac9ef,SAS019  ,Sweden,1765744665,1765744665,19.9609,62.6274,10363.2,False,213.11,198.43,0.33,,10073.64,,False,0
4ca92b,RYR18TN ,Ireland,1765744666,1765744666,10.1579,51.374,11277.6,False,231.07,102.21,0.0,,11475.72,2157,False,0
34538e,AEA6096 ,Spain,1765744665,1765744665,2.797,39.7308,3550.92,False,151.85,293.35,15.61,,3657.6,,False,0
45d066,VKG1727 ,Denmark,1765744666,1765744666,6.2464,55.6282,10652.76,False,245.43,55.68,0.0,,10774.68,2202,False,0
345398,VLG3006 ,Spain,1765744665,1765744665,0.0585,39.358,10675.62,False,225.48,242.85,-0.33,,10751.82,0452,False,0
4ca947,EIN40W  ,Ireland,1765744665,1765744665,8.9447,44.3244,10965.18,False,241.07,323.15,0.0,,11125.2,1261,False,0
4a068c,ROT209L ,Romania,1765744665,1765744665,26.4185,44.7793,2903.22,False,93.14,39.85,5.85,,2971.8,,False,0
4258c4,RNG7    ,United Kingdom,1765744662,1765744664,-2.2902,53.3681,,True,9.77,351.56,,,,,False,0
a8d63b,LXJ669  ,United States,1765744665,1765744665,5.8037,50.3514,9441.18,False,233.89,100.52,-9.1,,9631.68,2214,False,0
4ca892,RYR8462 ,Ireland,1765744399,1765744399,-0.5565,38.2837,,True,11.83,281.25,,,,5247,False,0
344158,VLG9PN  ,Spain,1765744665,1765744666,5.8755,45.3536,10668.0,False,221.28,190.45,0.0,,10820.4,1000,False,0
344156,VLG4LP  ,Spain,1765744628,1765744628,-9.1467,38.7615,121.92,False,69.17,22.75,-3.58,,205.74,0476,False,0
4ca84f,RYR9LZ  ,Ireland,1765744665,1765744665,0.4162,52.0048,1013.46,False,80.06,226.56,-3.9,,1051.56,6654,False,0
484f80,KLM1949 ,Kingdom of the Netherlands,1765744665,1765744665,6.4636,49.2727,10668.0,False,217.4,172.52,0.0,,10850.88,1000,False,0
4ca84c,RYR1823 ,Ireland,1765744666,1765744666,5.5028,50.2222,8435.34,False,239.19,245.47,6.5,,8625.84,4107,False,0
4ca84d,RYR374V ,Ireland,1765744665,1765744665,-7.369,52.6977,9311.64,False,156.86,215.25,-5.2,,9357.36,1434,False,0
4ca84e,RYR858K ,Ireland,1765744666,1765744666,0.9003,51.4973,10363.2,False,220.85,272.14,0.0,,10538.46,5772,False,0
3e0fec,,Germany,1765744663,1765744663,8.9357,55.0167,266.7,False,47.54,193.13,0.0,,327.66,0020,False,0
484f6d,TRA36N  ,Kingdom of the Netherlands,1765744665,1765744665,1.3212,43.006,12192.0,False,235.94,353.87,0.0,,12283.44,1000,False,0
4ca854,RYR12XT ,Ireland,1765744666,1765744666,-3.2796,49.6832,11285.22,False,228.03,152.45,0.33,,11452.86,4750,False,0
4ca856,RYR97MM ,Ireland,1765744665,1765744665,2.082,41.2956,,True,5.4,67.5,,,,,False,0
4ca852,RYR3NL  ,Ireland,1765744666,1765744666,-9.2791,38.5687,1432.56,False,108.19,54.87,-5.85,,1539.24,4010,False,0
896482,UAE58   ,United Arab Emirates,1765744665,1765744666,7.1807,50.9731,5219.7,False,150.54,126.24,9.75,,5356.86,6424,False,0
4258f0,        ,United Kingdom,1765744648,1765744648,-2.2527,53.3627,,True,8.75,50.62,,,,,False,0
02008b,RAM941J ,Morocco,1765744665,1765744665,-4.1278,36.2778,10668.0,False,239.79,242.12,0.0,,10683.24,4024,False,0
40688f,BAW123  ,United Kingdom,1765744665,1765744665,5.0091,50.7172,12496.8,False,238.22,101.97,-0.33,,12649.2,4746,False,0
40688a,SHT2T   ,United Kingdom,1765744666,1765744666,-0.597,51.9129,4983.48,False,211.77,336.67,7.8,,5097.78,7636,False,0
896465,ETD5FA  ,United Arab Emirates,1765744665,1765744665,0.8187,53.0572,11277.6,False,254.57,103.08,-0.33,,11437.62,2272,False,0
486954,KLM1331 ,Kingdom of the Netherlands,1765744665,1765744665,6.3497,51.8356,9433.56,False,203.01,120.79,7.8,,9624.06,1000,False,0
4ca88c,RYR53YZ ,Ireland,1765744666,1765744666,-4.7394,51.9736,11277.6,False,241.04,99.58,0.0,,11384.28,2047,False,0
4d02de,JFA55J  ,Luxembourg,1765744666,1765744666,1.2439,43.8557,1615.44,False,121.88,215.03,-6.83,,1722.12,1000,False,0
896441,ETD916  ,United Arab Emirates,1765744663,1765744665,22.9383,42.6004,10668.0,False,261.72,131.33,0.0,,10789.92,6437,False,0
781e2a,CKK236  ,China,1765743285,1765744663,18.0565,56.4411,9448.8,False,255.0,54.19,0.0,,9502.14,6004,False,0
4bbd05,TKJ6666 ,Turkey,1765744666,1765744666,33.5712,35.1303,289.56,False,66.49,291.8,-3.58,,373.38,,False,0
484f06,KLM84A  ,Kingdom of the Netherlands,1765744665,1765744665,6.5337,47.0374,12192.0,False,235.4,341.92,0.0,,12329.16,1000,False,0
038226,VRE176  ,Côte d'Ivoire,1765744665,1765744666,-4.5729,39.5253,12192.0,False,229.37,22.14,0.0,,12283.44,6456,False,0
47ba78,SAS4478 ,Norway,1765744666,1765744666,15.2706,63.4987,11277.6,False,239.91,39.08,-0.33,,11026.14,,False,0
780b45,CCA838  ,China,1765744665,1765744665,9.4282,45.8985,5387.34,False,193.36,68.62,9.75,,5585.46,0427,False,0
4a4d79,HYS473  ,Romania,1765744665,1765744666,7.9802,51.7872,11582.4,False,229.88,292.78,0.0,,11780.52,3123,False,0
4baa08,THY9HM  ,Turkey,1765744662,1765744665,29.8699,40.0578,7947.66,False,198.58,359.85,-6.18,,8023.86,,False,0
738444,AIZ272  ,Israel,1765744665,1765744665,4.7269,40.89,9784.08,False,242.38,95.48,11.7,,9921.24,1415,False,0
3c0c99,TUI3CH  ,Germany,1765744666,1765744666,-0.9945,47.442,10972.8,False,215.74,56.58,0.0,,11140.44,1140,False,0
4baa14,THY2GD  ,Turkey,1765744663,1765744664,28.7595,41.1137,906.78,False,90.04,359.02,-6.18,,1036.32,,False,0
501dd1,CTN656  ,Croatia,1765744666,1765744666,16.0842,45.4562,4419.6,False,129.93,186.37,5.53,,4594.86,,False,0
4ca7b9,RYR621R ,Ireland,1765744665,1765744665,-0.081,45.4868,11582.4,False,228.69,350.16,0.0,,11704.32,5356,False,0
3475da,VLG1TP  ,Spain,1765744665,1765744665,9.2006,47.5726,10462.26,False,234.59,228.02,10.4,,10660.38,1000,False,0
4ca6c4,EIN395  ,Ireland,1765744666,1765744666,8.2433,53.2157,7330.44,False,227.65,252.92,6.5,,7513.32,1355,False,0
4ca6aa,RYR9FV  ,Ireland,1765744665,1765744665,15.0088,38.8762,10363.2,False,207.69,343.45,0.0,,10614.66,5406,False,0
3475d9,VLG26Y  ,Spain,1765744665,1765744665,0.7462,46.6463,10972.8,False,229.38,354.72,-0.33,,11125.2,1000,False,0
49d5e8,NTF703E ,Czech Republic,1765744665,1765744666,10.9923,51.088,13716.0,False,205.34,34.49,0.33,,13822.68,1000,False,0
4bb050,TKJ1HZ  ,Turkey,1765744666,1765744666,31.425,40.9039,10195.56,False,220.45,287.8,-2.6,,10241.28,,False,0
43c5e8,RRR4953 ,United Kingdom,1765744664,1765744665,8.8953,51.7681,9753.6,False,207.72,273.55,0.0,,9959.34,3557,False,0
4bb04d,TKJ2KA  ,Turkey,1765744665,1765744665,31.3358,40.1374,9326.88,False,210.37,292.43,-5.2,,9410.7,,False,0
3c49ce,EWG4TW  ,Germany,1765744666,1765744666,9.1567,48.9134,3017.52,False,149.97,113.66,-4.55,,3169.92,4610,False,0
44d2b6,JAF7PY  ,Belgium,1765744665,1765744665,-4.4441,44.4032,11277.6,False,245.56,211.73,0.0,,11437.62,1000,False,0
3c49cc,EWG3BR  ,Germany,1765744666,1765744666,3.1675,50.1693,8763.0,False,219.08,25.3,9.1,,8945.88,3352,False,0
44d2ab,JAF23H  ,Belgium,1765744666,1765744666,-5.8299,37.0552,10264.14,False,202.84,8.46,5.2,,10325.1,6474,False,0
44d2aa,JAF1YA  ,Belgium,1765744665,1765744665,1.2573,47.0473,10972.8,False,224.68,5.12,0.0,,11125.2,1000,False,0
4bb068,THY1HE  ,Turkey,1765744663,1765744663,28.7177,40.9547,1493.52,False,115.58,28.73,-4.23,,1615.44,1246,False,0
3c49d5,EWG4K   ,Germany,1765744665,1765744665,9.0347,48.1702,3954.78,False,171.65,33.88,-3.58,,4137.66,3376,False,0
49d5ef,TVS3BD  ,Czech Republic,1765744666,1765744666,3.4528,39.9023,5585.46,False,202.44,49.22,9.75,,5737.86,1000,False,0
49d5ee,TVS117B ,Czech Republic,1765744665,1765744665,10.9164,47.9207,10668.0,False,223.37,53.05,0.0,,10858.5,1143,False,0
4077e0,BAW664  ,United Kingdom,1765744666,1765744666,19.9777,45.1404,10058.4,False,233.57,135.89,0.0,,10241.28,4632,False,0
02a197,TAR1713 ,Tunisia,1765744665,1765744665,16.8957,35.7881,10660.38,False,289.05,101.29,0.0,,10965.18,6174,False,0
3965aa,AFR256  ,France,1765744666,1765744666,5.4308,48.5778,9448.8,False,235.02,112.52,0.0,,9654.54,0662,False,0
02a192,TAR913  ,Tunisia,1765744666,1765744666,15.4914,36.0542,10668.0,False,287.65,100.93,0.0,,10965.18,6131,False,0
4c808c,CYF466  ,Cyprus,1765744665,1765744665,15.8247,49.1068,8671.56,False,219.24,324.74,-4.55,,8877.3,1176,False,0
4ca806,RYR562  ,Ireland,1765744665,1765744665,-2.1225,53.4273,784.86,False,64.84,231.77,-3.25,,769.62,6333,False,0
40655b,EXS2SW  ,United Kingdom,1765744665,1765744665,-1.6513,54.7343,3032.76,False,174.62,19.98,-9.43,,3025.14,7463,False,0
4ca808,RYR95CC ,Ireland,1765744665,1765744665,6.4446,51.5618,1173.48,False,121.05,27.87,-7.48,,1280.16,3374,False,0
4ca802,RYR78GE ,Ireland,1765744665,1765744665,18.02,47.3587,11277.6,False,225.25,119.26,0.0,,11452.86,0504,False,0
345084,VLG9TB  ,Spain,1765744665,1765744665,1.31,49.4238,10668.0,False,228.44,142.23,0.0,,10858.5,6370,False,0
4bb06b,THY1472 ,Turkey,1765744663,1765744665,24.6312,40.913,11277.6,False,234.53,80.02,0.0,,11391.9,4302,False,0
4bb06c,THY4PL  ,Turkey,1765744665,1765744665,28.995,41.4706,4389.12,False,170.53,183.11,-5.53,,4480.56,4502,False,0
40653e,EZY81NL ,United Kingdom,1765744665,1765744666,-0.2979,39.8767,10911.84,False,224.81,0.26,8.13,,10972.8,5327,False,0
4ca82f,EJU75QL ,Ireland,1765744665,1765744665,11.304,52.699,11285.22,False,237.57,176.65,0.0,,11468.1,0744,False,0
4ab5d5,SAS647  ,Sweden,1765744665,1765744665,12.5127,55.5349,1272.54,False,82.11,216.08,7.15,,1295.4,3524,False,0
4ca837,EIN63K  ,Ireland,1765744665,1765744665,-0.4491,52.574,10980.42,False,230.35,308.38,0.0,,11117.58,4420,False,0
896616,UAE9935 ,United Arab Emirates,1765744665,1765744665,4.7011,52.5943,9144.0,False,256.36,320.05,0.0,,9349.74,2506,False,0
501d21,CTN664  ,Croatia,1765744666,1765744666,17.0655,44.9173,8176.26,False,232.62,158.6,9.43,,8374.38,,False,0
34768e,VLG1335 ,Spain,1765744666,1765744666,4.3814,50.8835,1051.56,False,86.58,253.07,4.88,,1135.38,1000,False,0
34768f,VLG3TQ  ,Spain,1765744665,1765744665,1.2296,40.4901,6515.1,False,205.97,41.25,-5.2,,6675.12,6570,False,0
39a2e1,FPO444  ,France,1765744665,1765744666,5.103,42.8976,11590.02,False,238.56,351.82,0.0,,11689.08,1000,False,0
4ca815,RYR7WG  ,Ireland,1765744665,1765744665,-5.3969,54.4508,7315.2,False,182.39,202.73,0.0,,7322.82,,False,0
4ca816,RYR47LR ,Ireland,1765744666,1765744666,-2.002,54.2166,2705.1,False,119.0,170.29,-4.23,,2682.24,1415,False,0
4ca810,RYR37BZ ,Ireland,1765744666,1765744666,7.3431,53.0434,9890.76,False,231.17,251.85,10.08,,10066.02,1351,False,0
4ca811,RYR70UM ,Ireland,1765744665,1765744665,2.1489,54.4409,10972.8,False,206.02,238.37,0.0,,11094.72,1456,False,0
4ca812,RYR738  ,Ireland,1765744666,1765744666,0.2821,51.8145,1577.34,False,133.51,83.81,13.0,,1584.96,6240,False,0
4ac8da,BLX730  ,Sweden,1765744666,1765744666,13.1609,54.5313,6926.58,False,184.49,337.37,-9.43,,7094.22,3227,False,0
4ca81d,EJU69HX ,Ireland,1765744666,1765744666,6.2375,49.3906,10668.0,False,217.73,151.8,0.33,,10873.74,1000,False,0
484c51,KLM1247 ,Kingdom of the Netherlands,1765744666,1765744666,5.9091,53.1012,9692.64,False,219.73,45.76,5.53,,9875.52,3154,False,0
347694,VLG17FF ,Spain,1765744666,1765744666,12.9476,40.9463,7444.74,False,251.41,82.95,-13.0,,7726.68,1000,False,0
406591,BAW61   ,United Kingdom,1765744666,1765744666,21.012,46.242,10058.4,False,246.14,124.35,0.0,,10218.42,4630,False,0
347690,VLG6WK  ,Spain,1765744666,1765744666,9.3588,44.8029,9753.6,False,247.27,309.85,0.0,,9928.86,1000,False,0
4bceb5,SXS5GU  ,Turkey,1765744666,1765744666,26.0337,39.1225,8199.12,False,229.02,132.54,-10.73,,8351.52,7711,False,0
485341,KLM807  ,Kingdom of the Netherlands,1765744666,1765744666,16.8349,49.3168,10050.78,False,251.64,128.28,-0.33,,10264.14,0167,False,0
484c53,KLM1335 ,Kingdom of the Netherlands,1765744666,1765744666,12.11,52.4093,11887.2,False,233.56,90.13,-0.33,,12062.46,1000,False,0
4ca760,RYR1CP  ,Ireland,1765744666,1765744666,1.9018,41.3581,2324.1,False,124.46,226.67,-11.05,,2461.26,0702,True,0
506c34,AEH022  ,Slovenia,1765744656,1765744659,0.2148,49.6216,693.42,False,58.59,223.22,-2.6,,762.0,1000,False,0
4bcde6,SXS2VJ  ,Turkey,1765744665,1765744665,24.1999,45.5054,11277.6,False,227.87,118.3,0.0,,11353.8,6430,False,0
4ca757,ITY2058 ,Ireland,1765744666,1765744666,10.3005,43.5799,8534.4,False,231.0,326.63,0.0,,8740.14,1000,False,0
4bcdec,SXS5CU  ,Turkey,1765744666,1765744666,31.6676,37.0466,11582.4,False,207.78,277.97,0.0,,11681.46,,False,0
40780e,BAW86S  ,United Kingdom,1765744665,1765744665,8.5082,50.407,10980.42,False,234.16,287.12,0.0,,11193.78,6614,False,0
4ca75e,RYR5763 ,Ireland,1765744665,1765744666,1.1705,46.7541,11277.6,False,234.44,210.17,0.0,,11414.76,4102,False,0
461f9b,FIN65M  ,Finland,1765743023,1765744665,20.4103,54.9493,9776.46,False,1.85,236.31,0.0,,10309.86,5150,False,0
461f9c,FIN2PX  ,Finland,1765744666,1765744666,24.7981,60.4477,777.24,False,104.0,64.2,-0.98,,701.04,2222,False,0
461f9d,FIN81C  ,Finland,1765744385,1765744493,24.9691,60.3194,11269.98,False,0.32,241.88,,,,7721,False,0
34644c,IBS1578 ,Spain,1765744665,1765744665,-5.3665,38.7244,10363.2,False,216.46,45.67,-0.33,,10469.88,6273,False,0
394c13,AFR1655 ,France,1765744666,1765744666,2.4879,48.9887,373.38,False,75.83,85.72,-4.55,,472.44,5577,False,0
4780a1,WIF26V  ,Norway,1765744645,1765744645,13.568,65.8593,6926.58,False,93.65,205.72,3.58,,6621.78,,False,0
394c14,AFR1531 ,France,1765744665,1765744665,0.4134,46.5312,10980.42,False,226.81,340.66,0.0,,11109.96,5572,False,0
48663e,TRA5810 ,Kingdom of the Netherlands,1765744660,1765744660,22.8509,40.8629,5044.44,False,168.41,349.62,18.86,,5196.84,,False,0
4ca763,RYR5066 ,Ireland,1765744665,1765744665,-6.7619,40.9176,11277.6,False,255.3,193.28,0.0,,11430.0,7115,False,0
346458,IBE0621 ,Spain,1765744665,1765744665,1.3181,41.2899,9144.0,False,242.96,88.06,0.33,,9243.06,1000,False,0
4bcdba,SXS63W  ,Turkey,1765744665,1765744665,34.2974,37.1053,11582.4,False,211.31,264.69,0.0,,11658.6,,False,0
39c902,SAMU13  ,France,1765744660,1765744661,5.4027,43.2899,,True,0.06,28.12,,,,,False,0
461f6c,FIN569  ,Finland,1765744665,1765744665,24.8534,62.5015,11590.02,False,209.9,0.42,0.0,,11285.22,6010,False,0
461f6d,FIN50F  ,Finland,1765742389,1765744666,20.6122,54.9754,10980.42,False,0.0,0.0,0.0,,10012.68,1000,False,0
4bcdd4,SXS3G   ,Turkey,1765744665,1765744665,31.4821,39.1867,11582.4,False,215.9,252.39,0.0,,11620.5,,False,0
4bcdd2,SXS7A   ,Turkey,1765744665,1765744665,32.1136,36.0801,11094.72,False,194.67,308.78,3.58,,11193.78,,False,0
896598,ETD5GZ  ,United Arab Emirates,1765744662,1765744662,4.7709,52.3129,,True,2.31,33.75,,,,,False,0
4ca738,RYR9FW  ,Ireland,1765744665,1765744665,-6.9891,52.242,9616.44,False,227.81,107.21,10.08,,9685.02,5255,False,0
48af0d,LOT3EM  ,Poland,1765744666,1765744666,17.2889,50.4937,10668.0,False,220.16,56.05,0.0,,10858.5,1000,False,0
4ca73f,RYR85XH ,Ireland,1765744665,1765744665,4.5443,45.6457,10972.8,False,241.58,345.19,0.0,,11102.34,1000,False,0
447c9c,        ,Austria,1765744655,1765744655,16.5682,48.1152,,True,2.31,126.56,,,,,False,0
4ca73d,RYR54LV ,Ireland,1765744665,1765744665,-7.3972,41.2802,11887.2,False,248.99,196.94,0.0,,12039.6,0446,False,0
4ca73e,RYR26DV ,Ireland,1765744665,1765744665,-2.3181,41.8053,11277.6,False,238.14,205.73,0.0,,11369.04,1122,False,0
4bcde4,SXS3Q   ,Turkey,1765744665,1765744665,11.7115,49.3637,10058.4,False,232.04,121.4,0.0,,10271.76,7643,False,0
48af11,LOT122  ,Poland,1765744666,1765744666,21.2543,51.8336,1783.08,False,131.16,332.43,-7.48,,1882.14,2357,False,0
3009b6,DLA6PY  ,Italy,1765744665,1765744665,8.4366,46.9528,8953.5,False,207.58,177.16,-6.83,,9128.76,1000,False,0
345108,VLG9YL  ,Spain,1765744666,1765744666,2.7365,49.1105,10058.4,False,225.74,200.13,0.0,,10264.14,7136,False,0
3009b5,DLA2FP  ,Italy,1765744662,1765744662,8.5879,50.0498,,True,0.0,70.31,,,,,False,0
4ca741,RYR7GU  ,Ireland,1765744665,1765744665,-1.5974,42.4525,11582.4,False,223.37,71.19,0.33,,11673.84,2203,False,0
3009b8,DLA4CY  ,Italy,1765744665,1765744665,8.5196,49.4517,5478.78,False,196.61,181.8,12.68,,5646.42,1000,False,0
345102,VLG3DE  ,Spain,1765744665,1765744666,8.5951,42.0089,11155.68,False,241.29,61.19,-3.9,,11308.08,1000,False,0
48af07,LOT304  ,Poland,1765744665,1765744665,20.3023,50.6855,8656.32,False,199.57,22.27,-11.38,,8839.2,1000,False,0
406540,EZY54YX ,United Kingdom,1765744666,1765744666,11.8139,49.9319,11582.4,False,234.14,291.66,0.0,,11788.14,3126,False,0
48af08,LOT49H  ,Poland,1765743295,1765744664,20.2498,52.6943,11582.4,False,173.23,313.32,8.13,,5623.56,4320,False,0
48af05,LOT3YV  ,Poland,1765744665,1765744665,11.6745,50.0725,11887.2,False,218.65,90.54,0.0,,12070.08,1000,False,0
48af06,LOT7TC  ,Poland,1765744666,1765744666,18.293,52.3556,10668.0,False,241.72,99.8,-11.38,,10843.26,0502,False,0
461f67,FIN7DR  ,Finland,1765744300,1765744665,22.4386,54.7133,11887.2,False,3.29,308.66,0.33,,10927.08,4241,False,0
48af01,LOT6AD  ,Poland,1765742677,1765744663,20.0483,52.8127,12192.0,False,185.8,318.14,11.7,,7993.38,3710,False,0
48af02,LOT336  ,Poland,1765744666,1765744666,17.1854,51.9508,11277.6,False,236.14,90.62,0.0,,11422.38,1000,False,0
461f69,FIN2EG  ,Finland,1765744665,1765744665,24.9752,60.3199,,True,30.87,154.69,,,,3135,False,0
461f64,FIN4NC  ,Finland,1765744605,1765744665,21.7871,59.3187,10668.0,False,225.15,59.22,-0.33,,10507.98,7367,False,0
461f62,FIN50J  ,Finland,1765744357,1765744664,21.4894,59.2279,10881.36,False,228.77,58.7,-0.33,,11163.3,6647,False,0
406532,BAW88LP ,United Kingdom,1765744665,1765744665,16.7368,47.6244,10668.0,False,226.85,116.39,0.0,,10881.36,0535,False,0
89656d,ETD80   ,United Arab Emirates,1765744652,1765744657,8.7145,45.6315,,True,0.0,196.88,,,,,False,0
44cc44,BEL2XF  ,Belgium,1765744665,1765744665,8.5189,56.8133,11582.4,False,211.67,205.94,0.0,,11658.6,7673,False,0
394c0f,AFR27CE ,France,1765744666,1765744666,5.3015,46.348,11277.6,False,214.94,125.06,-0.33,,11414.76,1000,False,0
4ca76f,EIN529  ,Ireland,1765744664,1765744666,2.5802,49.0241,449.58,False,81.41,86.74,13.0,,541.02,5624,False,0
461f49,FIN143  ,Finland,1765744661,1765744665,24.9588,60.3137,,False,2.31,306.56,,,,5351,False,0
40650b,CFE36Y  ,United Kingdom,1765744666,1765744666,1.3282,50.972,3931.92,False,185.89,355.08,-8.13,,4023.36,7534,False,0
781ec3,CCA856  ,China,1765742876,1765744665,23.7893,58.0899,11277.6,False,268.35,68.4,0.0,,,2214,False,0
449683,JAF59V  ,Belgium,1765744504,1765744504,4.4531,51.1883,,True,0.0,326.25,,,,1000,False,0
896555,FDB3AB  ,United Arab Emirates,1765744665,1765744665,21.744,47.8078,11277.6,False,246.39,133.22,0.0,,11399.52,6025,False,0
461f59,FIN144  ,Finland,1765741553,1765744666,22.9712,54.0308,5135.88,False,204.62,10.58,0.0,,12435.84,5351,False,0
407838,EZY32ZJ ,United Kingdom,1765744646,1765744646,14.2651,50.1075,,True,0.45,300.94,,,,,False,0
e48df6,TAM8071 ,Brazil,1765744666,1765744666,6.9148,47.0717,8229.6,False,257.91,231.8,0.0,,8404.86,2542,False,0
e48df5,TAM8085 ,Brazil,1765744665,1765744665,-0.8228,51.4396,2011.68,False,123.68,216.2,7.15,,2049.78,0521,False,0
4063de,SHT6A   ,United Kingdom,1765744665,1765744665,-1.1784,52.5095,7726.68,False,232.44,334.85,5.2,,7879.08,7623,False,0
400f9a,BAW7WN  ,United Kingdom,1765744665,1765744665,8.4712,47.5392,1623.06,False,98.15,293.47,6.83,,1744.98,3053,False,0
8964b7,UAE39L  ,United Arab Emirates,1765744665,1765744665,8.6457,45.6948,1135.38,False,94.98,309.73,13.33,,1272.54,0454,False,0
8964c2,ETD18M  ,United Arab Emirates,1765744665,1765744665,8.5518,49.9571,548.64,False,111.64,118.34,9.43,,670.56,7661,False,0
461f39,FIN1673 ,Finland,1765744666,1765744666,9.5645,48.8667,11894.82,False,233.91,221.79,0.0,,12070.08,3105,False,0
461f35,FIN1LP  ,Finland,1765744666,1765744666,20.5792,58.8746,10668.0,False,215.35,44.81,0.0,,10530.84,3746,False,0
461f36,FIN53Y  ,Finland,1765744665,1765744665,17.4697,58.319,11887.2,False,219.35,45.29,-0.33,,11818.62,0207,False,0
461f30,FIN4BV  ,Finland,1765744665,1765744665,15.6149,58.1804,10058.4,False,248.58,53.41,0.33,,10058.4,0244,False,0
461f31,FIN1RY  ,Finland,1765744666,1765744666,23.5615,60.3503,3771.9,False,187.6,79.89,-9.1,,3665.22,2354,False,0
396671,TAY2PO  ,France,1765744559,1765744559,-8.6862,41.2667,60.96,False,68.71,168.77,-2.6,,152.4,7642,False,0
4063c3,CFE76D  ,United Kingdom,1765744666,1765744666,-0.3954,52.0347,4312.92,False,189.93,335.52,11.05,,4389.12,7665,False,0
781f74,CSN8004 ,China,1765744656,1765744656,37.016,56.0904,4297.68,False,139.71,32.52,10.08,,4099.56,,False,0
781f73,CSN346  ,China,1765744665,1765744665,12.7476,55.369,11887.2,False,266.21,62.74,0.0,,11978.64,1212,False,0
4076dd,EXS81K  ,United Kingdom,1765744666,1765744666,-1.7703,53.1881,2667.0,False,172.51,326.93,-9.43,,2682.24,0605,False,0
8964a0,UAE29U  ,United Arab Emirates,1765744665,1765744665,7.7707,44.7344,10058.4,False,238.57,132.12,0.0,,10210.8,0451,False,0
4a29f9,HYS251  ,Romania,1765744666,1765744666,12.8139,48.999,10972.8,False,236.47,294.28,0.0,,11201.4,3122,False,0
4076e4,BAW897  ,United Kingdom,1765744665,1765744665,-2.5608,53.4533,10675.62,False,218.57,159.9,0.33,,10782.3,3430,False,0
4076e8,BAW257  ,United Kingdom,1765744665,1765744665,13.8903,48.6332,11277.6,False,243.01,110.31,0.0,,11483.34,5250,False,0
8964a4,UAE182  ,United Arab Emirates,1765744665,1765744665,14.6707,48.831,11277.6,False,238.43,118.06,0.0,,11483.34,6035,False,0
4ca6a9,RYR25XK ,Ireland,1765744665,1765744665,-4.0645,43.6507,11277.6,False,244.67,184.7,0.0,,11399.52,2026,False,0
4ca6a6,RYR16XC ,Ireland,1765744665,1765744666,10.2373,50.2624,8694.42,False,232.35,287.39,7.48,,8900.16,6656,False,0
4864ef,KLM41U  ,Kingdom of the Netherlands,1765744666,1765744666,1.3827,48.5838,11887.2,False,232.74,229.3,0.0,,12047.22,2142,False,0
4864ec,,Kingdom of the Netherlands,1765744551,1765744551,-0.4359,51.4628,,True,0.0,81.56,,,,,False,0
4ca6a4,RYR26BG ,Ireland,1765744665,1765744666,13.6589,48.8003,11582.4,False,231.05,299.48,0.0,,11757.66,1000,False,0
4864ed,KLM1659 ,Kingdom of the Netherlands,1765744666,1765744666,6.9556,51.0361,10721.34,False,218.51,139.3,5.2,,10904.22,1000,False,0
780c5c,CAO1027 ,China,1765744665,1765744665,6.6003,51.1221,6286.5,False,206.28,225.91,-9.43,,6461.76,3510,False,0
3cc2d0,AWU443H ,Germany,1765744666,1765744666,8.8139,49.4621,1432.56,False,91.17,272.91,-1.3,,1554.48,1270,False,0
484ac0,ZXP26   ,Kingdom of the Netherlands,1765744665,1765744665,5.4287,52.2535,266.7,False,60.82,261.73,-0.33,,342.9,6220,False,0
48adab,LOT7NA  ,Poland,1765744665,1765744665,10.1096,50.4858,10972.8,False,233.95,256.39,0.0,,11170.92,1000,False,0
4d0211,SVW68JK ,Luxembourg,1765744665,1765744665,32.2107,40.2691,12496.8,False,285.68,91.96,0.0,,12504.42,0447,False,0
4ab568,SAS187  ,Sweden,1765744665,1765744665,18.0046,59.5239,1127.76,False,93.33,194.04,6.18,,1066.8,,False,0
4ab569,AUA63X  ,Sweden,1765744666,1765744666,18.7486,47.6181,3954.78,False,149.78,131.52,-0.65,,4099.56,,False,0
4ca5c8,EIN5XL  ,Ireland,1765744665,1765744665,-3.6625,49.679,11582.4,False,232.5,344.73,0.0,,11734.8,5537,False,0
4866ed,TRA4Q   ,Kingdom of the Netherlands,1765744665,1765744666,-3.8659,37.5709,8862.06,False,222.94,9.83,7.15,,8938.26,4536,False,0
3c48f1,EWG5LC  ,Germany,1765744666,1765744666,8.0933,51.533,4267.2,False,155.69,252.1,0.0,,4389.12,1000,False,0
4866ee,TRA6T   ,Kingdom of the Netherlands,1765744664,1765744665,-5.0729,38.7841,10363.2,False,209.39,25.62,0.33,,10454.64,4530,False,0
501c1c,TDR205  ,Croatia,1765744665,1765744666,15.5027,50.1035,11590.02,False,242.28,183.65,0.0,,11795.76,1170,False,0
4853d3,TRA39U  ,Kingdom of the Netherlands,1765744666,1765744666,3.6834,51.1574,5166.36,False,193.27,23.7,-8.13,,5303.52,1000,False,0
3c48ee,EWG9F   ,Germany,1765744665,1765744665,9.7764,53.6108,2171.7,False,145.92,344.25,-7.48,,2240.28,3070,False,0
478363,WIF5B   ,Norway,1765744666,1765744666,5.0696,60.095,3901.44,False,159.06,354.99,-8.13,,3848.1,,False,0
4866df,TRA5428 ,Kingdom of the Netherlands,1765744665,1765744665,4.0276,51.5211,4884.42,False,196.74,332.43,-6.83,,5029.2,1000,False,0
4866de,TRA81H  ,Kingdom of the Netherlands,1765744666,1765744666,13.2356,47.3755,11582.4,False,228.42,329.1,0.0,,11803.38,0206,False,0
496cb1,FM075   ,Portugal,1765744471,1765744471,-7.9681,37.0188,,True,1.29,36.56,,,,,False,0
496cb2,FM077   ,Portugal,1765742469,1765744662,-7.9697,37.0196,,True,3.86,348.75,,,,,False,0
341682,IBS15UH ,Spain,1765744665,1765744665,-5.9487,39.8146,10096.5,False,246.54,232.46,4.88,,10218.42,2657,False,0
501c44,CTN8701 ,Croatia,1765740754,1765744665,24.6973,62.5609,11582.4,False,242.02,185.86,0.98,,,4506,False,0
840df8,JAL46   ,Japan,1765744665,1765744665,41.2979,41.2102,10668.0,False,286.99,79.78,0.0,,10614.66,7561,False,0
4866e0,TRA32A  ,Kingdom of the Netherlands,1765744666,1765744666,-4.5204,39.6248,10980.42,False,211.8,22.27,0.0,,11094.72,6462,False,0
484cc3,KLM1667 ,Kingdom of the Netherlands,1765744666,1765744666,5.3706,52.0528,5806.44,False,169.94,133.41,11.7,,5974.08,1000,False,0
501c3b,CTN437  ,Croatia,1765744665,1765744665,11.8775,48.1548,3291.84,False,160.78,129.55,7.48,,3436.62,1000,False,0
3c1baf,BCS3LF  ,Germany,1765744665,1765744665,12.2561,51.4132,,True,7.72,354.38,,,,,False,0
4bce45,SXS1GZ  ,Turkey,1765744665,1765744666,23.5248,46.643,11277.6,False,239.89,139.96,-0.33,,11361.42,7627,False,0
484cbc,KLM835  ,Kingdom of the Netherlands,1765744665,1765744665,10.0449,51.5408,8839.2,False,249.42,104.21,0.0,,9052.56,3173,False,0
501c49,CTN4457 ,Croatia,1765744665,1765744665,9.267,48.3742,11887.2,False,213.72,132.56,0.0,,12070.08,1000,False,0
484cb7,KLM1183 ,Kingdom of the Netherlands,1765744665,1765744665,4.4418,53.4983,9898.38,False,239.07,4.94,3.9,,10066.02,3134,False,0
3463c6,VOE3830 ,Spain,1765744665,1765744666,-5.4945,40.737,10363.2,False,209.17,352.37,0.33,,10492.74,5062,False,0
484cb4,KLM85P  ,Kingdom of the Netherlands,1765744666,1765744666,6.3056,52.0762,8168.64,False,214.61,107.44,8.78,,8359.14,1000,False,0
49d4af,AAO25   ,Czech Republic,1765744665,1765744665,15.6959,48.7668,9144.0,False,205.21,340.07,0.0,,9357.36,1000,False,0
4ab561,SAS725  ,Sweden,1765744666,1765744666,22.4296,60.0732,3657.6,False,122.7,257.65,0.0,,3550.92,5353,False,0
4ab564,SAS1288 ,Sweden,1765744665,1765744665,12.6279,55.7443,1645.92,False,130.93,58.5,-7.8,,1676.4,0254,False,0
501c38,CTN415  ,Croatia,1765744665,1765744665,11.1479,48.4505,10058.4,False,218.74,126.68,0.0,,10271.76,1000,False,0
4078fd,EXS19W  ,United Kingdom,1765744666,1765744666,-7.4936,43.8501,11582.4,False,207.12,22.49,0.0,,11780.52,1142,False,0
405ee1,BAW864  ,United Kingdom,1765744665,1765744665,1.2267,52.0437,7985.76,False,242.77,79.5,6.83,,8161.02,1171,False,0
4d0238,SVW22ES ,Luxembourg,1765744666,1765744666,-10.1939,37.5759,11887.2,False,260.88,212.44,0.0,,12047.22,7644,False,0
4078ef,EZY39UA ,United Kingdom,1765744665,1765744665,22.8577,40.3248,1760.22,False,142.08,129.86,-9.1,,1905.0,,False,0
405ee0,BAW36LU ,United Kingdom,1765744666,1765744666,2.3229,49.6497,11582.4,False,237.56,330.27,0.0,,11757.66,4074,False,0
4078f0,EZY78WH ,United Kingdom,1765744666,1765744666,5.0994,46.0944,11574.78,False,232.58,328.38,0.33,,11719.56,4073,False,0
48418a,KLM1226 ,Kingdom of the Netherlands,1765744648,1765744648,4.7556,52.3144,,True,12.35,87.19,,,,3514,False,0
406696,TOM5PG  ,United Kingdom,1765744666,1765744666,7.6071,60.8983,11582.4,False,194.68,209.61,0.0,,11490.96,6024,False,0
780bb8,CAO3140 ,China,1765744663,1765744666,19.2786,47.4265,,True,1.03,137.81,,,,,False,0
3833ff,SECU04  ,France,1765744601,1765744601,7.2265,43.6665,,True,6.94,118.12,,,,,False,0
478f0e,WIF21M  ,Norway,1765744665,1765744665,21.37,69.7932,7620.0,False,167.44,76.13,-0.33,,7284.72,,False,0
461fa8,FIN24Q  ,Finland,1765744665,1765744665,1.2011,39.7663,10264.14,False,238.43,8.81,3.25,,10347.96,5556,False,0
461fa3,FIN8TA  ,Finland,1765744666,1765744666,19.6148,58.2434,11582.4,False,217.76,39.63,0.0,,11475.72,3051,False,0
461fa5,FIN7DZ  ,Finland,1765744419,1765744665,24.6607,60.4282,6134.1,False,127.27,3.24,13.0,,2948.94,0414,False,0
40799c,CFE4459 ,United Kingdom,1765744665,1765744665,0.14,51.5024,525.78,False,54.59,272.7,-5.2,,571.5,6270,False,0
484186,TRA44R  ,Kingdom of the Netherlands,1765744666,1765744666,-0.5834,47.4783,12192.0,False,221.85,37.75,0.0,,12329.16,1000,False,0
406674,SHT17L  ,United Kingdom,1765744665,1765744666,-3.9382,55.7353,11803.38,False,205.62,159.34,3.25,,11780.52,6460,False,0
484166,KLM47G  ,Kingdom of the Netherlands,1765744666,1765744666,6.6485,51.1784,10668.0,False,228.7,148.24,0.33,,10881.36,1000,False,0
484165,KLM75V  ,Kingdom of the Netherlands,1765744665,1765744665,2.7301,48.9869,11887.2,False,230.67,200.5,0.0,,12054.84,1000,False,0
43bff8,ROVER 1 ,United Kingdom,1765744666,1765744666,-0.1965,51.1549,,True,4.63,163.12,,,,,False,0
4d0281,JFA95X  ,Luxembourg,1765744529,1765744529,-3.5751,40.4554,,True,1.54,225.0,,,,,False,0
48548e,KLM72B  ,Kingdom of the Netherlands,1765744645,1765744656,4.7102,52.3431,-38.1,False,23.16,181.27,0.33,,38.1,1000,False,0
461faa,FIN7GR  ,Finland,1765744666,1765744666,4.9479,52.8238,11582.4,False,219.13,228.9,0.0,,11742.42,3513,False,0
43bfdd,LEADER 8,United Kingdom,1765744650,1765744650,-0.169,51.1589,,True,2.06,202.5,,,,,False,0
4bcdb6,SXS2TQ  ,Turkey,1765744665,1765744665,26.7417,42.6412,11277.6,False,251.1,109.88,0.0,,11308.08,7665,False,0
4bcdb3,SXS9AB  ,Turkey,1765744665,1765744665,28.414,37.8679,11277.6,False,260.45,122.5,0.33,,11391.9,7645,False,0
4bcdac,SXS92X  ,Turkey,1765744666,1765744666,31.6243,38.2043,7909.56,False,240.16,201.62,-7.48,,8039.1,,False,0
484132,KLM25J  ,Kingdom of the Netherlands,1765744665,1765744665,5.5529,52.8319,7787.64,False,217.25,48.65,10.4,,7970.52,0150,False,0
48412f,BFY073P ,Kingdom of the Netherlands,1765744665,1765744666,27.6293,43.3578,12496.8,False,267.67,123.48,-0.33,,12496.8,3416,False,0
4a5df7,HYS257  ,Romania,1765744666,1765744666,12.9412,48.9686,11582.4,False,240.13,294.42,0.0,,11788.14,6616,False,0
4ca708,RYR35KA ,Ireland,1765744665,1765744666,7.6467,45.1534,396.24,False,74.66,2.37,-4.23,,563.88,1000,False,0
4ca703,RYR30ED ,Ireland,1765744665,1765744665,10.136,43.668,2247.9,False,144.65,285.47,15.93,,2385.06,,False,0
4ca704,RYR25FJ ,Ireland,1765744458,1765744458,8.7537,45.557,464.82,False,88.08,348.89,-4.55,,624.84,1000,False,0
484130,KLM27F  ,Kingdom of the Netherlands,1765744665,1765744665,6.9769,52.2722,9784.08,False,231.65,82.09,6.83,,9982.2,1000,False,0
4243c3,AZG5721 ,United Kingdom,1765744666,1765744666,11.9082,49.6596,10363.2,False,256.64,307.83,0.0,,10591.8,3260,False,0
4ca702,RYR21FG ,Ireland,1765744666,1765744666,9.9307,45.6263,1021.08,False,102.05,286.7,-5.85,,1181.1,0514,False,0
0201a1,RAM951X ,Morocco,1765744665,1765744666,-5.2668,35.665,11277.6,False,239.0,214.03,0.0,,11308.08,4044,False,0
4ca645,RYR50TX ,Ireland,1765744447,1765744447,14.7427,37.4821,1447.8,False,117.7,131.63,-6.83,,1615.44,6303,False,0
4ca646,RYR56HX ,Ireland,1765744665,1765744665,-7.3205,43.8275,7620.0,False,249.16,195.82,0.0,,7780.02,5410,False,0
4ca640,EIN58K  ,Ireland,1765744665,1765744665,-4.4014,46.438,11582.4,False,229.1,352.0,0.0,,11765.28,2344,False,0
345248,VLG1572 ,Spain,1765744665,1765744665,-2.6932,43.0867,10050.78,False,228.6,287.42,0.0,,10157.46,0251,False,0
345249,VLG18TT ,Spain,1765744665,1765744666,2.6437,48.4525,10668.0,False,234.25,192.82,0.0,,10850.88,1000,False,0
4ca643,RYR5UR  ,Ireland,1765744418,1765744418,-3.569,40.4608,,True,1.03,140.62,,,,,False,0
407930,BAW576  ,United Kingdom,1765744656,1765744656,9.2798,45.4566,,True,6.69,0.0,,,,5240,False,0
405f12,EZY89WL ,United Kingdom,1765744665,1765744665,-3.9764,44.5517,10363.2,False,214.07,1.38,0.0,,10523.22,7443,False,0
405f13,EZY86QZ ,United Kingdom,1765744666,1765744666,0.8463,41.8845,11574.78,False,228.75,356.91,0.0,,11666.22,5360,False,0
405f11,EZY29FH ,United Kingdom,1765744666,1765744666,-0.9842,51.157,9875.52,False,240.94,341.06,-9.1,,10066.02,1160,False,0
0201ac,CNKAM   ,Morocco,1765744558,1765744562,-7.6443,35.0317,8260.08,False,238.68,200.7,-10.4,,8321.04,7643,False,0
4bccaa,SXS98M  ,Turkey,1765744665,1765744665,38.4401,39.9068,11582.4,False,203.07,264.62,0.0,,11567.16,5163,False,0
4ca61e,RYR44UK ,Ireland,1765741728,1765744665,21.9826,55.5775,10972.8,False,194.75,299.95,9.1,,9456.42,5225,False,0
478df2,WIF9AL  ,Norway,1765744644,1765744645,8.3905,62.9125,11582.4,False,198.22,208.69,0.33,,11399.52,,False,0
4ca61f,RYR7YJ  ,Ireland,1765744666,1765744666,11.7743,44.8045,7848.6,False,225.12,127.11,8.45,,8039.1,7435,False,0
0201b6,RAM667H ,Morocco,1765744665,1765744666,-1.5025,43.0015,9448.8,False,241.29,208.81,0.0,,9563.1,7647,False,0
4ca61b,RYR1JY  ,Ireland,1765744666,1765744666,-3.8433,52.4569,9090.66,False,200.82,289.92,-10.4,,9243.06,6325,False,0
486742,KLM61T  ,Kingdom of the Netherlands,1765744666,1765744666,4.6188,52.2377,1760.22,False,114.06,254.84,22.11,,1805.94,6265,False,0
0201b5,RAM651U ,Morocco,1765744665,1765744665,1.903,47.726,7360.92,False,199.79,197.69,7.15,,7513.32,7657,False,0
4ca61d,RYR89FX ,Ireland,1765744665,1765744666,5.8556,50.4907,4914.9,False,216.96,273.4,-12.03,,5067.3,1000,False,0
486740,KLM89E  ,Kingdom of the Netherlands,1765744666,1765744666,8.6571,54.4959,10675.62,False,248.42,51.14,0.0,,10850.88,1000,False,0
4bccb5,SXS84R  ,Turkey,1765744665,1765744665,21.2716,46.1705,11277.6,False,228.89,120.08,0.0,,11399.52,2170,False,0
4ca623,RYR59JE ,Ireland,1765744666,1765744666,1.0603,53.1661,11582.4,False,215.62,281.98,0.0,,11704.32,7341,False,0
4ca624,RYR2LQ  ,Ireland,1765744665,1765744665,16.6233,57.1842,10972.8,False,212.68,227.74,0.0,,10972.8,3516,False,0
406668,EZY37LP ,United Kingdom,1765744665,1765744665,9.3496,53.4308,10972.8,False,214.3,287.17,0.0,,11163.3,1354,False,0
4d00c1,LGL338C ,Luxembourg,1765744665,1765744665,-1.7827,43.7989,11582.4,False,220.88,27.16,0.0,,11704.32,1000,False,0
345215,AEA26SA ,Spain,1765744461,1765744461,4.4923,50.8927,,True,6.43,306.56,,,,1000,False,0
40796b,TOM1FY  ,United Kingdom,1765744665,1765744665,11.2526,47.8823,10972.8,False,248.17,307.25,0.0,,11178.54,3572,False,0
345206,VLG45HH ,Spain,1765744665,1765744665,1.1726,46.2796,11277.6,False,234.51,211.18,0.0,,11430.0,2120,False,0
345207,VLG35C  ,Spain,1765744666,1765744666,-3.9019,41.9299,10058.4,False,245.78,253.46,0.0,,10165.08,0446,False,0
407979,BAW9606 ,United Kingdom,1765744665,1765744665,-0.01,51.4395,1409.7,False,101.95,332.01,-3.9,,1447.8,5161,False,0
345204,VLG1PP  ,Spain,1765744665,1765744665,-1.1219,42.0791,10050.78,False,230.66,286.45,0.33,,10142.22,1000,False,0
345205,VLG80ZD ,Spain,1765744666,1765744666,9.3612,44.1576,10210.8,False,230.08,76.03,-4.55,,10378.44,1000,False,0
4ca660,SAS1772 ,Ireland,1765744661,1765744661,17.9336,59.6545,,True,0.9,47.81,,,,,False,0
4ca64e,RYR81SR ,Ireland,1765744650,1765744658,8.7247,45.6105,,True,0.0,78.75,,,,0416,False,0
400fe3,EZY78DM ,United Kingdom,1765744662,1765744664,-0.7014,44.8383,,True,4.37,300.94,,,,,False,0
400fe2,EZY16YJ ,United Kingdom,1765744665,1765744666,3.2362,49.0636,11582.4,False,231.46,310.13,-0.33,,11757.66,6744,False,0
400fe0,EZY616B ,United Kingdom,1765744665,1765744666,-5.8025,54.7253,1577.34,False,116.91,300.4,-2.6,,1493.52,6304,False,0
4d00f6,LGL62EM ,Luxembourg,1765744665,1765744665,4.7608,41.8382,10363.2,False,245.27,25.87,0.0,,10477.5,1000,False,0
4d00ed,LGL4RH  ,Luxembourg,1765744666,1765744666,-6.4389,44.1912,10363.2,False,221.72,42.65,0.0,,10553.7,,False,0
15206f,SVR1804 ,Russian Federation,1765744665,1765744665,30.8494,36.9956,9753.6,False,226.31,21.61,0.0,,9860.28,6135,False,0
4d00d7,LGL8W   ,Luxembourg,1765744665,1765744666,13.7587,48.5733,7315.2,False,179.71,295.61,0.0,,7551.42,1000,False,0
4d00d6,LGL6495 ,Luxembourg,1765744665,1765744665,9.0694,45.4525,2827.02,False,118.67,171.27,-7.48,,2994.66,2530,False,0
4d00d8,LGL58N  ,Luxembourg,1765744665,1765744665,7.1689,43.7814,4015.74,False,142.26,344.91,9.43,,4191.0,,False,0
8965b9,UAE9906 ,United Arab Emirates,1765744666,1765744666,17.0053,35.7505,11277.6,False,300.96,101.14,0.0,,11597.64,4115,False,0
8965c2,FDB3VG  ,United Arab Emirates,1765744609,1765744615,36.5279,40.4612,10972.8,False,208.08,282.42,0.0,,10972.8,0514,False,0
4d00f4,LGL404  ,Luxembourg,1765744665,1765744665,-3.5921,44.4868,10972.8,False,210.85,47.67,0.0,,11117.58,1000,False,0
4d00f3,LGL3754 ,Luxembourg,1765744666,1765744666,-6.3598,44.1321,10972.8,False,212.54,35.34,0.0,,11148.06,5214,False,0
4d00da,LGL8022 ,Luxembourg,1765744666,1765744666,4.5983,49.2941,5791.2,False,163.16,74.08,0.33,,5966.46,1000,False,0
4852f4,KLM975  ,Kingdom of the Netherlands,1765744665,1765744666,3.9538,52.5288,6149.34,False,181.63,303.92,9.1,,6309.36,7336,False,0
4bce0e,SXS3TA  ,Turkey,1765744666,1765744666,16.629,45.3236,11277.6,False,223.48,127.42,-0.33,,11468.1,0104,False,0
4852f5,KLM1793 ,Kingdom of the Netherlands,1765744665,1765744665,5.7928,52.3402,6004.56,False,209.33,81.09,10.4,,6179.82,7336,False,0
c06c4e,CJT1896 ,Canada,1765744666,1765744666,2.6778,51.3615,10972.8,False,235.5,280.57,0.0,,11155.68,0102,False,0
0201be,AOM712A ,Morocco,1765744665,1765744665,-2.4287,36.4406,11590.02,False,215.57,19.08,-0.33,,11612.88,6455,False,0
4bce08,SXS964  ,Turkey,1765744665,1765744665,38.7742,40.8016,10668.0,False,260.02,75.8,0.0,,10652.76,5145,False,0
152035,AFL1530 ,Russian Federation,1765744518,1765744518,37.4146,55.9799,,True,0.9,163.12,,,,,False,0
4bce10,SXS8NA  ,Turkey,1765744665,1765744666,11.1627,48.0873,11582.4,False,238.01,307.71,0.0,,11772.9,3206,False,0
4bce15,SXS6PJ  ,Turkey,1765744665,1765744665,21.7466,45.9539,10058.4,False,222.48,124.83,0.0,,10195.56,6431,False,0
4bce13,SXS7FK  ,Turkey,1765744665,1765744665,33.1098,37.2799,11582.4,False,212.65,272.36,0.0,,11650.98,,False,0
47a6bc,ALI02   ,Norway,1765744665,1765744665,5.2155,60.3013,205.74,False,19.66,173.99,-1.3,,137.16,,False,0
46866b,AEZ2227 ,Greece,1765744665,1765744665,14.752,42.1654,5433.06,False,201.48,131.79,-11.38,,5646.42,4663,False,0
4d0105,CLX86   ,Luxembourg,1765744665,1765744665,6.3527,49.6787,838.2,False,95.84,240.41,-4.55,,952.5,3205,False,0
479301,WIF630  ,Norway,1765744661,1765744661,13.8465,66.8762,12496.8,False,240.3,29.64,0.33,,12161.52,,False,0
4ca4ea,RYR16LX ,Ireland,1765744664,1765744664,14.0074,42.726,3756.66,False,180.95,335.48,13.66,,3924.3,,False,0
4ca4f4,RYR63KH ,Ireland,1765744665,1765744665,0.2816,49.4807,11277.6,False,224.72,165.55,0.0,,11445.24,0517,False,0
4ca4f2,RYR73FD ,Ireland,1765744665,1765744665,11.55,43.6841,10972.8,False,232.2,299.46,0.0,,11125.2,1000,False,0
4d0112,CLX189  ,Luxembourg,1765744665,1765744665,21.0826,47.101,10363.2,False,239.99,308.12,0.0,,10530.84,3264,False,0
484a91,ZXP01   ,Kingdom of the Netherlands,1765744666,1765744666,5.0074,52.3267,335.28,False,73.12,357.58,0.33,,403.86,6220,False,0
400e14,EZY35WY ,United Kingdom,1765744662,1765744663,-0.1716,51.1593,,True,0.0,315.0,,,,2000,False,0
400e13,EZY57QD ,United Kingdom,1765744666,1765744666,-9.04,39.6554,7840.98,False,191.34,8.35,8.13,,8016.24,2265,False,0
484a94,ZXP04   ,Kingdom of the Netherlands,1765744621,1765744621,4.4399,51.9513,,True,0.0,151.88,,,,6220,False,0
8940bb,DHX757  ,Bahrain,1765743656,1765744665,27.0289,44.0807,11277.6,False,253.0,128.48,0.0,,11277.6,6416,False,0
040131,ETH729  ,Ethiopia,1765744666,1765744666,5.3908,46.6365,6339.84,False,193.34,102.45,-4.88,,6507.48,5232,False,0
76ccd1,SIA7371 ,Singapore,1765744665,1765744665,4.9819,52.2528,1021.08,False,152.89,92.12,9.75,,1066.8,3137,False,0
48ad87,LOT7PK  ,Poland,1765744665,1765744665,21.0275,52.0968,434.34,False,73.66,331.65,-3.9,,541.02,7650,False,0
48ad83,LOT274  ,Poland,1765744605,1765744663,15.8161,54.2708,11277.6,False,34.05,184.33,0.33,,10317.48,2012,False,0
48ad84,LOT355  ,Poland,1765744666,1765744666,16.409,50.7197,10363.2,False,229.71,240.33,-1.3,,10538.46,1000,False,0
48ad82,LOT397  ,Poland,1765744666,1765744666,13.9985,53.2382,10363.2,False,210.03,282.88,0.0,,10546.08,3110,False,0
76cccf,SIA7979 ,Singapore,1765744665,1765744665,20.6318,46.7932,10668.0,False,250.04,121.37,0.0,,10797.54,0113,False,0
48ad80,LOT3PW  ,Poland,1765744666,1765744666,17.52,49.2581,10058.4,False,219.03,43.86,0.0,,10241.28,1000,False,0
346188,VLG8KA  ,Spain,1765744665,1765744665,-0.9768,51.2084,11879.58,False,221.16,150.45,0.0,,12016.74,2253,False,0
346184,VLG35GB ,Spain,1765744665,1765744665,7.5723,43.7163,10584.18,False,225.06,52.06,-2.93,,10728.96,1000,False,0
346181,AME0876 ,Spain,1765744662,1765744662,-5.3563,38.094,7307.58,False,208.69,25.87,-0.33,,7429.5,5061,False,0
346182,ANE37YV ,Spain,1765744665,1765744665,-4.2517,36.8159,5791.2,False,136.34,89.14,0.0,,5875.02,3476,False,0
43e9ab,MABGG   ,United Kingdom,1765744664,1765744665,2.5733,48.9668,1143.0,False,128.64,97.35,0.98,,1234.44,5627,False,0
40631a,EZY41NW ,United Kingdom,1765744666,1765744666,-3.8586,37.8409,9753.6,False,206.55,10.33,-0.33,,9814.56,4535,False,0
486492,KLM29T  ,Kingdom of the Netherlands,1765744666,1765744666,7.3699,51.3048,10660.38,False,230.0,125.72,1.3,,10866.12,3172,False,0
406f73,BAW239  ,United Kingdom,1765744665,1765744665,-9.4293,53.6982,11574.78,False,228.68,294.03,-0.33,,11483.34,7625,False,0
486495,KLM15H  ,Kingdom of the Netherlands,1765744665,1765744665,9.7723,53.4498,11887.2,False,238.91,78.45,-0.33,,12039.6,1000,False,0
486493,,Kingdom of the Netherlands,1765744650,1765744663,4.7797,52.3162,-38.1,False,67.49,183.06,0.0,,45.72,,False,0
486494,KLM40C  ,Kingdom of the Netherlands,1765744387,1765744387,4.7544,52.299,,True,4.12,8.44,,,,1000,False,0
4791dd,NOZ109B ,Norway,1765744665,1765744666,12.3017,55.4062,11582.4,False,214.85,352.43,0.0,,11696.7,3757,False,0
406f65,HLE60   ,United Kingdom,1765744665,1765744666,0.5894,51.1606,358.14,False,61.58,276.23,0.33,,426.72,,False,0
150699,RA67225 ,Russian Federation,1765742273,1765744655,37.6043,40.6789,12496.8,False,267.77,79.04,0.0,,12451.08,0760,False,0
406319,EZY52WB ,United Kingdom,1765744665,1765744665,5.36,46.9876,7863.84,False,213.29,349.02,14.63,,8039.1,5731,False,0
4ca4ed,RYR77BB ,Ireland,1765744575,1765744579,2.0784,41.2971,-76.2,False,70.21,65.31,-0.98,,60.96,1000,False,0
4ca4ec,RYR38RZ ,Ireland,1765744665,1765744665,-0.8118,50.5034,7703.82,False,219.06,6.61,-11.7,,7871.46,1057,False,0
5140bc,CMS502D ,Georgia,1765744655,1765744655,44.9584,41.6634,373.38,False,53.86,316.55,-0.33,,480.06,2336,False,0
5140c6,IGT2103 ,Georgia,1765744666,1765744666,17.7231,47.598,10363.2,False,238.55,292.31,0.0,,10523.22,3232,False,0
485122,TRA5082 ,Kingdom of the Netherlands,1765744665,1765744665,1.4098,48.3835,11582.4,False,226.4,25.87,0.0,,11742.42,1000,False,0
40769a,TOM407  ,United Kingdom,1765744665,1765744666,3.9232,49.034,11582.4,False,237.85,309.65,0.0,,11757.66,7522,False,0
40768c,EZY96AK ,United Kingdom,1765744665,1765744665,0.2106,51.1867,1478.28,False,92.76,302.54,-4.55,,1516.38,6657,False,0
40768a,EZY91YA ,United Kingdom,1765744665,1765744665,-1.5716,51.3272,7620.0,False,197.65,117.43,0.0,,7780.02,6356,False,0
40768b,EZY46BV ,United Kingdom,1765744666,1765744666,0.1897,50.9702,6461.76,False,188.44,315.44,-9.1,,6621.78,5704,False,0
459a62,FRO986  ,Denmark,1765744666,1765744666,-2.4536,46.313,9144.0,False,173.5,39.83,0.0,,9326.88,2340,False,0
34744c,VLG48LK ,Spain,1765744666,1765744666,1.8629,41.9188,5173.98,False,168.27,186.49,-7.8,,5318.76,5231,False,0
34744d,VLG1YN  ,Spain,1765744665,1765744665,2.1647,49.8563,10363.2,False,234.43,34.18,0.0,,10553.7,1000,False,0
4409c0,EJU783X ,Austria,1765744665,1765744665,2.3579,48.7532,8549.64,False,242.16,208.42,6.18,,8755.38,1000,False,0
407687,EZY78EG ,United Kingdom,1765744665,1765744665,11.3868,47.858,11590.02,False,237.19,306.0,0.0,,11780.52,7540,False,0
347454,IBE06ZZ ,Spain,1765744666,1765744666,0.5695,43.4326,9448.8,False,230.74,229.88,0.0,,9570.72,1000,False,0
3950ce,AFR69NP ,France,1765744666,1765744666,2.3412,48.676,6362.7,False,185.1,211.13,13.98,,6507.48,7667,False,0
347453,IBE06EM ,Spain,1765744665,1765744665,0.5792,43.0916,11582.4,False,219.89,57.13,0.0,,11704.32,1000,False,0
407688,EZY59DX ,United Kingdom,1765744477,1765744477,-3.5655,40.4696,,True,10.29,2.81,,,,,False,0
3950cc,AFR6226 ,France,1765744665,1765744666,2.9778,47.0471,11750.04,False,217.4,162.94,3.58,,11894.82,7667,False,0
48ad0c,LOT529  ,Poland,1765744662,1765744665,14.2593,50.1071,,True,2.83,98.44,,,,1000,False,0
48ad0d,LOT3860 ,Poland,1765744666,1765744666,17.2722,51.2565,3954.78,False,173.04,77.99,12.68,,4099.56,,False,0
48ad10,LOT6MB  ,Poland,1765744665,1765744665,8.1283,52.5464,10668.0,False,217.61,269.73,-4.88,,10873.74,1000,False,0
48ad08,LOT532  ,Poland,1765744540,1765744540,20.9701,52.1696,,True,2.31,185.62,,,,1000,False,0
34754c,IBS16ST ,Spain,1765744661,1765744661,-8.5586,36.1803,10972.8,False,200.64,47.6,0.0,,11109.96,6245,False,0
407631,EXS61H  ,United Kingdom,1765744637,1765744637,-3.3684,55.9461,,True,0.0,267.19,,,,7643,False,0
34750f,AEA71NL ,Spain,1765744666,1765744666,-3.4367,42.5988,7620.0,False,213.04,206.69,0.0,,7741.92,,False,0
34750a,AEA5038 ,Spain,1765744665,1765744665,-4.1534,36.8897,5227.32,False,164.9,23.93,6.5,,5318.76,5074,False,0
347519,IBE07SC ,Spain,1765744666,1765744666,-4.2344,40.5967,4899.66,False,159.48,180.0,-5.2,,5021.58,5161,False,0
4ca570,RYR81XA ,Ireland,1765744643,1765744643,-4.4955,36.6788,,True,0.0,132.19,,,,5661,False,0
4ca568,RYR57UW ,Ireland,1765744592,1765744604,4.4925,50.4714,228.6,False,73.23,245.96,-4.23,,335.28,2233,False,0
49d563,TVS4371 ,Czech Republic,1765744666,1765744666,11.1686,61.4954,11590.02,False,186.64,236.92,0.33,,11452.86,,False,0
400d5a,BAW3HK  ,United Kingdom,1765744665,1765744665,1.8372,50.2231,10363.2,False,237.96,313.77,0.33,,10553.7,4105,False,0
3c70ca,GEC8386 ,Germany,1765744666,1765744666,8.8848,49.8386,2827.02,False,157.1,119.42,12.35,,2933.7,7642,False,0
78022e,CPA250  ,China,1765744665,1765744665,23.8299,45.6869,9448.8,False,238.71,118.44,0.0,,9555.48,3401,False,0
040203,ETH553  ,Ethiopia,1765744666,1765744666,-12.9408,42.2618,10972.8,False,264.42,107.2,0.0,,11178.54,,False,0
4ca56b,RYR49LH ,Ireland,1765744666,1765744666,-3.7688,43.085,10972.8,False,216.82,352.64,0.0,,11087.1,4601,False,0
4ca56a,RYR47WT ,Ireland,1765744665,1765744665,13.6921,40.9575,10972.8,False,220.39,337.93,0.33,,11170.92,1222,False,0
4074b5,EZY83VD ,United Kingdom,1765744665,1765744665,-3.606,38.7397,11590.02,False,221.56,10.84,0.33,,11666.22,4501,False,0
4074b6,EZY89GC ,United Kingdom,1765744653,1765744653,-0.6983,44.8285,,True,0.0,16.88,,,,5002,False,0
3c70b5,BCS186  ,Germany,1765744655,1765744664,12.2457,51.4085,,True,1.54,2.81,,,,,False,0
8966c3,ETD128  ,United Arab Emirates,1765744665,1765744666,12.7815,47.5003,7063.74,False,214.61,130.33,6.83,,7292.34,6030,False,0
34134d,IBE05KK ,Spain,1765744666,1765744666,0.8229,46.9853,9281.16,False,195.1,39.65,-4.88,,9418.32,1000,False,0
3c70c3,GEC8264 ,Germany,1765744665,1765744666,-3.0433,40.0331,9448.8,False,259.55,227.17,0.0,,9525.0,0632,False,0
47921c,NOZ1719 ,Norway,1765744665,1765744665,-2.0658,46.9506,11582.4,False,227.76,9.23,0.0,,11727.18,2342,False,0
8966a6,ETD142  ,United Arab Emirates,1765744656,1765744661,8.555,47.4597,327.66,True,0.0,95.62,,,,3005,False,0
4ba9ef,THY6542 ,Turkey,1765741323,1765744666,24.6185,60.1867,12192.0,False,161.84,193.42,20.48,,3017.52,5213,False,0
4cafc4,RYR45VB ,Ireland,1765744666,1765744666,-6.2328,51.431,10972.8,False,213.83,277.6,0.0,,11064.24,1255,False,0
4cafc0,RYR37LK ,Ireland,1765744665,1765744666,-5.5377,40.7793,11277.6,False,251.55,220.11,0.0,,11407.14,3751,False,0
4cafc1,RYR7195 ,Ireland,1765744665,1765744665,6.7265,50.6584,10972.8,False,235.4,244.5,0.0,,11163.3,1126,False,0
48ada8,LOT9KM  ,Poland,1765744665,1765744665,18.4473,52.6619,8839.2,False,224.76,102.83,0.0,,8976.36,,False,0
48ada7,LOT4WM  ,Poland,1765744134,1765744666,19.332,53.0689,10972.8,False,201.03,309.39,4.88,,9380.22,6505,False,0
48ada5,LOT1KE  ,Poland,1765744665,1765744666,14.3008,51.9033,11582.4,False,221.61,266.54,-0.33,,11742.42,1000,False,0
48ada2,LOT2FE  ,Poland,1765744665,1765744665,20.4149,51.5405,3619.5,False,169.62,50.66,-8.78,,3726.18,1000,False,0
48ada3,LOT3MA  ,Poland,1765744666,1765744666,11.8741,50.2433,10302.24,False,227.68,279.89,-7.8,,10492.74,1000,False,0
4cafcc,SAS87J  ,Ireland,1765744665,1765744665,2.0401,51.7738,9166.86,False,214.43,264.63,-10.73,,9364.98,7671,False,0
48ada0,LOT3MT  ,Poland,1765744665,1765744665,25.2759,45.1966,10668.0,False,241.31,144.11,0.33,,10721.34,5610,False,0
48ada1,LOT348  ,Poland,1765744640,1765744641,20.9673,52.1656,15.24,False,44.88,331.97,-0.33,,137.16,1000,False,0
4cafcd,SAS47D  ,Ireland,1765744666,1765744666,12.9366,54.6776,7886.7,False,218.29,343.57,-16.26,,8046.72,6640,False,0
4cafce,SAS1560 ,Ireland,1765744665,1765744665,10.3341,55.0974,9730.74,False,220.08,45.09,-9.43,,9875.52,1227,False,0
4cafcf,RYR5KD  ,Ireland,1765744665,1765744665,14.6565,44.0652,11582.4,False,229.15,326.63,0.0,,11757.66,0210,False,0
4cafd6,SAS2536 ,Ireland,1765744665,1765744665,11.467,55.4464,5349.24,False,205.13,65.56,-10.73,,5425.44,0723,False,0
4cafd7,SAS1740 ,Ireland,1765744665,1765744665,19.661,58.5077,8351.52,False,261.1,140.04,6.18,,8313.42,4312,False,0
4cafd0,RYR2HA  ,Ireland,1765744665,1765744665,-8.3869,38.9157,10058.4,False,245.21,176.99,0.0,,10218.42,3343,False,0
4cafd2,RYR8WH  ,Ireland,1765744665,1765744665,-9.6142,38.4283,2811.78,False,142.56,60.84,-8.45,,2918.46,3335,False,0
4cafd3,RYR99YH ,Ireland,1765744665,1765744666,18.2667,52.2402,9989.82,False,219.99,280.1,7.48,,10134.6,6152,False,0
44d1a6,JAF32A  ,Belgium,1765744665,1765744665,-11.3812,39.0384,10972.8,False,213.75,27.37,0.0,,11209.02,6242,False,0
040049,ETH715  ,Ethiopia,1765744666,1765744666,19.8034,58.101,8983.98,False,289.37,150.38,6.18,,8953.5,4523,False,0
4b8349,ASLAN36 ,Turkey,1765744664,1765744665,28.0077,36.7508,5798.82,False,34.95,317.39,0.0,,5890.26,,False,0
4ba9e4,THY7CG  ,Turkey,1765744665,1765744666,23.3997,47.0235,11887.2,False,255.57,141.54,0.0,,11948.16,7637,False,0
4ba9e6,THY8WQ  ,Turkey,1765744665,1765744665,23.2782,46.96,11277.6,False,244.33,140.98,0.0,,11369.04,7637,True,0
4ba9e5,THY1DY  ,Turkey,1765743830,1765744665,25.334,54.7168,11277.6,False,239.7,65.8,0.0,,11209.02,2650,False,0
502d0f,SWR5BW  ,Latvia,1765744610,1765744658,8.563,47.4586,335.28,True,0.06,5.62,,,,1000,False,0
71c006,KAL908  ,Republic of Korea,1765744666,1765744666,17.0283,48.7946,10058.4,False,246.18,111.58,0.0,,10271.76,4616,False,0
502d29,SWR2FA  ,Latvia,1765744665,1765744665,1.9275,39.0498,10027.92,False,231.15,69.55,7.15,,10126.98,1000,False,0
44d1c3,JAF1FG  ,Belgium,1765744666,1765744666,-5.9834,35.6438,11277.6,False,247.17,194.09,-0.33,,11323.32,7645,False,0
4cafb5,RYR50YR ,Ireland,1765744666,1765744666,-0.3954,40.7837,11582.4,False,227.98,358.45,0.33,,11666.22,5334,False,0
502d28,SWR72L  ,Latvia,1765744666,1765744666,8.6548,47.3023,1447.8,False,87.92,335.08,-4.55,,1584.96,1000,False,0
4076cc,BAW352  ,United Kingdom,1765744666,1765744666,-0.5017,51.4649,548.64,False,75.64,268.83,9.1,,579.12,,False,0
406fdb,EZY32VR ,United Kingdom,1765744665,1765744665,-1.0193,50.8991,9144.0,False,229.96,0.26,0.0,,9342.12,5277,False,0
406fda,EZY13TU ,United Kingdom,1765744665,1765744666,4.4418,52.1999,2819.4,False,139.92,250.9,13.0,,2903.22,6277,False,0
400f63,URO900  ,United Kingdom,1765744666,1765744666,16.7494,48.8537,12496.8,False,238.5,107.97,0.0,,12641.58,4645,False,0
06a391,QTR63C  ,Qatar,1765744665,1765744665,18.2006,48.3177,10660.38,False,244.47,122.45,1.63,,10843.26,1462,False,0
502d44,SWR53Q  ,Latvia,1765744666,1765744666,9.563,48.6263,9083.04,False,215.89,28.15,3.25,,9304.02,3052,False,0
780f3b,CES772  ,China,1765744663,1765744664,20.0288,57.4793,9448.8,False,269.59,68.62,0.0,,9433.56,2515,False,0
780f3a,CES570  ,China,1765744666,1765744666,11.2919,54.5744,9448.8,False,261.7,58.34,0.0,,9608.82,5610,False,0
44d1a1,JAF1HL  ,Belgium,1765744666,1765744666,0.5629,48.4564,10972.8,False,215.96,38.62,0.0,,11155.68,1000,False,0
502d47,BTI29H  ,Latvia,1765744665,1765744665,12.7315,55.6666,327.66,False,56.86,221.33,-2.93,,381.0,0456,False,0
502d79,BTI79M  ,Latvia,1765744326,1765744665,24.8379,59.1941,6210.3,False,166.71,169.87,11.7,,2506.98,0265,False,0
4076b1,TUI409  ,United Kingdom,1765744665,1765744665,-1.6075,44.115,11582.4,False,224.18,28.21,0.0,,11696.7,1000,False,0
4caff6,RYR44LL ,Ireland,1765744665,1765744665,-0.5494,38.2813,,True,12.86,75.94,,,,1164,False,0
4caff7,RYR24KF ,Ireland,1765744666,1765744666,-2.3729,40.2024,12192.0,False,231.4,323.59,0.0,,12275.82,4571,False,0
3964eb,TVF12UQ ,France,1765744514,1765744521,2.4155,48.7299,83.82,False,77.52,254.21,-4.23,,228.6,1000,False,0
780de5,CES788  ,China,1765744666,1765744666,12.1405,44.7875,10668.0,False,245.52,9.28,-0.33,,10873.74,1273,False,0
3964ef,TVF74FR ,France,1765744666,1765744666,0.9635,47.8533,4320.54,False,160.28,351.32,-7.48,,4442.46,5574,False,0
3007ee,DLA39H  ,Italy,1765744541,1765744548,8.5403,50.0315,15.24,True,12.86,247.5,,,,1000,False,0
40777c,EXS66KE ,United Kingdom,1765744665,1765744665,-3.7184,53.4862,4655.82,False,197.03,90.15,-8.78,,4686.3,5154,False,0
71c079,AAR512  ,Republic of Korea,1765744665,1765744665,14.7305,40.7238,10363.2,False,258.79,90.8,0.0,,10561.32,,False,0
71c075,KAL568  ,Republic of Korea,1765744666,1765744666,17.7194,45.5272,9448.8,False,246.3,112.6,0.0,,9654.54,3057,False,0
40643a,EZY62HF ,United Kingdom,1765744597,1765744597,19.8045,50.0746,,True,1.8,106.88,,,,2006,False,0
40643d,EZY343G ,United Kingdom,1765744666,1765744666,-4.0853,54.0706,8237.22,False,207.17,298.47,-13.0,,8336.28,6365,False,0
40643c,EZY19GP ,United Kingdom,1765744665,1765744665,1.7364,50.5444,10972.8,False,224.63,317.32,-0.33,,11155.68,5710,False,0
406442,EZY39DH ,United Kingdom,1765744665,1765744665,11.0731,50.2825,11582.4,False,228.09,289.09,-0.33,,11772.9,3556,False,0
406446,EZY373H ,United Kingdom,1765744608,1765744608,-3.3686,55.9513,,True,47.33,236.25,,,,7666,False,0
406440,EZY58QK ,United Kingdom,1765744665,1765744665,2.06,50.2967,10972.8,False,231.15,321.78,0.0,,11155.68,5707,False,0
3964e4,TVF82QL ,France,1765744665,1765744666,-2.2737,43.1908,11582.4,False,217.88,26.2,0.0,,11681.46,6411,False,0
3964e2,TRA97X  ,France,1765744666,1765744666,4.6496,51.0284,1897.38,False,136.21,64.02,-7.48,,1981.2,1000,False,0
3964e1,TVF18ZQ ,France,1765744665,1765744665,-4.3857,45.4722,10972.8,False,223.01,48.37,0.0,,11125.2,,False,0
3007e2,IRJAH   ,Italy,1765744599,1765744604,10.2546,45.7979,1645.92,False,73.7,187.62,-5.2,,1798.32,,False,0
3964e9,TVF91VP ,France,1765744665,1765744665,1.4855,48.2153,3352.8,False,145.95,65.42,0.0,,3459.48,1000,False,0
48ae80,LOT4HE  ,Poland,1765744665,1765744665,15.8333,52.1509,11277.6,False,232.14,83.13,0.0,,11422.38,1000,False,0
48ae81,LOT639  ,Poland,1765744666,1765744666,20.7648,51.3124,7810.5,False,229.62,167.05,9.1,,7940.04,1000,False,0
3964f0,TVF6329 ,France,1765744665,1765744665,6.4755,44.3758,11582.4,False,237.44,330.82,-0.33,,11719.56,1000,False,0
010264,MSC3024 ,Egypt,1765744665,1765744665,26.7248,35.3849,10645.14,False,255.29,160.58,0.33,,10828.02,7412,False,0
3964f4,TVF8337 ,France,1765744665,1765744665,9.2729,39.8959,11582.4,False,234.07,346.27,0.0,,11765.28,,False,0
3964f3,TVF67KL ,France,1765744665,1765744665,2.6229,48.7679,967.74,False,92.72,254.88,-4.55,,1059.18,1000,False,0
3007f2,DLA5UT  ,Italy,1765744642,1765744642,8.5914,50.0437,,True,11.32,250.31,,,,2000,False,0
3951c1,AFR6742 ,France,1765744665,1765744665,14.9358,44.1937,10668.0,False,239.1,128.45,0.0,,10858.5,0271,False,0
010265,MSC2921 ,Egypt,1765744554,1765744609,25.8947,35.5543,11269.98,False,277.08,143.15,0.0,,11468.1,7412,False,0
3964f8,TVF1095 ,France,1765744665,1765744665,1.0063,47.3584,7924.8,False,175.48,29.12,0.0,,8084.82,1000,False,0
4792db,NOZ82J  ,Norway,1765744665,1765744665,12.4609,64.1427,11277.6,False,234.58,20.54,0.0,,11010.9,,False,0
33fff0,IAM4670 ,Italy,1765744665,1765744665,5.7957,45.3105,7620.0,False,149.02,108.94,0.65,,7787.64,2331,False,0
34624e,7777XMGA,Spain,1765744659,1765744665,-4.3697,36.8142,,True,82.31,165.94,,,,,False,0
010208,MSR779  ,Egypt,1765744666,1765744666,0.571,51.0106,4937.76,False,202.32,313.56,-11.7,,5052.06,2752,False,0
01022f,MSC820  ,Egypt,1765744666,1765744666,16.2014,39.7873,11209.02,False,254.54,119.41,3.25,,11430.0,4316,False,0
4792d3,NOZ825  ,Norway,1765744666,1765744666,17.9585,59.648,,True,3.6,160.31,,,,,False,0
484b31,KLM1155 ,Kingdom of the Netherlands,1765744665,1765744665,7.4419,57.7656,11582.4,False,236.06,18.95,-0.33,,11620.5,0141,False,0
484b32,KLM87Q  ,Kingdom of the Netherlands,1765744665,1765744665,2.118,47.8283,11277.6,False,229.59,200.87,0.33,,11430.0,1000,False,0
48520c,TRA12B  ,Kingdom of the Netherlands,1765744392,1765744392,2.0845,41.2925,,True,7.46,168.75,,,,,False,0
71c041,KAL928  ,Republic of Korea,1765744664,1765744665,17.8191,44.1255,10058.4,False,234.32,105.93,0.0,,10264.14,1172,False,0
346355,VLG2KG  ,Spain,1765744665,1765744665,-2.3559,43.0722,11277.6,False,238.65,228.23,0.0,,11384.28,7655,False,0
485209,TRA88P  ,Kingdom of the Netherlands,1765744583,1765744583,2.0845,41.2925,,True,7.2,160.31,,,,,False,0
346350,VOE3UV  ,Spain,1765744666,1765744666,12.8243,39.879,11590.02,False,211.42,328.13,0.33,,11795.76,5444,False,0
4b1a23,EZS25HF ,Switzerland,1765744666,1765744666,2.2035,48.5879,2331.72,False,143.47,132.38,10.08,,2430.78,1000,False,0
4792a6,NOZ1125 ,Norway,1765744665,1765744665,11.1127,61.7616,10668.0,False,221.25,9.64,-0.33,,10538.46,3755,False,0
06a2e2,QTR8055 ,Qatar,1765744664,1765744664,29.061,42.6398,10668.0,False,262.25,123.32,0.0,,10668.0,7653,False,0
4ca404,DAA M2  ,Ireland,1765744513,1765744513,-6.2517,53.4314,,True,3.6,168.75,,,,,False,0
06a2f7,QTR96J  ,Qatar,1765744491,1765744492,8.7154,45.6284,,True,0.0,165.94,,,,2330,False,0
4b1a2d,EZS12ER ,Switzerland,1765744665,1765744665,2.9878,44.5428,9151.62,False,203.37,60.78,-0.33,,9296.4,1000,False,0
4b1a2f,EZS87YN ,Switzerland,1765744665,1765744665,11.654,42.6496,6705.6,False,227.84,334.88,7.48,,6918.96,1000,False,0
45fe46,,Denmark,1765744637,1765744637,9.146,55.7493,,True,28.81,132.19,,,,,False,0
46ced4,SEH1926 ,Greece,1765744665,1765744665,23.9611,38.3518,3840.48,False,95.08,345.59,3.9,,3954.78,1415,False,0
4b1a37,EZS54TJ ,Switzerland,1765744665,1765744665,8.3801,48.6905,6736.08,False,199.47,213.32,-7.8,,6949.44,1000,False,0
347658,VLG2124 ,Spain,1765744666,1765744666,-1.2233,38.9197,11582.4,False,227.37,38.48,0.0,,11597.64,5006,False,0
4b1a34,EZS13QP ,Switzerland,1765744665,1765744666,6.6114,46.3802,2872.74,False,164.38,308.52,-5.2,,3048.0,1000,False,0
4b1a1d,EZS98DX ,Switzerland,1765744666,1765744666,15.2304,47.7216,10972.8,False,230.73,277.17,0.0,,11178.54,1000,False,0
4b1a1e,EZS94NJ ,Switzerland,1765744665,1765744665,-1.2036,51.7943,6530.34,False,200.71,139.57,8.78,,6667.5,0536,False,0
4b1a1f,EJU58HR ,Switzerland,1765744666,1765744666,4.3648,41.8959,10972.8,False,234.33,30.62,0.0,,11094.72,5576,False,0
49d414,TVS4FH  ,Czech Republic,1765744665,1765744665,11.5095,47.2559,11582.4,False,215.59,35.78,0.0,,11765.28,1000,False,0
4b1a24,EZS82FA ,Switzerland,1765744665,1765744665,-2.8725,39.5591,11582.4,False,220.81,17.21,0.0,,11681.46,6463,False,0
347648,IBB19UF ,Spain,1765744665,1765744665,-3.73,40.0851,6766.56,False,197.1,181.5,9.75,,6896.1,2663,False,0
4b1a27,EZS36RN ,Switzerland,1765744666,1765744666,6.5733,45.9206,5608.32,False,234.31,342.76,-11.38,,5829.3,1000,False,0
4b1a28,EZS19QH ,Switzerland,1765744665,1765744665,-3.2302,42.148,11567.16,False,214.94,64.78,0.0,,11689.08,5212,False,0
4b1a29,EZS31NP ,Switzerland,1765744509,1765744509,12.3421,45.5055,,True,0.9,267.19,,,,1000,False,0
502ccd,BTI98R  ,Latvia,1765744666,1765744666,8.5652,54.6227,10668.0,False,245.23,50.53,0.0,,10828.02,7144,False,0
502ccf,BTI8GC  ,Latvia,1765744665,1765744666,23.7156,57.1205,1356.36,False,126.56,74.44,-1.63,,1318.26,1000,False,0
347643,ETD104  ,Spain,1765744666,1765744666,-2.6096,40.2453,6751.32,False,209.18,127.41,8.13,,6896.1,1446,False,0
502cce,ASL37M  ,Latvia,1765744665,1765744665,15.1201,46.3451,8831.58,False,215.55,108.65,-0.33,,9067.8,3041,False,0
4b1a65,EZS87AB ,Switzerland,1765744666,1765744666,9.5713,52.434,8648.7,False,221.18,187.75,5.85,,8862.06,1353,False,0
601828,TUA927  ,Turkmenistan,1765744666,1765744666,39.6807,41.0059,9753.6,False,216.12,276.97,0.0,,9745.98,0336,False,0
4b1a67,EZS46CX ,Switzerland,1765744665,1765744665,5.6881,47.8791,6515.1,False,182.77,99.89,-8.13,,6705.6,1431,False,0
507c45,UZB274  ,Uzbekistan,1765744379,1765744381,41.2442,40.1439,11277.6,False,258.1,84.05,0.0,,11254.74,5175,False,0
502ce5,BTI6C4  ,Latvia,1765744429,1765744430,23.9754,56.9491,129.54,False,65.63,185.4,-3.25,,129.54,1000,False,0
502ce8,BTI92L  ,Latvia,1765744666,1765744666,7.7582,53.7747,11277.6,False,239.51,50.84,0.0,,11452.86,3342,False,0
47809f,WIF42G  ,Norway,1765744494,1765744503,10.9126,63.4545,,True,0.0,154.69,,,,,False,0
49d421,TVS6P7  ,Czech Republic,1765744665,1765744665,9.5689,47.2625,11582.4,False,214.88,63.25,0.0,,11757.66,1156,False,0
507c3b,UZB9927 ,Uzbekistan,1765744665,1765744665,38.465,55.6693,3657.6,False,155.4,261.82,0.33,,,,False,0
49d420,TVS4211 ,Czech Republic,1765744666,1765744666,17.3796,48.9521,10363.2,False,231.01,297.31,0.0,,10561.32,1000,False,0
400dc2,GMA03B  ,United Kingdom,1765744666,1765744666,-1.6552,58.2209,5791.2,False,156.48,11.57,0.0,,5707.38,,False,0
40772f,EZY69AG ,United Kingdom,1765744665,1765744665,15.4413,45.3694,10972.8,False,242.34,313.62,-0.33,,11186.16,5512,False,0
502cc7,ASL71Z  ,Latvia,1765744665,1765744665,-6.3325,39.5469,11887.2,False,230.58,254.07,0.0,,12009.12,4040,False,0
34761a,VOE82DB ,Spain,1765744665,1765744665,8.264,45.2636,10972.8,False,231.95,264.78,0.0,,11125.2,0230,False,0
40772d,EZY51HB ,United Kingdom,1765744665,1765744665,5.7439,48.044,10965.18,False,248.09,299.44,0.33,,11148.06,7510,False,0
502cd0,BTI762  ,Latvia,1765744665,1765744665,22.8007,56.992,4084.32,False,202.41,74.97,-11.38,,4076.7,1000,False,0
405d0f,EZY38CQ ,United Kingdom,1765744665,1765744666,4.3646,52.5686,5417.82,False,195.1,322.28,12.03,,5539.74,7330,False,0
407731,EXS69AL ,United Kingdom,1765744665,1765744665,6.6199,52.0036,11582.4,False,222.72,297.22,0.0,,11750.04,0627,False,0
478097,WIF149  ,Norway,1765744665,1765744666,10.0124,60.4971,5143.5,False,84.91,302.63,5.53,,5113.02,,False,0
478096,WIF8N   ,Norway,1765744521,1765744539,11.0959,60.2233,373.38,False,51.3,195.71,-2.93,,335.28,2540,False,0
49d42b,TVS2BC  ,Czech Republic,1765744666,1765744666,5.4269,42.2676,11582.4,False,239.87,47.0,0.0,,11704.32,5566,False,0
478094,WIF4YV  ,Norway,1765744657,1765744662,10.9126,63.4541,,True,0.0,174.38,,,,,False,0
405d11,EZY41LE ,United Kingdom,1765744666,1765744666,-1.5843,49.4858,10812.78,False,219.54,21.15,-3.25,,10988.04,1160,False,0
507c59,UZB204  ,Uzbekistan,1765744666,1765744666,15.7497,53.5323,11879.58,False,257.69,78.02,0.33,,11993.88,4634,False,0
461e1f,FIN1YB  ,Finland,1765744663,1765744666,14.261,50.1111,,True,0.0,275.62,,,,,False,0
461e1a,FIN2L   ,Finland,1765744110,1765744664,20.4103,54.9506,12192.0,False,3.13,9.46,0.0,,11231.88,7670,False,0
347605,AEA7708 ,Spain,1765744666,1765744666,-3.4672,40.4053,1043.94,False,87.67,322.39,-5.2,,1165.86,1000,False,0
347601,VLG6SZ  ,Spain,1765744665,1765744666,0.2355,46.4073,10363.2,False,193.63,28.74,0.0,,10523.22,1000,False,0
502d95,BTI2PG  ,Latvia,1765744555,1765744555,23.9753,56.9489,129.54,False,66.14,185.36,-3.25,,137.16,6020,False,0
7bc007,LHA4384 ,China,1765743050,1765744665,18.0318,53.2736,10668.0,False,220.25,348.14,0.0,,10477.5,4245,False,0
502d88,BTI83U  ,Latvia,1765742739,1765744662,22.0101,53.4247,6766.56,False,207.46,35.82,-0.33,,10690.86,1000,False,0
461e18,FIN8ZR  ,Finland,1765743176,1765744666,24.1572,57.4913,5234.94,False,204.31,10.89,0.33,,11132.82,6504,False,0
502d7c,BTI9YF  ,Latvia,1765743798,1765744666,16.8796,55.9247,11277.6,False,229.27,68.27,0.0,,11330.94,1000,False,0
461e14,FIN1EN  ,Finland,1765744666,1765744666,22.1989,60.2815,8503.92,False,250.31,78.62,-14.96,,8328.66,7165,False,0
461e16,FIN8AF  ,Finland,1765744666,1765744666,10.8491,59.1308,11887.2,False,267.22,69.02,0.33,,11856.72,6011,False,0
502d7d,SWR1886 ,Latvia,1765744661,1765744662,8.5631,47.4594,,True,0.0,5.62,,,,1000,False,0
502d7a,BTI7KJ  ,Latvia,1765743328,1765744666,16.6729,55.6899,9464.04,False,230.37,54.82,0.33,,10736.58,1000,False,0
4075e0,EZY18ZH ,United Kingdom,1765744618,1765744618,-2.2843,53.3641,,True,5.14,112.5,,,,,False,0
39a207,FPO6OP  ,France,1765744665,1765744665,11.5188,47.285,11277.6,False,209.89,98.03,0.0,,11498.58,1000,False,0
400e5a,EZY456D ,United Kingdom,1765744666,1765744666,-3.7973,55.662,2400.3,False,148.05,329.51,-8.45,,2316.48,6305,False,0
39a201,FPO6RB  ,France,1765744665,1765744665,15.0908,59.3548,838.2,False,90.91,191.76,-2.93,,800.1,0412,False,0
4075bb,EXS28YD ,United Kingdom,1765744665,1765744665,1.3412,50.8191,11582.4,False,231.14,317.07,-0.33,,11742.42,5744,False,0
406ee7,SRD912  ,United Kingdom,1765744581,1765744581,-0.3474,53.5793,99.06,False,18.44,202.99,-0.65,,91.44,,False,0
4075c3,UBT796  ,United Kingdom,1765744665,1765744665,1.13,50.3966,6621.78,False,244.45,315.17,-13.98,,6797.04,4023,False,0
4075c2,UBT791  ,United Kingdom,1765744433,1765744433,40.7783,39.9565,11269.98,False,275.23,89.79,0.33,,11269.98,4752,False,0
502d9f,BTI3DV  ,Latvia,1765744665,1765744665,23.993,57.041,701.04,False,100.4,188.55,-6.5,,693.42,1000,False,0
300990,LSI125  ,Italy,1765744666,1765744666,11.158,45.3568,9448.8,False,235.95,104.52,0.0,,9646.92,0443,False,0
4ba9ac,THY3BQ  ,Turkey,1765744665,1765744665,31.4799,41.5452,10355.58,False,219.88,272.55,0.0,,10340.34,,False,0
0101a7,NIA7704 ,Egypt,1765744665,1765744665,25.074,40.3905,10668.0,False,247.41,148.26,-0.33,,10774.68,7420,False,0
4ba9ab,THY1KG  ,Turkey,1765744665,1765744665,32.5991,36.9287,10058.4,False,249.92,134.42,0.0,,10119.36,,False,0
4ba9c2,THY9FN  ,Turkey,1765744663,1765744665,21.0424,44.2997,12496.8,False,246.77,121.27,0.0,,12618.72,0101,False,0
78037c,CSS126  ,China,1765744665,1765744665,21.439,51.8072,10668.0,False,216.7,20.72,-0.33,,10721.34,4255,False,0
4ba9d3,THY9TY  ,Turkey,1765744666,1765744666,26.5197,42.0798,9852.66,False,253.92,120.57,-9.75,,9944.1,0146,False,0
4ba9d2,THY52   ,Turkey,1765744664,1765744664,37.3521,39.9521,10668.0,False,262.23,94.73,0.0,,10683.24,0740,False,0
4075ff,BAW764  ,United Kingdom,1765744665,1765744665,3.877,48.511,8846.82,False,218.53,93.51,0.0,,9037.32,2244,False,0
4075fd,BAW783C ,United Kingdom,1765744665,1765744665,7.5844,56.3847,11582.4,False,197.24,232.95,0.0,,11666.22,5203,False,0
4ba8cc,TKJ6MA  ,Turkey,1765744665,1765744665,33.507,37.2243,10972.8,False,222.19,356.28,0.0,,11026.14,,False,0
4ba8ca,TKJ275  ,Turkey,1765744666,1765744666,22.5587,50.9527,10363.2,False,192.83,9.21,0.0,,10447.02,5366,False,0
4caea0,RYR78UA ,Ireland,1765744665,1765744665,-1.9765,53.1023,11277.6,False,220.4,153.38,-0.33,,11391.9,3452,False,0
4caeaf,NOS9021 ,Ireland,1765744665,1765744665,10.84,45.2247,2590.8,False,141.61,155.76,14.63,,2727.96,1000,False,0
4b8e45,PGT1662 ,Turkey,1765744665,1765744665,13.3033,48.7347,10668.0,False,219.51,119.33,0.0,,10881.36,7664,False,0
4caead,EAI29G  ,Ireland,1765744665,1765744665,-4.5647,55.7443,1958.34,False,74.77,190.3,7.48,,1851.66,,False,0
4ba8f3,TKJ73J  ,Turkey,1765744356,1765744356,33.5046,35.1501,,True,3.34,109.69,,,,,False,0
4ba8c8,TKJ7YR  ,Turkey,1765744171,1765744664,39.0847,41.0861,11033.76,False,205.43,272.3,9.75,,7703.82,5075,False,0
400aff,EFW66E  ,United Kingdom,1765744666,1765744666,-8.7873,41.4221,10972.8,False,208.07,18.3,0.0,,11163.3,6216,False,0
4ba8c4,TKJ7WK  ,Turkey,1765744664,1765744665,22.7677,45.6463,10972.8,False,210.05,309.73,0.0,,11071.86,,False,0
400afe,EFW98HU ,United Kingdom,1765744665,1765744665,0.4555,43.4238,11574.78,False,236.4,340.82,0.0,,11681.46,5555,False,0
400afb,EFW8CQ  ,United Kingdom,1765744665,1765744665,-5.0528,46.6286,10972.8,False,226.3,35.75,0.0,,11163.3,6276,False,0
406d8f,EZY476X ,United Kingdom,1765744438,1765744438,-3.366,55.9485,,True,0.0,146.25,,,,2227,False,0
406d8d,EZY28AV ,United Kingdom,1765744665,1765744665,-2.7431,53.3385,426.72,False,72.68,266.35,-3.58,,411.48,3264,False,0
406d8e,EZY62TF ,United Kingdom,1765744666,1765744666,-10.4574,37.3186,11582.4,False,192.03,16.98,0.0,,11772.9,4446,False,0
406d91,EZY64GJ ,United Kingdom,1765744665,1765744665,13.7521,50.1044,3512.82,False,170.72,276.05,11.38,,3657.6,,False,0
406d90,EZY62AL ,United Kingdom,1765744666,1765744666,-4.7769,46.8669,11582.4,False,220.55,35.51,0.0,,11765.28,6274,False,0
406d95,EZY26QB ,United Kingdom,1765744665,1765744665,-5.6694,37.3452,10965.18,False,214.0,21.14,0.0,,11049.0,6451,False,0
407fc2,WUK2RQ  ,United Kingdom,1765744665,1765744665,21.9739,48.037,11582.4,False,218.29,285.44,0.0,,11704.32,,False,0
407fae,TOM19V  ,United Kingdom,1765744665,1765744666,-2.2888,45.9772,12192.0,False,218.64,8.8,0.0,,12329.16,2345,False,0
407fac,TOM4MK  ,United Kingdom,1765744666,1765744666,7.1021,49.8665,10972.8,False,241.85,303.28,0.0,,11178.54,7312,False,0
4caee6,RYR4FV  ,Ireland,1765744665,1765744665,-2.8199,53.2137,10363.2,False,246.4,100.47,0.0,,10477.5,7652,False,0
4caee7,RYR94NV ,Ireland,1765744666,1765744666,11.9657,45.6216,2156.46,False,122.75,274.09,15.28,,2293.62,0270,False,0
4caee4,RYR34CQ ,Ireland,1765744665,1765744665,-0.0955,41.8438,11277.6,False,241.93,287.7,0.0,,11369.04,4026,False,0
4caebe,FPO7SN  ,Ireland,1765744665,1765744665,-5.9795,53.4041,1165.86,False,76.24,283.66,-2.93,,1104.9,5613,False,0
71ba09,KAL926  ,Republic of Korea,1765744665,1765744665,8.6961,51.75,9441.18,False,246.82,103.25,0.0,,9654.54,0170,False,0
4caee0,SAS50P  ,Ireland,1765744665,1765744665,17.95,59.6583,,True,6.43,90.0,,,,,False,0
4caed8,EIN611  ,Ireland,1765744665,1765744666,-2.7762,53.5545,10972.8,False,210.0,277.18,0.0,,11079.48,7331,False,0
347288,IBE07FH ,Spain,1765744665,1765744665,-4.0785,42.7548,11026.14,False,247.78,182.98,-10.4,,11148.06,5406,False,0
347287,IBE05TV ,Spain,1765744666,1765744666,0.8164,47.0932,7962.9,False,175.54,26.64,-4.88,,8122.92,1000,False,0
39bdae,AFR1462 ,France,1765744665,1765744665,4.1602,51.2702,11277.6,False,224.94,41.2,0.0,,11460.48,3347,False,0
39bda1,AFR7409 ,France,1765744665,1765744665,1.673,48.8709,2087.88,False,138.99,43.8,-7.15,,2186.94,1000,False,0
39bda2,AFR65DU ,France,1765744666,1765744666,2.7253,49.0318,1524.0,False,116.08,85.68,8.78,,1607.82,1000,False,0
39bda3,AFR1197 ,France,1765744665,1765744665,-3.8259,40.8002,10972.8,False,217.46,25.35,0.0,,11079.48,6442,False,0
39bda6,AFR97PG ,France,1765744666,1765744666,2.7362,49.1331,2659.38,False,151.92,337.08,10.4,,2758.44,5617,False,0
4caefc,ITY113  ,Ireland,1765744665,1765744665,9.1157,45.305,800.1,False,112.63,150.74,0.0,,952.5,1000,False,0
4ca2c9,EIN38Y  ,Ireland,1765744665,1765744665,-1.0322,51.3119,3352.8,False,181.1,90.81,0.0,,3429.0,5445,False,0
4caeff,ITY356  ,Ireland,1765744666,1765744666,2.4565,48.7374,297.18,False,65.65,254.55,-3.25,,403.86,1000,False,0
39bda0,AFR52MV ,France,1765744664,1765744666,2.7662,49.2473,3665.22,False,158.47,359.07,14.96,,3764.28,3350,False,0
4caefa,ITY219  ,Ireland,1765744658,1765744663,9.2799,45.453,,True,0.06,272.81,,,,7310,False,0
4ca2c1,RYR3179 ,Ireland,1765744665,1765744665,-8.875,41.2165,11582.4,False,211.65,18.13,0.0,,11757.66,6222,False,0
4ca2c0,RYR6546 ,Ireland,1765744666,1765744666,12.6085,38.7373,7063.74,False,195.4,316.39,11.7,,7269.48,,False,0
347256,VOE77MF ,Spain,1765744666,1765744666,12.3121,44.8059,4015.74,False,164.2,346.22,-9.43,,4221.48,1000,False,0
39bdb2,AFR76VT ,France,1765744665,1765744665,7.0888,50.0056,10668.0,False,224.14,64.73,0.0,,10866.12,1000,False,0
39bdb4,AFR81XH ,France,1765744665,1765744665,13.2791,56.1912,10668.0,False,226.82,51.91,0.0,,10759.44,0227,False,0
39bdb5,AFR1732 ,France,1765744665,1765744666,5.4528,48.383,9448.8,False,219.96,113.87,0.0,,9631.68,1000,False,0
4ca2cb,EIN65T  ,Ireland,1765744666,1765744666,-5.3519,52.9833,3329.94,False,142.78,312.08,-5.85,,3345.18,2534,False,0
48b206,IGA731  ,Poland,1765743390,1765744663,26.9414,45.2785,11887.2,False,243.42,133.72,-0.33,,11849.1,6024,False,0
717ca8,KNE664  ,Saudi Arabia,1765744665,1765744665,-0.4635,35.559,10668.0,False,251.46,63.38,0.0,,10721.34,6446,False,0
347247,IBS15MQ ,Spain,1765744665,1765744666,-7.5854,38.8182,10050.78,False,258.18,215.02,0.0,,10203.18,2637,False,0
3c8207,AP1     ,Germany,1765744664,1765744664,9.1937,48.6867,,True,11.32,75.94,,,,,False,0
405a4a,SHT9Y   ,United Kingdom,1765744666,1765744666,-3.5681,55.8994,2529.84,False,101.19,258.86,17.56,,2423.16,,False,0
486201,XRO1458 ,Kingdom of the Netherlands,1765744666,1765744666,8.2811,50.0842,4053.84,False,165.16,0.89,10.08,,4191.0,1000,False,0
407463,BAW784  ,United Kingdom,1765744665,1765744665,8.3112,56.7538,10668.0,False,249.02,52.3,0.0,,10751.82,6037,False,0
407464,BAW469  ,United Kingdom,1765744666,1765744666,-3.0463,44.443,11582.4,False,215.92,9.46,-0.33,,11719.56,7441,False,0
406133,EZY781U ,United Kingdom,1765744666,1765744666,-1.7362,53.1429,11483.34,False,221.27,321.8,4.88,,11597.64,6206,False,0
405a48,BAW411  ,United Kingdom,1765744665,1765744665,-0.0148,43.772,10980.42,False,231.97,345.22,0.0,,11071.86,1045,False,0
47a50d,NSZ3563 ,Norway,1765744666,1765744666,14.9434,53.1131,12192.0,False,204.26,322.26,0.0,,12306.3,6001,False,0
347219,IBE07WV ,Spain,1765744665,1765744665,4.0646,51.8195,3162.3,False,190.45,24.07,-7.15,,3238.5,1000,False,0
406d4e,CFE34E  ,United Kingdom,1765744666,1765744666,10.2982,52.1958,10401.3,False,211.25,266.79,4.55,,10599.42,1344,False,0
479bac,AKK8    ,Norway,1765744665,1765744665,0.7493,52.2237,4518.66,False,153.28,263.45,-6.18,,4602.48,0742,False,0
47a518,NOZ56U  ,Norway,1765744665,1765744665,11.5103,61.4719,11056.62,False,202.22,358.83,6.5,,10911.84,,False,0
4b8da4,TCCMD   ,Turkey,1765744664,1765744666,29.5343,40.0173,4640.58,False,186.13,306.46,-5.85,,4724.4,,False,0
4caf26,RYR535U ,Ireland,1765744665,1765744665,24.7809,43.8981,11887.2,False,251.55,146.34,0.0,,11948.16,2201,False,0
4caf28,RYR84FV ,Ireland,1765744665,1765744665,-6.6557,41.6051,11887.2,False,254.75,200.45,0.0,,12047.22,1117,False,0
4caf29,RYR50YU ,Ireland,1765744666,1765744666,6.2111,51.2506,2499.36,False,190.51,25.94,-8.78,,2606.04,1060,False,0
4caf24,SAS742  ,Ireland,1765744665,1765744665,14.2879,55.5493,7139.94,False,223.86,67.15,9.43,,7269.48,1730,False,0
4caf0a,EAI3BM  ,Ireland,1765744660,1765744660,-2.2849,53.3642,,True,5.66,340.31,,,,4235,False,0
4caf0b,EAI87M  ,Ireland,1765744665,1765744665,-4.8541,52.0904,4876.8,False,148.93,319.76,-0.33,,4922.52,2015,False,0
a561fd,GTI5579 ,United States,1765744666,1765744666,42.7301,41.6173,12489.18,False,278.66,97.53,0.33,,12359.64,0175,False,0
347307,AEA91SM ,Spain,1765744665,1765744665,-2.8765,40.2561,3009.9,False,147.36,273.2,-5.2,,3131.82,1000,False,0
347306,AEA13QD ,Spain,1765744666,1765744666,-8.8498,37.0762,11277.6,False,260.14,220.59,0.0,,11414.76,2606,False,0
4caf16,SAS1766 ,Ireland,1765744665,1765744666,12.9551,54.1013,9151.62,False,216.77,336.36,-10.08,,9319.26,7356,False,0
4caf13,SAS449  ,Ireland,1765744665,1765744665,12.8826,55.7597,990.6,False,95.05,219.29,-3.25,,1036.32,2531,False,0
4caf14,SAS1636 ,Ireland,1765744666,1765744666,12.9579,55.6771,1203.96,False,120.11,38.39,-2.28,,1242.06,7720,False,0
4ba999,THY8AS  ,Turkey,1765744665,1765744665,30.9337,40.802,9166.86,False,224.21,287.35,-5.2,,9227.82,,False,0
44083f,EJU3750 ,Austria,1765744466,1765744466,8.7538,45.5565,464.82,False,72.94,348.61,-3.9,,647.7,1000,False,0
44083c,EJU1619 ,Austria,1765744665,1765744665,4.3701,43.6538,10972.8,False,233.48,292.27,0.0,,11109.96,1000,False,0
44083b,EJU42ML ,Austria,1765744666,1765744666,10.9139,40.8128,11574.78,False,247.11,85.7,0.0,,11772.9,1000,False,0
49d327,TVS4381 ,Czech Republic,1765744666,1765744666,0.3582,51.1652,9144.0,False,231.5,323.13,-0.33,,9326.88,4072,False,0
4caf2a,RYR5AA  ,Ireland,1765744665,1765744666,18.734,47.3659,3787.14,False,178.92,262.73,8.45,,3924.3,,False,0
4ca302,RYR8668 ,Ireland,1765744666,1765744666,-0.7589,46.5582,11277.6,False,224.45,149.26,0.0,,11414.76,5237,False,0
4ca301,RYR9535 ,Ireland,1765744665,1765744665,12.0213,42.1957,11582.4,False,232.55,348.52,0.0,,11750.04,6564,False,0
4ca304,RYR266F ,Ireland,1765744666,1765744666,-3.7953,48.9065,10972.8,False,234.67,1.51,0.0,,11132.82,4633,False,0
4ca303,RYR78FM ,Ireland,1765744665,1765744665,4.6161,54.8345,10972.8,False,204.39,208.24,0.33,,11094.72,1444,False,0
4d23f9,RYR74HC ,Malta,1765744665,1765744665,8.9571,44.2859,11582.4,False,226.31,61.34,0.0,,11727.18,1000,False,0
3c81bc,EAT2    ,Germany,1765744650,1765744651,12.2275,51.4089,,True,1.54,348.75,,,,,False,0
514005,        ,Georgia,1765744653,1765744656,40.2867,41.5792,,True,0.0,0.0,,,,7772,False,0
4d23fa,RYR2CP  ,Malta,1765744665,1765744665,-3.7949,39.8487,8061.96,False,229.14,218.62,8.45,,8153.4,2661,False,0
49d357,TVS4TN  ,Czech Republic,1765744665,1765744665,22.0043,45.3423,10873.74,False,221.68,308.12,2.93,,11003.28,,False,0
4caf82,SAS1794 ,Ireland,1765744665,1765744665,8.8311,54.0547,11887.2,False,229.68,40.0,0.0,,12031.98,4070,False,0
44082d,AUA298  ,Austria,1765744664,1765744664,16.5754,48.1183,,True,6.17,272.81,,,,1000,False,0
44082c,AUA779  ,Austria,1765744665,1765744665,16.576,48.115,,True,6.94,165.94,,,,,False,0
44082b,AUA12K  ,Austria,1765744665,1765744665,16.5599,48.1629,350.52,False,68.05,163.76,-3.9,,502.92,1000,False,0
49d365,TVS53B  ,Czech Republic,1765744666,1765744666,0.615,39.8756,10972.8,False,235.04,57.42,0.0,,11041.38,5302,False,0
440827,AUA66D  ,Austria,1765744666,1765744666,16.4878,48.0665,1036.32,False,105.86,187.54,12.03,,1188.72,,False,0
440822,AUA250  ,Austria,1765744665,1765744665,13.8729,49.0825,10180.32,False,223.93,113.56,-4.88,,10370.82,7647,False,0
4caf94,SAS42Y  ,Ireland,1765744666,1765744666,6.7448,51.4412,3299.46,False,158.77,47.63,14.63,,3413.76,7723,False,0
780493,YZR7414 ,China,1765743542,1765744663,25.042,58.3688,10058.4,False,263.57,68.59,0.0,,9845.04,4615,False,0
40123f,BAW94DL ,United Kingdom,1765744665,1765744665,2.5691,52.0293,10058.4,False,230.52,88.85,0.0,,10256.52,4646,False,0
4b8e04,PGT1035 ,Turkey,1765744665,1765744666,20.6012,46.1894,11582.4,False,216.95,301.13,0.0,,11711.94,,False,0
4072c8,EZY52UV ,United Kingdom,1765744665,1765744665,1.664,50.6223,4678.68,False,190.96,333.43,-5.2,,4785.36,5622,False,0
406bbb,BAW909  ,United Kingdom,1765744665,1765744665,8.5289,50.0348,,True,6.17,247.5,,,,0120,False,0
45ac32,SAS1475 ,Denmark,1765744665,1765744665,12.4576,56.6225,6339.84,False,188.14,171.83,-10.08,,6454.14,0430,False,0
407eeb,EXS28EB ,United Kingdom,1765744666,1765744666,14.2202,50.1003,594.36,False,81.54,246.18,12.68,,723.9,,False,0
45ac50,SAS554  ,Denmark,1765744665,1765744665,12.8022,55.7121,693.42,False,83.82,221.52,-3.9,,739.14,0171,False,0
39b228,CMA259  ,France,1765744663,1765744663,-3.5617,40.463,,True,2.57,95.62,,,,,False,0
3c81c9,DHL5    ,Germany,1765744665,1765744665,12.2325,51.4089,,True,1.8,90.0,,,,,False,0
48e9b9,ENT1692 ,Poland,1765744665,1765744666,21.1703,51.1252,6080.76,False,142.61,357.73,-8.13,,6217.92,5354,False,0
341101,S11     ,Spain,1765744660,1765744660,-4.4966,36.6777,,True,5.66,146.25,,,,,False,0
86953e,ANA212  ,Japan,1765744665,1765744665,12.8042,49.7421,8839.2,False,247.97,107.38,0.0,,9067.8,4612,False,0
a8cffd,UAL934  ,United States,1765744664,1765744664,-13.0835,51.6178,11277.6,False,259.75,85.0,0.0,,11132.82,,False,0
4cadbd,RYR4KX  ,Ireland,1765744658,1765744664,8.7167,45.6231,,True,0.0,81.56,,,,1000,False,0
4cadbb,RYR503Y ,Ireland,1765744665,1765744665,-10.0069,36.462,10972.8,False,192.4,11.1,0.0,,11132.82,,False,0
4cadbc,RYR92ZL ,Ireland,1765744666,1765744666,11.4201,46.2726,10972.8,False,237.87,357.65,0.0,,11163.3,1000,False,0
4cadc1,RYR9UH  ,Ireland,1765744665,1765744665,24.6563,44.6848,5669.28,False,188.6,99.1,-8.45,,5798.82,0475,False,0
4cadc2,RYR5BA  ,Ireland,1765744666,1765744666,5.7914,50.8763,11582.4,False,239.28,290.38,0.33,,11772.9,1103,False,0
4cadc4,RYR67XR ,Ireland,1765744644,1765744644,21.6093,43.686,11582.4,False,221.53,306.31,0.0,,11711.94,,False,0
74483a,RJA042  ,Jordan,1765744665,1765744666,30.0515,38.562,10668.0,False,247.41,159.68,-0.33,,10736.58,,False,0
4408df,AUA989  ,Austria,1765744665,1765744665,14.5434,50.6286,10972.8,False,211.59,339.8,0.0,,11163.3,4521,False,0
48506c,TFL77A  ,Kingdom of the Netherlands,1765744665,1765744665,-6.8082,39.9959,13106.4,False,240.0,33.28,-0.33,,13228.32,6231,False,0
4408de,AUA25K  ,Austria,1765744666,1765744666,10.6123,53.4659,4030.98,False,165.56,316.38,-10.08,,4160.52,3121,False,0
34608f,IBE0981 ,Spain,1765744665,1765744666,9.2607,40.892,11574.78,False,246.52,88.33,0.0,,11750.04,1000,False,0
34608e,IBE07EA ,Spain,1765744665,1765744665,4.3815,42.581,11262.36,False,232.05,232.11,0.0,,11369.04,1000,False,0
44a831,TUI6G   ,Belgium,1765744666,1765744666,7.1367,51.3908,1257.3,False,137.58,16.06,-4.23,,1356.36,1000,False,0
71c211,TWB402  ,Republic of Korea,1765744666,1765744666,16.8081,46.7847,10660.38,False,221.56,101.52,0.65,,10873.74,0657,False,0
48ac80,LOT484  ,Poland,1765743273,1765744662,16.7724,56.0282,3802.38,False,23.31,157.96,-0.33,,11628.12,3701,False,0
48ac81,LOT2MN  ,Poland,1765743841,1765744665,17.5044,52.1378,4564.38,False,240.88,94.16,0.33,,10812.78,1000,False,0
4408ff,BCS516  ,Austria,1765744649,1765744649,12.2515,51.4103,,True,0.0,357.19,,,,,False,0
346082,AEA9117 ,Spain,1765744666,1765744666,-3.4554,40.366,1165.86,False,109.78,322.81,0.0,,1272.54,6243,False,0
744825,RJA5013 ,Jordan,1765744665,1765744665,7.769,51.7527,11582.4,False,231.28,276.13,0.0,,11788.14,0625,False,0
346083,AEA1048 ,Spain,1765744665,1765744665,1.6323,41.0517,5532.12,False,203.4,265.21,12.03,,5661.66,,False,0
485061,TRA16E  ,Kingdom of the Netherlands,1765744665,1765744665,4.1492,51.4678,3352.8,False,207.64,65.4,-4.88,,3436.62,1000,False,0
4cadb8,RYR57UX ,Ireland,1765744665,1765744665,13.6102,49.5987,5943.6,False,175.7,212.2,9.43,,6134.1,1407,False,0
4cadb9,RYR39HG ,Ireland,1765744665,1765744666,12.5188,51.6406,7254.24,False,207.95,211.13,8.78,,7444.74,1127,False,0
406222,CFE93G  ,United Kingdom,1765744665,1765744665,-3.2301,55.0082,6400.8,False,216.19,330.02,-11.7,,6393.18,1454,False,0
3c7a49,CFG2362 ,Germany,1765744666,1765744666,19.1892,46.8202,10668.0,False,233.29,112.15,0.0,,10843.26,7655,False,0
4cadfd,RYR655P ,Ireland,1765744665,1765744665,-0.029,39.3095,10972.8,False,232.97,86.46,0.0,,11041.38,1000,False,0
4cadff,RYR665A ,Ireland,1765744665,1765744665,16.1078,45.0551,11277.6,False,225.46,127.86,0.33,,11468.1,0503,False,0
4408c9,EZS38UD ,Austria,1765744665,1765744665,0.1634,50.3613,7368.54,False,217.41,149.73,6.83,,7536.18,1436,False,0
4cadfc,RYR90VW ,Ireland,1765744665,1765744666,-2.1527,43.261,10980.42,False,221.4,25.02,0.0,,11087.1,1000,False,0
3d77ff,PAV414  ,Germany,1765744666,1765744666,6.5595,46.4493,4213.86,False,121.94,63.98,5.85,,4381.5,5742,False,0
406e69,EZY67UP ,United Kingdom,1765744665,1765744665,4.2857,46.1212,11590.02,False,234.95,345.42,0.0,,11750.04,4075,False,0
40753f,EXS11MG ,United Kingdom,1765744662,1765744665,-9.4991,48.2464,11887.2,False,247.96,359.76,0.0,,11993.88,4411,False,0
34604d,AEA72VR ,Spain,1765744666,1765744666,-6.5715,39.746,10363.2,False,209.34,67.15,0.0,,10500.36,3346,False,0
34604c,ANE19XR ,Spain,1765744665,1765744665,-2.0374,40.8918,6652.26,False,215.35,233.16,-8.13,,6766.56,1000,False,0
4cadf0,RYR17NG ,Ireland,1765744665,1765744665,11.2861,54.5397,8915.4,False,219.36,215.07,4.88,,9075.42,0745,False,0
4cadf2,RYR25VH ,Ireland,1765744665,1765744665,9.7865,49.028,10972.8,False,228.03,35.91,0.0,,11178.54,5561,False,0
407535,BAW1MB  ,United Kingdom,1765744665,1765744665,12.3453,47.5408,11582.4,False,243.42,303.19,0.0,,11772.9,2222,False,0
44d068,BEL8RD  ,Belgium,1765744665,1765744665,8.3866,46.2888,6995.16,False,196.64,157.06,-11.38,,7223.76,1000,False,0
4caddd,ITY1601 ,Ireland,1765744665,1765744665,8.8603,42.9984,10355.58,False,237.52,10.48,0.0,,10515.6,1000,False,0
40751c,EXS32JH ,United Kingdom,1765744665,1765744665,14.6874,45.7001,11582.4,False,229.56,315.82,0.0,,11765.28,2060,False,0
4cade7,RYR44LG ,Ireland,1765744665,1765744665,10.3628,52.8208,8983.98,False,219.38,97.28,-5.2,,9189.72,5235,False,0
4cade5,RYR41UZ ,Ireland,1765744665,1765744665,5.3962,47.4969,11582.4,False,242.52,323.71,0.0,,11750.04,5767,False,0
4cade6,RYR5SF  ,Ireland,1765744666,1765744666,9.5331,45.1038,7680.96,False,212.98,120.96,8.45,,7863.84,1000,False,0
44d071,BEL6AK  ,Belgium,1765744665,1765744665,11.6152,48.3386,1722.12,False,122.0,302.95,17.23,,1844.04,1000,False,0
4cadef,RYR39CW ,Ireland,1765744666,1765744666,1.7315,40.235,10980.42,False,241.62,55.06,0.0,,11071.86,1422,False,0
4cadf9,RYR91RU ,Ireland,1765744666,1765744666,9.4529,44.7802,11582.4,False,229.34,53.21,0.0,,11727.18,1000,False,0
4cadf4,RYR98BP ,Ireland,1765744665,1765744665,-6.2456,53.4341,,True,0.06,2.81,,,,,False,0
4cadf6,RYR64MH ,Ireland,1765744665,1765744665,16.2969,49.3423,12192.0,False,226.49,287.45,0.0,,12352.02,1000,False,0
4cadf7,RYR4CE  ,Ireland,1765744637,1765744637,14.2675,50.1106,,True,0.06,64.69,,,,5235,False,0
485009,TRA2J   ,Kingdom of the Netherlands,1765744665,1765744665,9.3611,52.9829,12192.0,False,215.45,221.22,0.0,,12344.4,3517,False,0
4ba915,THY272  ,Turkey,1765744370,1765744661,28.7774,41.8598,7010.4,False,216.43,170.56,-0.33,,7086.6,,False,0
40624e,BAW817  ,United Kingdom,1765744665,1765744666,-0.3616,51.4779,304.8,False,65.33,270.0,-2.93,,342.9,0754,False,0
4ba90f,THY5GM  ,Turkey,1765744665,1765744665,14.8717,40.7752,10980.42,False,212.25,273.06,0.0,,11186.16,2303,False,0
40624f,BAW745  ,United Kingdom,1765744638,1765744641,-0.4258,51.4777,76.2,False,68.94,269.57,-3.9,,114.3,5745,False,0
406250,SHT8K   ,United Kingdom,1765744646,1765744654,-3.365,55.949,,True,0.0,149.06,,,,6233,False,0
405b65,EZY482X ,United Kingdom,1765744665,1765744665,-5.8279,54.8119,4297.68,False,185.13,78.78,22.43,,4213.86,,False,0
40756d,EZY59GV ,United Kingdom,1765744665,1765744665,-9.9852,38.5347,11582.4,False,200.46,17.32,0.0,,11772.9,6235,False,0
40756b,EZY81PZ ,United Kingdom,1765744665,1765744665,-1.1077,46.9142,11894.82,False,229.15,156.02,0.33,,12039.6,2023,False,0
405b64,EZY48TX ,United Kingdom,1765744666,1765744666,3.4839,49.1553,11590.02,False,235.73,308.62,-0.33,,11765.28,3026,False,0
40756a,EZY62YE ,United Kingdom,1765744664,1765744664,19.6263,41.0012,11582.4,False,211.93,319.23,0.0,,11757.66,6627,False,0
347344,IBE07DZ ,Spain,1765744666,1765744666,-2.708,48.664,11277.6,False,223.52,196.31,0.0,,11468.1,1173,False,0
407575,EZY2958 ,United Kingdom,1765744665,1765744665,1.3911,57.1912,11582.4,False,184.79,218.78,0.0,,11605.26,1404,False,0
40622d,EZY82HL ,United Kingdom,1765744665,1765744665,3.7813,48.3828,11590.02,False,232.51,321.56,0.33,,11765.28,5735,False,0
48630e,AGR2134 ,Kingdom of the Netherlands,1765744665,1765744665,8.4792,47.2399,2339.34,False,115.98,158.67,-2.6,,2484.12,2053,False,0
407567,EZY32EM ,United Kingdom,1765744666,1765744666,-1.2087,50.3765,7056.12,False,228.29,19.62,-11.7,,7223.76,7467,False,0
4ba905,TKJ291  ,Turkey,1765744666,1765744666,24.6742,46.4054,10972.8,False,210.2,318.08,0.0,,11033.76,,False,0
407568,EZY16XL ,United Kingdom,1765744665,1765744665,12.4877,50.3577,9326.88,False,217.45,304.1,7.8,,9547.86,5173,False,0
4ba904,TKJ137  ,Turkey,1765744355,1765744359,32.1667,40.3159,10668.0,False,240.68,103.98,0.33,,10683.24,,False,0
3423c3,IBE06LK ,Spain,1765744665,1765744665,3.4739,42.2815,11285.22,False,228.42,247.77,0.0,,11376.66,1000,False,0
400be5,EFW1YZ  ,United Kingdom,1765744665,1765744665,-1.2747,46.8942,10363.2,False,225.65,353.72,0.0,,10538.46,2333,False,0
406231,CFE787  ,United Kingdom,1765744665,1765744665,-2.5142,54.4381,10416.54,False,225.7,333.32,-5.2,,10469.88,1467,False,0
3424d4,VLG4WF  ,Spain,1765744666,1765744666,-0.05,51.1674,548.64,False,71.03,257.88,-3.58,,594.36,7465,False,0
3424d5,VLG73SA ,Spain,1765744665,1765744665,-2.0523,43.0196,5737.86,False,192.8,310.02,-6.83,,5890.26,1000,False,0
4cae49,RYR88DG ,Ireland,1765744665,1765744665,-3.4423,37.9718,10454.64,False,223.24,64.91,3.9,,10500.36,5303,False,0
406e0f,VIR11B  ,United Kingdom,1765744666,1765744666,-6.1108,52.8576,11582.4,False,243.6,304.76,-0.33,,11628.12,6006,False,0
4cae56,RYR6108 ,Ireland,1765744665,1765744665,1.7417,39.3868,11117.58,False,220.35,220.64,-5.2,,11216.64,1000,False,0
4cae57,RYR9345 ,Ireland,1765744666,1765744666,13.7147,46.7293,10363.2,False,208.19,67.17,-5.2,,10584.18,1000,False,0
4cae58,RYR6156 ,Ireland,1765744646,1765744664,23.1436,55.1984,5684.52,False,146.41,288.43,12.03,,5471.16,4310,False,0
4d22b1,RYR57ZJ ,Malta,1765744665,1765744666,6.6479,51.4443,10668.0,False,228.39,113.22,0.33,,10873.74,2273,False,0
4cae59,RYR50UL ,Ireland,1765744666,1765744666,10.3116,43.8636,12192.0,False,239.09,313.34,0.0,,12344.4,1277,False,0
4cae52,RYR77PR ,Ireland,1765744665,1765744665,4.962,52.3039,11277.6,False,235.2,83.22,0.0,,11468.1,2022,False,0
4cae54,RYR79LF ,Ireland,1765744665,1765744665,-9.7584,38.4268,11277.6,False,264.63,209.21,0.0,,11475.72,2236,False,0
4cae55,RYR2EZ  ,Ireland,1765744666,1765744666,-4.5911,46.2302,11277.6,False,238.79,203.09,0.0,,11460.48,7135,False,0
4ba890,THY6545 ,Turkey,1765744665,1765744665,25.7578,44.7738,11894.82,False,250.89,145.1,0.0,,11925.3,4553,False,0
4cae51,RYR76AA ,Ireland,1765744666,1765744666,0.4661,47.993,11277.6,False,235.59,229.07,0.0,,11452.86,0621,False,0
7817fb,DKH1662 ,China,1765743448,1765744665,23.6933,60.8338,10050.78,False,267.7,69.06,3.9,,,6025,False,0
300782,AUA549  ,Italy,1765744665,1765744665,15.8405,47.515,6484.62,False,186.35,206.57,8.78,,6697.98,1000,False,0
4ca242,RYR788Z ,Ireland,1765744665,1765744665,-0.9212,51.3507,5044.44,False,194.46,306.72,23.73,,5120.64,7661,False,0
406cd1,EZY35JK ,United Kingdom,1765744665,1765744665,1.5975,52.0979,5128.26,False,194.89,288.15,-4.55,,5250.18,7342,False,0
406cbc,HLE22   ,United Kingdom,1765744665,1765744665,-2.2847,51.4546,342.9,False,28.83,182.05,-1.95,,381.0,0020,False,0
4cae6c,RYR51MN ,Ireland,1765744665,1765744665,8.3698,44.2655,10972.8,False,233.41,49.11,-0.33,,11132.82,1000,False,0
4cae6d,RYR49WT ,Ireland,1765744666,1765744666,-4.3343,36.6701,1798.32,False,136.27,28.4,9.75,,1882.14,,False,0
407fea,WUK2LY  ,United Kingdom,1765744665,1765744665,20.9559,44.3849,10972.8,False,226.23,293.59,-0.33,,11132.82,,False,0
4cae8d,RYR8MD  ,Ireland,1765744666,1765744666,15.2259,50.4571,11277.6,False,220.11,28.78,0.0,,11468.1,1000,False,0
4cae99,RYR83ZU ,Ireland,1765744653,1765744658,-0.5495,38.2862,,True,0.0,185.62,,,,,False,0
4cae92,RYR913  ,Ireland,1765744665,1765744665,2.5282,39.8316,3162.3,False,160.29,199.89,-3.9,,3307.08,1000,False,0
4cae93,RYR7UG  ,Ireland,1765744665,1765744666,15.6971,55.621,11277.6,False,223.55,19.35,-0.33,,11361.42,6641,False,0
4cae94,RYR417D ,Ireland,1765744665,1765744665,-4.0106,46.5914,11277.6,False,233.57,166.24,0.0,,11460.48,5244,False,0
4073a1,EZY14MC ,United Kingdom,1765744665,1765744665,-10.4636,39.3907,11582.4,False,202.36,6.28,0.0,,11788.14,6213,False,0
406caa,EXS4FC  ,United Kingdom,1765744665,1765744666,-1.7739,53.9394,944.88,False,89.63,138.26,-5.85,,914.4,3553,False,0
4cae95,RYR97NK ,Ireland,1765744664,1765744665,1.9209,36.3779,11285.22,False,262.08,51.38,-0.65,,11407.14,6227,False,0
4cae90,RYR38NB ,Ireland,1765744665,1765744665,-6.2695,51.4254,11582.4,False,245.8,349.63,0.0,,11673.84,1040,False,0
4ca246,RYR7T   ,Ireland,1765744665,1765744665,10.3872,44.2192,6408.42,False,212.68,10.88,-11.7,,6629.4,5133,False,0
4d22ae,RYR14QQ ,Malta,1765744665,1765744665,3.2715,51.0125,10652.76,False,231.36,101.93,7.48,,10858.5,0560,False,0
4cae5a,RYR142G ,Ireland,1765744665,1765744666,-1.2506,39.7511,9448.8,False,226.03,304.52,0.33,,9525.0,3202,False,0
4cae69,RYR55CZ ,Ireland,1765744665,1765744665,-1.5641,38.4926,8702.04,False,217.24,43.56,-9.75,,8816.34,5022,False,0
4d22c1,RYR93RC ,Malta,1765744665,1765744665,23.8806,54.3855,8869.68,False,219.37,241.57,6.83,,8900.16,1000,False,0
4cae63,RYR20WQ ,Ireland,1765743934,1765744663,21.097,51.9472,10972.8,False,251.47,206.09,0.0,,11932.92,1000,False,0
4d22b6,RYR54VW ,Malta,1765744665,1765744665,12.117,41.8353,1363.98,False,106.8,307.37,12.35,,1508.76,1000,False,0
4cae60,RYR405  ,Ireland,1765744666,1765744666,5.1094,42.968,11277.6,False,230.68,233.62,-0.33,,11399.52,1000,False,0
4d22b7,RYR76BU ,Malta,1765744448,1765744448,15.7505,42.5294,11574.78,False,226.82,5.34,-0.33,,11757.66,1270,False,0
4cae62,RYR400Q ,Ireland,1765744666,1765744666,12.3603,50.3331,10972.8,False,230.58,306.56,0.0,,11186.16,1102,False,0
4d22b3,RYR6889 ,Malta,1765744665,1765744665,18.1579,43.7859,10363.2,False,226.85,333.32,0.33,,10561.32,,False,0
407fcd,BAW31   ,United Kingdom,1765744665,1765744665,24.4365,45.3908,11277.6,False,252.26,118.24,0.0,,11330.94,5256,False,0
4cae4a,RYR9EH  ,Ireland,1765744665,1765744665,6.4533,55.7234,11277.6,False,251.98,55.99,0.0,,11399.52,1425,False,0
4cae4b,RYR792M ,Ireland,1765744666,1765744666,4.4875,49.3923,11285.22,False,219.1,128.13,0.0,,11475.72,0525,False,0
4cae4c,RYR6PC  ,Ireland,1765744665,1765744665,11.3476,54.2602,8816.34,False,228.52,43.54,-8.45,,9006.84,3337,False,0
4ca216,EIN3LG  ,Ireland,1765744666,1765744666,4.3947,52.2656,10972.8,False,229.4,292.83,0.0,,11170.92,6667,False,0
4cae6b,RYR8815 ,Ireland,1765744665,1765744666,11.6754,49.3732,10668.0,False,225.78,121.3,0.0,,10881.36,5220,False,0
4d22be,RYR874  ,Malta,1765744666,1765744666,10.9974,42.0734,10988.04,False,238.04,46.93,0.0,,11170.92,1000,False,0
4cae75,SAS51B  ,Ireland,1765744666,1765744666,10.708,53.9142,11719.56,False,236.81,45.09,-13.66,,11871.96,5522,False,0
44093e,EJU61EY ,Austria,1765744624,1765744624,4.7555,52.3143,,True,4.89,81.56,,,,,False,0
4d22c6,RYR9162 ,Malta,1765744666,1765744666,16.559,48.5832,7345.68,False,220.59,47.08,6.18,,7559.04,1000,False,0
4ca225,RYR75TL ,Ireland,1765744666,1765744666,-3.528,38.3581,11277.6,False,241.93,200.67,0.33,,11338.56,7121,False,0
4d22ba,RYR38YA ,Malta,1765744666,1765744666,16.4513,48.3273,1295.4,False,113.16,124.63,-3.58,,1440.18,0463,False,0
4ca280,EIN757  ,Ireland,1765744665,1765744665,-5.3953,51.7747,8671.56,False,257.02,355.41,-16.26,,8839.2,7466,False,0
342592,VLG9XJ  ,Spain,1765744666,1765744666,-0.2566,38.5346,4686.3,False,175.45,13.22,24.06,,4777.74,6376,False,0
342591,VLG2QV  ,Spain,1765744665,1765744665,2.2815,48.7063,769.62,False,79.91,235.49,10.4,,853.44,,False,0
4ca294,EIN33W  ,Ireland,1765744666,1765744666,-2.4148,52.1508,10972.8,False,216.16,290.33,0.0,,11140.44,1346,False,0
3472cc,IBE06YF ,Spain,1765744665,1765744665,1.726,43.7524,10972.8,False,227.59,55.59,0.0,,11094.72,1000,False,0
4ca292,EIN34Y  ,Ireland,1765744665,1765744666,-1.3084,51.5964,10965.18,False,220.7,297.94,-0.33,,11140.44,3016,False,0
4ca295,EIN69Y  ,Ireland,1765744665,1765744665,-2.7344,52.1674,10972.8,False,223.55,292.32,-0.33,,11125.2,4115,False,0
4ca27b,RYR9283 ,Ireland,1765744665,1765744666,5.3304,51.4265,678.18,False,72.75,278.13,12.68,,762.0,,False,0
4ca27c,RYR14FT ,Ireland,1765744665,1765744665,-0.3664,45.6991,11582.4,False,216.72,26.5,0.0,,11704.32,1000,False,0
4cae9b,RYR32JX ,Ireland,1765744665,1765744665,-8.726,39.7794,8366.76,False,242.89,208.74,-9.75,,8549.64,5246,False,0
4cae9d,RYR1JA  ,Ireland,1765744665,1765744665,-7.8177,38.7841,11582.4,False,204.07,32.65,0.0,,11719.56,4476,False,0
4ca263,RYR5XQ  ,Ireland,1765744666,1765744666,-0.2501,45.8949,10972.8,False,221.3,29.07,0.0,,11102.34,1000,False,0
4ca24d,RYR225J ,Ireland,1765744665,1765744665,-4.3619,37.9079,8473.44,False,239.59,255.07,-5.53,,8549.64,3204,False,0
4ca24c,RYR83PY ,Ireland,1765744656,1765744665,15.7325,39.2425,3352.8,False,135.26,146.01,-12.03,,3550.92,7440,False,0
4ca258,RYR7169 ,Ireland,1765744666,1765744666,-1.0421,49.0469,10972.8,False,229.25,355.11,0.0,,11148.06,1064,False,0
4ca256,RYR6944 ,Ireland,1765744665,1765744666,5.1538,42.3265,10972.8,False,235.57,51.03,0.0,,11087.1,1000,False,0
4ca259,RYR5FP  ,Ireland,1765744664,1765744664,15.4372,41.3737,8839.2,False,216.38,129.4,-0.33,,9060.18,0004,False,0
4d22ff,RYR2TE  ,Malta,1765744665,1765744665,22.9153,53.8059,9989.82,False,207.0,45.7,-9.1,,10058.4,0453,False,0
407fff,EZY79ZM ,United Kingdom,1765744666,1765744666,-1.8206,50.2916,8839.2,False,235.3,210.77,0.0,,9037.32,0520,False,0
4cae9f,RYR4MA  ,Ireland,1765744665,1765744665,12.2905,40.5046,11277.6,False,235.06,159.5,0.0,,11483.34,7466,False,0
406b84,EFW65WL ,United Kingdom,1765744665,1765744665,-8.4658,42.2574,8854.44,False,228.46,22.93,5.85,,9075.42,,False,0
3c0936,SDR11ML ,Germany,1765744665,1765744665,17.659,49.0964,10363.2,False,226.26,315.0,0.0,,10568.94,1142,False,0
406b6d,CFE1RP  ,United Kingdom,1765744665,1765744665,-1.4466,52.6185,11262.36,False,228.02,115.81,-4.88,,11369.04,7723,False,0
406b79,RRR3203 ,United Kingdom,1765744665,1765744665,4.5715,45.5598,12192.0,False,251.56,346.76,0.0,,12344.4,4057,False,0
71c345,KAL938  ,Republic of Korea,1765743048,1765744501,27.9734,44.0802,10668.0,False,267.8,121.89,-1.95,,10668.0,7122,False,0
4405ea,EJU86JE ,Austria,1765744666,1765744666,7.968,43.9305,6195.06,False,198.08,42.47,12.35,,6370.32,1000,False,0
406b5b,EFW3MG  ,United Kingdom,1765744666,1765744666,-1.5999,49.7202,9410.7,False,239.28,26.01,-9.75,,9593.58,7470,False,0
406b62,BAW59FT ,United Kingdom,1765744665,1765744665,6.957,47.5736,11590.02,False,247.4,300.35,0.0,,11780.52,7520,False,0
406b4a,VIR384T ,United Kingdom,1765744666,1765744666,4.0575,50.9315,9745.98,False,245.2,103.22,3.25,,9959.34,3405,False,0
407e82,RUK9633 ,United Kingdom,1765744391,1765744445,-3.3603,55.9522,,True,11.32,59.06,,,,,False,0
780654,CSG2596 ,China,1765744665,1765744665,42.3311,41.3478,11277.6,False,279.09,80.45,0.0,,11201.4,4225,False,0
4405a6,GAC842B ,Austria,1765744665,1765744665,5.1743,50.9267,10972.8,False,182.28,291.35,0.0,,11148.06,4140,False,0
71c308,AAR502  ,Republic of Korea,1765744653,1765744656,32.5901,42.5204,11277.6,False,266.24,99.12,0.0,,11269.98,7566,False,0
4d230d,VJT750  ,Malta,1765744666,1765744666,21.2632,46.9382,12496.8,False,256.03,124.94,0.0,,12580.62,7311,False,0
4cacb5,SAS89B  ,Ireland,1765744665,1765744665,9.5584,49.5523,11582.4,False,226.5,15.14,0.0,,11772.9,3063,False,0
4cacb6,SAS1501 ,Ireland,1765744666,1765744666,6.0261,53.1514,11582.4,False,213.86,234.4,0.0,,11750.04,3535,False,0
4cacb4,SAS1410 ,Ireland,1765744666,1765744666,12.7509,55.5653,3009.9,False,154.96,33.22,20.16,,3040.38,0250,False,0
4d2304,RYR12JU ,Malta,1765744666,1765744666,8.0897,46.5923,11277.6,False,223.69,140.6,0.0,,11452.86,1000,False,0
4d2300,RYR45DR ,Malta,1765744666,1765744666,3.1483,50.2811,7284.72,False,241.48,59.39,-13.66,,7490.46,1000,False,0
4d2301,RYR49ZV ,Malta,1765744665,1765744665,-5.6235,37.6569,3924.3,False,169.8,25.87,4.55,,4023.36,4632,False,0
4cacf1,GTR1986 ,Ireland,1765744652,1765744652,-0.9046,41.6105,731.52,False,91.76,300.3,-5.53,,937.26,1000,False,0
3c56ef,EWG1RC  ,Germany,1765744665,1765744665,15.1582,49.4104,10370.82,False,219.34,328.62,7.15,,10591.8,5140,False,0
3c56ee,EWG8XL  ,Germany,1765744666,1765744666,0.3077,40.6693,10972.8,False,226.01,70.45,-0.33,,11064.24,5562,False,0
39ceb5,TVF42MW ,France,1765744666,1765744666,-7.779,39.3781,11887.2,False,251.57,200.84,0.0,,12031.98,7637,False,0
3c56ed,EWG3MY  ,Germany,1765744663,1765744664,24.9543,60.3304,,True,0.0,317.81,,,,4314,False,0
3420ca,IBE04FB ,Spain,1765744581,1765744581,2.0834,41.2897,,True,9.77,199.69,,,,,False,0
39ceb9,TVF26NP ,France,1765744666,1765744666,-1.9808,52.1005,11277.6,False,222.18,147.19,0.0,,11414.76,6313,False,0
47a32e,NOZ638  ,Norway,1765744665,1765744665,5.401,60.4902,1950.72,False,128.07,287.05,0.33,,1851.66,7336,False,0
4d234a,RYR8VT  ,Malta,1765744665,1765744665,15.0054,39.0427,12496.8,False,224.65,192.7,-0.33,,12733.02,5563,False,0
39ceb0,TVF4780 ,France,1765744665,1765744665,-0.3275,44.3819,11277.6,False,238.58,211.6,0.0,,11399.52,1000,False,0
4cacdf,RYR9524 ,Ireland,1765744404,1765744404,5.2136,43.4408,,True,8.23,28.12,,,,5567,False,0
407e33,EAG79A  ,United Kingdom,1765744665,1765744665,-2.9907,53.5981,4572.0,False,125.28,278.26,0.0,,4579.62,6317,False,0
46d0ad,SEH7KA  ,Greece,1765744665,1765744665,24.063,37.6083,2118.36,False,123.37,290.25,-7.8,,2217.42,1432,False,0
3c56f5,EWG31V  ,Germany,1765744665,1765744665,15.3096,46.9167,1699.26,False,123.99,160.36,-2.6,,1859.28,1000,False,0
4d233d,VJT659  ,Malta,1765744665,1765744665,7.2079,43.657,,True,5.92,222.19,,,,,False,0
406b05,BAW43   ,United Kingdom,1765744666,1765744666,3.0895,38.5707,9448.8,False,220.45,168.56,0.0,,9585.96,5266,False,0
4d2350,RYR54QG ,Malta,1765744665,1765744665,16.1973,48.7537,10972.8,False,244.19,235.04,0.0,,11178.54,1330,False,0
7448a6,RJA552  ,Jordan,1765744665,1765744665,22.8569,35.3307,10668.0,False,277.13,97.57,0.33,,10881.36,,False,0
7448a4,RJA102  ,Jordan,1765744665,1765744665,20.1928,38.4305,11277.6,False,255.07,111.91,-0.33,,11460.48,,False,0
3c56eb,EWG62H  ,Germany,1765744665,1765744665,7.43,51.3271,2476.5,False,137.0,292.52,-4.88,,2598.42,1000,False,0
4d2369,RYR47FN ,Malta,1765744665,1765744665,19.5826,44.3248,10668.0,False,217.86,119.11,-0.33,,10843.26,4703,False,0
46d0a3,SEH841  ,Greece,1765744665,1765744665,16.5775,47.8318,3573.78,False,196.19,155.85,5.85,,3726.18,7102,False,0
4d2368,RYR9573 ,Malta,1765744666,1765744666,11.2388,45.3662,6118.86,False,195.29,247.22,9.43,,6316.98,0256,False,0
39ceaa,TVF22RB ,France,1765744665,1765744665,3.7021,47.8551,6842.76,False,154.28,316.35,-5.53,,7018.02,1000,False,0
39ceab,TVF26YV ,France,1765744666,1765744666,3.4691,49.0661,3154.68,False,139.32,225.15,-3.9,,3284.22,1000,False,0
4d234c,RYR71WR ,Malta,1765744665,1765744665,-4.4487,52.0289,11582.4,False,218.37,279.22,0.0,,11689.08,3112,False,0
4d234d,RYR4DP  ,Malta,1765744666,1765744666,-3.7124,50.5704,10660.38,False,246.13,10.11,0.33,,10820.4,,False,0
39ceaf,TVF77SG ,France,1765744666,1765744666,-8.5866,39.2482,6583.68,False,189.54,44.23,14.63,,6720.84,2216,False,0
4d234e,RYR9NX  ,Malta,1765744665,1765744665,1.3224,49.9003,3977.64,False,167.1,148.85,-5.53,,4084.32,3112,False,0
4d234f,RYR92YT ,Malta,1765744666,1765744666,-3.1482,53.0842,5958.84,False,193.29,117.59,-17.56,,6050.28,6335,False,0
3985a4,AFR98FJ ,France,1765744665,1765744665,4.7727,43.9155,2979.42,False,139.9,154.28,-4.23,,3139.44,1000,False,0
3985a0,DAH3014 ,France,1765744664,1765744665,20.9026,39.7293,10660.38,False,242.99,64.41,0.0,,10843.26,1272,False,0
3985a1,AFR1049 ,France,1765744666,1765744666,1.252,43.6709,10972.8,False,237.07,350.89,0.0,,11087.1,1000,False,0
39cea2,TVF6243 ,France,1765744665,1765744665,7.6621,41.023,12192.0,False,222.98,301.89,-0.33,,12329.16,,False,0
4d2349,RYR95GM ,Malta,1765744665,1765744665,2.5886,47.5291,11277.6,False,219.36,160.12,0.0,,11445.24,6343,False,0
39cea4,TVF25FZ ,France,1765744666,1765744666,-2.2056,47.5726,12496.8,False,222.98,121.89,-0.33,,12626.34,1000,False,0
39cea5,TVF91RJ ,France,1765744665,1765744665,-4.6815,39.3008,9753.6,False,218.8,22.83,0.0,,9837.42,6464,False,0
39cea6,TVF8315 ,France,1765744666,1765744666,8.4415,39.7656,12192.0,False,231.89,342.97,0.0,,12352.02,,False,0
39cea8,TVF68ZR ,France,1765744666,1765744666,4.0395,47.565,7239.0,False,168.8,321.56,-5.53,,7414.26,1000,False,0
4d2346,RYR79TC ,Malta,1765744666,1765744666,1.6338,49.0344,10492.74,False,230.57,33.44,-4.88,,10690.86,6324,False,0
4d238c,VJT792  ,Malta,1765744078,1765744652,27.5905,42.7886,13716.0,False,266.06,102.96,15.61,,13723.62,0655,False,0
4d238b,FJO66L  ,Malta,1765744666,1765744666,10.0909,44.9165,5143.5,False,194.74,137.03,-10.08,,5372.1,0523,False,0
407e75,LOG82JA ,United Kingdom,1765744665,1765744665,-8.2408,55.0638,2781.3,False,116.66,70.69,8.45,,2644.14,,False,0
48e939,SPJMP   ,Poland,1765744665,1765744665,16.9083,51.0959,91.44,False,43.71,296.57,-1.95,,213.36,,False,0
407e60,EZY53PT ,United Kingdom,1765744663,1765744663,-0.1638,51.1531,,True,2.83,81.56,,,,1420,False,0
407e61,EZY29KE ,United Kingdom,1765744662,1765744666,-0.1748,51.153,,True,1.54,81.56,,,,4234,False,0
71c383,AAR546  ,Republic of Korea,1765744666,1765744666,42.6105,41.6888,11894.82,False,270.61,95.02,0.0,,11833.86,1455,False,0
46dca2,SEH3XP  ,Greece,1765744665,1765744665,21.1611,40.2882,11285.22,False,248.17,138.45,0.0,,11460.48,,False,0
4d235d,VJT691  ,Malta,1765744403,1765744403,8.5739,47.4551,,True,3.09,95.62,,,,1000,False,0
406b20,BAW55G  ,United Kingdom,1765744665,1765744665,2.6825,40.1217,10668.0,False,239.02,168.33,-0.33,,10759.44,2017,False,0
4d2387,RYR43EQ ,Malta,1765744665,1765744665,18.6379,44.9302,11887.2,False,230.73,121.6,0.0,,12047.22,7503,False,0
407e3f,URO903  ,United Kingdom,1765742153,1765744659,33.6137,45.2407,11582.4,False,8.62,197.35,0.0,,10622.28,3226,False,0
3c56f3,EWG87AW ,Germany,1765744665,1765744665,3.3592,53.2031,11277.6,False,230.87,129.76,0.0,,11452.86,2274,False,0
3c56f1,EWG59FG ,Germany,1765744665,1765744665,7.0331,46.7383,11574.78,False,219.35,44.71,0.33,,11734.8,3372,False,0
4d2383,RYR34BA ,Malta,1765744665,1765744665,-1.2883,40.8318,11887.2,False,233.27,168.29,0.0,,11971.02,5267,False,0
4d2384,RYR2ZH  ,Malta,1765744666,1765744666,25.2223,54.7907,3368.04,False,154.86,242.5,12.03,,3337.56,1000,False,0
440652,AOJ96M  ,Austria,1765744666,1765744666,-1.8023,36.298,12153.9,False,236.23,100.16,5.2,,12214.86,4627,False,0
44064a,EJU75GC ,Austria,1765744666,1765744666,11.5411,46.9279,11102.34,False,222.18,16.55,4.88,,11285.22,1000,False,0
4d228a,RYR12VW ,Malta,1765744665,1765744666,14.5243,51.3524,10972.8,False,219.96,289.11,0.0,,11148.06,0620,False,0
440669,AUA528  ,Austria,1765744665,1765744666,10.922,46.0658,7726.68,False,242.46,68.33,5.53,,7947.66,1000,False,0
440665,AUA23N  ,Austria,1765744666,1765744666,15.7068,49.5012,8564.88,False,229.65,154.53,-5.2,,8808.72,1000,False,0
44065b,AUA368  ,Austria,1765744666,1765744666,14.0817,48.9965,9928.86,False,228.66,113.05,-5.53,,10157.46,1000,False,0
4cad28,RYR17FQ ,Ireland,1765744665,1765744665,12.6915,49.9283,11582.4,False,231.5,306.87,0.0,,11780.52,2657,False,0
440612,EJU46JQ ,Austria,1765744629,1765744629,-0.1709,51.152,,True,2.31,78.75,,,,5470,True,0
440610,EJU36FJ ,Austria,1765744665,1765744666,22.1956,37.7602,10972.8,False,204.47,313.98,0.0,,11155.68,2050,False,0
4cad0f,RYR2XA  ,Ireland,1765744665,1765744665,-5.6125,53.4767,2545.08,False,109.89,249.44,-4.88,,2506.98,7626,False,0
440609,AUA25Y  ,Austria,1765744524,1765744524,16.5676,48.1189,,True,0.13,205.31,,,,7634,False,0
398600,AFR1552 ,France,1765744665,1765744665,6.5808,53.65,11277.6,False,237.19,34.93,0.33,,11430.0,3343,False,0
398601,AFR7482 ,France,1765744666,1765744666,0.7011,46.0582,10668.0,False,241.2,209.52,0.33,,10820.4,1000,False,0
440606,AUA574  ,Austria,1765744665,1765744665,16.5247,48.2465,701.04,False,89.34,165.32,-0.33,,845.82,1000,False,0
440605,AUA146  ,Austria,1765744666,1765744666,13.1102,47.8322,9456.42,False,208.69,86.75,0.0,,9692.64,1000,False,0
440604,AUA699M ,Austria,1765744665,1765744665,17.256,47.74,5471.16,False,204.37,115.02,8.78,,5661.66,,False,0
4070ec,EXS5NG  ,United Kingdom,1765744666,1765744666,-4.4358,55.5067,3406.14,False,184.63,56.13,-8.13,,3329.94,7642,False,0
440631,EJU56VN ,Austria,1765744659,1765744659,8.7241,45.6445,,True,8.75,258.75,,,,1000,False,0
48c1a7,RYR5AM  ,Poland,1765744665,1765744665,-10.2579,40.6776,11582.4,False,210.59,28.13,0.0,,11780.52,6237,False,0
48c1a8,RYR7855 ,Poland,1765744665,1765744666,9.8028,44.886,4488.18,False,206.65,10.47,-12.35,,4671.06,6567,False,0
4cad10,RYR944  ,Ireland,1765744556,1765744556,12.586,41.8122,22.86,False,70.4,153.06,-4.23,,205.74,1000,False,0
4cad12,RYR2981 ,Ireland,1765744666,1765744666,-10.88,39.792,10972.8,False,212.86,27.8,0.0,,11201.4,6267,False,0
4070e8,EXS84N  ,United Kingdom,1765744665,1765744665,-0.4935,54.4473,5410.2,False,211.79,321.01,-11.7,,5471.16,3552,False,0
44061d,EJU43TQ ,Austria,1765744666,1765744666,2.3191,41.7789,4297.68,False,159.69,211.03,-4.55,,4442.46,1000,False,0
44061c,EJU83UT ,Austria,1765744665,1765744665,-3.5216,44.4925,11582.4,False,210.46,22.11,0.33,,11719.56,1000,False,0
503d62,ELY5194 ,Lithuania,1765744665,1765744665,27.4569,36.8775,10058.4,False,249.3,136.76,0.0,,10203.18,7110,False,0
4cad64,RYR8KJ  ,Ireland,1765744665,1765744665,-4.9367,37.5984,5775.96,False,176.96,191.57,-5.85,,5897.88,2132,False,0
4c01e1,ASL98A  ,Serbia,1765744463,1765744664,-0.4998,39.4975,15.24,True,2.06,205.31,,,,1421,False,0
4c01e4,ASL38J  ,Serbia,1765744666,1765744666,16.5136,47.1686,11269.98,False,220.43,125.69,0.33,,11445.24,7651,False,0
4c01e3,ASL14A  ,Serbia,1765744665,1765744665,3.9654,40.9862,9608.82,False,233.71,103.36,17.56,,9715.5,1425,False,0
4cad4c,ABR176  ,Ireland,1765744666,1765744666,5.9311,49.9444,8229.6,False,203.04,145.95,0.0,,8442.96,1000,False,0
4c01e0,ASL69J  ,Serbia,1765744665,1765744665,18.6163,44.4315,5920.74,False,181.39,61.55,-9.1,,6141.72,1223,False,0
06a080,QTR17X  ,Qatar,1765744666,1765744666,6.4456,50.3755,3345.18,False,174.51,306.13,-8.13,,3474.72,3201,False,0
4c01e5,ASL73L  ,Serbia,1765744665,1765744665,18.1103,49.5668,11277.6,False,243.28,145.77,0.0,,11437.62,7632,False,0
4d21d2,AEZ839Y ,Malta,1765744665,1765744665,9.2795,45.448,,True,7.2,174.38,,,,,False,0
06a07a,QTR58U  ,Qatar,1765744665,1765744666,10.9495,49.8486,10668.0,False,238.86,110.82,0.0,,10873.74,4650,False,0
4c01f2,ASL60D  ,Serbia,1765744665,1765744665,8.6525,47.7551,10668.0,False,208.3,102.7,0.0,,10850.88,0663,False,0
4cad5c,ITY1297 ,Ireland,1765744665,1765744665,9.2762,45.4776,419.1,False,77.72,6.84,10.4,,563.88,1000,False,0
4cad5f,ITY153  ,Ireland,1765744666,1765744666,9.0951,45.3383,1744.98,False,116.99,171.66,-3.9,,1889.76,1000,False,0
8406d0,JAL44   ,Japan,1765744665,1765744665,18.5006,46.88,10668.0,False,240.97,118.15,0.0,,10843.26,4635,False,0
4cad42,SAS49K  ,Ireland,1765744665,1765744665,5.123,54.3936,11269.98,False,250.71,72.2,0.33,,11422.38,5204,False,0
4cad40,SAS688  ,Ireland,1765744665,1765744665,12.4202,54.3106,8564.88,False,197.96,8.07,-10.73,,8740.14,7353,False,0
4cad41,SAS1472 ,Ireland,1765744665,1765744666,12.2485,55.9369,6164.58,False,190.91,358.61,11.05,,6263.64,0403,False,0
3c4581,BOX512  ,Germany,1765744169,1765744663,26.4604,44.5109,10668.0,False,261.55,131.97,0.0,,10668.0,6404,False,0
4cad2b,RYR822G ,Ireland,1765744665,1765744665,2.2239,51.1487,9608.82,False,222.78,120.53,6.18,,9791.7,0524,False,0
39cf0b,AFR872  ,France,1765744665,1765744666,-0.8078,44.0435,10668.0,False,259.98,206.82,0.0,,10767.06,7650,False,0
39cf0e,AFR568  ,France,1765744661,1765744665,20.4592,40.9283,12496.8,False,265.33,139.64,0.0,,12649.2,,False,0
4cad54,RYR4VX  ,Ireland,1765744666,1765744666,-2.7109,53.3033,3192.78,False,142.18,280.21,4.88,,3200.4,2013,False,0
503d6f,AHY078  ,Lithuania,1765743620,1765744362,30.6314,41.9493,9570.72,False,240.62,81.02,5.85,,9601.2,,False,0
4cad51,EAI59L  ,Ireland,1765744665,1765744665,-3.9068,55.5019,4267.2,False,87.91,237.43,0.33,,4198.62,,False,0
3c4593,BOX442  ,Germany,1765744666,1765744666,-4.0866,56.2259,9753.6,False,234.33,301.35,0.33,,9723.12,2514,False,0
4cad3f,RYR25ZR ,Ireland,1765744666,1765744666,-5.2288,35.6663,10668.0,False,250.49,221.09,-0.33,,10690.86,0453,False,0
4cad3a,RYR667W ,Ireland,1765744665,1765744665,2.6605,51.1392,11277.6,False,228.62,101.16,0.0,,11468.1,3444,False,0
4cad3b,RYR1BX  ,Ireland,1765744666,1765744666,-3.6491,51.4153,1188.72,False,144.73,54.84,-3.9,,1211.58,7664,False,0
4cad3c,RYR7XY  ,Ireland,1765744665,1765744665,13.414,47.8793,11582.4,False,235.0,322.83,0.0,,11780.52,5632,False,0
4cad3d,RYR98FY ,Ireland,1765744665,1765744666,-0.0834,35.0138,11277.6,False,261.92,49.3,0.33,,11361.42,,False,0
3c5853,VJH767  ,Germany,1765744665,1765744666,-0.0671,48.8618,9326.88,False,197.6,98.38,5.2,,9525.0,5272,False,0
4cad9f,EAI09U  ,Ireland,1765744606,1765744609,-1.3617,50.9492,,True,0.0,106.88,,,,,False,0
4d21ea,RYR3YY  ,Malta,1765744666,1765744666,-1.218,38.8013,10972.8,False,226.47,52.66,0.0,,11033.76,5004,False,0
4d21fc,RYR8BW  ,Malta,1765744665,1765744665,8.3221,44.1188,10020.3,False,221.42,60.34,-5.2,,10180.32,4654,False,0
4d21fe,RYR2UK  ,Malta,1765744665,1765744665,-1.5271,47.1244,1409.7,False,102.22,155.63,14.31,,1478.28,,False,0
342210,IBE06TT ,Spain,1765744664,1765744665,-1.8432,40.982,7368.54,False,203.43,231.16,-5.53,,7513.32,1000,False,0
4cad7a,EIN7VT  ,Ireland,1765744665,1765744665,-9.6209,44.4032,11277.6,False,229.97,10.18,0.0,,11475.72,6205,False,0
4cad7c,EIN388  ,Ireland,1765744665,1765744665,-5.5212,51.9342,10066.02,False,240.07,111.89,0.33,,10180.32,2264,False,0
4cad7d,EIN723  ,Ireland,1765744665,1765744666,-6.3979,51.792,9410.7,False,210.09,263.81,-25.68,,9525.0,7641,False,0
4d21ce,AEZ2363 ,Malta,1765744665,1765744666,8.9898,43.3854,10668.0,False,213.95,183.72,0.0,,10835.64,3527,False,0
4d21cf,AEZ157Q ,Malta,1765744665,1765744665,12.4681,41.2443,5943.6,False,201.77,150.69,13.33,,6164.58,5436,False,0
4c01eb,ASL30A  ,Serbia,1765743889,1765744666,17.487,55.8539,10668.0,False,287.76,158.94,-0.33,,11628.12,5604,False,0
4c01ed,ASL50R  ,Serbia,1765744666,1765744666,17.8566,46.8585,10058.4,False,229.3,140.92,0.33,,10271.76,5153,False,0
4c01ec,ASL82G  ,Serbia,1765744665,1765744665,15.1225,45.7925,10347.96,False,213.33,96.51,-2.6,,10576.56,0410,False,0
4cad86,SAS58M  ,Ireland,1765744665,1765744665,18.1061,59.3488,2522.22,False,148.05,17.81,-8.13,,2476.5,6645,False,0
4cad88,SAS88P  ,Ireland,1765744665,1765744665,9.0236,55.6706,11330.94,False,248.39,74.38,-5.2,,11452.86,6017,False,0
4cad89,SAS2814 ,Ireland,1765744557,1765744559,12.6738,55.6294,22.86,False,61.99,220.96,-3.58,,83.82,1056,False,0
4c01ee,ASL11N  ,Serbia,1765744665,1765744665,10.5031,58.3021,10073.64,False,246.15,156.86,5.53,,10126.98,7675,False,0
3803ff,,France,1765744589,1765744589,7.2269,43.6662,,True,4.89,120.94,,,,,False,0
407cb2,RUK9QD  ,United Kingdom,1765744662,1765744662,-4.5086,36.6838,,True,10.29,312.19,,,,,False,0
407cb0,RUK1365 ,United Kingdom,1765744665,1765744665,-1.5809,48.0753,11582.4,False,226.7,11.39,0.0,,11742.42,7475,False,0
4d21f0,RYR8602 ,Malta,1765744665,1765744665,14.1276,44.6159,11887.2,False,227.92,180.78,0.0,,12054.84,1000,False,0
4cad93,SAS56K  ,Ireland,1765744665,1765744665,3.3545,53.4164,10363.2,False,194.64,207.04,0.33,,10538.46,1176,False,0
4cad92,SAS528  ,Ireland,1765744666,1765744666,17.9723,59.663,91.44,False,63.76,255.52,-0.98,,68.58,6217,False,0
4d21db,KMM467  ,Malta,1765744666,1765744666,5.6061,46.1994,11887.2,False,214.81,125.25,0.0,,12024.36,7666,False,0
4cad7e,EIN1EH  ,Ireland,1765744665,1765744665,-0.7134,51.7948,3131.82,False,132.41,123.75,-6.83,,3185.16,7655,False,0
4010ea,EZY537E ,United Kingdom,1765744666,1765744666,-2.3212,57.2171,1775.46,False,138.55,334.96,-1.3,,1638.3,3454,False,0
45d962,VKG1457 ,Denmark,1765744665,1765744665,8.3948,55.5027,10675.62,False,257.22,63.64,-0.33,,10828.02,1175,False,0
45d969,VKG1559 ,Denmark,1765744665,1765744665,7.4632,57.6674,12496.8,False,256.95,31.91,0.0,,12504.42,2366,False,0
4010ee,EZY415  ,United Kingdom,1765744359,1765744363,0.2553,51.8987,160.02,False,67.7,223.15,-4.23,,205.74,6330,False,0
4406de,AUA5    ,Austria,1765744665,1765744666,22.1618,46.4389,10668.0,False,245.99,120.27,0.0,,10797.54,7114,False,0
4010dc,EFW8VP  ,United Kingdom,1765744665,1765744665,10.3618,45.8839,6118.86,False,221.04,339.71,9.43,,6301.74,0253,False,0
4010db,EFW75H  ,United Kingdom,1765744665,1765744666,-4.2795,47.3876,10980.42,False,229.44,36.61,0.0,,11155.68,2006,False,0
4010da,EFW7ZP  ,United Kingdom,1765744665,1765744665,5.3322,47.3948,10980.42,False,244.4,319.27,0.0,,11132.82,5706,False,0
4010e9,EZY57KG ,United Kingdom,1765744666,1765744666,15.2544,45.0206,11582.4,False,222.19,319.41,0.0,,11757.66,2036,False,0
4406f0,EJU54QM ,Austria,1765744665,1765744665,14.8692,38.4036,10568.94,False,189.34,324.06,9.75,,10797.54,5176,False,0
4cac9f,SAS1717 ,Ireland,1765744665,1765744665,15.1944,57.2715,10965.18,False,210.11,233.66,0.0,,10980.42,0216,False,0
406c80,EXS980  ,United Kingdom,1765744664,1765744664,-2.2787,53.3575,,True,0.0,5.62,,,,7462,False,0
406c71,EZY56QY ,United Kingdom,1765744666,1765744666,-4.4747,55.8501,723.9,False,81.14,226.28,5.85,,617.22,,False,0
3003af,DLA8CK  ,Italy,1765744666,1765744666,12.2594,50.0592,10668.0,False,210.83,86.36,-0.33,,10843.26,7654,False,0
485a81,TFL9TM  ,Kingdom of the Netherlands,1765744666,1765744666,-1.6659,46.5406,11574.78,False,222.86,37.21,0.0,,11734.8,1000,False,0
485a85,TFL8FL  ,Kingdom of the Netherlands,1765744666,1765744666,1.5623,49.1129,11582.4,False,232.31,31.51,0.0,,11765.28,1000,False,0
4d2208,RYR1VL  ,Malta,1765744665,1765744665,0.7036,46.9811,10248.9,False,226.4,353.21,-4.88,,10416.54,1000,False,0
4d2209,RYR18UH ,Malta,1765744665,1765744665,10.3653,43.7672,11094.72,False,222.3,178.67,5.2,,11262.36,4625,False,0
347191,BCS7XA  ,Spain,1765744662,1765744665,12.2388,51.409,,True,0.9,87.19,,,,,False,0
4d2237,RYR10DW ,Malta,1765744661,1765744661,17.9388,59.6532,,True,0.0,250.31,,,,6036,False,0
407f4c,LOG26VG ,United Kingdom,1765744665,1765744665,-5.4516,57.2182,4518.66,False,119.43,157.19,-3.25,,4366.26,6331,False,0
4d2235,RYR73YY ,Malta,1765744665,1765744665,2.1757,49.4758,10363.2,False,235.05,28.64,0.0,,10553.7,1000,False,0
3986e5,AFR91RL ,France,1765744665,1765744665,7.0474,48.7408,7010.4,False,198.58,85.84,0.0,,7208.52,3344,False,0
46d1cf,SEH6DT  ,Greece,1765744665,1765744665,24.6936,38.5205,4876.8,False,148.76,196.68,0.33,,4991.1,6707,False,0
4d221a,RYR41CE ,Malta,1765744665,1765744665,-7.3861,47.9665,11582.4,False,232.57,326.27,0.0,,11734.8,1116,False,0
4d2232,RYR4718 ,Malta,1765744665,1765744666,4.1595,54.3339,11582.4,False,209.63,207.63,0.0,,11704.32,1450,False,0
4d2248,RYR2NL  ,Malta,1765744665,1765744665,4.2557,51.0267,9753.6,False,228.52,311.44,0.0,,9951.72,4113,False,0
4d2245,RYR8575 ,Malta,1765744665,1765744666,-8.2711,40.1936,10972.8,False,204.98,31.97,0.0,,11148.06,4470,False,0
4d2246,RYR6QD  ,Malta,1765744665,1765744665,7.4432,49.4795,10058.4,False,208.15,114.22,0.0,,10271.76,0116,False,0
4d2247,RYR69RF ,Malta,1765744666,1765744666,-1.0067,49.0075,11582.4,False,231.57,353.24,-0.33,,11742.42,1055,False,0
4c0262,ASL39H  ,Serbia,1765744665,1765744666,6.0872,46.003,3680.46,False,151.61,128.39,10.4,,3840.48,,False,0
4d223b,RYR9113 ,Malta,1765744666,1765744666,22.6501,52.3102,10972.8,False,190.66,6.82,0.0,,11018.52,2257,False,0
407f43,EAG49BG ,United Kingdom,1765744665,1765744665,-2.5301,53.0566,3147.06,False,135.07,312.68,-1.95,,3147.06,2275,False,0
4d222e,RYR3MG  ,Malta,1765744666,1765744666,14.5956,39.3932,11582.4,False,210.29,337.26,0.0,,11811.0,5434,False,0
4d2241,RYR876R ,Malta,1765744666,1765744666,15.7093,39.8104,9845.04,False,230.7,28.79,-4.88,,10073.64,5477,False,0
4d2215,RYR292C ,Malta,1765744486,1765744662,23.3813,56.1217,8534.4,False,241.51,185.87,8.13,,6644.64,1000,False,0
4d2216,RYR33VG ,Malta,1765744666,1765744666,-9.4315,39.8855,11582.4,False,200.12,17.5,0.0,,11765.28,6233,False,0
485a32,KLM1508 ,Kingdom of the Netherlands,1765744666,1765744666,-0.2908,45.8171,12192.0,False,219.37,28.43,0.0,,12306.3,1000,False,0
407f38,EXS2QW  ,United Kingdom,1765744665,1765744665,-2.2457,53.3679,213.36,False,69.43,230.41,-4.23,,198.12,5175,False,0
4d2219,RYR6SU  ,Malta,1765744665,1765744665,14.7566,44.032,10972.8,False,223.04,34.57,0.0,,11155.68,1000,False,0
485a35,KLM1377 ,Kingdom of the Netherlands,1765744665,1765744665,10.2514,51.2369,11277.6,False,227.12,110.69,0.0,,11468.1,1000,False,0
4d2210,RYR83TC ,Malta,1765744665,1765744666,-0.6903,39.146,11582.4,False,227.24,39.67,0.0,,11650.98,1410,False,0
485a34,KLM82D  ,Kingdom of the Netherlands,1765744666,1765744666,1.4777,47.7402,12192.0,False,228.99,14.97,0.0,,12329.16,1000,False,0
4d2222,RYR51ND ,Malta,1765744665,1765744665,5.612,52.0613,7391.4,False,225.07,92.75,-4.88,,7574.28,2041,False,0
4d2224,RYR473T ,Malta,1765744665,1765744665,-5.2252,35.7372,6454.14,False,190.34,34.21,10.4,,6522.72,6461,False,0
4c0242,ASL70J  ,Serbia,1765744659,1765744659,19.3549,45.149,3848.1,False,152.4,112.84,-7.48,,4030.98,6505,False,0
4c0241,ASL16F  ,Serbia,1765744665,1765744665,20.0597,45.9259,6088.38,False,127.55,344.56,0.0,,6263.64,,False,0
4c0244,ASL12R  ,Serbia,1765744666,1765744666,19.9276,44.6287,2194.56,False,126.93,19.9,-6.18,,2331.72,,False,0
4d220a,RYR64SP ,Malta,1765744666,1765744666,0.1506,40.8593,10690.86,False,235.73,17.92,4.88,,10744.2,1065,False,0
4d220b,RYR46EW ,Malta,1765744665,1765744665,17.0213,45.2188,4122.42,False,176.39,335.9,18.86,,4259.58,,False,0
4c0245,ASL67K  ,Serbia,1765744665,1765744665,14.3986,45.2042,5044.44,False,125.94,98.69,1.95,,5234.94,0223,False,0
4d220c,RYR2UE  ,Malta,1765744666,1765744666,12.8132,52.3421,3878.58,False,184.77,271.76,12.35,,3977.64,1350,False,0
4d2279,RYR46TP ,Malta,1765744664,1765744665,18.0706,43.7619,11277.6,False,233.91,138.21,0.0,,11460.48,1000,False,0
4d226c,RYR4GY  ,Malta,1765744666,1765744666,3.3991,48.9279,11590.02,False,222.17,58.44,0.0,,11750.04,3371,False,0
4d226a,RYR8684 ,Malta,1765744666,1765744666,-3.6582,45.1961,11582.4,False,214.19,8.29,0.0,,11719.56,0053,False,0
40600e,EZY18ZC ,United Kingdom,1765744664,1765744664,14.2725,50.1157,,True,0.0,244.69,,,,,False,0
40600d,EZY37DN ,United Kingdom,1765744665,1765744665,2.2199,41.9053,11879.58,False,224.85,165.42,-0.33,,11971.02,7702,False,0
4d2275,RYR94EG ,Malta,1765744665,1765744665,-4.3571,40.537,5722.62,False,194.89,256.26,13.66,,5836.92,2605,False,0
4d2270,RYR98CV ,Malta,1765744665,1765744666,18.3715,48.3038,8305.8,False,225.98,313.43,9.1,,8496.3,1000,False,0
4d2271,RYR67TY ,Malta,1765744665,1765744665,-0.9003,39.2379,11277.6,False,234.38,233.03,0.33,,11338.56,4012,False,0
4d2272,RYR13ZN ,Malta,1765744666,1765744666,14.0395,47.0064,11277.6,False,231.32,189.09,-0.33,,11475.72,1166,False,0
406014,EZY94AV ,United Kingdom,1765744666,1765744666,7.3615,47.0249,10972.8,False,224.1,134.26,-0.33,,11148.06,0553,False,0
44079a,EJU65EF ,Austria,1765744665,1765744665,17.4275,46.2608,11590.02,False,239.14,266.55,0.33,,11765.28,2322,False,0
3c68cb,BCS311  ,Germany,1765744663,1765744664,12.2488,51.4077,,True,0.06,87.19,,,,1145,False,0
4d2289,RYR617V ,Malta,1765744666,1765744666,9.2725,51.8861,11277.6,False,231.02,95.49,0.0,,11460.48,4706,False,0
406017,EZY73RG ,United Kingdom,1765744665,1765744665,8.5634,47.4607,,True,4.37,14.06,,,,3015,False,0
3c4ec7,BCS6GA  ,Germany,1765744666,1765744666,5.0057,50.509,5844.54,False,191.04,133.58,11.38,,6004.56,1000,False,0
4d227c,RYR7CY  ,Malta,1765744665,1765744665,7.2396,45.7516,9349.74,False,232.38,332.87,11.7,,9517.38,1000,False,0
4d227d,RYR52GJ ,Malta,1765744666,1765744666,13.0882,44.2178,12192.0,False,227.6,317.66,-0.33,,12336.78,1000,False,0
4d227e,RYR47EX ,Malta,1765744664,1765744665,9.6812,45.0353,8686.8,False,229.07,161.0,-4.88,,8869.68,0547,False,0
407f7b,EXS2138 ,United Kingdom,1765744664,1765744664,4.6419,58.839,11582.4,False,185.45,210.69,0.0,,11559.54,1421,False,0
406012,EZY59MU ,United Kingdom,1765744593,1765744593,4.7542,52.313,,True,6.17,177.19,,,,6323,False,0
406011,EZY76ZR ,United Kingdom,1765744665,1765744665,-1.3684,52.9124,5227.32,False,185.04,308.11,-9.1,,5326.38,5740,False,0
4d227b,RYR4XQ  ,Malta,1765744666,1765744666,17.8522,50.6862,10972.8,False,216.91,287.1,0.0,,11132.82,6154,False,0
4d226f,RYR9146 ,Malta,1765744665,1765744665,0.1982,42.7737,11582.4,False,227.3,6.5,0.0,,11673.84,5374,False,0
4d2286,RYR82SK ,Malta,1765744665,1765744665,10.5611,45.8414,11277.6,False,232.92,231.64,0.0,,11430.0,1000,False,0
4d2280,RYR97QV ,Malta,1765744665,1765744665,13.521,35.9582,4282.44,False,176.37,94.01,-8.45,,4518.66,,False,0
4d2259,RYR8FV  ,Malta,1765742991,1765744665,17.5524,54.3193,11277.6,False,254.49,176.99,0.0,,11330.94,5627,False,0
4d2255,RYR8SF  ,Malta,1765744665,1765744665,7.7611,49.7737,10972.8,False,235.11,269.37,0.0,,11163.3,7422,False,0
4d2256,RYR791A ,Malta,1765744666,1765744666,2.3781,41.4668,10668.0,False,216.3,232.15,0.0,,10759.44,1000,False,0
4d2257,RYR91AG ,Malta,1765744665,1765744665,-1.3338,48.7381,8534.4,False,212.37,9.62,0.0,,8709.66,,False,0
4d2258,RYR74SW ,Malta,1765744666,1765744666,1.783,49.4186,10363.2,False,229.23,43.73,0.0,,10546.08,1000,False,0
3c55c2,EWG12M  ,Germany,1765744665,1765744665,22.5078,45.7322,11582.4,False,220.36,302.32,-0.65,,11704.32,3220,False,0
4cabdb,SAS28K  ,Ireland,1765744665,1765744665,10.4442,53.5606,9448.8,False,236.29,38.99,-0.33,,9631.68,5715,False,0
407f79,EZY59RJ ,United Kingdom,1765744666,1765744666,13.5974,52.5418,1531.62,False,144.86,97.76,-5.53,,1630.68,2010,False,0
4d223f,RYR2AL  ,Malta,1765744666,1765744666,13.0142,50.2342,10332.72,False,226.13,16.25,-4.88,,10546.08,1000,False,0
4d2251,RYR21WH ,Malta,1765744665,1765744665,1.9445,52.593,11582.4,False,217.33,227.21,0.0,,11734.8,2201,False,0
4d2250,RYR51SD ,Malta,1765744666,1765744666,12.006,55.7657,2766.06,False,162.15,79.58,-7.15,,2819.4,1443,False,0
4d2269,RYR7DC  ,Malta,1765744666,1765744666,-4.1437,38.0714,6774.18,False,233.0,248.36,-14.96,,6903.72,3226,False,0
4d225a,RYR93JJ ,Malta,1765744665,1765744665,-1.4511,43.0197,11277.6,False,237.47,207.62,0.33,,11384.28,1116,False,0
4d225b,RYR8717 ,Malta,1765744666,1765744666,-3.8053,48.0664,11582.4,False,229.48,1.03,0.0,,11750.04,1116,False,0
4d225c,RYR7JF  ,Malta,1765744665,1765744665,13.4348,46.3792,8237.22,False,232.24,322.47,9.43,,8435.34,0274,False,0
407f65,EZY61ZW ,United Kingdom,1765744665,1765744665,12.3085,45.4713,91.44,False,69.94,42.02,-3.9,,243.84,0561,False,0
34840a,AEA51KH ,Spain,1765744397,1765744397,-3.5686,40.4749,,True,9.26,143.44,,,,2073,False,0
3c55c6,EWG1CL  ,Germany,1765744666,1765744666,1.5915,52.0575,10058.4,False,224.91,79.59,0.0,,10248.9,5210,False,0
407f66,EZY52RA ,United Kingdom,1765744666,1765744666,-8.1077,36.605,10972.8,False,195.28,14.81,0.0,,11079.48,6407,False,0
407f63,EZY62VR ,United Kingdom,1765744559,1765744568,2.5166,49.0243,76.2,False,70.15,85.79,-3.58,,190.5,1000,False,0
3c55c3,EWG83AU ,Germany,1765744665,1765744665,4.0625,42.0396,9753.6,False,242.63,35.07,5.85,,9883.14,5323,False,0
4d224d,RYR96BY ,Malta,1765744665,1765744665,14.926,57.5748,11582.4,False,220.73,215.8,-0.33,,11582.4,7672,False,0
3c55c9,EWG5D   ,Germany,1765744665,1765744665,14.3256,51.7264,4724.4,False,199.29,337.54,-10.4,,4861.56,3213,False,0
4d224e,RYR5443 ,Malta,1765744666,1765744666,14.0936,40.6098,3291.84,False,170.53,237.32,4.23,,3474.72,,False,0
407f67,EZY81YZ ,United Kingdom,1765744665,1765744665,4.1754,47.2941,10965.18,False,236.67,330.15,0.33,,11117.58,4047,False,0
4d2263,RYR15QQ ,Malta,1765744658,1765744658,16.3982,41.7745,8846.82,False,219.16,132.72,-6.18,,9113.52,1000,False,0
4d2265,RYR2037 ,Malta,1765744666,1765744666,2.9155,44.2403,11582.4,False,221.75,61.0,0.0,,11696.7,5243,False,0
407f61,EZY83RM ,United Kingdom,1765744665,1765744665,6.5522,44.1635,11574.78,False,230.11,332.29,-0.33,,11719.56,4034,False,0
4d2261,RYR8283 ,Malta,1765744666,1765744666,4.752,46.5113,11277.6,False,213.74,104.64,0.0,,11422.38,0556,False,0
407f60,EZY24HM ,United Kingdom,1765744666,1765744666,-4.0486,41.1151,10355.58,False,208.37,0.85,0.0,,10454.64,4540,False,0
400a7c,BAW774  ,United Kingdom,1765744666,1765744666,3.1007,54.0305,11567.16,False,246.45,35.91,4.55,,11681.46,6003,False,0
4d2198,HAT5088 ,Malta,1765744665,1765744665,10.7389,43.1699,7772.4,False,198.17,233.34,-4.88,,7978.14,1000,False,0
04c119,KQA101  ,Kenya,1765744665,1765744665,16.5959,38.0579,11887.2,False,282.59,137.66,0.33,,12115.8,7135,False,0
493299,NJE706W ,Portugal,1765744665,1765744665,-0.3449,51.8787,220.98,False,49.96,253.24,-2.6,,251.46,6717,False,0
4071d9,EZY815J ,United Kingdom,1765744666,1765744666,-4.1471,55.9544,1089.66,False,108.14,332.83,0.0,,990.6,6332,False,0
4071d7,EZY48QZ ,United Kingdom,1765744665,1765744666,2.2209,52.8769,11277.6,False,232.45,101.36,0.0,,11452.86,5245,False,0
462d15,ABF3A   ,Finland,1765744420,1765744665,22.1862,59.3204,11422.38,False,212.36,53.07,0.65,,,7361,False,0
493284,NJE662H ,Portugal,1765744665,1765744665,1.5544,50.7153,5676.9,False,202.39,319.02,-8.78,,5791.2,0650,False,0
406ae3,BAW850T ,United Kingdom,1765744665,1765744666,20.5697,52.0215,2202.18,False,153.71,112.02,-4.23,,2301.24,2020,False,0
4071c7,HGO442  ,United Kingdom,1765744665,1765744665,20.3433,46.728,11887.2,False,245.12,114.95,-0.33,,11986.26,3465,False,0
4b19e6,SWR41L  ,Switzerland,1765744663,1765744665,8.5522,47.4562,327.66,True,7.72,154.69,,,,1000,False,0
440735,EJU36BU ,Austria,1765744665,1765744666,-0.4033,51.0618,2895.6,False,140.82,154.46,8.13,,2933.7,0543,False,0
4cac14,KZR664  ,Ireland,1765744665,1765744665,26.534,44.3957,9441.18,False,244.39,117.86,-0.33,,9494.52,4740,False,0
4b19fc,SWR3AP  ,Switzerland,1765744666,1765744666,7.9809,47.0169,5996.94,False,140.42,24.69,-5.2,,6172.2,1000,False,0
30055b,DLA1AA  ,Italy,1765744666,1765744666,8.5099,49.243,7261.86,False,185.3,181.91,9.43,,7459.98,2510,False,0
48c2af,RYR29ZU ,Poland,1765744665,1765744665,6.3527,52.1715,11277.6,False,232.52,102.65,0.0,,11468.1,3443,False,0
48c2ae,RYR308R ,Poland,1765744666,1765744666,-2.8599,53.3348,,True,3.86,87.19,,,,6664,False,0
48c2ab,RYR440M ,Poland,1765744665,1765744665,18.8629,49.905,5387.34,False,182.91,252.99,10.4,,5532.12,5543,False,0
48c2b8,RYR24CH ,Poland,1765744666,1765744666,-5.9319,53.5057,3352.8,False,175.1,102.73,16.26,,3299.46,,False,0
400a99,BRO077P ,United Kingdom,1765744665,1765744665,-2.2606,53.3627,,True,0.9,84.38,,,,7501,False,0
342397,VLG1HB  ,Spain,1765744665,1765744665,-0.2738,51.1381,685.8,False,107.97,257.62,5.53,,716.28,2070,False,0
48c2b1,RYR36AK ,Poland,1765744665,1765744665,0.0821,51.9217,2049.78,False,137.22,349.2,10.73,,2072.64,0537,False,0
48c2b0,RYR45UM ,Poland,1765744666,1765744666,13.7768,47.3363,10972.8,False,222.67,52.42,0.0,,11178.54,2210,False,0
48c2a6,RYR34WP ,Poland,1765744665,1765744665,-3.9998,40.1428,3802.38,False,177.95,85.86,-10.73,,3931.92,3330,False,0
48c2a4,RYR46DZ ,Poland,1765743520,1765744663,17.6438,54.1726,9204.96,False,201.57,119.51,0.0,,11384.28,5234,False,0
71be28,KAL946  ,Republic of Korea,1765744666,1765744666,20.9689,46.3135,10668.0,False,241.56,113.07,0.0,,10820.4,6420,False,0
48c2a2,RYR78YP ,Poland,1765744664,1765744664,19.8652,50.0889,411.48,False,72.26,257.25,-4.23,,548.64,1000,False,0
48c2a0,RYR5BN  ,Poland,1765744654,1765744655,15.6431,42.1795,11582.4,False,233.54,8.49,-0.33,,11772.9,6572,False,0
48c2a1,RYR10CC ,Poland,1765744666,1765744666,18.0999,47.4961,6842.76,False,201.98,273.21,10.08,,7033.26,,False,0
4d20b1,WZZ1672 ,Malta,1765744666,1765744666,10.5042,45.5303,10980.42,False,222.11,50.26,0.0,,11155.68,1000,False,0
4cac55,RYR25HD ,Ireland,1765744666,1765744666,13.2254,52.6463,11582.4,False,224.7,247.66,0.0,,11750.04,3575,False,0
4cac53,RYR31KK ,Ireland,1765744666,1765744666,-5.8657,53.337,1569.72,False,112.32,325.07,-2.93,,1516.38,3602,True,0
440713,EJU46YK ,Austria,1765744665,1765744665,3.0799,49.3187,3825.24,False,146.26,247.67,-4.23,,3962.4,0740,False,0
4cac23,RYR33HU ,Ireland,1765744665,1765744665,-2.3275,45.4332,12192.0,False,221.97,10.68,0.0,,12329.16,2347,False,0
343694,ANE69GL ,Spain,1765744666,1765744666,-2.6508,40.3846,3954.78,False,178.14,251.3,-6.5,,4061.46,1000,False,0
71be39,KAL513  ,Republic of Korea,1765744666,1765744666,8.764,45.5194,693.42,False,80.71,348.98,-4.55,,853.44,1000,False,0
4cac1e,RYR53GW ,Ireland,1765744666,1765744666,2.9743,49.3287,11277.6,False,225.93,201.37,0.0,,11452.86,0733,False,0
4cac1f,RYR96WJ ,Ireland,1765744665,1765744665,-3.8042,44.6904,11582.4,False,219.67,0.13,-0.33,,11727.18,7442,False,0
4cac7b,SAS036  ,Ireland,1765744661,1765744665,17.9353,59.6544,,True,0.0,75.94,,,,6202,False,0
4cac7a,SAS1820 ,Ireland,1765744666,1765744666,0.957,52.2199,11582.4,False,240.74,34.64,-0.65,,11742.42,2373,False,0
4cac87,RYR47ZP ,Ireland,1765744665,1765744665,-7.4886,47.0896,11277.6,False,227.35,169.83,0.0,,11460.48,2002,False,0
4cac89,RYR9DD  ,Ireland,1765744665,1765744665,2.5514,48.5426,11277.6,False,230.09,194.5,0.0,,11460.48,0735,False,0
4cac84,RYR9RV  ,Ireland,1765744666,1765744666,18.4894,58.7642,6621.78,False,214.62,193.3,6.18,,6598.92,,False,0
4cac85,RYR665G ,Ireland,1765744665,1765744665,-2.5981,45.6318,11582.4,False,221.53,36.31,0.0,,11734.8,1000,False,0
5113e5,D11     ,Estonia,1765744415,1765744415,24.8126,59.4149,,True,6.17,73.12,,,,,False,0
4d20d7,VJT842  ,Malta,1765744666,1765744666,11.9294,41.593,13716.0,False,245.72,117.16,0.0,,13891.26,4304,False,0
5113e6,,Estonia,1765744650,1765744650,24.8082,59.4154,,True,7.2,267.19,,,,,False,0
5113e3,,Estonia,1765744514,1765744514,24.8106,59.4132,,True,5.4,129.38,,,,,False,0
5113ce,FORUS11 ,Estonia,1765744541,1765744541,24.8606,59.4155,,True,13.38,90.0,,,,,False,0
4cac8a,SAS7934 ,Ireland,1765744665,1765744665,4.7945,54.5063,11887.2,False,248.82,48.1,0.0,,12009.12,2245,False,0
45ab50,FIN7068 ,Denmark,1765744666,1765744666,10.4597,59.0962,12504.42,False,265.51,72.06,0.33,,12451.08,6021,False,0
39b10b,FBU70A  ,France,1765744666,1765744666,14.3069,44.0652,10668.0,False,246.79,137.03,0.0,,10866.12,0660,False,0
400a26,BAW72J  ,United Kingdom,1765744665,1765744666,7.8755,47.5447,4876.8,False,149.36,109.31,0.0,,5059.68,2054,False,0
71be10,KAL510  ,Republic of Korea,1765744665,1765744665,9.537,51.6263,9448.8,False,249.67,103.95,0.0,,9646.92,0142,False,0
400a25,BAW5PQ  ,United Kingdom,1765744665,1765744665,0.1046,51.247,3825.24,False,186.06,86.51,11.7,,3901.44,5222,False,0
4d20c0,WZZ5769 ,Malta,1765744663,1765744666,28.0417,41.1371,11277.6,False,238.19,89.75,-0.33,,11346.18,6625,False,0
4cac63,ABR421  ,Ireland,1765744546,1765744546,8.7253,45.643,,True,1.03,258.75,,,,1000,False,0
400a0e,BAW5GU  ,United Kingdom,1765744386,1765744386,-0.4304,51.4777,53.34,False,66.37,269.56,-3.9,,114.3,2750,False,0
4d20bd,WMT8FV  ,Malta,1765744665,1765744665,2.0023,41.4703,3520.44,False,152.81,238.77,-4.88,,3657.6,1000,False,0
4d20be,WMT3778 ,Malta,1765744665,1765744666,40.8509,40.7506,10988.04,False,196.85,280.69,0.0,,10980.42,3153,False,0
4cac79,SAS66P  ,Ireland,1765744666,1765744666,18.3009,59.6775,960.12,False,98.47,333.3,0.0,,906.78,7101,False,0
04c11c,KQA117  ,Kenya,1765744665,1765744665,13.2305,42.0241,11879.58,False,247.76,142.68,0.0,,12070.08,0154,False,0
45ab23,FIN1604 ,Denmark,1765744666,1765744666,15.0764,52.3944,12192.0,False,216.46,20.16,0.33,,12321.54,7351,False,0
5113f5,,Estonia,1765744650,1765744650,24.809,59.4156,,True,2.57,180.0,,,,,False,0
4d20bc,WMT3HR  ,Malta,1765744666,1765744666,15.8025,44.6856,10965.18,False,231.32,208.27,0.33,,11170.92,1000,False,0
4632b2,ABF4    ,Finland,1765744666,1765744666,4.8773,43.3014,13716.0,False,219.94,206.68,-0.33,,13822.68,1000,False,0
71c597,,Republic of Korea,1765744661,1765744663,-3.5749,40.4592,,True,0.26,225.0,,,,,False,0
47a185,NOZ41S  ,Norway,1765744665,1765744665,1.4004,52.5842,10744.2,False,233.29,54.24,0.98,,10911.84,1405,False,0
407c5e,AWC151  ,United Kingdom,1765744665,1765744665,6.0468,50.615,11879.58,False,228.54,106.48,0.0,,12062.46,2232,False,0
398495,CCM68ZK ,France,1765744665,1765744665,3.2361,46.5368,10668.0,False,220.96,156.54,0.0,,10828.02,1000,False,0
40833c,WUK5611 ,United Kingdom,1765744665,1765744666,24.6141,39.2501,10058.4,False,251.39,135.91,-0.33,,10203.18,2265,False,0
78086c,CCA934  ,China,1765743219,1765744664,15.8032,56.0691,10058.4,False,264.38,62.54,0.0,,10149.84,0426,False,0
48c12d,RYR445D ,Poland,1765744665,1765744665,25.6257,45.4254,11277.6,False,252.85,144.27,-0.33,,11300.46,1161,False,0
48c12e,RYR81DN ,Poland,1765744666,1765744666,15.3567,37.5831,3710.94,False,131.91,31.77,15.93,,3901.44,5156,False,0
48c12c,RYR5DG  ,Poland,1765744665,1765744666,24.5073,39.927,11544.3,False,212.89,346.87,3.58,,11666.22,6454,False,0
48c135,RYR3NN  ,Poland,1765744665,1765744665,12.7151,58.9482,7856.22,False,267.0,99.43,6.18,,7879.08,2503,False,0
789218,CPA238  ,China,1765744666,1765744666,37.1222,42.2227,10668.0,False,274.94,98.18,0.0,,10652.76,3440,False,0
48c133,RYR34FU ,Poland,1765744665,1765744665,7.3253,43.564,11582.4,False,228.76,50.47,0.0,,11711.94,1000,False,0
48c134,RYR9489 ,Poland,1765744666,1765744666,8.7393,45.6092,160.02,False,71.83,348.85,-2.93,,320.04,1000,False,0
511392,SAATJA42,Estonia,1765744579,1765744579,24.8558,59.4101,,True,1.8,357.19,,,,,False,0
48c132,,Poland,1765744665,1765744665,13.4463,38.3312,1988.82,False,112.26,162.4,-2.6,,2164.08,,False,0
48c129,RYR94UX ,Poland,1765744666,1765744666,14.2558,44.345,11582.4,False,230.66,275.89,0.0,,11757.66,7353,False,0
48c126,RYR22DG ,Poland,1765744665,1765744665,16.5413,45.7167,11582.4,False,234.25,209.32,0.0,,11765.28,1000,False,0
48c124,RYR91NN ,Poland,1765744665,1765744665,14.4855,50.1793,1188.72,False,93.67,244.98,-5.53,,1318.26,1000,False,0
48c125,RYR6588 ,Poland,1765744665,1765744666,-8.2689,51.6985,1021.08,False,104.99,245.7,0.33,,975.36,4471,False,0
3e3ef9,PAV114  ,Germany,1765744666,1765744666,11.5926,50.2948,7010.4,False,149.61,65.2,0.0,,7200.9,5033,False,0
51139c,D8      ,Estonia,1765744568,1765744568,24.8114,59.4158,,True,3.86,0.0,,,,,False,0
51139b,D9      ,Estonia,1765744645,1765744645,24.8105,59.4154,,True,5.92,270.0,,,,,False,0
489786,LOT5NG  ,Poland,1765744665,1765744665,10.8247,52.0845,10972.8,False,220.17,264.5,0.0,,11170.92,1000,False,0
451d8c,ASL77Y  ,Bulgaria,1765744665,1765744665,15.7806,44.5209,11277.6,False,226.15,87.0,0.0,,11490.96,0432,False,0
3c4dd4,DLH8JR  ,Germany,1765744665,1765744665,15.2057,46.1466,5935.98,False,177.73,132.18,-9.75,,6134.1,1000,False,0
4691c2,AEE629  ,Greece,1765744665,1765744665,23.7864,37.7828,822.96,False,99.4,39.54,-0.98,,967.74,3507,False,0
3c4dcb,DLH8NX  ,Germany,1765744666,1765744666,13.2828,47.1522,7002.78,False,192.56,132.94,-6.83,,7216.14,1000,False,0
710110,SVA112  ,Saudi Arabia,1765744665,1765744665,10.1182,44.8402,10058.4,False,236.29,145.83,0.0,,10233.66,5261,False,0
451d85,ASL72A  ,Bulgaria,1765744666,1765744666,18.9121,48.0902,11277.6,False,241.76,156.82,0.33,,11460.48,7621,False,0
3444cf,VLG110P ,Spain,1765744664,1765744664,-1.9173,42.258,10668.0,False,215.32,285.66,-0.33,,10782.3,1000,False,0
3444cb,VLG30WW ,Spain,1765744665,1765744665,-3.9609,40.5653,10363.2,False,221.17,19.99,0.0,,10477.5,6201,False,0
3444cc,VLG84DB ,Spain,1765744665,1765744666,22.6287,38.3703,8930.64,False,209.13,301.93,6.5,,9128.76,2066,False,0
3444ca,VLG3801 ,Spain,1765744539,1765744539,-2.728,43.335,2781.3,False,150.7,296.13,-5.2,,2910.84,1000,False,0
3444d0,VLG1DC  ,Spain,1765744666,1765744666,-1.8347,43.8446,10972.8,False,213.41,28.67,0.0,,11087.1,5202,False,0
3444c8,VOE7MP  ,Spain,1765744665,1765744665,-4.4173,40.0724,10363.2,False,208.7,25.55,0.0,,10462.26,5044,False,0
3444c9,VLG9LM  ,Spain,1765744666,1765744666,4.3492,42.4124,9151.62,False,219.18,35.93,-0.33,,9296.4,1000,False,0
440452,EJU98QR ,Austria,1765744666,1765744666,5.1617,47.0388,9144.0,False,221.65,291.09,0.0,,9334.5,1000,False,0
4caada,EAI77L  ,Ireland,1765744665,1765744665,-2.2152,52.9568,4564.38,False,111.45,309.57,2.28,,4610.1,5151,False,0
4c0178,ASL174  ,Serbia,1765744666,1765744666,17.5856,47.4617,6096.0,False,128.06,319.4,-0.65,,6294.12,,False,0
4c0179,ASL159  ,Serbia,1765744665,1765744665,19.8807,45.4731,4137.66,False,141.96,191.92,-5.85,,4290.06,2236,False,0
407c26,TOM741  ,United Kingdom,1765744665,1765744665,-8.3736,44.0078,11582.4,False,218.53,19.67,0.0,,11772.9,4450,False,0
407c0b,TOM3EV  ,United Kingdom,1765744665,1765744665,-1.7069,55.0381,,True,5.4,272.81,,,,6232,False,0
408305,EXS8DK  ,United Kingdom,1765744665,1765744665,-0.2322,52.0687,10477.5,False,217.54,318.36,-12.35,,10652.76,7543,False,0
3c54a1,EWG4ER  ,Germany,1765744666,1765744666,13.1314,49.8356,10980.42,False,224.8,305.22,0.0,,11209.02,5151,False,0
44046d,EJU65UJ ,Austria,1765744665,1765744665,18.9481,46.353,11574.78,False,213.41,320.48,0.0,,11742.42,6446,False,0
3c4dc6,DLH4EW  ,Germany,1765744666,1765744666,9.8879,50.8089,8732.52,False,235.78,60.02,5.2,,8961.12,1000,False,0
3c4dc3,DLH6NV  ,Germany,1765744665,1765744665,12.1901,48.4764,1638.3,False,165.38,221.97,-10.73,,1760.22,3637,False,0
469dc1,SEH671  ,Greece,1765744666,1765744666,27.1219,39.8575,9753.6,False,208.96,222.81,0.0,,9852.66,,False,0
4caad8,EAI95C  ,Ireland,1765744665,1765744666,-2.7262,53.6292,4884.42,False,117.94,276.01,-0.65,,4922.52,6306,False,0
4d206b,WZZ8068 ,Malta,1765744665,1765744665,12.3927,41.7291,4472.94,False,176.17,16.11,13.0,,4678.68,1000,False,0
4d206c,WZZ8890 ,Malta,1765744152,1765744665,16.2781,53.7639,8915.4,False,232.38,64.0,-13.0,,9525.0,7704,False,0
4b18b8,SWR193B ,Switzerland,1765744356,1765744356,8.558,47.4542,,True,0.06,185.62,,,,1000,False,0
4081c0,BAW561L ,United Kingdom,1765744665,1765744665,9.8251,43.5462,11590.02,False,236.75,322.68,-0.33,,11757.66,1244,False,0
4d207c,RYR13SJ ,Malta,1765744665,1765744665,7.3698,44.0942,11277.6,False,230.16,240.4,0.0,,11414.76,1000,False,0
4d2087,EWG3EL  ,Malta,1765744666,1765744666,10.3343,51.9884,10363.2,False,225.79,266.34,0.0,,10576.56,1000,False,0
4d2088,EWG1U   ,Malta,1765744665,1765744665,-2.4873,55.3338,7574.28,False,210.59,129.25,5.2,,7635.24,,False,0
4d2085,EWG8L   ,Malta,1765744666,1765744666,6.491,50.1908,8229.6,False,214.7,8.27,-7.8,,8450.58,1000,False,0
4d204b,WZZ9FC  ,Malta,1765744665,1765744665,23.8093,39.3221,9174.48,False,221.31,181.73,-5.85,,9342.12,1417,False,0
407ac3,TOM47A  ,United Kingdom,1765744665,1765744665,3.9637,51.0271,10363.2,False,242.11,293.68,0.0,,10576.56,6604,False,0
342091,IBE06SH ,Spain,1765744666,1765744666,-0.8822,45.0222,10378.44,False,223.67,27.68,0.0,,10485.12,1000,False,0
4d204a,WZZ1FT  ,Malta,1765744666,1765744666,14.7741,49.1082,10660.38,False,215.96,51.38,-0.33,,10873.74,1000,False,0
4081a9,EXS914D ,United Kingdom,1765744666,1765744666,-0.2465,54.5988,11597.64,False,212.96,298.73,0.0,,11689.08,6222,False,0
4081a3,BAW989  ,United Kingdom,1765744666,1765744666,-0.0334,51.5895,2057.4,False,125.51,135.83,-6.5,,2103.12,1347,False,0
4d2068,WZZ6MA  ,Malta,1765744665,1765744665,11.2847,42.4136,10980.42,False,232.2,43.2,0.33,,11155.68,1000,False,0
06a1dd,QQE720  ,Qatar,1765744665,1765744665,17.0116,48.0312,3070.86,False,143.34,320.83,-5.2,,3208.02,,False,0
4d2067,WZZ4014 ,Malta,1765744666,1765744666,14.1315,51.6221,11887.2,False,223.22,75.45,0.0,,12062.46,1000,False,0
4bb848,PGT92UY ,Turkey,1765744663,1765744663,29.1197,40.8173,914.4,False,90.66,64.45,-2.28,,1066.8,,False,0
4bb846,PGT1867 ,Turkey,1765744665,1765744665,29.0979,37.7044,10012.68,False,257.6,119.69,5.85,,10119.36,,False,0
4b18f4,SWR1LK  ,Switzerland,1765744666,1765744666,8.6876,47.7189,3657.6,False,120.7,164.42,0.0,,3825.24,1000,False,0
4b18f5,EDW229F ,Switzerland,1765744665,1765744665,5.4848,42.7225,11574.78,False,236.72,24.11,0.0,,11696.7,5575,False,0
4bb852,PGT1521 ,Turkey,1765744664,1765744664,26.4652,38.4056,5425.44,False,191.08,320.35,10.73,,5524.5,6324,False,0
4bb861,PGT708  ,Turkey,1765744664,1765744664,37.6927,39.7904,10668.0,False,252.45,80.5,0.0,,10675.62,0753,False,0
342059,IBE05ZL ,Spain,1765744581,1765744585,-3.5295,40.467,586.74,False,75.94,322.43,-3.9,,693.42,1000,False,0
4bb84f,PGT386  ,Turkey,1765744665,1765744665,23.6466,46.6481,10972.8,False,211.53,324.8,0.0,,11056.62,5315,False,0
4bb84e,PGT1178 ,Turkey,1765744666,1765744666,28.0103,41.0902,6256.02,False,200.82,111.17,-8.78,,6362.7,,False,0
4bb84b,PGT1576 ,Turkey,1765744665,1765744665,26.3273,44.7176,10363.2,False,209.66,320.18,0.0,,10386.06,,False,0
4bb84a,PGT42NX ,Turkey,1765744665,1765744665,28.5292,38.3721,7597.14,False,202.08,258.55,-11.7,,7719.06,,False,0
343385,IBS18UC ,Spain,1765744665,1765744665,1.6171,48.1901,10972.8,False,223.01,29.58,0.0,,11163.3,1000,False,0
4d2092,WMT7CK  ,Malta,1765744665,1765744666,5.9611,42.5416,10972.8,False,237.18,45.18,0.33,,11102.34,1000,False,0
34469a,VLG3BG  ,Spain,1765744665,1765744666,3.3162,40.4926,5486.4,False,191.96,312.07,0.0,,5638.8,,False,0
01018d,LMU723  ,Egypt,1765744656,1765744656,43.2523,41.4606,10668.0,False,266.49,80.56,0.0,,10629.9,0770,False,0
010195,LMU735  ,Egypt,1765744665,1765744665,27.9772,43.2271,10363.2,False,209.07,320.59,0.0,,10363.2,6124,False,0
4081d7,WUK5605 ,United Kingdom,1765744665,1765744665,23.2215,35.8958,10668.0,False,260.36,159.17,0.0,,10881.36,1152,False,0
3480c3,IBB8AQ  ,Spain,1765744665,1765744666,-6.7371,39.4293,11277.6,False,250.29,241.12,0.0,,11407.14,3763,False,0
344697,VLG4DM  ,Spain,1765744665,1765744666,2.3906,40.5,7010.4,False,185.2,179.84,0.0,,7170.42,6331,False,0
344698,VLG53FH ,Spain,1765744665,1765744665,-0.3817,40.7652,10652.76,False,239.32,259.22,1.95,,10744.2,0477,False,0
344699,VLG1867 ,Spain,1765744666,1765744666,7.4696,47.2592,10066.02,False,229.82,215.43,1.95,,10248.9,0637,False,0
344692,VLG7699 ,Spain,1765744665,1765744665,13.6796,48.491,10972.8,False,231.12,209.76,-0.33,,11186.16,1140,False,0
344693,VLG34E  ,Spain,1765744657,1765744657,-0.1683,51.153,,True,5.92,78.75,,,,2005,False,0
344694,VLG3CL  ,Spain,1765744665,1765744665,-0.1851,51.1489,45.72,False,58.53,257.31,-0.33,,106.68,5536,False,0
46a5e2,SEH6HG  ,Greece,1765744665,1765744666,23.3278,39.9478,4137.66,False,140.58,327.71,-10.73,,4274.82,7453,False,0
344695,VLG36YN ,Spain,1765744665,1765744666,11.7796,50.9003,10058.4,False,238.15,220.88,5.2,,10279.38,1000,False,0
46a5e1,SEH5GK  ,Greece,1765744665,1765744665,22.9418,40.0288,6606.54,False,210.86,160.77,10.08,,6774.18,,False,0
46a5e4,SEH3IR  ,Greece,1765744665,1765744666,24.3776,37.7556,11285.22,False,246.22,160.09,0.0,,11468.1,1405,False,0
4cc52d,ICE505  ,Iceland,1765744666,1765744666,4.4204,52.3695,2994.66,False,155.69,347.98,13.66,,3055.62,2111,False,0
343358,GLJ231E ,Spain,1765744665,1765744665,-0.2804,42.9077,11277.6,False,246.98,228.04,-0.65,,11353.8,1000,False,0
4cc53a,ICE578  ,Iceland,1765744665,1765744666,-9.1846,38.6902,563.88,False,74.44,23.2,-3.58,,655.32,3702,False,0
504e77,FIA5711 ,Republic of Moldova,1765744665,1765744665,5.5421,52.3522,10972.8,False,221.09,287.89,0.0,,11163.3,0606,False,0
4bb868,PGT1869 ,Turkey,1765744664,1765744665,28.5445,37.778,9502.14,False,186.06,294.16,-5.2,,9616.44,,False,0
4cc50f,ICE325  ,Iceland,1765744666,1765744666,11.0919,60.1474,769.62,False,92.0,195.9,6.5,,708.66,,False,0
4bb862,PGT212  ,Turkey,1765744545,1765744663,44.6369,41.3767,11285.22,False,261.48,91.92,0.0,,11193.78,0730,False,0
4bb873,PGT590  ,Turkey,1765744665,1765744665,30.0031,39.3842,9448.8,False,249.0,156.24,0.33,,9525.0,,False,0
344645,VLG2507 ,Spain,1765744665,1765744665,-5.0522,39.1162,10363.2,False,214.45,25.58,0.0,,10462.26,5041,False,0
4cab4f,GJI55H  ,Ireland,1765744665,1765744665,-0.5495,46.4577,13106.4,False,247.59,311.04,-0.33,,13243.56,5760,False,0
469e45,SEH922  ,Greece,1765744666,1765744666,4.354,41.1226,11879.58,False,224.93,276.96,0.0,,11993.88,2043,False,0
344644,VLG7PC  ,Spain,1765744666,1765744666,-4.4807,36.9365,2857.5,False,155.91,268.87,-10.08,,2979.42,0273,False,0
0100a3,MSR5065 ,Egypt,1765744659,1765744659,21.9691,43.6091,11582.4,False,225.01,333.08,0.0,,11727.18,7023,False,0
46b8b4,AEE605  ,Greece,1765744665,1765744665,10.9084,48.1915,11277.6,False,211.8,122.3,0.0,,11483.34,7505,False,0
46b8b3,AEE963  ,Greece,1765744666,1765744666,23.6709,37.7283,1226.82,False,115.79,137.52,-6.83,,1363.98,6720,False,0
3c06c1,DCS801  ,Germany,1765744665,1765744665,30.5226,35.7102,12496.8,False,256.44,107.27,0.65,,12664.44,4433,False,0
4cc574,ICE41E  ,Iceland,1765744664,1765744664,17.9253,59.6469,,True,4.12,284.06,,,,,False,0
46b8a2,AEE3FT  ,Greece,1765744666,1765744666,23.2776,38.3358,6134.1,False,199.48,154.16,-7.15,,6309.36,5217,False,0
46b8a6,AEE7PT  ,Greece,1765744666,1765744666,-4.7985,39.8753,11887.2,False,244.96,255.03,0.0,,11986.26,4051,False,0
780970,CCA932  ,China,1765742764,1765744658,22.2809,57.7561,,False,260.23,65.97,0.0,,,7715,False,0
c03064,ACA868  ,Canada,1765744665,1765744665,-0.4961,51.7104,2278.38,False,132.94,113.49,-8.78,,2324.1,5173,False,0
406a3d,BAW491U ,United Kingdom,1765744461,1765744461,2.0708,41.291,,True,1.03,106.88,,,,,False,0
406a3e,BAW637  ,United Kingdom,1765744666,1765744666,8.3131,48.5689,11582.4,False,237.71,312.81,0.0,,11780.52,2764,False,0
4caa5a,RYR72WU ,Ireland,1765744666,1765744666,-5.5606,53.156,2148.84,False,141.75,346.57,-1.95,,2110.74,5151,False,0
398577,AFR1376 ,France,1765744666,1765744666,1.0729,46.5214,8839.2,False,229.49,204.78,0.0,,8999.22,1000,False,0
39856a,KLM81J  ,France,1765744664,1765744665,2.6063,48.9452,10668.0,False,229.26,199.53,0.0,,10828.02,1000,False,0
39856b,AFR77FC ,France,1765744666,1765744666,8.2369,50.0634,2743.2,False,157.27,69.31,0.0,,2880.36,1000,False,0
39856d,AFR31KJ ,France,1765744565,1765744660,2.5352,48.9913,4137.66,False,64.51,85.43,-3.9,,281.94,1000,False,0
39856e,KLM97J  ,France,1765744665,1765744665,-0.1537,48.2972,8488.68,False,233.48,239.99,-8.78,,8679.18,1000,False,0
39856f,AFR7494 ,France,1765744665,1765744666,2.7391,48.7954,4198.62,False,147.3,215.19,11.05,,4328.16,1000,False,0
4b193a,CSW3PR  ,Switzerland,1765744665,1765744665,11.6564,47.5842,10629.9,False,248.3,280.87,-5.53,,10843.26,1000,False,0
407d74,,United Kingdom,1765744431,1765744431,-6.2462,53.4243,,True,0.77,244.69,,,,,False,0
06a12e,QTR005  ,Qatar,1765744665,1765744666,5.7903,50.846,12192.0,False,246.81,290.63,0.0,,12352.02,3267,False,0
4b1942,CSW631  ,Switzerland,1765744665,1765744665,10.0607,47.5418,7917.18,False,245.5,305.19,-14.63,,8138.16,4322,False,0
407d5c,WUK774  ,United Kingdom,1765744665,1765744666,1.7846,51.9496,5486.4,False,193.19,309.92,0.0,,5615.94,6605,False,0
406a35,BAW11   ,United Kingdom,1765744665,1765744666,13.6513,49.5117,9448.8,False,249.04,106.56,0.0,,9669.78,4647,False,0
468d07,SEH4TC  ,Greece,1765744666,1765744666,25.1198,37.273,9875.52,False,211.64,290.64,-4.88,,10058.4,7352,False,0
4caa5f,RYR70AK ,Ireland,1765744665,1765744665,0.6287,47.6393,10972.8,False,225.43,20.3,0.0,,11132.82,1000,False,0
40717c,EXS7TY  ,United Kingdom,1765744665,1765744665,9.215,57.5353,11582.4,False,190.7,248.97,0.0,,11620.5,1401,False,0
40717d,EXS4UD  ,United Kingdom,1765744663,1765744663,-2.2912,53.3687,,True,0.0,303.75,,,,1044,False,0
48c22f,RYR96JP ,Poland,1765744666,1765744666,12.6989,38.2951,11582.4,False,214.11,339.17,0.0,,11826.24,,False,0
40717b,EXS6041 ,United Kingdom,1765744666,1765744666,-3.0552,55.219,4389.12,False,211.59,352.74,-6.18,,4358.64,2330,False,0
48c22d,RYR51UQ ,Poland,1765744665,1765744666,-6.5564,35.0125,10972.8,False,214.78,41.02,-0.33,,11003.28,6232,False,0
48c238,RYR62QY ,Poland,1765744665,1765744665,15.7055,36.3951,8305.8,False,249.96,59.58,7.8,,8580.12,,False,0
48c239,RYR8FF  ,Poland,1765744665,1765744666,12.9963,39.7579,10668.0,False,230.21,151.43,0.0,,10888.98,5144,False,0
407182,EXS41R  ,United Kingdom,1765744665,1765744665,-1.6425,50.6526,7924.8,False,220.64,74.86,0.33,,8084.82,4442,False,0
48c235,RYR85AC ,Poland,1765744666,1765744666,-4.4192,41.7887,10058.4,False,238.64,254.5,0.0,,10180.32,0473,False,0
48c232,RYR2RG  ,Poland,1765744665,1765744665,16.0658,63.8752,10972.8,False,206.83,232.28,-0.33,,10675.62,,False,0
48c230,RYR60LH ,Poland,1765744665,1765744665,12.7486,47.2339,11887.2,False,230.16,216.64,0.0,,12062.46,1343,False,0
4b194f,SWR253  ,Switzerland,1765744665,1765744665,10.3322,47.7323,8747.76,False,210.76,281.12,-5.85,,8961.12,1000,False,0
4b194a,SWR7MV  ,Switzerland,1765744665,1765744666,9.9593,47.2167,7772.4,False,217.87,109.59,7.15,,7970.52,3035,False,0
4b194b,SWR1KV  ,Switzerland,1765744665,1765744665,9.7207,49.9313,10965.18,False,225.74,14.92,0.0,,11186.16,3071,False,0
4b194c,SWR1CG  ,Switzerland,1765744666,1765744666,2.877,50.7714,10668.0,False,222.86,118.69,0.0,,10881.36,1000,False,0
4b194d,SWR57Z  ,Switzerland,1765744665,1765744665,8.1442,47.1612,5585.46,False,152.45,43.77,-2.93,,5768.34,1000,False,0
4b194e,SWR3QA  ,Switzerland,1765744665,1765744666,8.1606,47.3237,3413.76,False,168.22,242.1,18.53,,3566.16,1000,False,0
48c229,RYR71NC ,Poland,1765744665,1765744665,11.1963,52.9869,11277.6,False,238.27,91.48,0.0,,11460.48,2031,False,0
406a91,EZY76MF ,United Kingdom,1765744666,1765744666,17.878,50.95,10408.92,False,244.56,116.35,-15.93,,10622.28,2025,False,0
48c228,RYR8TG  ,Poland,1765744666,1765744666,11.1076,51.8428,11277.6,False,232.64,74.61,0.0,,11468.1,1000,False,0
48c226,RYR2282 ,Poland,1765744666,1765744666,0.5891,52.0228,1805.94,False,127.57,275.09,-4.88,,1851.66,7541,False,0
48c221,RYR6KE  ,Poland,1765744665,1765744665,1.1157,51.9952,3375.66,False,143.83,273.69,-13.0,,3459.48,1336,False,0
48c222,RYR14QN ,Poland,1765744666,1765744666,14.7611,37.5362,10782.3,False,228.59,8.02,4.88,,11056.62,6566,False,0
4404a4,EJU37KZ ,Austria,1765744666,1765744666,9.7884,45.13,11269.98,False,218.93,141.49,-0.33,,11430.0,1000,False,0
407d10,TOM2LV  ,United Kingdom,1765744665,1765744665,-3.4103,40.0495,11582.4,False,200.96,8.84,0.0,,11650.98,4543,False,0
4d2006,EWG2LV  ,Malta,1765744665,1765744665,11.812,52.0604,8549.64,False,221.77,258.22,7.48,,8763.0,1131,False,0
4d2007,WMT2PA  ,Malta,1765744665,1765744665,19.8703,38.7602,10972.8,False,204.72,308.37,0.0,,11178.54,2073,False,0
407d00,WUK8484 ,United Kingdom,1765744666,1765744666,19.5925,46.538,11582.4,False,225.15,303.73,0.0,,11727.18,,False,0
47a218,NOZ384  ,Norway,1765744665,1765744666,11.4741,60.6404,6926.58,False,196.01,0.3,13.98,,6880.86,,False,0
4692c8,AEE549  ,Greece,1765744665,1765744665,22.9804,40.4901,60.96,False,65.13,346.29,-4.23,,213.36,1155,False,0
4692d8,AEE853  ,Greece,1765744665,1765744665,22.5725,39.0421,10698.48,False,249.98,139.59,-4.88,,10866.12,3065,False,0
4692d9,AEE574  ,Greece,1765744665,1765744665,24.5567,37.2597,9441.18,False,247.47,159.3,0.0,,9624.06,4432,False,0
4d2038,KMM421  ,Malta,1765744666,1765744666,9.2793,45.1404,11887.2,False,223.4,156.09,-0.33,,12039.6,0115,False,0
3445d4,IBE07LA ,Spain,1765744665,1765744665,2.8457,48.9403,10980.42,False,226.47,52.66,0.0,,11170.92,1000,False,0
780932,CES752  ,China,1765744662,1765744663,22.4787,40.7026,10668.0,False,245.1,80.58,0.0,,10828.02,4305,False,0
3c79b7,CFG7ZD  ,Germany,1765744666,1765744666,8.7325,53.6698,4274.82,False,208.26,68.25,-5.53,,4389.12,2370,False,0
4d201d,WMT5050 ,Malta,1765744665,1765744666,15.9441,49.5994,7353.3,False,182.16,305.58,-8.78,,7574.28,1000,False,0
4d201e,WMT1L   ,Malta,1765744665,1765744665,9.6837,44.7045,9471.66,False,207.07,147.38,7.48,,9654.54,0005,False,0
4d201f,WZZ1NG  ,Malta,1765744666,1765744666,13.2101,43.1712,10668.0,False,222.71,266.29,0.0,,10866.12,7342,False,0
348209,VLG98HJ ,Spain,1765744665,1765744665,-2.4527,37.4316,10561.32,False,232.14,59.8,3.25,,10614.66,1450,False,0
348208,VLG17CQ ,Spain,1765744665,1765744666,1.1033,40.4216,6263.64,False,183.66,41.59,-8.78,,6431.28,6301,False,0
348206,VLG6UQ  ,Spain,1765744666,1765744666,0.6728,44.0068,10972.8,False,224.94,4.33,0.33,,11109.96,1000,False,0
4d2049,WMT6001 ,Malta,1765744664,1765744664,8.7288,45.6384,,True,10.8,303.75,,,,5553,False,0
4d203d,CHZ607  ,Malta,1765744665,1765744666,16.898,44.9361,10980.42,False,234.77,309.13,0.0,,11140.44,,False,0
3c79c5,ATV141P ,Germany,1765744665,1765744665,12.2907,51.4347,160.02,False,55.75,265.24,-3.58,,281.94,5021,False,0
451e8b,GPX4VF  ,Bulgaria,1765744666,1765744666,16.2259,44.6572,11277.6,False,227.0,134.45,-0.33,,11468.1,6410,False,0
4d2013,EWG3KY  ,Malta,1765744665,1765744665,13.4866,56.0356,11887.2,False,237.57,38.58,0.0,,11963.4,0270,False,0
4d2014,EWG4501 ,Malta,1765744664,1765744665,15.4433,46.9959,,True,0.64,126.56,,,,7625,False,0
4b906d,PGT1574 ,Turkey,1765744665,1765744666,22.2241,48.1406,10363.2,False,209.51,318.28,0.0,,10492.74,,False,0
4b906c,PGT1650 ,Turkey,1765744665,1765744665,18.4998,47.3737,10058.4,False,228.86,120.83,0.33,,10264.14,7705,False,0
3c66a8,DLH5UJ  ,Germany,1765744666,1765744666,13.2678,50.5249,10843.26,False,226.04,30.65,4.88,,11056.62,1000,False,0
3c66a7,DLH2ME  ,Germany,1765744665,1765744665,11.149,48.9857,6690.36,False,214.65,333.37,9.43,,6903.72,5364,False,0
3c66a5,DLH09C  ,Germany,1765744665,1765744665,9.8508,47.8978,8221.98,False,224.98,248.54,6.5,,8427.72,1000,False,0
4d2012,SVA2217 ,Malta,1765744577,1765744577,18.3582,35.3318,11277.6,False,297.03,99.17,0.0,,11605.26,4112,False,0
440589,EJU16UT ,Austria,1765744665,1765744665,8.3286,51.041,11590.02,False,227.2,325.05,0.0,,11772.9,1000,False,0
4d200f,WMT9TY  ,Malta,1765744665,1765744665,10.2182,41.4866,10965.18,False,241.61,64.53,0.0,,11155.68,2241,False,0
4d200d,WZZ971K ,Malta,1765744665,1765744665,10.3027,50.8645,10668.0,False,224.02,71.94,0.0,,10888.98,1165,False,0
4d200e,WZZ55ZY ,Malta,1765743266,1765744664,19.1914,52.2237,10713.72,False,208.51,46.5,0.0,,11414.76,1000,False,0
3c66b6,OCN6U   ,Germany,1765744665,1765744665,1.5259,48.4957,10363.2,False,227.73,55.77,0.0,,10561.32,2277,False,0
4d2020,WZZ9203 ,Malta,1765744665,1765744665,9.8746,44.2197,10363.2,False,229.3,39.08,0.0,,10546.08,1000,False,0
4d2022,WMT956  ,Malta,1765743520,1765744648,39.0944,40.978,10965.18,False,200.02,279.92,0.0,,10957.56,3150,False,0
4b9068,PGT73TR ,Turkey,1765744665,1765744665,30.6581,36.6964,838.2,False,112.24,177.64,-3.25,,922.02,,False,0
4b9065,PGT398  ,Turkey,1765740144,1765744665,29.143,42.6059,9105.9,False,218.64,0.0,4.88,,9159.24,1342,False,0
3e80c0,GAF325  ,Germany,1765744666,1765744666,3.4872,50.0977,6705.6,False,165.18,201.37,0.0,,6842.76,3511,False,0
407bde,EAG7FT  ,United Kingdom,1765744527,1765744527,-5.8147,54.6666,457.2,False,60.94,215.03,-3.25,,388.62,7755,False,0
4082d6,GMCFC   ,United Kingdom,1765744665,1765744665,-0.213,51.4839,396.24,False,73.16,333.25,0.98,,441.96,,False,0
493033,NJE460E ,Portugal,1765744665,1765744665,8.933,45.5779,3581.4,False,135.6,159.57,-6.5,,3733.8,7313,False,0
86e7bc,ANA224  ,Japan,1765744666,1765744666,11.0516,49.7937,8427.72,False,247.55,88.33,5.85,,8663.94,6435,False,0
342189,IBE08WZ ,Spain,1765744666,1765744666,6.0103,46.4225,10668.0,False,244.01,229.19,0.0,,10835.64,1000,False,0
06a0e9,QTR1J   ,Qatar,1765744666,1765744666,14.6808,48.4319,12192.0,False,251.37,292.63,0.0,,12352.02,3252,False,0
06a0e6,QTR47U  ,Qatar,1765744665,1765744665,-7.9588,54.569,11170.92,False,248.3,312.65,-5.2,,11087.1,3565,False,0
4acaa2,SAS7494 ,Sweden,1765744665,1765744665,-3.9775,51.3849,11871.96,False,250.79,21.04,0.0,,11993.88,2262,False,0
4acaa5,SAS4098 ,Sweden,1765744666,1765744666,11.633,60.4843,7002.78,False,179.65,358.03,19.51,,6964.68,,False,0
6010b0,AVJ960  ,Kyrgyzstan,1765744515,1765744521,43.5225,55.7331,10058.4,False,241.81,104.04,-0.33,,,,False,0
4b17f8,SWR9DV  ,Switzerland,1765744665,1765744665,5.1011,50.3579,6766.56,False,175.16,141.92,8.78,,6949.44,1000,False,0
4b17f9,SWR28L  ,Switzerland,1765744666,1765744666,4.1583,48.0665,11681.46,False,238.04,325.21,1.95,,11849.1,5751,False,0
4b17de,SWR     ,Switzerland,1765744590,1765744590,8.5586,47.4504,,True,0.0,5.62,,,,2000,False,0
4b17e2,SWR89Z  ,Switzerland,1765744665,1765744666,6.3998,46.436,1882.14,False,120.41,225.52,-6.5,,2019.3,1120,False,0
4b17e5,SWR     ,Switzerland,1765744656,1765744661,8.5614,47.4416,,True,0.0,244.69,,,,2000,False,0
4a1a62,RCR3302 ,Romania,1765744666,1765744666,42.8138,41.4066,10363.2,False,212.2,260.65,0.33,,10302.24,2317,False,0
88517a,THA923  ,Thailand,1765744665,1765744665,10.6493,49.832,8427.72,False,243.34,90.36,8.13,,8648.7,6433,False,0
4b17fb,SWR1ZD  ,Switzerland,1765744665,1765744665,6.2695,46.3472,1181.1,False,98.95,225.42,-5.2,,1318.26,5230,False,0
4b17fd,SWR49K  ,Switzerland,1765744665,1765744665,8.7742,47.2363,1729.74,False,97.88,273.01,0.0,,1866.9,5662,False,0
3481c4,VOE3WE  ,Spain,1765744666,1765744666,11.4366,43.6167,11277.6,False,218.56,206.57,0.0,,11460.48,7426,False,0
4acaa6,SAS812  ,Sweden,1765744665,1765744665,2.301,53.5084,11277.6,False,246.67,37.97,0.0,,11437.62,6030,False,0
600b23,AZG1403 ,Azerbaijan,1765744665,1765744665,40.2609,39.9543,9753.6,False,222.25,269.47,0.0,,9761.22,1306,False,0
600b26,AZG773  ,Azerbaijan,1765744193,1765744664,39.1606,41.055,10363.2,False,217.14,276.94,0.0,,10332.72,3213,False,0
484966,KLM83R  ,Kingdom of the Netherlands,1765744666,1765744666,8.1545,50.4913,10668.0,False,227.01,134.27,0.0,,10881.36,1000,False,0
4acaaf,SAS836  ,Sweden,1765744665,1765744665,5.6797,54.578,11262.36,False,243.7,22.07,0.0,,11414.76,3340,False,0
4a2184,AEZ2119 ,Romania,1765744665,1765744665,13.3102,39.2627,9448.8,False,236.81,159.79,0.0,,9707.88,5171,False,0
4a2181,HLJ125  ,Romania,1765744666,1765744666,25.3435,38.4494,10972.8,False,209.39,334.38,0.0,,11094.72,7024,False,0
398560,AFR17AM ,France,1765744666,1765744666,9.87,52.2455,2286.0,False,151.71,45.96,-10.73,,2377.44,1000,False,0
399893,FHGET   ,France,1765744665,1765744666,1.5583,39.2172,3634.74,False,127.14,221.88,-6.18,,3779.52,0530,False,0
398561,KLM1435 ,France,1765744665,1765744665,6.4782,47.6866,9997.44,False,236.96,196.78,-6.5,,10149.84,1000,False,0
4caa57,RYR6051 ,Ireland,1765744665,1765744666,-8.9308,40.9073,4099.56,False,194.31,219.84,13.98,,4213.86,,False,0
4caa58,RYR7BA  ,Ireland,1765744665,1765744665,-5.3392,54.756,7002.78,False,263.89,31.37,0.33,,6995.16,,False,0
71c707,TWB406  ,Republic of Korea,1765744319,1765744666,28.3906,42.8661,10058.4,False,253.16,93.85,0.0,,10073.64,,False,0
398570,AFR83PH ,France,1765744665,1765744665,2.2642,46.9079,10668.0,False,212.51,188.07,0.0,,10828.02,1000,False,0
451cc1,ASL93R  ,Bulgaria,1765744665,1765744666,14.6072,47.7708,11277.6,False,222.7,120.24,0.0,,11490.96,7657,False,0
4b1916,SWR180  ,Switzerland,1765744665,1765744665,42.8305,41.6732,10058.4,False,282.3,96.7,0.0,,10012.68,3050,False,0
4403f0,EJU72UM ,Austria,1765744666,1765744666,5.2203,44.9551,11894.82,False,229.06,220.81,0.0,,12016.74,1000,False,0
e94c88,BOV777  ,Bolivia,1765744666,1765744666,-5.0978,40.2359,6553.2,False,230.01,235.85,5.2,,6697.98,2617,False,0
